rotation,rank,sample_id,risk_aanca,cumulative_reference_positive,cumulative_precision,cumulative_recall,cumulative_enrichment
expert_1,1,midogpp-expert_1-975eb5fae48c938064193758,0.998338410412628,1,1.0,0.0013227513227513227,4.777777777777778
expert_1,2,midogpp-expert_1-3c744f0a793e68613ebcf8a2,0.9932982553309332,1,0.5,0.0013227513227513227,2.388888888888889
expert_1,3,midogpp-expert_1-3e237249a905af2e1741af42,0.9920797563001938,2,0.6666666666666666,0.0026455026455026454,3.1851851851851847
expert_1,4,midogpp-expert_1-f22e105d11a668f27292cbff,0.9910274162281916,3,0.75,0.003968253968253968,3.583333333333333
expert_1,5,midogpp-expert_1-6dd920ffc4e21c697d977da9,0.9902520077540848,4,0.8,0.005291005291005291,3.8222222222222224
expert_1,6,midogpp-expert_1-01e70d4ae6fdd2554dd74b0c,0.9896427582387152,4,0.6666666666666666,0.005291005291005291,3.1851851851851847
expert_1,7,midogpp-expert_1-6bb79ffac9213154a5b0a8aa,0.989587371919136,4,0.5714285714285714,0.005291005291005291,2.73015873015873
expert_1,8,midogpp-expert_1-8a45dc37b7ad9a01ecf82d0c,0.9895319855995568,4,0.5,0.005291005291005291,2.388888888888889
expert_1,9,midogpp-expert_1-7219462491bac8df3f348fb9,0.9884796455275549,4,0.4444444444444444,0.005291005291005291,2.1234567901234565
expert_1,10,midogpp-expert_1-5e6e5f5ef84b132c7d6ca894,0.9874273054555524,5,0.5,0.006613756613756613,2.388888888888889
expert_1,11,midogpp-expert_1-c15b8ec5f8f3b6c7b417a558,0.9873719191359734,6,0.5454545454545454,0.007936507936507936,2.6060606060606055
expert_1,12,midogpp-expert_1-a0b4217127ae44a6bce1952f,0.9863749653835502,7,0.5833333333333334,0.009259259259259259,2.787037037037037
expert_1,13,midogpp-expert_1-b732e2bd6142618b1e2d283e,0.9857103295486016,7,0.5384615384615384,0.009259259259259259,2.5726495726495724
expert_1,14,midogpp-expert_1-ce500408130adf0aa1dcbd3e,0.9857103295486016,8,0.5714285714285714,0.010582010582010581,2.73015873015873
expert_1,15,midogpp-expert_1-7b24c6f7e44bedb864441f93,0.985267238991969,9,0.6,0.011904761904761904,2.8666666666666663
expert_1,16,midogpp-expert_1-478f4627135aab1eac5a58e9,0.9850456937136528,9,0.5625,0.011904761904761904,2.6875
expert_1,17,midogpp-expert_1-69f86167fe0265133f808361,0.9843256715591248,10,0.5882352941176471,0.013227513227513227,2.810457516339869
expert_1,18,midogpp-expert_1-527fe126e4b7d33a2f2659d3,0.9837718083633342,10,0.5555555555555556,0.013227513227513227,2.654320987654321
expert_1,19,midogpp-expert_1-db7272052412b1e5fd929bf1,0.983494876765439,10,0.5263157894736842,0.013227513227513227,2.514619883040935
expert_1,20,midogpp-expert_1-e2a72fc781f04912a5483326,0.983494876765439,11,0.55,0.01455026455026455,2.6277777777777778
expert_1,21,midogpp-expert_1-38ac68be041c3430600ac4fd,0.98343949044586,12,0.5714285714285714,0.015873015873015872,2.73015873015873
expert_1,22,midogpp-expert_1-23c0ed883653f4e72f5742f5,0.9833287178067016,13,0.5909090909090909,0.017195767195767195,2.823232323232323
expert_1,23,midogpp-expert_1-7a880e8c69c65f91d7440fb3,0.9825533093325948,13,0.5652173913043478,0.017195767195767195,2.700483091787439
expert_1,24,midogpp-expert_1-04d7b2953827b1c6ab57fa92,0.981777900858488,14,0.5833333333333334,0.018518518518518517,2.787037037037037
expert_1,25,midogpp-expert_1-2ed7c594df7867bdffd146c2,0.9814455829410136,14,0.56,0.018518518518518517,2.6755555555555555
expert_1,26,midogpp-expert_1-1bc3d353eae39b26ac0affb3,0.98105787870396,14,0.5384615384615384,0.018518518518518517,2.5726495726495724
expert_1,27,midogpp-expert_1-c84854aa63a9e7d67b743679,0.9807809471060648,14,0.5185185185185185,0.018518518518518517,2.4773662551440325
expert_1,28,midogpp-expert_1-64024a0b9f70ad66c009cfd0,0.9803932428690112,14,0.5,0.018518518518518517,2.388888888888889
expert_1,29,midogpp-expert_1-a6711a1dfbfb985ad10babe4,0.9789531985599558,14,0.4827586206896552,0.018518518518518517,2.3065134099616857
expert_1,30,midogpp-expert_1-2f3e588e6d1f86368336fb4c,0.9777346995292164,14,0.4666666666666667,0.018518518518518517,2.2296296296296294
expert_1,31,midogpp-expert_1-9e125e7ed6ee0e8d97a5ddc1,0.9775685405704791,14,0.45161290322580644,0.018518518518518517,2.157706093189964
expert_1,32,midogpp-expert_1-3dadde841a5c2e31aed0f895,0.9769592910551091,14,0.4375,0.018518518518518517,2.0902777777777777
expert_1,33,midogpp-expert_1-e10dc697c4284dba59703546,0.9759623373026862,15,0.45454545454545453,0.01984126984126984,2.1717171717171717
expert_1,34,midogpp-expert_1-f12f4921c318f4283549a3ea,0.9752423151481584,15,0.4411764705882353,0.01984126984126984,2.1078431372549016
expert_1,35,midogpp-expert_1-426df7d831d13accd79b4b8b,0.9748546109111048,15,0.42857142857142855,0.01984126984126984,2.0476190476190474
expert_1,36,midogpp-expert_1-8b76e7030349c1b029f7f4ee,0.974799224591526,16,0.4444444444444444,0.021164021164021163,2.1234567901234565
expert_1,37,midogpp-expert_1-0579cdf751c0ed39cf78a2c5,0.9738022708391028,16,0.43243243243243246,0.021164021164021163,2.066066066066066
expert_1,38,midogpp-expert_1-59f3bc6441743b5a8ed36f2a,0.9737468845195236,16,0.42105263157894735,0.021164021164021163,2.0116959064327484
expert_1,39,midogpp-expert_1-922f0fca2873e435c023da62,0.9734699529216284,16,0.41025641025641024,0.021164021164021163,1.9601139601139599
expert_1,40,midogpp-expert_1-3b57ab61435c3d1b973d74b1,0.9729160897258378,16,0.4,0.021164021164021163,1.9111111111111112
expert_1,41,midogpp-expert_1-473d38624f8d7bc12774903c,0.9722514538908889,16,0.3902439024390244,0.021164021164021163,1.8644986449864498
expert_1,42,midogpp-expert_1-98e69b2142271b1d83923fc2,0.9719745222929936,16,0.38095238095238093,0.021164021164021163,1.82010582010582
expert_1,43,midogpp-expert_1-8a9a9d9c4ac84935f7c3fc3a,0.9715868180559402,17,0.3953488372093023,0.022486772486772486,1.8888888888888886
expert_1,44,midogpp-expert_1-b2f77a4cfed044aea1fde300,0.9710883411797286,17,0.38636363636363635,0.022486772486772486,1.8459595959595958
expert_1,45,midogpp-expert_1-81552dc28521fab3f0c24c3b,0.9710329548601496,17,0.37777777777777777,0.022486772486772486,1.804938271604938
expert_1,46,midogpp-expert_1-ed224366146ee7ef3d9b3ac6,0.9708114095818332,18,0.391304347826087,0.023809523809523808,1.8695652173913044
expert_1,47,midogpp-expert_1-9abd188e5debcd5af7a14429,0.970645250623096,18,0.3829787234042553,0.023809523809523808,1.8297872340425532
expert_1,48,midogpp-expert_1-02c187105d129d20ca4ded0b,0.9701467737468844,18,0.375,0.023809523809523808,1.7916666666666665
expert_1,49,midogpp-expert_1-f8cb4bb8bdd5d7df795bb71d,0.9692052063140404,18,0.3673469387755102,0.023809523809523808,1.7551020408163265
expert_1,50,midogpp-expert_1-7c379b6d40d781d3183a0deb,0.9691498199944614,18,0.36,0.023809523809523808,1.7199999999999998
expert_1,51,midogpp-expert_1-e4a113b9d5d1ba93e64acf4a,0.967986707283301,19,0.37254901960784315,0.02513227513227513,1.7799564270152506
expert_1,52,midogpp-expert_1-a7a2c362604dfe7310c21796,0.966380504015508,19,0.36538461538461536,0.02513227513227513,1.7457264957264955
expert_1,53,midogpp-expert_1-0163f210b3ce910e3fd334bf,0.9661035724176128,20,0.37735849056603776,0.026455026455026454,1.8029350104821804
expert_1,54,midogpp-expert_1-0cbd7a7d3b37abee772dfc7a,0.966048186098034,20,0.37037037037037035,0.026455026455026454,1.7695473251028804
expert_1,55,midogpp-expert_1-0714fae3679c4c9e6a81fba7,0.9658266408197176,20,0.36363636363636365,0.026455026455026454,1.7373737373737372
expert_1,56,midogpp-expert_1-0e65ad37f7ef482cb8945fde,0.965549709221822,20,0.35714285714285715,0.026455026455026454,1.7063492063492063
expert_1,57,midogpp-expert_1-476565d3de97ab2e9fb9a79f,0.9652173913043478,20,0.3508771929824561,0.026455026455026454,1.6764132553606237
expert_1,58,midogpp-expert_1-d50bfc0e417370f7b478975f,0.9651620049847688,20,0.3448275862068966,0.026455026455026454,1.6475095785440612
expert_1,59,midogpp-expert_1-c0e27a6ee8d7209510795604,0.9641650512323456,20,0.3389830508474576,0.026455026455026454,1.6195856873822974
expert_1,60,midogpp-expert_1-2454f9893182cea7fce713d3,0.9641096649127664,20,0.3333333333333333,0.026455026455026454,1.5925925925925923
expert_1,61,midogpp-expert_1-e09d39fb3c6850beed517301,0.9638327333148712,20,0.32786885245901637,0.026455026455026454,1.5664845173041893
expert_1,62,midogpp-expert_1-dd349f20dd2d77bb6f6b6d7b,0.9624480753253948,20,0.3225806451612903,0.026455026455026454,1.5412186379928314
expert_1,63,midogpp-expert_1-36f1d53050e80eb418a75779,0.9623926890058156,21,0.3333333333333333,0.027777777777777776,1.5925925925925923
expert_1,64,midogpp-expert_1-5923ff4c75b937f179c0b557,0.9623373026862364,21,0.328125,0.027777777777777776,1.5677083333333333
expert_1,65,midogpp-expert_1-e464edce4590a9c57ef2a48c,0.9620603710883412,21,0.3230769230769231,0.027777777777777776,1.5435897435897437
expert_1,66,midogpp-expert_1-5c02cb935feecf8ea23648e9,0.962004984768762,21,0.3181818181818182,0.027777777777777776,1.52020202020202
expert_1,67,midogpp-expert_1-ef234adb3e96732b9de0fc68,0.9607310994184436,21,0.31343283582089554,0.027777777777777776,1.4975124378109452
expert_1,68,midogpp-expert_1-897d15e421a66d6cdcbcf58f,0.9602880088618112,21,0.3088235294117647,0.027777777777777776,1.4754901960784315
expert_1,69,midogpp-expert_1-3438612d7d041c46d79c01c2,0.960121849903074,21,0.30434782608695654,0.027777777777777776,1.4541062801932367
expert_1,70,midogpp-expert_1-3b5af6c45f039b7263711b96,0.9599556909443367,21,0.3,0.027777777777777776,1.4333333333333331
expert_1,71,midogpp-expert_1-4fc0c6f8f62095b5c70f6646,0.9597341456660204,21,0.29577464788732394,0.027777777777777776,1.4131455399061033
expert_1,72,midogpp-expert_1-9cbea7db03bdd46fca6d056f,0.9595679867072832,21,0.2916666666666667,0.027777777777777776,1.3935185185185186
expert_1,73,midogpp-expert_1-4c2f1aafeb721a9a123b0a1c,0.959512600387704,21,0.2876712328767123,0.027777777777777776,1.374429223744292
expert_1,74,midogpp-expert_1-bf18bc96b612e9d6ed29b283,0.9585710329548602,22,0.2972972972972973,0.0291005291005291,1.4204204204204205
expert_1,75,midogpp-expert_1-d0d7cd1d2b0348220df1444c,0.9585156466352812,22,0.29333333333333333,0.0291005291005291,1.4014814814814813
expert_1,76,midogpp-expert_1-bfd5260e0e60b2baaaa275e8,0.9579063971199112,22,0.2894736842105263,0.0291005291005291,1.3830409356725146
expert_1,77,midogpp-expert_1-ea77b768ab6b87e20185f077,0.9568540570479092,22,0.2857142857142857,0.0291005291005291,1.365079365079365
expert_1,78,midogpp-expert_1-6ae8eb24d4dc8108580fbbda,0.9554140127388536,23,0.2948717948717949,0.03042328042328042,1.4088319088319088
expert_1,79,midogpp-expert_1-1bab3636ac4d39b60fa715b4,0.9552478537801165,24,0.3037974683544304,0.031746031746031744,1.4514767932489452
expert_1,80,midogpp-expert_1-bd238843961185d5028ea9bc,0.9548601495430628,24,0.3,0.031746031746031744,1.4333333333333331
expert_1,81,midogpp-expert_1-cf970b1753444f9658d44b86,0.953973968429798,24,0.2962962962962963,0.031746031746031744,1.4156378600823043
expert_1,82,midogpp-expert_1-84132d9ac503e83ce3abc229,0.9524785378011632,24,0.2926829268292683,0.031746031746031744,1.3983739837398372
expert_1,83,midogpp-expert_1-4825f19eebea4a202ce8cd01,0.952201606203268,24,0.2891566265060241,0.031746031746031744,1.3815261044176705
expert_1,84,midogpp-expert_1-7c8e2560b25a3b8755a77f0f,0.9518139019662144,25,0.2976190476190476,0.03306878306878307,1.4219576719576719
expert_1,85,midogpp-expert_1-937f059b3d436bcb0988090b,0.951536970368319,25,0.29411764705882354,0.03306878306878307,1.4052287581699345
expert_1,86,midogpp-expert_1-e1a66fe47fd1090cc67ddcee,0.951536970368319,26,0.3023255813953488,0.03439153439153439,1.4444444444444442
expert_1,87,midogpp-expert_1-290cd0982359c4bd0b520269,0.9512600387704238,27,0.3103448275862069,0.03571428571428571,1.4827586206896552
expert_1,88,midogpp-expert_1-562cac7523beaebcbaea0afd,0.9512600387704238,28,0.3181818181818182,0.037037037037037035,1.52020202020202
expert_1,89,midogpp-expert_1-93214dcc477d402f627dfd91,0.9510938798116864,29,0.3258426966292135,0.03835978835978836,1.5568039950062422
expert_1,90,midogpp-expert_1-cac93846a0ae7c05dff9af61,0.9502076986984216,29,0.32222222222222224,0.03835978835978836,1.539506172839506
expert_1,91,midogpp-expert_1-4a2999e3497b97318368f743,0.9500969260592632,30,0.32967032967032966,0.03968253968253968,1.575091575091575
expert_1,92,midogpp-expert_1-de7f8c675886e14080a218ef,0.9500415397396844,31,0.33695652173913043,0.041005291005291,1.609903381642512
expert_1,93,midogpp-expert_1-8bb9a35b00bd09fb07baf7cf,0.9494876765438937,32,0.34408602150537637,0.042328042328042326,1.6439665471923537
expert_1,94,midogpp-expert_1-f80912450739fd4f91056249,0.948933813348103,32,0.3404255319148936,0.042328042328042326,1.6264775413711583
expert_1,95,midogpp-expert_1-978fd3f770df8cd5e1257fda,0.948878427028524,33,0.3473684210526316,0.04365079365079365,1.6596491228070176
expert_1,96,midogpp-expert_1-63ed7845276e3eee7fb70eba,0.9484907227914704,34,0.3541666666666667,0.04497354497354497,1.6921296296296295
expert_1,97,midogpp-expert_1-9b4b06de6d26a607bec4134a,0.9476045416782056,34,0.35051546391752575,0.04497354497354497,1.674684994272623
expert_1,98,midogpp-expert_1-e62dfab0d225af4923724abe,0.9474383827194685,34,0.3469387755102041,0.04497354497354497,1.657596371882086
expert_1,99,midogpp-expert_1-eb62b23d21ae0fbe307372c7,0.9473829963998892,34,0.3434343434343434,0.04497354497354497,1.6408529741863074
expert_1,100,midogpp-expert_1-fdf029190759b0d5614a702c,0.9473829963998892,34,0.34,0.04497354497354497,1.6244444444444446
expert_1,101,midogpp-expert_1-4c6d461623c2c16872109247,0.947216837441152,34,0.33663366336633666,0.04497354497354497,1.6083608360836084
expert_1,102,midogpp-expert_1-df3dd93ee1ccacfb75000e8b,0.9462198836887288,34,0.3333333333333333,0.04497354497354497,1.5925925925925923
expert_1,103,midogpp-expert_1-f43b8d1bc317dc4358e1c376,0.9458875657712544,34,0.3300970873786408,0.04497354497354497,1.5771305285868393
expert_1,104,midogpp-expert_1-a3b1625f9282c62c2ac53f3e,0.9451121572971476,35,0.33653846153846156,0.046296296296296294,1.607905982905983
expert_1,105,midogpp-expert_1-66ca2d2e9065b3aa33accb96,0.9443367488230408,35,0.3333333333333333,0.046296296296296294,1.5925925925925923
expert_1,106,midogpp-expert_1-ae8a779e3b8579e088abd524,0.9438382719468292,35,0.330188679245283,0.046296296296296294,1.5775681341719077
expert_1,107,midogpp-expert_1-d325e4ba7dec9514bf1e8faa,0.9426197729160896,36,0.3364485981308411,0.047619047619047616,1.6074766355140184
expert_1,108,midogpp-expert_1-c8f5ddb88cd79419f929d43c,0.9415674328440876,36,0.3333333333333333,0.047619047619047616,1.5925925925925923
expert_1,109,midogpp-expert_1-9fa7fe80f259b3d63834ffe0,0.9410135696482969,37,0.3394495412844037,0.04894179894179894,1.6218144750254841
expert_1,110,midogpp-expert_1-c1434038e83722702f26618a,0.940958183328718,37,0.33636363636363636,0.04894179894179894,1.607070707070707
expert_1,111,midogpp-expert_1-71e8986f6d8f3a0fe9c0ff32,0.9407920243699806,38,0.34234234234234234,0.05026455026455026,1.6356356356356356
expert_1,112,midogpp-expert_1-f5079b16c79af612d1d5518b,0.9407920243699806,38,0.3392857142857143,0.05026455026455026,1.621031746031746
expert_1,113,midogpp-expert_1-96cd09ebc1ba6ccbc3063284,0.9401827748546108,38,0.336283185840708,0.05026455026455026,1.606686332350049
expert_1,114,midogpp-expert_1-3cd385b1deda72257f389d55,0.9400166158958738,38,0.3333333333333333,0.05026455026455026,1.5925925925925923
expert_1,115,midogpp-expert_1-64b9945eaa351e70bfaf410c,0.9396289116588202,39,0.3391304347826087,0.051587301587301584,1.6202898550724636
expert_1,116,midogpp-expert_1-95759b06ee391db0d72f9c8a,0.9393519800609248,39,0.33620689655172414,0.051587301587301584,1.6063218390804597
expert_1,117,midogpp-expert_1-7328116bcc25712ba35b26ad,0.9390196621434506,39,0.3333333333333333,0.051587301587301584,1.5925925925925923
expert_1,118,midogpp-expert_1-3fc5f832f1e39d95505c1c24,0.9389088895042924,40,0.3389830508474576,0.05291005291005291,1.6195856873822974
expert_1,119,midogpp-expert_1-8c063f5031417feb5ec02e6b,0.9389088895042924,40,0.33613445378151263,0.05291005291005291,1.6059757236227825
expert_1,120,midogpp-expert_1-48eca201ceaff6712215c612,0.9387981168651344,41,0.3416666666666667,0.05423280423280423,1.6324074074074073
expert_1,121,midogpp-expert_1-fbf3a1da6ab2849b29143266,0.9382442536693436,41,0.33884297520661155,0.05423280423280423,1.6189164370982552
expert_1,122,midogpp-expert_1-ef0d8d1258be25cb978624f6,0.937745776793132,41,0.3360655737704918,0.05423280423280423,1.605646630236794
expert_1,123,midogpp-expert_1-8223cca1125b56831a699118,0.9376903904735532,41,0.3333333333333333,0.05423280423280423,1.5925925925925923
expert_1,124,midogpp-expert_1-6dead36f16cbb4b79ce7f43e,0.937635004153974,42,0.3387096774193548,0.05555555555555555,1.618279569892473
expert_1,125,midogpp-expert_1-79b6d1a5171f85b05f1b4c2c,0.937635004153974,43,0.344,0.056878306878306875,1.6435555555555554
expert_1,126,midogpp-expert_1-120d84af3f75a148d45477a4,0.9371365272777624,43,0.3412698412698413,0.056878306878306875,1.630511463844797
expert_1,127,midogpp-expert_1-e90ce24b5ebdebb2ed9f65a8,0.9369703683190252,43,0.33858267716535434,0.056878306878306875,1.6176727909011372
expert_1,128,midogpp-expert_1-daa41973b57bc0d205676e16,0.9358072556078648,43,0.3359375,0.056878306878306875,1.605034722222222
expert_1,129,midogpp-expert_1-7e67ba2ab2e001748d0992b2,0.9354749376903904,44,0.34108527131782945,0.0582010582010582,1.6296296296296295
expert_1,130,midogpp-expert_1-d78215bf9a5162a45c495b10,0.9348103018554416,44,0.3384615384615385,0.0582010582010582,1.6170940170940171
expert_1,131,midogpp-expert_1-db4180ebc47e59e8c3d655bb,0.9343672112988092,44,0.33587786259541985,0.0582010582010582,1.6047497879558947
expert_1,132,midogpp-expert_1-6b83692c7ec2db9b77949441,0.934201052340072,44,0.3333333333333333,0.0582010582010582,1.5925925925925923
expert_1,133,midogpp-expert_1-f78cb5ceffd977fcfc0548c1,0.934201052340072,45,0.3383458646616541,0.05952380952380952,1.6165413533834585
expert_1,134,midogpp-expert_1-1c8c8f062407163062a0365f,0.933370257546386,46,0.34328358208955223,0.06084656084656084,1.6401326699834162
expert_1,135,midogpp-expert_1-461abf50049435824a05d64a,0.9330933259484908,46,0.34074074074074073,0.06084656084656084,1.62798353909465
expert_1,136,midogpp-expert_1-bb6971a81a4afd05ab9a451c,0.9330379396289116,47,0.34558823529411764,0.062169312169312166,1.651143790849673
expert_1,137,midogpp-expert_1-364b072047482e8f6db204f5,0.932484076433121,48,0.35036496350364965,0.06349206349206349,1.6739659367396593
expert_1,138,midogpp-expert_1-b72a06fa350482bb0b39fc81,0.932428690113542,48,0.34782608695652173,0.06349206349206349,1.6618357487922704
expert_1,139,midogpp-expert_1-125e4ac0e3ec0f912a14cd51,0.9322625311548048,48,0.34532374100719426,0.06349206349206349,1.6498800959232613
expert_1,140,midogpp-expert_1-3671cff28d91c3ab38afda9b,0.9297147604541678,48,0.34285714285714286,0.06349206349206349,1.638095238095238
expert_1,141,midogpp-expert_1-90365017f6f7ef7c686f142a,0.9295486014954306,48,0.3404255319148936,0.06349206349206349,1.6264775413711583
expert_1,142,midogpp-expert_1-5953f6f81d1793c6e622e623,0.9291608972583772,49,0.34507042253521125,0.06481481481481481,1.6486697965571204
expert_1,143,midogpp-expert_1-89843e1cc5fc19f84700fbb3,0.9291608972583772,49,0.34265734265734266,0.06481481481481481,1.637140637140637
expert_1,144,midogpp-expert_1-079f6f44e0aea839ad933dce,0.9284962614234284,50,0.3472222222222222,0.06613756613756613,1.6589506172839505
expert_1,145,midogpp-expert_1-104a0ae6632ea59ff618cf7b,0.9284962614234284,51,0.35172413793103446,0.06746031746031746,1.6804597701149424
expert_1,146,midogpp-expert_1-bde29b091605c295990226cd,0.9283301024646912,51,0.3493150684931507,0.06746031746031746,1.6689497716894977
expert_1,147,midogpp-expert_1-4313c195bd12c2766115f5d8,0.9271116034339518,51,0.3469387755102041,0.06746031746031746,1.657596371882086
expert_1,148,midogpp-expert_1-9a3b089ab0749948ddee7b00,0.9265577402381612,51,0.34459459459459457,0.06746031746031746,1.6463963963963961
expert_1,149,midogpp-expert_1-e5eb66a1440c8e86013af2cf,0.926391581279424,51,0.3422818791946309,0.06746031746031746,1.6353467561521253
expert_1,150,midogpp-expert_1-b9bf55d9f0b7c6f1a56a577a,0.9260038770423704,51,0.34,0.06746031746031746,1.6244444444444446
expert_1,151,midogpp-expert_1-47b599c57fbd27afbdeffe7e,0.9259484907227916,52,0.3443708609271523,0.06878306878306878,1.6453274466519499
expert_1,152,midogpp-expert_1-ab51178b941439af03862aea,0.9253392412074216,52,0.34210526315789475,0.06878306878306878,1.6345029239766082
expert_1,153,midogpp-expert_1-8e0eb8591c7d4d51b1c28f6c,0.924674605372473,52,0.33986928104575165,0.06878306878306878,1.6238198983297023
expert_1,154,midogpp-expert_1-93cefde7af0d290e8e32274f,0.924619219052894,52,0.33766233766233766,0.06878306878306878,1.6132756132756132
expert_1,155,midogpp-expert_1-3560114ccfef4459606d4fd9,0.9242315148158404,52,0.33548387096774196,0.06878306878306878,1.6028673835125449
expert_1,156,midogpp-expert_1-e56c84a7ede99122f2a101e9,0.9240653558571033,52,0.3333333333333333,0.06878306878306878,1.5925925925925923
expert_1,157,midogpp-expert_1-0a77b450618c62b616c80999,0.924009969537524,52,0.33121019108280253,0.06878306878306878,1.5824486907289452
expert_1,158,midogpp-expert_1-698bc0ec2e70ccf086258269,0.9239545832179452,52,0.3291139240506329,0.06878306878306878,1.572433192686357
expert_1,159,midogpp-expert_1-f9409b5eac5e7b5e367b0b04,0.9239545832179452,52,0.3270440251572327,0.06878306878306878,1.5625436757512228
expert_1,160,midogpp-expert_1-498e99d45668e4494f7f3983,0.9233453337025754,52,0.325,0.06878306878306878,1.5527777777777778
expert_1,161,midogpp-expert_1-cb00eefe598be1526f8b3118,0.9232899473829964,52,0.32298136645962733,0.06878306878306878,1.5431331953071084
expert_1,162,midogpp-expert_1-ba7916b478c425f08a3f152b,0.9231791747438384,52,0.32098765432098764,0.06878306878306878,1.5336076817558297
expert_1,163,midogpp-expert_1-1953efd0a63df46515917947,0.9224037662697314,53,0.32515337423312884,0.0701058201058201,1.5535105657805044
expert_1,164,midogpp-expert_1-55a291bea82a8932e10aea9f,0.9207975630019384,54,0.32926829268292684,0.07142857142857142,1.5731707317073171
expert_1,165,midogpp-expert_1-b505ef709ff19c2b0c7c3098,0.920409858764885,54,0.32727272727272727,0.07142857142857142,1.5636363636363635
expert_1,166,midogpp-expert_1-33299a02de5508e7205fc66c,0.918526723899197,55,0.3313253012048193,0.07275132275132275,1.5829986613119142
expert_1,167,midogpp-expert_1-f52812bdf1ba9b93306fde17,0.9183605649404596,56,0.33532934131736525,0.07407407407407407,1.6021290751829673
expert_1,168,midogpp-expert_1-1499b69f231b0d555c546d76,0.9171420659097202,57,0.3392857142857143,0.07539682539682539,1.621031746031746
expert_1,169,midogpp-expert_1-a7dcbb3af56ba5d9fc13318d,0.9164220437551924,57,0.33727810650887574,0.07539682539682539,1.611439842209073
expert_1,170,midogpp-expert_1-6ef4a9284774c0c3dc96cae7,0.9159235668789808,57,0.3352941176470588,0.07539682539682539,1.6019607843137254
expert_1,171,midogpp-expert_1-fd5fd0d84a9091945a90b3e8,0.9145389088895044,57,0.3333333333333333,0.07539682539682539,1.5925925925925923
expert_1,172,midogpp-expert_1-fde044a5cfb5964f882457a6,0.914372749930767,58,0.3372093023255814,0.07671957671957672,1.611111111111111
expert_1,173,midogpp-expert_1-e333e739df2c8ca917290514,0.914317363611188,59,0.34104046242774566,0.07804232804232804,1.6294155427103403
expert_1,174,midogpp-expert_1-727760bd0073631e8e90cc6b,0.9140958183328718,60,0.3448275862068966,0.07936507936507936,1.6475095785440612
expert_1,175,midogpp-expert_1-9d3ec54d6be28a57664e064a,0.9138742730545556,60,0.34285714285714286,0.07936507936507936,1.638095238095238
expert_1,176,midogpp-expert_1-620b89d184566c8e5dcdfb29,0.9136527277762394,60,0.3409090909090909,0.07936507936507936,1.6287878787878787
expert_1,177,midogpp-expert_1-0b3afacd5fa9f203ec913bf8,0.913375796178344,61,0.3446327683615819,0.08068783068783068,1.6465787821720024
expert_1,178,midogpp-expert_1-5d58c362eb75d70ae361ec7a,0.9129327056217114,61,0.34269662921348315,0.08068783068783068,1.6373283395755305
expert_1,179,midogpp-expert_1-0159715bfdbb25e07dc1a325,0.912655774023816,62,0.3463687150837989,0.082010582010582,1.6548727498448168
expert_1,180,midogpp-expert_1-1a0e66f565a970bfecdf0fdd,0.9123234561063418,63,0.35,0.08333333333333333,1.672222222222222
expert_1,181,midogpp-expert_1-032ae4ff9f92701b49923cfe,0.910828025477707,63,0.34806629834254144,0.08333333333333333,1.6629834254143645
expert_1,182,midogpp-expert_1-55038b9a044cb6d9cf7a3862,0.9100526170036,64,0.3516483516483517,0.08465608465608465,1.6800976800976801
expert_1,183,midogpp-expert_1-e86ece9383a97fc83c59a6da,0.9097202990861256,65,0.3551912568306011,0.08597883597883597,1.6970248937462051
expert_1,184,midogpp-expert_1-385f1e1ba9661e16ec16f8b4,0.9096095264469676,65,0.3532608695652174,0.08597883597883597,1.6878019323671498
expert_1,185,midogpp-expert_1-8c6b6920b676c839113dbfae,0.9094433674882304,65,0.35135135135135137,0.08597883597883597,1.6786786786786787
expert_1,186,midogpp-expert_1-eb5fa38003aa3264fb4e7386,0.9092218222099142,66,0.3548387096774194,0.0873015873015873,1.6953405017921146
expert_1,187,midogpp-expert_1-314476388a18ae2681bf7d12,0.9091664358903352,66,0.35294117647058826,0.0873015873015873,1.6862745098039216
expert_1,188,midogpp-expert_1-eda547a95745f023f75506ce,0.9089448906120188,66,0.35106382978723405,0.0873015873015873,1.677304964539007
expert_1,189,midogpp-expert_1-6d9433aa2a6b04e135c5af05,0.9084464137358071,66,0.3492063492063492,0.0873015873015873,1.6684303350970016
expert_1,190,midogpp-expert_1-d6fb3c3a30482cf41b2c3f86,0.9081140958183328,66,0.3473684210526316,0.0873015873015873,1.6596491228070176
expert_1,191,midogpp-expert_1-34ff7cff35ae417d055f16b4,0.9079479368595956,67,0.3507853403141361,0.08862433862433862,1.6759744037230946
expert_1,192,midogpp-expert_1-8026f9eb7fc02470ecf500c8,0.907338687344226,67,0.3489583333333333,0.08862433862433862,1.6672453703703702
expert_1,193,midogpp-expert_1-ec4d677133cdc7fb0fa0b2e3,0.9070063694267516,67,0.3471502590673575,0.08862433862433862,1.6586067933218192
expert_1,194,midogpp-expert_1-095ec3122b0d1d0f68165567,0.9067848241484352,67,0.34536082474226804,0.08862433862433862,1.6500572737686139
expert_1,195,midogpp-expert_1-83b1e5c2bc589e713fa0d65f,0.9057878703960124,67,0.3435897435897436,0.08862433862433862,1.6415954415954415
expert_1,196,midogpp-expert_1-b81e8737430e59a31f4611fa,0.9046247576848518,67,0.34183673469387754,0.08862433862433862,1.633219954648526
expert_1,197,midogpp-expert_1-be072624bddc76159f5dea39,0.9040155081694822,68,0.34517766497461927,0.08994708994708994,1.6491821771009587
expert_1,198,midogpp-expert_1-d9599fb50492c4d60f62f171,0.9038493492107448,69,0.3484848484848485,0.09126984126984126,1.664983164983165
expert_1,199,midogpp-expert_1-719914ed5022e24b4f330327,0.903793962891166,70,0.35175879396984927,0.09259259259259259,1.6806253489670575
expert_1,200,midogpp-expert_1-ba346e6aeaabcf2ae4e97c44,0.9035170312932704,70,0.35,0.09259259259259259,1.672222222222222
expert_1,201,midogpp-expert_1-23d6d78f9584c8fc4564d271,0.9027416228191636,70,0.3482587064676617,0.09259259259259259,1.663902708678828
expert_1,202,midogpp-expert_1-f8b8c9d46b62872700fffc37,0.9022985322625312,70,0.3465346534653465,0.09259259259259259,1.6556655665566555
expert_1,203,midogpp-expert_1-4a47a0c4c2cb0b53314c4c83,0.902132373303794,70,0.3448275862068966,0.09259259259259259,1.6475095785440612
expert_1,204,midogpp-expert_1-ee2c1feda8bdb0e197539abe,0.9020216006646358,71,0.3480392156862745,0.09391534391534391,1.6628540305010893
expert_1,205,midogpp-expert_1-735445e21b937ee178970a3e,0.9019108280254776,71,0.3463414634146341,0.09391534391534391,1.654742547425474
expert_1,206,midogpp-expert_1-fe8e685b47f673cb7a6bad60,0.9018554417058986,71,0.3446601941747573,0.09391534391534391,1.6467098166127292
expert_1,207,midogpp-expert_1-ce9a8e7db6a20d235b7135e9,0.901412351149266,71,0.34299516908212563,0.09391534391534391,1.6387546967257112
expert_1,208,midogpp-expert_1-ac446d60f6a402af188b698e,0.901301578510108,71,0.34134615384615385,0.09391534391534391,1.6308760683760684
expert_1,209,midogpp-expert_1-3c5b72ece7dd0b17d2a87ac6,0.9009138742730546,72,0.3444976076555024,0.09523809523809523,1.645933014354067
expert_1,210,midogpp-expert_1-3b6eee0e78087ed062dc7da0,0.9006923289947383,72,0.34285714285714286,0.09523809523809523,1.638095238095238
expert_1,211,midogpp-expert_1-624d3ebf20c4241accfacda8,0.9006923289947383,72,0.3412322274881517,0.09523809523809523,1.6303317535545023
expert_1,212,midogpp-expert_1-42d8161b19fa65fe507c6253,0.9003046247576848,72,0.33962264150943394,0.09523809523809523,1.6226415094339621
expert_1,213,midogpp-expert_1-08e6dbd631fb6680efbf5403,0.8998615342010524,72,0.3380281690140845,0.09523809523809523,1.6150234741784038
expert_1,214,midogpp-expert_1-2a9eef99a307107b8c15b1a4,0.899584602603157,73,0.3411214953271028,0.09656084656084656,1.6298026998961577
expert_1,215,midogpp-expert_1-9c93dbce231bca77a0f793c5,0.899584602603157,73,0.3395348837209302,0.09656084656084656,1.622222222222222
expert_1,216,midogpp-expert_1-a609a760dd4ecc89e358bb0d,0.8994184436444198,73,0.33796296296296297,0.09656084656084656,1.6147119341563785
expert_1,217,midogpp-expert_1-794cfef769253a53c0b055b4,0.8989753530877873,73,0.33640552995391704,0.09656084656084656,1.6072708653353813
expert_1,218,midogpp-expert_1-0f34361a1d7bae72fb5fab0a,0.8988091941290501,74,0.3394495412844037,0.09788359788359788,1.6218144750254841
expert_1,219,midogpp-expert_1-99546eef32208b2b48965a44,0.8986984214898919,74,0.3378995433789954,0.09788359788359788,1.6144089294774224
expert_1,220,midogpp-expert_1-e4f217ef979d7cae93486db3,0.897978399335364,75,0.3409090909090909,0.0992063492063492,1.6287878787878787
expert_1,221,midogpp-expert_1-fbb230720de855956208ca49,0.897923013015785,75,0.3393665158371041,0.0992063492063492,1.6214177978883861
expert_1,222,midogpp-expert_1-50f4669aff945cc7c76dffb0,0.8972029908612573,75,0.33783783783783783,0.0992063492063492,1.614114114114114
expert_1,223,midogpp-expert_1-1ab8ee1e32970670ee595920,0.8967045139850457,76,0.34080717488789236,0.10052910052910052,1.6283009466865968
expert_1,224,midogpp-expert_1-0c2db80e6135973ad1a9ccbf,0.8962614234284132,76,0.3392857142857143,0.10052910052910052,1.621031746031746
expert_1,225,midogpp-expert_1-31208bc6e335ff6156143365,0.896095264469676,76,0.3377777777777778,0.10052910052910052,1.613827160493827
expert_1,226,midogpp-expert_1-365a4fedcc479153ca3d73cf,0.8960952644696759,76,0.336283185840708,0.10052910052910052,1.606686332350049
expert_1,227,midogpp-expert_1-0b3d7adc466de1f4fe1ed134,0.8958737191913597,76,0.33480176211453744,0.10052910052910052,1.5996084189916788
expert_1,228,midogpp-expert_1-7ef4def59be7163ee32d0b45,0.8951536970368319,76,0.3333333333333333,0.10052910052910052,1.5925925925925923
expert_1,229,midogpp-expert_1-b543031b24ded52259e08921,0.8947659927997784,76,0.3318777292576419,0.10052910052910052,1.5856380397865113
expert_1,230,midogpp-expert_1-b635df47a35c2a12d37a909d,0.8945998338410412,76,0.33043478260869563,0.10052910052910052,1.5787439613526568
expert_1,231,midogpp-expert_1-04efc9b5568fd5e082c35727,0.8938798116865134,76,0.329004329004329,0.10052910052910052,1.571909571909572
expert_1,232,midogpp-expert_1-ebd3007f9baf43960f0d3c18,0.8936582664081972,76,0.3275862068965517,0.10052910052910052,1.5651340996168581
expert_1,233,midogpp-expert_1-a6c2d194fbda6b9e5685a85c,0.8936582664081971,76,0.3261802575107296,0.10052910052910052,1.558416785884597
expert_1,234,midogpp-expert_1-f7533e839c6bdb30676755d4,0.8932151758515647,77,0.32905982905982906,0.10185185185185185,1.5721747388414054
expert_1,235,midogpp-expert_1-939401bfad3bbb0dbaa3bda1,0.892716698975353,77,0.3276595744680851,0.10185185185185185,1.5654846335697397
expert_1,236,midogpp-expert_1-cf104ac1e5ef5c620fc2409a,0.8922736084187206,78,0.3305084745762712,0.10317460317460317,1.57909604519774
expert_1,237,midogpp-expert_1-d40ddefeefb31173a8746ede,0.8919966768208253,79,0.3333333333333333,0.10449735449735449,1.5925925925925923
expert_1,238,midogpp-expert_1-541ce322e4e1817f8712e862,0.8918859041816671,79,0.3319327731092437,0.10449735449735449,1.5859010270774976
expert_1,239,midogpp-expert_1-29571eb3f669fe3ce55c3c28,0.891775131542509,80,0.33472803347280333,0.10582010582010581,1.5992561599256159
expert_1,240,midogpp-expert_1-5e4d2c0366b3edc33d69a298,0.8911658820271393,80,0.3333333333333333,0.10582010582010581,1.5925925925925923
expert_1,241,midogpp-expert_1-ecd1fb0a153a1d09cbad803b,0.8909997230684021,81,0.3360995850622407,0.10714285714285714,1.6058091286307055
expert_1,242,midogpp-expert_1-74c3cd02907650a8df18afc2,0.8909443367488231,81,0.3347107438016529,0.10714285714285714,1.5991735537190082
expert_1,243,midogpp-expert_1-1aef723b80461d4408e7e16f,0.8904458598726115,81,0.3333333333333333,0.10714285714285714,1.5925925925925923
expert_1,244,midogpp-expert_1-d38483390ccaa07955eca694,0.8903350872334533,81,0.3319672131147541,0.10714285714285714,1.5860655737704916
expert_1,245,midogpp-expert_1-e0276cf6257c82c2eb78a0e1,0.890168928274716,82,0.3346938775510204,0.10846560846560846,1.599092970521542
expert_1,246,midogpp-expert_1-f0738a34319f9d594a69b5c2,0.890058155635558,83,0.33739837398373984,0.10978835978835978,1.612014453477868
expert_1,247,midogpp-expert_1-8e19451ea680c188c05b8f3d,0.8898919966768208,83,0.3360323886639676,0.10978835978835978,1.6054880791722896
expert_1,248,midogpp-expert_1-f6f6c83e6a5afbed42d4b1ca,0.889116588202714,83,0.3346774193548387,0.10978835978835978,1.5990143369175625
expert_1,249,midogpp-expert_1-c0f21e243dba59425776d18b,0.8889504292439767,84,0.3373493975903614,0.1111111111111111,1.611780455153949
expert_1,250,midogpp-expert_1-20082065119d62478d6c5595,0.8885073386873441,84,0.336,0.1111111111111111,1.6053333333333333
expert_1,251,midogpp-expert_1-5a84b541128f9b21de5e98df,0.8882304070894489,85,0.3386454183266932,0.11243386243386243,1.617972554227534
expert_1,252,midogpp-expert_1-87f09ce39c22b973de7593c9,0.8882304070894489,85,0.3373015873015873,0.11243386243386243,1.6115520282186948
expert_1,253,midogpp-expert_1-e59faca5aad56fb6ff4effa8,0.8878427028523954,86,0.33992094861660077,0.11375661375661375,1.624066754501537
expert_1,254,midogpp-expert_1-95d15204b2f0fc421aea504b,0.8870119080587096,86,0.33858267716535434,0.11375661375661375,1.6176727909011372
expert_1,255,midogpp-expert_1-fbc4ed9dd5f11d9adf32d3b2,0.8864580448629189,86,0.33725490196078434,0.11375661375661375,1.6113289760348584
expert_1,256,midogpp-expert_1-f453b830079ef1e74d566fac,0.8860703406258654,86,0.3359375,0.11375661375661375,1.605034722222222
expert_1,257,midogpp-expert_1-c7185af534c182f840814947,0.885682636388812,86,0.3346303501945525,0.11375661375661375,1.5987894509295286
expert_1,258,midogpp-expert_1-a34fddf5c97834239551adc0,0.8853503184713376,86,0.3333333333333333,0.11375661375661375,1.5925925925925923
expert_1,259,midogpp-expert_1-7b2db1eb6f2ba8faf99bca9c,0.8852949321517586,87,0.3359073359073359,0.11507936507936507,1.6048906048906049
expert_1,260,midogpp-expert_1-c3c0a443f627c5185bd8a8c4,0.8846302963168098,87,0.3346153846153846,0.11507936507936507,1.5987179487179486
expert_1,261,midogpp-expert_1-bf192322119e0d22bfcd1705,0.8845749099972307,87,0.3333333333333333,0.11507936507936507,1.5925925925925923
expert_1,262,midogpp-expert_1-e582932fc11a90ac8455e7f1,0.8844087510384935,88,0.33587786259541985,0.1164021164021164,1.6047497879558947
expert_1,263,midogpp-expert_1-0d6ac478c8606ab79f765f72,0.8843533647189143,89,0.33840304182509506,0.11772486772486772,1.616814533164343
expert_1,264,midogpp-expert_1-e6a69e4a22fe0054d626b52d,0.8841872057601773,89,0.3371212121212121,0.11772486772486772,1.6106902356902355
expert_1,265,midogpp-expert_1-8e2ff435384e95c761a9187d,0.8841872057601772,89,0.33584905660377357,0.11772486772486772,1.6046121593291403
expert_1,266,midogpp-expert_1-fe2c63cdcd42331588ca14dd,0.8841318194405982,89,0.33458646616541354,0.11772486772486772,1.598579782790309
expert_1,267,midogpp-expert_1-e088c99d80bd5274d06c76dd,0.8838548878427028,89,0.3333333333333333,0.11772486772486772,1.5925925925925923
expert_1,268,midogpp-expert_1-ed00c9796e2852e2e5a353eb,0.8837995015231238,90,0.3358208955223881,0.11904761904761904,1.6044776119402986
expert_1,269,midogpp-expert_1-f0e0a6a1ed4a69d5857d4deb,0.8832456383273333,90,0.3345724907063197,0.11904761904761904,1.5985130111524164
expert_1,270,midogpp-expert_1-5465ffa04206a66633207a74,0.883079479368596,90,0.3333333333333333,0.11904761904761904,1.5925925925925923
expert_1,271,midogpp-expert_1-1b4c1b8cc4acb21f53f76562,0.8830240930490169,90,0.33210332103321033,0.11904761904761904,1.5867158671586714
expert_1,272,midogpp-expert_1-48a71a65193b0f81ecb6b4c7,0.8824148435336472,91,0.33455882352941174,0.12037037037037036,1.5984477124183005
expert_1,273,midogpp-expert_1-f9841acee05f4ced0e6bbece,0.882359457214068,91,0.3333333333333333,0.12037037037037036,1.5925925925925923
expert_1,274,midogpp-expert_1-ebca6f935dd4dba3ac351f7a,0.88224868457491,91,0.33211678832116787,0.12037037037037036,1.586780210867802
expert_1,275,midogpp-expert_1-bbf1c4276a8c0d67b549f9e6,0.8820825256161728,91,0.33090909090909093,0.12037037037037036,1.581010101010101
expert_1,276,midogpp-expert_1-0fa96650caee27f0776c0a3a,0.8807532539462752,92,0.3333333333333333,0.12169312169312169,1.5925925925925923
expert_1,277,midogpp-expert_1-c2f736913b5cd3b5956a0809,0.8806978676266962,92,0.33212996389891697,0.12169312169312169,1.586843160850381
expert_1,278,midogpp-expert_1-ad80c09c3219bd58109c7352,0.8805870949875381,92,0.33093525179856115,0.12169312169312169,1.5811350919264586
expert_1,279,midogpp-expert_1-a43bd8b078b270a452989c97,0.8805317086679589,93,0.3333333333333333,0.12301587301587301,1.5925925925925923
expert_1,280,midogpp-expert_1-e1a343f31e24f2ba5dee4ec1,0.88047632234838,93,0.33214285714285713,0.12301587301587301,1.5869047619047618
expert_1,281,midogpp-expert_1-c54eba42c9125f1d29017e7a,0.8801440044309056,94,0.33451957295373663,0.12433862433862433,1.598260181890075
expert_1,282,midogpp-expert_1-7c69ac0d01312f7a84b9fd0d,0.8795901412351148,95,0.33687943262411346,0.12566137566137567,1.6095350669818753
expert_1,283,midogpp-expert_1-b56f969d52fef6f842171cfa,0.8794239822763777,95,0.33568904593639576,0.12566137566137567,1.6038476639183352
expert_1,284,midogpp-expert_1-85a5f8ab1eb394b375b33738,0.8793685959567986,95,0.3345070422535211,0.12566137566137567,1.5982003129890452
expert_1,285,midogpp-expert_1-acaa6fc823ad9e09f74e138c,0.878759346441429,95,0.3333333333333333,0.12566137566137567,1.5925925925925923
expert_1,286,midogpp-expert_1-a9b8a6b4339a00c79d26c448,0.8786485738022709,96,0.3356643356643357,0.12698412698412698,1.6037296037296036
expert_1,287,midogpp-expert_1-3115960c8f11eb3932b0aa03,0.8786485738022708,96,0.3344947735191638,0.12698412698412698,1.5981416957026713
expert_1,288,midogpp-expert_1-7e8bcc5bee037eefe0e40009,0.8780393242869011,96,0.3333333333333333,0.12698412698412698,1.5925925925925923
expert_1,289,midogpp-expert_1-006d93b39f3ba65afb5ca867,0.8779285516477431,96,0.33217993079584773,0.12698412698412698,1.5870818915801612
expert_1,290,midogpp-expert_1-c51f1482a37a1b64d4900cc6,0.8777623926890057,97,0.33448275862068966,0.1283068783068783,1.5980842911877393
expert_1,291,midogpp-expert_1-7cbc0006b7ffbccef0e2b13b,0.8766546662974246,97,0.3333333333333333,0.1283068783068783,1.5925925925925923
expert_1,292,midogpp-expert_1-f0068ea4873666b76eb8a08f,0.8764885073386873,97,0.3321917808219178,0.1283068783068783,1.587138508371385
expert_1,293,midogpp-expert_1-ad812281d6ec9aa07a1e0e21,0.8763223483799502,97,0.3310580204778157,0.1283068783068783,1.5817216533940082
expert_1,294,midogpp-expert_1-de299cc975b6063d18c59011,0.876156189421213,97,0.3299319727891156,0.1283068783068783,1.576341647770219
expert_1,295,midogpp-expert_1-8b63ac254af020bdb0862246,0.8761008031016339,98,0.33220338983050846,0.12962962962962962,1.5871939736346514
expert_1,296,midogpp-expert_1-cb7eebecf10f5fac2b978324,0.875436167266685,98,0.3310810810810811,0.12962962962962962,1.5818318318318318
expert_1,297,midogpp-expert_1-9e261338ff1eb2358f20678c,0.8750484630296317,98,0.32996632996632996,0.12962962962962962,1.5765057987280209
expert_1,298,midogpp-expert_1-d4fb22b874dc11ff262aee77,0.8747715314317364,99,0.33221476510067116,0.13095238095238096,1.587248322147651
expert_1,299,midogpp-expert_1-0e2b588c5c6c6f479946ad00,0.8743284408751039,99,0.3311036789297659,0.13095238095238096,1.5819397993311035
expert_1,300,midogpp-expert_1-211ede8b27af4d7c052e2562,0.8739407366380504,99,0.33,0.13095238095238096,1.5766666666666667
expert_1,301,midogpp-expert_1-96af3f0be33e3750e3f2bbde,0.8739407366380504,99,0.3289036544850498,0.13095238095238096,1.5714285714285714
expert_1,302,midogpp-expert_1-009223cac24206d1817c7839,0.8734422597618388,100,0.33112582781456956,0.13227513227513227,1.582045621780721
expert_1,303,midogpp-expert_1-4d3777858c394c62601f7a83,0.8733868734422597,100,0.33003300330033003,0.13227513227513227,1.5768243491015768
expert_1,304,midogpp-expert_1-09c8d5e65a2d72ade6048fbc,0.8731653281639434,101,0.33223684210526316,0.1335978835978836,1.5873538011695907
expert_1,305,midogpp-expert_1-d148cd0a078c662fffc85900,0.8725560786485738,101,0.33114754098360655,0.1335978835978836,1.5821493624772311
expert_1,306,midogpp-expert_1-2138db0c518d522990981e20,0.8720576017723622,101,0.3300653594771242,0.1335978835978836,1.5769789397240377
expert_1,307,midogpp-expert_1-2f27a9810e73f2e32706e6db,0.8720576017723622,101,0.3289902280130293,0.1335978835978836,1.5718422005066954
expert_1,308,midogpp-expert_1-70a92113714539dcbf746919,0.8719468291332042,102,0.33116883116883117,0.1349206349206349,1.5822510822510822
expert_1,309,midogpp-expert_1-12fb681b22cf9f10fe5e3d2b,0.871780670174467,102,0.3300970873786408,0.1349206349206349,1.5771305285868393
expert_1,310,midogpp-expert_1-5ceee6096869776fc84e87e5,0.8715037385765716,103,0.33225806451612905,0.13624338624338625,1.5874551971326165
expert_1,311,midogpp-expert_1-709050641991711099c664fc,0.8713929659374134,104,0.33440514469453375,0.13756613756613756,1.5977134690961057
expert_1,312,midogpp-expert_1-648ccb2cfe342850c1f2cc00,0.8708391027416229,104,0.3333333333333333,0.13756613756613756,1.5925925925925923
expert_1,313,midogpp-expert_1-2376149a7c41269c511eec4d,0.8708391027416228,104,0.33226837060702874,0.13756613756613756,1.5875044373446927
expert_1,314,midogpp-expert_1-45dedf8c3610d00402ef7926,0.8707283301024646,105,0.3343949044585987,0.1388888888888889,1.597664543524416
expert_1,315,midogpp-expert_1-775f574c7687000a2265219b,0.8706175574633066,106,0.33650793650793653,0.1402116402116402,1.6077601410934745
expert_1,316,midogpp-expert_1-bf1768ac0c67dcb2ba2f81c7,0.8705067848241486,106,0.33544303797468356,0.1402116402116402,1.6026722925457102
expert_1,317,midogpp-expert_1-5b01ee9e5c6c3e24debaffae,0.8705067848241484,106,0.334384858044164,0.1402116402116402,1.5976165439887835
expert_1,318,midogpp-expert_1-020151eb4e665d3cda1abb29,0.8704513985045694,106,0.3333333333333333,0.1402116402116402,1.5925925925925923
expert_1,319,midogpp-expert_1-c6bd4a54913d1e827b71ec8c,0.8704513985045694,106,0.3322884012539185,0.1402116402116402,1.5876001393242771
expert_1,320,midogpp-expert_1-6ff9c6ea782039cf9d5d076d,0.870119080587095,106,0.33125,0.1402116402116402,1.5826388888888887
expert_1,321,midogpp-expert_1-923e6b44643584fc56c8187e,0.8699529216283577,106,0.3302180685358255,0.1402116402116402,1.5777085496711662
expert_1,322,midogpp-expert_1-c71c00af006f4f2771be7ec9,0.8697313763500415,106,0.32919254658385094,0.1402116402116402,1.572808833678399
expert_1,323,midogpp-expert_1-bc36012a829c5a42383c8095,0.8696206037108835,106,0.3281733746130031,0.1402116402116402,1.567939456484348
expert_1,324,midogpp-expert_1-c4369daaea08f7bf50f08a09,0.8690113541955138,107,0.33024691358024694,0.14153439153439154,1.577846364883402
expert_1,325,midogpp-expert_1-9c46d6da02397955b9c103ff,0.8682359457214068,107,0.3292307692307692,0.14153439153439154,1.5729914529914528
expert_1,326,midogpp-expert_1-7994cb36a1c3f65965ca2fdd,0.8681805594018278,107,0.3282208588957055,0.14153439153439154,1.5681663258350373
expert_1,327,midogpp-expert_1-246583ad1ed81b55929baa76,0.8681251730822487,107,0.327217125382263,0.14153439153439154,1.563370710159701
expert_1,328,midogpp-expert_1-87584c87d6f49c50947945b7,0.8676266962060372,108,0.32926829268292684,0.14285714285714285,1.5731707317073171
expert_1,329,midogpp-expert_1-9c4ee0ff7e94732041137fff,0.8672943782885627,109,0.331306990881459,0.14417989417989419,1.5829111786558596
expert_1,330,midogpp-expert_1-c35b33d440670b02fbf7cd64,0.8672943782885627,110,0.3333333333333333,0.1455026455026455,1.5925925925925923
expert_1,331,midogpp-expert_1-de1cf5ec097916db7a0be9f9,0.8672389919689837,110,0.3323262839879154,0.1455026455026455,1.5877811346089292
expert_1,332,midogpp-expert_1-e0b2d96c7b2064e04ed86dab,0.8672389919689837,111,0.33433734939759036,0.14682539682539683,1.5973895582329316
expert_1,333,midogpp-expert_1-4c397ddfaa5785c6ce10a72f,0.866685128773193,111,0.3333333333333333,0.14682539682539683,1.5925925925925923
expert_1,334,midogpp-expert_1-bca0bc89e7f03a0150390c1f,0.8655220160620327,111,0.3323353293413174,0.14682539682539683,1.587824351297405
expert_1,335,midogpp-expert_1-1767c8f8783c90058fcd3229,0.8650789255054001,111,0.33134328358208953,0.14682539682539683,1.5830845771144277
expert_1,336,midogpp-expert_1-d22790c9f84b8773f85ba5d0,0.8645804486291886,112,0.3333333333333333,0.14814814814814814,1.5925925925925923
expert_1,337,midogpp-expert_1-bed275ca1df7928cecbf317d,0.8644696759900306,112,0.3323442136498516,0.14814814814814814,1.587866798549291
expert_1,338,midogpp-expert_1-b99b93106aa9c70dbc5ed837,0.8642481307117141,112,0.33136094674556216,0.14814814814814814,1.5831689677843523
expert_1,339,midogpp-expert_1-2ab7789a2a405c606650ae2d,0.864137358072556,113,0.3333333333333333,0.14947089947089948,1.5925925925925923
expert_1,340,midogpp-expert_1-121be597a9682016ec0498c0,0.8640265854333979,114,0.3352941176470588,0.15079365079365079,1.6019607843137254
expert_1,341,midogpp-expert_1-e3192de98bdf40a96528e0c7,0.8636942675159236,114,0.3343108504398827,0.15079365079365079,1.5972629521016617
expert_1,342,midogpp-expert_1-3f3d201ce8c9d56282a5e593,0.8635281085571864,114,0.3333333333333333,0.15079365079365079,1.5925925925925923
expert_1,343,midogpp-expert_1-18000ee8141d185ecc2d79ec,0.8633619495984493,115,0.33527696793002915,0.15211640211640212,1.601878846776806
expert_1,344,midogpp-expert_1-96cf827afc67cf990e55cdd7,0.8633619495984493,115,0.33430232558139533,0.15211640211640212,1.597222222222222
expert_1,345,midogpp-expert_1-9a69c3c9f44e7595611e6c36,0.8630296316809749,115,0.3333333333333333,0.15211640211640212,1.5925925925925923
expert_1,346,midogpp-expert_1-a31fa92d45fce52de2239690,0.8626419274439214,115,0.33236994219653176,0.15211640211640212,1.587989723827874
expert_1,347,midogpp-expert_1-2b36dfce9b198381ce2602f2,0.8620880642481308,115,0.3314121037463977,0.15211640211640212,1.5834133845661222
expert_1,348,midogpp-expert_1-c1884561e2ae08250b93f267,0.8619772916089725,115,0.33045977011494254,0.15211640211640212,1.5788633461047255
expert_1,349,midogpp-expert_1-171bb7303c5969f4be4866ba,0.8615895873719193,115,0.32951289398280803,0.15211640211640212,1.5743393823623049
expert_1,350,midogpp-expert_1-ef623989c209ec17459f78c2,0.861589587371919,116,0.3314285714285714,0.15343915343915343,1.5834920634920633
expert_1,351,midogpp-expert_1-9f4f8b22f0e6b4eea44e22c5,0.8611464968152867,116,0.33048433048433046,0.15343915343915343,1.578980690091801
expert_1,352,midogpp-expert_1-e18ab1b8cdc4781fe482c101,0.8611464968152867,116,0.32954545454545453,0.15343915343915343,1.5744949494949494
expert_1,353,midogpp-expert_1-6d606b8e064c21327ae55b13,0.8603157020216007,117,0.3314447592067989,0.15476190476190477,1.5835694050991502
expert_1,354,midogpp-expert_1-30958885e182371eb743442e,0.8602049293824425,117,0.3305084745762712,0.15476190476190477,1.57909604519774
expert_1,355,midogpp-expert_1-ed4ac26ca522e27353bf118a,0.8600387704237054,117,0.3295774647887324,0.15476190476190477,1.5746478873239436
expert_1,356,midogpp-expert_1-09b6004390fcf38051b45520,0.8597618388258099,117,0.32865168539325845,0.15476190476190477,1.5702247191011236
expert_1,357,midogpp-expert_1-b8385ac0e70b3e7dc0b8d1ad,0.8595402935474938,117,0.3277310924369748,0.15476190476190477,1.5658263305322129
expert_1,358,midogpp-expert_1-7a09a06667b6815292bb2a8d,0.8592633619495984,118,0.329608938547486,0.15608465608465608,1.5747982619490999
expert_1,359,midogpp-expert_1-8eccfe7e5789c7ca71db2efb,0.8589864303517032,118,0.3286908077994429,0.15608465608465608,1.5704116372640047
expert_1,360,midogpp-expert_1-8bd61f66a4b457b615f7509f,0.8589310440321241,119,0.33055555555555555,0.1574074074074074,1.5793209876543208
expert_1,361,midogpp-expert_1-ccc936cd99d517eb4a862aab,0.8588202713929658,119,0.3296398891966759,0.1574074074074074,1.5749461372730071
expert_1,362,midogpp-expert_1-9a906e2cc54aafca7e0316dc,0.8585987261146496,119,0.3287292817679558,0.1574074074074074,1.5705954573357888
expert_1,363,midogpp-expert_1-4a9acfbec4953b65564670db,0.8584325671559124,120,0.3305785123966942,0.15873015873015872,1.5794306703397611
expert_1,364,midogpp-expert_1-236cae49f4d419998240cad5,0.8580448629188591,121,0.3324175824175824,0.16005291005291006,1.5882173382173381
expert_1,365,midogpp-expert_1-bb72fd5919317e48c29dc340,0.8579340902797009,121,0.3315068493150685,0.16005291005291006,1.5838660578386605
expert_1,366,midogpp-expert_1-bc1ab0e40e3e1c0f3b9e5f8b,0.8579340902797009,121,0.33060109289617484,0.16005291005291006,1.579538554948391
expert_1,367,midogpp-expert_1-6f6452157ab731d8ff9bd71c,0.8574909997230684,121,0.329700272479564,0.16005291005291006,1.5752346351801392
expert_1,368,midogpp-expert_1-11b3467a5db62ff9b1ff5189,0.8574356134034893,121,0.328804347826087,0.16005291005291006,1.5709541062801933
expert_1,369,midogpp-expert_1-91712e47db122b580c8f1247,0.8568817502076987,122,0.33062330623306235,0.16137566137566137,1.5796446853357422
expert_1,370,midogpp-expert_1-0298c82ac4e15d009200fdc7,0.8563278870119081,122,0.32972972972972975,0.16137566137566137,1.5753753753753754
expert_1,371,midogpp-expert_1-12eeae1c9eb51a8eb5c618c8,0.8558847964552755,122,0.3288409703504043,0.16137566137566137,1.571129080563043
expert_1,372,midogpp-expert_1-2c639262293e032e2aa7a45d,0.8549986153420105,122,0.3279569892473118,0.16137566137566137,1.5669056152927119
expert_1,373,midogpp-expert_1-ed6a1980e4500173a3991997,0.8549432290224315,122,0.32707774798927614,0.16137566137566137,1.5627047959487637
expert_1,374,midogpp-expert_1-24e431b4187fb283b20f37c8,0.8548324563832733,123,0.32887700534759357,0.1626984126984127,1.5713012477718358
expert_1,375,midogpp-expert_1-ef7f2654e1d0f02937aaf843,0.8548324563832733,124,0.33066666666666666,0.164021164021164,1.5798518518518518
expert_1,376,midogpp-expert_1-a4c9997db1670e9635fa4600,0.8548324563832732,125,0.3324468085106383,0.16534391534391535,1.5883569739952716
expert_1,377,midogpp-expert_1-41a12fed01bd136bdf5b5087,0.85444475214622,126,0.33421750663129973,0.16666666666666666,1.5968169761273208
expert_1,378,midogpp-expert_1-5fb964ddb1eae421abb29cdf,0.8540570479091665,126,0.3333333333333333,0.16666666666666666,1.5925925925925923
expert_1,379,midogpp-expert_1-8d6aa8e969497783947c1983,0.8537801163112712,126,0.3324538258575198,0.16666666666666666,1.5883905013192612
expert_1,380,midogpp-expert_1-6db643b5e67d78ab31998956,0.8536139573525339,126,0.33157894736842103,0.16666666666666666,1.5842105263157893
expert_1,381,midogpp-expert_1-7da7e391521f2b19290b7ceb,0.8535585710329548,126,0.33070866141732286,0.16666666666666666,1.5800524934383202
expert_1,382,midogpp-expert_1-e93fe52f6a6ba7ba2f0dd47c,0.8533924120742176,126,0.3298429319371728,0.16666666666666666,1.5759162303664922
expert_1,383,midogpp-expert_1-dbf1238184bf88ab31ea5457,0.8531154804763224,126,0.3289817232375979,0.16666666666666666,1.5718015665796343
expert_1,384,midogpp-expert_1-0db9de0499b7d75b52cea6f3,0.8522846856826363,126,0.328125,0.16666666666666666,1.5677083333333333
expert_1,385,midogpp-expert_1-31e24124909971eeb63a47c0,0.8518415951260039,126,0.32727272727272727,0.16666666666666666,1.5636363636363635
expert_1,386,midogpp-expert_1-3c38b8ac29f383b7e2fb72da,0.8516200498476877,127,0.3290155440414508,0.167989417989418,1.5719631548647093
expert_1,387,midogpp-expert_1-6e9e6c1e4521605868f3d996,0.8507892550540017,127,0.3281653746770026,0.167989417989418,1.567901234567901
expert_1,388,midogpp-expert_1-2ff223c5e610918773c0ad60,0.8507338687344226,127,0.327319587628866,0.167989417989418,1.563860252004582
expert_1,389,midogpp-expert_1-a376f89f0b0e7438f9fb904b,0.8504569371365273,127,0.3264781491002571,0.167989417989418,1.5598400457012283
expert_1,390,midogpp-expert_1-10eacf11cbb295bc1825a70f,0.85029077817779,128,0.3282051282051282,0.1693121693121693,1.568091168091168
expert_1,391,midogpp-expert_1-d19e0cd5f153cb3da167de9a,0.85029077817779,129,0.329923273657289,0.17063492063492064,1.576300085251492
expert_1,392,midogpp-expert_1-88e8be509bf0193d9ab14083,0.850180005538632,130,0.33163265306122447,0.17195767195767195,1.5844671201814058
expert_1,393,midogpp-expert_1-77467ac4e7b0f22236bbd8b7,0.8499030739407366,130,0.33078880407124683,0.17195767195767195,1.5804353972292904
expert_1,394,midogpp-expert_1-e29d951e15eaa9a0d104e848,0.8497369149819993,130,0.3299492385786802,0.17195767195767195,1.5764241398759165
expert_1,395,midogpp-expert_1-aa3968754e7c5c39402d3bd0,0.8493492107449458,130,0.3291139240506329,0.17195767195767195,1.572433192686357
expert_1,396,midogpp-expert_1-8f45810e97790af2f2640912,0.8492384381057878,130,0.3282828282828283,0.17195767195767195,1.5684624017957352
expert_1,397,midogpp-expert_1-a9f737bbca8867fc2f6e74f5,0.8485738022708391,130,0.327455919395466,0.17195767195767195,1.5645116148894485
expert_1,398,midogpp-expert_1-d88316a507807cf072c76490,0.8482968706729437,130,0.32663316582914576,0.17195767195767195,1.5605806811836962
expert_1,399,midogpp-expert_1-329492a1f9dfd2efa66474b4,0.8482414843533648,131,0.3283208020050125,0.17328042328042328,1.5686438318017264
expert_1,400,midogpp-expert_1-55f21626489ef4d158f734d0,0.8482414843533647,131,0.3275,0.17328042328042328,1.5647222222222221
expert_1,401,midogpp-expert_1-e46c288b18994dc7b7dcea24,0.8481307117142066,132,0.32917705735660846,0.1746031746031746,1.5727348295926848
expert_1,402,midogpp-expert_1-13cd36d9d6ac0e4aa8301299,0.8472999169205206,133,0.3308457711442786,0.17592592592592593,1.5807075732448865
expert_1,403,midogpp-expert_1-1d0641f184eeaa2861ee3d24,0.8472999169205206,134,0.3325062034739454,0.17724867724867724,1.5886407499310724
expert_1,404,midogpp-expert_1-956728ebdd51f281de1ae6e5,0.8469675990030463,134,0.3316831683168317,0.17724867724867724,1.5847084708470847
expert_1,405,midogpp-expert_1-c3389d4600b9d1370702d423,0.8465245084464137,134,0.3308641975308642,0.17724867724867724,1.58079561042524
expert_1,406,midogpp-expert_1-87c91b8c8550e9c9b1e98bc7,0.8463583494876765,134,0.33004926108374383,0.17724867724867724,1.5769020251778871
expert_1,407,midogpp-expert_1-6f17900b20260e84fe467389,0.8461368042093602,134,0.32923832923832924,0.17724867724867724,1.573027573027573
expert_1,408,midogpp-expert_1-f3e6f3321ab62825630fdbef,0.8457490999723069,134,0.3284313725490196,0.17724867724867724,1.5691721132897603
expert_1,409,midogpp-expert_1-4e6684ff31a19097d49c3190,0.8454721683744115,134,0.3276283618581907,0.17724867724867724,1.5653355066558001
expert_1,410,midogpp-expert_1-36f820f2b355ecc28274bd2b,0.8451952367765161,134,0.32682926829268294,0.17724867724867724,1.5615176151761518
expert_1,411,midogpp-expert_1-75fbf1fcae600afd25e8e5d7,0.8444752146219885,134,0.3260340632603406,0.17724867724867724,1.5577183022438497
expert_1,412,midogpp-expert_1-0c0ff4015c8a111b40dbbfd8,0.8443644419828302,135,0.3276699029126214,0.17857142857142858,1.5655339805825244
expert_1,413,midogpp-expert_1-ec7bd5c35e4aa279a1601674,0.8439767377457768,136,0.32929782082324455,0.17989417989417988,1.5733118105999462
expert_1,414,midogpp-expert_1-7afffe2ed27d88fff61fc9dc,0.8436998061478814,136,0.3285024154589372,0.17989417989417988,1.5695115405260334
expert_1,415,midogpp-expert_1-fbd7ed876bd11ee489455b7c,0.8436998061478814,136,0.327710843373494,0.17989417989417988,1.5657295850066935
expert_1,416,midogpp-expert_1-3148e79bce97c620d65ffec2,0.8435890335087234,136,0.3269230769230769,0.17989417989417988,1.561965811965812
expert_1,417,midogpp-expert_1-a2c3196ffadccab62b2944db,0.8432567155912489,136,0.3261390887290168,0.17989417989417988,1.5582200905941914
expert_1,418,midogpp-expert_1-aa41eac7baa69f4d1dd726e3,0.8430351703129327,136,0.3253588516746411,0.17989417989417988,1.5544922913343964
expert_1,419,midogpp-expert_1-c912aa2856836e1e0a745fc5,0.8426474660758793,136,0.324582338902148,0.17989417989417988,1.550782285865818
expert_1,420,midogpp-expert_1-37bd3b94926a10e2b4d5d83a,0.8425366934367211,137,0.3261904761904762,0.18121693121693122,1.5584656084656083
expert_1,421,midogpp-expert_1-333afcbd717d52e2d8d2c346,0.8424813071171421,137,0.3254156769596199,0.18121693121693122,1.554763789918184
expert_1,422,midogpp-expert_1-76d03db893cb3fc547b88bb7,0.8422597618388259,137,0.3246445497630332,0.18121693121693122,1.5510795155344919
expert_1,423,midogpp-expert_1-4e13dea8e1546595afc90a8c,0.8420382165605096,137,0.32387706855791965,0.18121693121693122,1.5474126608878382
expert_1,424,midogpp-expert_1-53422d94171d237f5e58614a,0.8419274439213513,137,0.3231132075471698,0.18121693121693122,1.5437631027253669
expert_1,425,midogpp-expert_1-0b7985d8f2f4dcc610860f30,0.8418720576017724,137,0.32235294117647056,0.18121693121693122,1.5401307189542481
expert_1,426,midogpp-expert_1-12297e16f360937b784b5f85,0.8413181944059818,137,0.3215962441314554,0.18121693121693122,1.5365153886280645
expert_1,427,midogpp-expert_1-978ced05eef8293c795afc9f,0.8407643312101911,137,0.32084309133489464,0.18121693121693122,1.5329169919333854
expert_1,428,midogpp-expert_1-5a01f014ee809bc795258fd1,0.840653558571033,137,0.32009345794392524,0.18121693121693122,1.5293354101765317
expert_1,429,midogpp-expert_1-cbb4318720cb97aeddbdb12c,0.8399889227360842,137,0.31934731934731936,0.18121693121693122,1.5257705257705259
expert_1,430,midogpp-expert_1-b268cde476d2a6bb4db09431,0.839933536416505,137,0.3186046511627907,0.18121693121693122,1.5222222222222221
expert_1,431,midogpp-expert_1-00c6eb915e41702a148d6360,0.839822763777347,137,0.31786542923433875,0.18121693121693122,1.5186903841196184
expert_1,432,midogpp-expert_1-49a7edae0641424e4ef16b8c,0.839822763777347,137,0.31712962962962965,0.18121693121693122,1.5151748971193415
expert_1,433,midogpp-expert_1-7b8449f886d0d006c89383d7,0.8395458321794518,138,0.3187066974595843,0.18253968253968253,1.522709776751347
expert_1,434,midogpp-expert_1-279968711a88f5393ca8f112,0.8394904458598726,139,0.32027649769585254,0.18386243386243387,1.5302099334357397
expert_1,435,midogpp-expert_1-90c9b5a5975d2d6637f0cd07,0.8392135142619773,140,0.3218390804597701,0.18518518518518517,1.5376756066411237
expert_1,436,midogpp-expert_1-8a6c2f531fcf3df500229796,0.8391581279423982,141,0.32339449541284404,0.1865079365079365,1.5451070336391437
expert_1,437,midogpp-expert_1-01c1019c07aa7821288d4b98,0.838936582664082,141,0.32265446224256294,0.1865079365079365,1.5415713196033562
expert_1,438,midogpp-expert_1-0154b6af4148ac0a9dc137c9,0.8388258100249237,141,0.3219178082191781,0.1865079365079365,1.5380517503805176
expert_1,439,midogpp-expert_1-ca5034cfa583ada87de4bbfb,0.8387704237053447,141,0.3211845102505695,0.1865079365079365,1.5345482156416097
expert_1,440,midogpp-expert_1-ce157464a18287bea75bf5ca,0.8384381057878704,141,0.32045454545454544,0.1865079365079365,1.5310606060606058
expert_1,441,midogpp-expert_1-1fdac3bb832e053ad42e7f2a,0.838105787870396,141,0.3197278911564626,0.1865079365079365,1.527588813303099
expert_1,442,midogpp-expert_1-81910c5a8da264bede0c5fdc,0.8378288562725007,141,0.3190045248868778,0.1865079365079365,1.5241327300150829
expert_1,443,midogpp-expert_1-72110cc1640b5e36460d7e82,0.8377734699529216,141,0.3182844243792325,0.1865079365079365,1.5206922498118884
expert_1,444,midogpp-expert_1-20b40f2647f30ece7c24a54a,0.8369426751592357,141,0.31756756756756754,0.1865079365079365,1.5172672672672671
expert_1,445,midogpp-expert_1-a7986c1cfb02807e79520beb,0.8367211298809194,141,0.31685393258426964,0.1865079365079365,1.5138576779026216
expert_1,446,midogpp-expert_1-98246eb350db795f5f2a2598,0.8359457214068124,141,0.31614349775784756,0.1865079365079365,1.5104633781763828
expert_1,447,midogpp-expert_1-cb070686848cc700461eaf8e,0.8358903350872334,141,0.31543624161073824,0.1865079365079365,1.507084265473527
expert_1,448,midogpp-expert_1-693881e9cabcd3407fe9b8bd,0.8351149266131266,141,0.31473214285714285,0.1865079365079365,1.503720238095238
expert_1,449,midogpp-expert_1-d1d02f007c6f8da48236c952,0.8351149266131266,141,0.31403118040089084,0.1865079365079365,1.5003711952487007
expert_1,450,midogpp-expert_1-7560e7dda58128ff842115ed,0.8350595402935475,141,0.31333333333333335,0.1865079365079365,1.497037037037037
expert_1,451,midogpp-expert_1-91414808fdf2f4536369cede,0.8349487676543893,141,0.31263858093126384,0.1865079365079365,1.4937176644493717
expert_1,452,midogpp-expert_1-d015e1098885345595dae29d,0.8346164497369151,142,0.3141592920353982,0.18783068783068782,1.5009832841691249
expert_1,453,midogpp-expert_1-0cc18567815f071c544d59e8,0.8344502907781778,142,0.31346578366445915,0.18783068783068782,1.4976698552857493
expert_1,454,midogpp-expert_1-0e244dea42c063d19d8b974c,0.8341179728607033,142,0.31277533039647576,0.18783068783068782,1.4943710230053842
expert_1,455,midogpp-expert_1-7fcc8dec4e91ca63d254d076,0.8339518139019662,142,0.3120879120879121,0.18783068783068782,1.4910866910866911
expert_1,456,midogpp-expert_1-cd6d6a20bf07ad62b2029a42,0.8329548601495431,143,0.31359649122807015,0.18915343915343916,1.4982943469785572
expert_1,457,midogpp-expert_1-eadb804e67454734c88a982e,0.8325117695929105,143,0.31291028446389496,0.18915343915343916,1.4950158035497203
expert_1,458,midogpp-expert_1-0a101ebcae37cbefe2c920b0,0.8322902243145942,143,0.31222707423580787,0.18915343915343916,1.4917515769044152
expert_1,459,midogpp-expert_1-0834e1d8a677652399bd13a9,0.832124065355857,143,0.3115468409586057,0.18915343915343916,1.4885015734688938
expert_1,460,midogpp-expert_1-822010cb5da7b4dd52f06d25,0.831902520077541,143,0.3108695652173913,0.18915343915343916,1.4852657004830916
expert_1,461,midogpp-expert_1-e015f96b37f329a9774acba0,0.8317917474383827,143,0.31019522776572667,0.18915343915343916,1.4820438659918052
expert_1,462,midogpp-expert_1-0f7b8f303d2a91c9341b74a5,0.8314040432013293,143,0.30952380952380953,0.18915343915343916,1.4788359788359788
expert_1,463,midogpp-expert_1-0396f6e1e4768d45023ab95b,0.8312932705621712,143,0.30885529157667385,0.18915343915343916,1.4756419486441084
expert_1,464,midogpp-expert_1-6cd363faae3475a2eb522f51,0.8312932705621712,143,0.3081896551724138,0.18915343915343916,1.4724616858237547
expert_1,465,midogpp-expert_1-3a012753e8a046f60c552926,0.8304070894489062,143,0.30752688172043013,0.18915343915343916,1.4692951015531661
expert_1,466,midogpp-expert_1-dd368f15c02a7193e90c77c4,0.8298532262531154,143,0.30686695278969955,0.18915343915343916,1.4661421077730088
expert_1,467,midogpp-expert_1-46cf415f3b88b1c93f6d420d,0.8295762946552202,143,0.30620985010706636,0.18915343915343916,1.4630026171782058
expert_1,468,midogpp-expert_1-64c312ff11f2afa610f4c356,0.8288562725006923,143,0.3055555555555556,0.18915343915343916,1.4598765432098766
expert_1,469,midogpp-expert_1-0adeeacdfcbfb499bed2b947,0.8284131819440598,144,0.3070362473347548,0.19047619047619047,1.466950959488273
expert_1,470,midogpp-expert_1-7f05530efb5683775024d24d,0.8276377734699529,145,0.30851063829787234,0.1917989417989418,1.4739952718676121
expert_1,471,midogpp-expert_1-b91ba8ff16091bb8dd886323,0.8274162281916366,145,0.3078556263269639,0.1917989417989418,1.4708657702288275
expert_1,472,midogpp-expert_1-7825f87f5790d6dc5b53434e,0.8270285239545832,145,0.3072033898305085,0.1917989417989418,1.4677495291902072
expert_1,473,midogpp-expert_1-f5afa1eeadb349dac78a8718,0.8266962060371088,145,0.30655391120507397,0.1917989417989418,1.4646464646464645
expert_1,474,midogpp-expert_1-2acec6d07dd3598a22003f25,0.825976183882581,145,0.3059071729957806,0.1917989417989418,1.4615564932020626
expert_1,475,midogpp-expert_1-70d77df73b24a667d0858434,0.8258654112434229,145,0.30526315789473685,0.1917989417989418,1.4584795321637427
expert_1,476,midogpp-expert_1-e3ab2958a5bcb5e43f65c019,0.8258654112434228,145,0.30462184873949577,0.1917989417989418,1.4554154995331463
expert_1,477,midogpp-expert_1-a561caf0af1381c6fc266ecb,0.8255330933259486,145,0.3039832285115304,0.1917989417989418,1.4523643139995341
expert_1,478,midogpp-expert_1-aba0a1a4757c2de02f337648,0.8254223206867903,146,0.3054393305439331,0.1931216931216931,1.4593212459321245
expert_1,479,midogpp-expert_1-ffbba6152bbb92f64175acb3,0.8252561617280532,146,0.3048016701461378,0.1931216931216931,1.4562746462537695
expert_1,480,midogpp-expert_1-73636b6feb776dbbea9ddef2,0.8251453890888951,146,0.30416666666666664,0.1931216931216931,1.4532407407407406
expert_1,481,midogpp-expert_1-1b4fbc8b3d67a8e40007745c,0.8250346164497369,147,0.30561330561330563,0.19444444444444445,1.4601524601524603
expert_1,482,midogpp-expert_1-77d96bd69da55a9bd1b43239,0.824979230130158,147,0.3049792531120332,0.19444444444444445,1.4571230982019365
expert_1,483,midogpp-expert_1-4712165777421c683d6d8d47,0.8248130711714207,148,0.3064182194616977,0.19576719576719576,1.4639981596503335
expert_1,484,midogpp-expert_1-9926869554902cd536ce598d,0.8248130711714207,148,0.30578512396694213,0.19576719576719576,1.460973370064279
expert_1,485,midogpp-expert_1-dd35db348104d0b51e5e4164,0.8247576848518416,148,0.30515463917525776,0.19576719576719576,1.4579610538373426
expert_1,486,midogpp-expert_1-d06f1f53d2e9ac43c7ec8c0b,0.8247022985322625,149,0.3065843621399177,0.1970899470899471,1.4647919524462734
expert_1,487,midogpp-expert_1-79b9322367f1d06c90d47711,0.8244253669343673,150,0.3080082135523614,0.1984126984126984,1.4715947980835045
expert_1,488,midogpp-expert_1-a5c26ae46e24aeae431d84e1,0.8244253669343673,150,0.3073770491803279,0.1984126984126984,1.4685792349726776
expert_1,489,midogpp-expert_1-c9eb45d5abba6470bf05207f,0.8234837995015232,151,0.30879345603271985,0.19973544973544974,1.475346512156328
expert_1,490,midogpp-expert_1-c5a92cac0f7378e3d5ab4b48,0.823428413181944,151,0.3081632653061224,0.19973544973544974,1.4723356009070292
expert_1,491,midogpp-expert_1-0f3a6b3c3cc75367b8fd39e8,0.8229853226253117,151,0.3075356415478615,0.19973544973544974,1.469336954062005
expert_1,492,midogpp-expert_1-0ec20848e64379dc8552c097,0.8227637773469954,152,0.3089430894308943,0.20105820105820105,1.4760614272809394
expert_1,493,midogpp-expert_1-6860f603ad24424043753740,0.8225976183882581,153,0.3103448275862069,0.20238095238095238,1.4827586206896552
expert_1,494,midogpp-expert_1-a60679f0a638b9f5f276d6e7,0.8225976183882581,153,0.3097165991902834,0.20238095238095238,1.4797570850202428
expert_1,495,midogpp-expert_1-270ea4f609a120a88ad74872,0.8221545278316256,153,0.3090909090909091,0.20238095238095238,1.4767676767676767
expert_1,496,midogpp-expert_1-d9939dfc0b10f2aabde28060,0.8219883688728884,154,0.31048387096774194,0.2037037037037037,1.4834229390681002
expert_1,497,midogpp-expert_1-20837401574235267eb13ab6,0.8217668235945721,154,0.30985915492957744,0.2037037037037037,1.4804381846635366
expert_1,498,midogpp-expert_1-4f1edf501e833fba9769eb7c,0.8213237330379397,155,0.3112449799196787,0.20502645502645503,1.4870593485051316
expert_1,499,midogpp-expert_1-5dbb1801a959a34e8b72380f,0.8212129603987814,155,0.3106212424849699,0.20502645502645503,1.4840792696504117
expert_1,500,midogpp-expert_1-dec7124c38144e763519dfbc,0.8200498476876212,155,0.31,0.20502645502645503,1.481111111111111
expert_1,501,midogpp-expert_1-5f9d2a14054df0a58bc10422,0.8197729160897258,155,0.3093812375249501,0.20502645502645503,1.478154801508095
expert_1,502,midogpp-expert_1-8fd8c5afa8d21f7b439dbdcc,0.819163666574356,155,0.30876494023904383,0.20502645502645503,1.475210270030987
expert_1,503,midogpp-expert_1-a535b7e124657cf6feb003a8,0.8177790085848795,155,0.3081510934393638,0.20502645502645503,1.472277446432516
expert_1,504,midogpp-expert_1-3bbb95cea42592d92d51e3b8,0.8176128496261423,156,0.30952380952380953,0.20634920634920634,1.4788359788359788
expert_1,505,midogpp-expert_1-e2b11bb32d51a7f796605618,0.8176128496261423,156,0.3089108910891089,0.20634920634920634,1.4759075907590757
expert_1,506,midogpp-expert_1-1f31376d43d1ab214fe3cd00,0.8175020769869842,156,0.308300395256917,0.20634920634920634,1.4729907773386033
expert_1,507,midogpp-expert_1-521e29612b6c23206a80cf45,0.8171143727499308,156,0.3076923076923077,0.20634920634920634,1.4700854700854702
expert_1,508,midogpp-expert_1-55383eef27c09ec4f1124788,0.8158404873996123,156,0.30708661417322836,0.20634920634920634,1.4671916010498687
expert_1,509,midogpp-expert_1-2c5da504bed50c39bc1817b2,0.8156743284408752,156,0.30648330058939094,0.20634920634920634,1.464309102815979
expert_1,510,midogpp-expert_1-7864ca1e062b661dd64090fc,0.815508169482138,156,0.3058823529411765,0.20634920634920634,1.4614379084967322
expert_1,511,midogpp-expert_1-f54cb7844c14d89bf79e389f,0.8148435336471891,157,0.30724070450097846,0.20767195767195767,1.4679278103935636
expert_1,512,midogpp-expert_1-aa182f318b2737120a3a7065,0.8146773746884519,158,0.30859375,0.20899470899470898,1.474392361111111
expert_1,513,midogpp-expert_1-b17baaa53123d1a9735c2edc,0.8144004430905567,159,0.30994152046783624,0.21031746031746032,1.480831708901884
expert_1,514,midogpp-expert_1-e2c6e5ba86b723d7d1dcd05b,0.8141235114926614,160,0.311284046692607,0.21164021164021163,1.487246000864678
expert_1,515,midogpp-expert_1-053df47dedcd4fd5bc3752a9,0.813901966214345,160,0.3106796116504854,0.21164021164021163,1.484358144552319
expert_1,516,midogpp-expert_1-15310d1527ebdc9f4d6aaee0,0.8131265577402382,160,0.31007751937984496,0.21164021164021163,1.4814814814814814
expert_1,517,midogpp-expert_1-808a2b27b1311e7aee1e1d2a,0.8125726945444476,160,0.30947775628626695,0.21164021164021163,1.4786159467010531
expert_1,518,midogpp-expert_1-a034268ad2febeb5294f565b,0.8123511492661313,160,0.3088803088803089,0.21164021164021163,1.4757614757614756
expert_1,519,midogpp-expert_1-67f1e4d38e4c877781b8cdb7,0.8117972860703406,161,0.31021194605009633,0.21296296296296297,1.4821237422393492
expert_1,520,midogpp-expert_1-ef4c4a3055d7b3562e66f368,0.8116311271116035,161,0.3096153846153846,0.21296296296296297,1.4792735042735043
expert_1,521,midogpp-expert_1-179312562cc58a2ec49358f8,0.8114649681528663,161,0.30902111324376197,0.21296296296296297,1.476434207720196
expert_1,522,midogpp-expert_1-20670aa348eec766085b41bb,0.8113541955137081,161,0.30842911877394635,0.21296296296296297,1.4736057896977437
expert_1,523,midogpp-expert_1-e3b26004496a63992d894ed4,0.8111880365549708,161,0.3078393881453155,0.21296296296296297,1.470788187805396
expert_1,524,midogpp-expert_1-4afdea95f169d69b50eba35b,0.8109664912766547,162,0.30916030534351147,0.21428571428571427,1.4770992366412214
expert_1,525,midogpp-expert_1-bc1cc95b37b3e09784cf2d03,0.8098587648850735,163,0.31047619047619046,0.2156084656084656,1.4833862433862433
expert_1,526,midogpp-expert_1-767bf9cf72922b4c8e5ce357,0.8097479922459152,163,0.30988593155893535,0.2156084656084656,1.4805661174482465
expert_1,527,midogpp-expert_1-86bfc6d7d22ed421b235d158,0.809581833287178,163,0.3092979127134725,0.2156084656084656,1.4777566940754796
expert_1,528,midogpp-expert_1-8fd0ec92c5b62e9289bc2061,0.809581833287178,163,0.3087121212121212,0.2156084656084656,1.4749579124579124
expert_1,529,midogpp-expert_1-7f7f2198e125b5fc359620e7,0.8091941290501246,163,0.30812854442344045,0.2156084656084656,1.4721697122453266
expert_1,530,midogpp-expert_1-cc2e5cd5d19f3d807652e363,0.8088618111326502,163,0.30754716981132074,0.2156084656084656,1.4693920335429769
expert_1,531,midogpp-expert_1-20ebe7504f8b44fd17975cfa,0.8083079479368596,163,0.3069679849340866,0.2156084656084656,1.4666248169073026
expert_1,532,midogpp-expert_1-ac5f893c72681e5c913113e3,0.8083079479368596,164,0.3082706766917293,0.21693121693121692,1.4728487886382622
expert_1,533,midogpp-expert_1-6c86e27fd989b4b9e528bb53,0.807754084741069,164,0.3076923076923077,0.21693121693121692,1.4700854700854702
expert_1,534,midogpp-expert_1-94978fac26e44323a1590d9d,0.8075325394627526,164,0.30711610486891383,0.21693121693121692,1.467332501040366
expert_1,535,midogpp-expert_1-e7e6f9f1d2b58bdcbc0972d1,0.8073109941844364,164,0.30654205607476637,0.21693121693121692,1.4645898234683281
expert_1,536,midogpp-expert_1-54e89ec6ac2fd102142f814b,0.8066463583494877,164,0.30597014925373134,0.21693121693121692,1.4618573797678274
expert_1,537,midogpp-expert_1-b02daa57e7f30b4386a25fbc,0.8062032677928552,165,0.30726256983240224,0.21825396825396826,1.468032278088144
expert_1,538,midogpp-expert_1-f1d5ab543a061da7b94ba478,0.806092495153697,165,0.3066914498141264,0.21825396825396826,1.4653035935563816
expert_1,539,midogpp-expert_1-d4a27b458d4a39d52af18e4e,0.806037108834118,165,0.30612244897959184,0.21825396825396826,1.4625850340136053
expert_1,540,midogpp-expert_1-8fbcd5e2aa05b8440a2e3842,0.8058709498753808,165,0.3055555555555556,0.21825396825396826,1.4598765432098766
expert_1,541,midogpp-expert_1-56f44a84114cc628c6d5b51b,0.8055940182774854,165,0.3049907578558225,0.21825396825396826,1.457178065311152
expert_1,542,midogpp-expert_1-b735bf25cc1ee3c95e93efc6,0.8045970645250623,165,0.3044280442804428,0.21825396825396826,1.454489544895449
expert_1,543,midogpp-expert_1-fa4957d2011f60d43cb824a5,0.8041539739684298,165,0.30386740331491713,0.21825396825396826,1.4518109269490485
expert_1,544,midogpp-expert_1-aab8c48cef173c98fc41b0d0,0.8039324286901135,165,0.30330882352941174,0.21825396825396826,1.449142156862745
expert_1,545,midogpp-expert_1-bb998956a7bce572de876a40,0.80354472445306,165,0.30275229357798167,0.21825396825396826,1.4464831804281346
expert_1,546,midogpp-expert_1-cbbd1244898d68a56c5fbe3d,0.8033231791747439,165,0.3021978021978022,0.21825396825396826,1.4438339438339436
expert_1,547,midogpp-expert_1-4b6332b16da9c0cbc1a456d7,0.8029908612572694,165,0.3016453382084095,0.21825396825396826,1.4411943936624008
expert_1,548,midogpp-expert_1-811f631ce78674cf25577b3c,0.8029354749376904,165,0.3010948905109489,0.21825396825396826,1.4385644768856447
expert_1,549,midogpp-expert_1-75522a70ea6f95aef977cd5a,0.8027693159789533,165,0.3005464480874317,0.21825396825396826,1.4359441408621736
expert_1,550,midogpp-expert_1-1734b55cfd60e6ba94fd31c4,0.8024923843810579,165,0.3,0.21825396825396826,1.4333333333333331
expert_1,551,midogpp-expert_1-8f74ae605fc14f064f27762a,0.8023262254223207,166,0.30127041742286753,0.21957671957671956,1.4394031054648115
expert_1,552,midogpp-expert_1-8a5306a597e2374687b856c8,0.8022708391027416,167,0.302536231884058,0.2208994708994709,1.4454508856682768
expert_1,553,midogpp-expert_1-8d1886a5f246530b71a41d26,0.8018277485461092,167,0.30198915009041594,0.2208994708994709,1.4428370504319872
expert_1,554,midogpp-expert_1-fd2c48513d8a3b4ca67048d5,0.8011631127111604,168,0.30324909747292417,0.2222222222222222,1.4488567990373042
expert_1,555,midogpp-expert_1-5f9ca02f3f43eca3d1283870,0.8011631127111603,169,0.3045045045045045,0.22354497354497355,1.4548548548548548
expert_1,556,midogpp-expert_1-c09cde69bdaf43f88bef7888,0.8008307947936859,170,0.3057553956834532,0.22486772486772486,1.4608313349320543
expert_1,557,midogpp-expert_1-df003f95cf964592d7673704,0.8008307947936859,170,0.3052064631956912,0.22486772486772486,1.4582086574905246
expert_1,558,midogpp-expert_1-c5816bf4038d78274e00342a,0.8006092495153697,171,0.3064516129032258,0.2261904761904762,1.4641577060931898
expert_1,559,midogpp-expert_1-6dbc0ddd3fcb4dd2e4188942,0.7997230684021046,171,0.30590339892665475,0.2261904761904762,1.4615384615384615
expert_1,560,midogpp-expert_1-38c8e3540cb4f3d1725fd3ce,0.7994461368042094,172,0.30714285714285716,0.2275132275132275,1.4674603174603176
expert_1,561,midogpp-expert_1-defb9d2bdf287c2c5d6fb13d,0.7990584325671559,173,0.3083778966131907,0.22883597883597884,1.4733610615963555
expert_1,562,midogpp-expert_1-0e2b7c88d086a6e0e38bc7ac,0.7987815009692605,173,0.30782918149466193,0.22883597883597884,1.470739422696718
expert_1,563,midogpp-expert_1-6f65f4f21612436a89e55219,0.7987261146496816,173,0.30728241563055064,0.22883597883597884,1.4681270969015197
expert_1,564,midogpp-expert_1-b50664bb0e7d0f88632b6508,0.7985599556909444,173,0.3067375886524823,0.22883597883597884,1.465524034672971
expert_1,565,midogpp-expert_1-3d70c08b0be7ebbd7fb3766d,0.798393796732207,173,0.30619469026548674,0.22883597883597884,1.4629301868239921
expert_1,566,midogpp-expert_1-c53c41c36cc76f5d77ee4ed6,0.798283024093049,173,0.30565371024734983,0.22883597883597884,1.4603455045151157
expert_1,567,midogpp-expert_1-9a5d005c0f47546d581b6c6a,0.7981722514538909,173,0.30511463844797176,0.22883597883597884,1.4577699392514205
expert_1,568,midogpp-expert_1-218201a6a4d5d3f94e626df7,0.7981168651343118,174,0.30633802816901406,0.23015873015873015,1.4636150234741783
expert_1,569,midogpp-expert_1-96a922bf3348b73c4f7210aa,0.797341456660205,174,0.30579964850615116,0.23015873015873015,1.4610427650849442
expert_1,570,midogpp-expert_1-2137c8fd8eecc3e19e4db025,0.7966768208252561,174,0.30526315789473685,0.23015873015873015,1.4584795321637427
expert_1,571,midogpp-expert_1-2417bdfafc54c7b90e2fd2b8,0.796621434505677,174,0.30472854640980734,0.23015873015873015,1.4559252772913016
expert_1,572,midogpp-expert_1-d7dea51e0716f925619467c9,0.7965660481860981,174,0.3041958041958042,0.23015873015873015,1.4533799533799534
expert_1,573,midogpp-expert_1-93227ea5f7377b3df7f37de1,0.7963445029077818,175,0.3054101221640489,0.23148148148148148,1.459181694783789
expert_1,574,midogpp-expert_1-9768f4397620662e01288bc0,0.7962891165882027,176,0.30662020905923343,0.2328042328042328,1.464963221060782
expert_1,575,midogpp-expert_1-15134d63b550e1d4cf362ebf,0.7961229576294655,177,0.30782608695652175,0.23412698412698413,1.4707246376811594
expert_1,576,midogpp-expert_1-ddefcb6dba06ecaa61b806b1,0.7959014123511493,177,0.3072916666666667,0.23412698412698413,1.4681712962962963
expert_1,577,midogpp-expert_1-0b7f24cc2a5e49b29be42eea,0.7958460260315703,177,0.30675909878682844,0.23412698412698413,1.465626805314847
expert_1,578,midogpp-expert_1-7b55ba0a752f3a19a0dc0eb0,0.7955690944336749,178,0.3079584775086505,0.23544973544973544,1.471357170319108
expert_1,579,midogpp-expert_1-f26b18ac5797a3b5c5cbd143,0.7954583217945168,178,0.307426597582038,0.23544973544973544,1.4688159662252926
expert_1,580,midogpp-expert_1-49b1556707d7c748614f285f,0.7952921628357796,178,0.30689655172413793,0.23544973544973544,1.4662835249042145
expert_1,581,midogpp-expert_1-9849b85d8a6d20e261abc9fa,0.7952921628357796,178,0.306368330464716,0.23544973544973544,1.4637598011091986
expert_1,582,midogpp-expert_1-5d621f70c6d01a45d7a5e072,0.7952367765162005,179,0.3075601374570447,0.23677248677248677,1.4694539900725467
expert_1,583,midogpp-expert_1-608c9d89360bb01a8933e861,0.7952367765162005,179,0.307032590051458,0.23677248677248677,1.4669334858014103
expert_1,584,midogpp-expert_1-b7f6479a071a0243da89ca45,0.794849072279147,179,0.3065068493150685,0.23677248677248677,1.464421613394216
expert_1,585,midogpp-expert_1-60c06e8de9962fdfea9886bf,0.794793685959568,179,0.305982905982906,0.23677248677248677,1.4619183285849953
expert_1,586,midogpp-expert_1-29b66eefaf006323ac610e9f,0.7941844364441983,179,0.3054607508532423,0.23677248677248677,1.4594235874099355
expert_1,587,midogpp-expert_1-953e94c091d6bf7a4bd34798,0.7936305732484077,180,0.30664395229982966,0.23809523809523808,1.465076660988075
expert_1,588,midogpp-expert_1-8854eb874ce2edd785f4f136,0.7935751869288286,181,0.3078231292517007,0.23941798941798942,1.470710506424792
expert_1,589,midogpp-expert_1-80ece1566db430b365dbf7c0,0.7932982553309332,182,0.3089983022071307,0.24074074074074073,1.476325221656291
expert_1,590,midogpp-expert_1-a77c329a19ee4a509812aa50,0.7929105510938799,182,0.30847457627118646,0.24074074074074073,1.4738229755178909
expert_1,591,midogpp-expert_1-b779cdd2c254bb9d390ee65c,0.7929105510938799,182,0.3079526226734349,0.24074074074074073,1.4713291972175222
expert_1,592,midogpp-expert_1-4a19df3adc179b13f6f0edd6,0.7928551647743007,182,0.30743243243243246,0.24074074074074073,1.4688438438438438
expert_1,593,midogpp-expert_1-6252e0ecedcbbf2087d0bade,0.7925228468568264,182,0.3069139966273187,0.24074074074074073,1.4663668727749672
expert_1,594,midogpp-expert_1-a0f1ec4a1182c79df11275ea,0.7923013015785101,182,0.3063973063973064,0.24074074074074073,1.4638982416760193
expert_1,595,midogpp-expert_1-414bad1747734fe562e6af25,0.7922459152589311,182,0.3058823529411765,0.24074074074074073,1.4614379084967322
expert_1,596,midogpp-expert_1-04cb9df002e84d98a0603e86,0.7921351426197729,182,0.3053691275167785,0.24074074074074073,1.458985831469053
expert_1,597,midogpp-expert_1-4312ba26a4e4271be86b7901,0.7919689836610357,182,0.304857621440536,0.24074074074074073,1.4565419691047832
expert_1,598,midogpp-expert_1-b76e181ea869a3edc4d97eab,0.7919135973414567,182,0.30434782608695654,0.24074074074074073,1.4541062801932367
expert_1,599,midogpp-expert_1-e608a8f43b1a481029df979e,0.7915812794239823,182,0.3038397328881469,0.24074074074074073,1.4516787237989242
expert_1,600,midogpp-expert_1-3447b6cad860b3d8aa0d28ae,0.7911381888673498,183,0.305,0.24206349206349206,1.4572222222222222
expert_1,601,midogpp-expert_1-9ced54bbdd96053f76cabc87,0.7910274162281916,184,0.30615640599001664,0.24338624338624337,1.4627472730634128
expert_1,602,midogpp-expert_1-385cc08f73c085af51cd6fd3,0.7909720299086125,185,0.3073089700996678,0.2447089947089947,1.4682539682539681
expert_1,603,midogpp-expert_1-41a8b1b801affcbd11e6a147,0.7909720299086125,186,0.30845771144278605,0.24603174603174602,1.4737423991155334
expert_1,604,midogpp-expert_1-e2824f1ec7985b3cf31ea538,0.7906397119911381,186,0.3079470198675497,0.24603174603174602,1.4713024282560707
expert_1,605,midogpp-expert_1-88eb02717cf0abaa57a2f082,0.7905289393519801,186,0.3074380165289256,0.24603174603174602,1.4688705234159778
expert_1,606,midogpp-expert_1-a0ad05d46513c13c07596d5b,0.7903627803932428,186,0.3069306930693069,0.24603174603174602,1.4664466446644664
expert_1,607,midogpp-expert_1-9cb177cf7c14ec96b5ab57f4,0.7902520077540847,186,0.30642504118616143,0.24603174603174602,1.4640307523338822
expert_1,608,midogpp-expert_1-7c3226587eecb1a39a268e14,0.7893658266408198,187,0.30756578947368424,0.24735449735449735,1.4694809941520468
expert_1,609,midogpp-expert_1-0a4481abc52f096a5a560192,0.7892550540016616,188,0.30870279146141216,0.24867724867724866,1.4749133369823024
expert_1,610,midogpp-expert_1-0a22bb40b4e30c5da95da1f2,0.7885904181667129,188,0.3081967213114754,0.24867724867724866,1.472495446265938
expert_1,611,midogpp-expert_1-11a4e0c2ca25e849d5a62827,0.7885350318471338,189,0.309328968903437,0.25,1.4779050736497543
expert_1,612,midogpp-expert_1-a6dc41e0638a5c79e157ea75,0.7885350318471338,190,0.3104575163398693,0.25132275132275134,1.4832970225127087
expert_1,613,midogpp-expert_1-d3ba57e0bdc0bd752192cfa6,0.7874273054555525,190,0.3099510603588907,0.25132275132275134,1.4808772883813666
expert_1,614,midogpp-expert_1-4c3b7a8a53fe544cc3d53aa1,0.7873719191359734,190,0.30944625407166126,0.25132275132275134,1.4784654361201592
expert_1,615,midogpp-expert_1-3ea22325c5670f4996fb4680,0.7872057601772362,191,0.3105691056910569,0.2526455026455027,1.4838301716350495
expert_1,616,midogpp-expert_1-c808e3a0360ab2c6d175b07b,0.78698421489892,192,0.3116883116883117,0.25396825396825395,1.4891774891774892
expert_1,617,midogpp-expert_1-be89763fa01fba79ffbd772c,0.7868734422597619,192,0.31118314424635335,0.25396825396825395,1.4867639113992437
expert_1,618,midogpp-expert_1-9f601082e9a32c9c9ccc9c0d,0.7865965106618665,192,0.3106796116504854,0.25396825396825395,1.484358144552319
expert_1,619,midogpp-expert_1-1dd79f5a93b36b08392f37ee,0.7863749653835503,192,0.31017770597738287,0.25396825396825395,1.481960150780829
expert_1,620,midogpp-expert_1-926987199f23c867fe960950,0.7863749653835503,192,0.3096774193548387,0.25396825396825395,1.4795698924731182
expert_1,621,midogpp-expert_1-9a4d5a91fbdfe8031d07deed,0.7859318748269177,192,0.30917874396135264,0.25396825396825395,1.477187332259796
expert_1,622,midogpp-expert_1-b33980182ea0ea1a913e8902,0.7854333979507062,192,0.3086816720257235,0.25396825396825395,1.47481243301179
expert_1,623,midogpp-expert_1-a9d784c916f1553673e1c157,0.7852118526723899,193,0.3097913322632424,0.2552910052910053,1.4801141430354914
expert_1,624,midogpp-expert_1-44f53eb40490561f21803a4e,0.7846579894765993,193,0.3092948717948718,0.2552910052910053,1.4777421652421652
expert_1,625,midogpp-expert_1-a17c6e65c65a9cb3a07ac290,0.7843256715591249,194,0.3104,0.2566137566137566,1.4830222222222222
expert_1,626,midogpp-expert_1-6cc23e7ad54cd2eec8a819a7,0.7841041262808086,194,0.30990415335463256,0.2566137566137566,1.4806531771387998
expert_1,627,midogpp-expert_1-455987a70558d8be6da20894,0.7836056494045971,195,0.31100478468899523,0.25793650793650796,1.4859117490696439
expert_1,628,midogpp-expert_1-6f2be805a44caea0a485a589,0.7834948767654389,195,0.3105095541401274,0.25793650793650796,1.4835456475583864
expert_1,629,midogpp-expert_1-d38d783a083eb1be63fbd343,0.7834394904458599,195,0.31001589825119236,0.25793650793650796,1.4811870694223634
expert_1,630,midogpp-expert_1-3fc027e6f3f3cf1e37c44766,0.782664081971753,195,0.30952380952380953,0.25793650793650796,1.4788359788359788
expert_1,631,midogpp-expert_1-67ecab2480cf9a524c9eddd5,0.782608695652174,196,0.31061806656101426,0.25925925925925924,1.4840640957915125
expert_1,632,midogpp-expert_1-87e506c66eba7c8d51b71ef3,0.7820548324563832,196,0.310126582278481,0.25925925925925924,1.481715893108298
expert_1,633,midogpp-expert_1-14597b4ed68a73ace68e5da4,0.781777900858488,197,0.31121642969984203,0.2605820105820106,1.4869229418992451
expert_1,634,midogpp-expert_1-178003b24a1b692e35a03b86,0.7816671282193298,197,0.3107255520504732,0.2605820105820106,1.484577637574483
expert_1,635,midogpp-expert_1-32789d16db96db9810439abc,0.7815563555801717,197,0.3102362204724409,0.2605820105820106,1.4822397200349955
expert_1,636,midogpp-expert_1-cd39d64337f266d7960c0d38,0.7814455829410136,197,0.30974842767295596,0.2605820105820106,1.479909154437456
expert_1,637,midogpp-expert_1-f9aa61d0166281a8065e5856,0.7812240376626973,197,0.3092621664050236,0.2605820105820106,1.4775859061573349
expert_1,638,midogpp-expert_1-0294a8d3138a3f5ca89f559b,0.781002492384381,198,0.3103448275862069,0.2619047619047619,1.4827586206896552
expert_1,639,midogpp-expert_1-2d05e0c890316a08018d5ebb,0.7807809471060648,198,0.30985915492957744,0.2619047619047619,1.4804381846635366
expert_1,640,midogpp-expert_1-12e9fc95bccbcf69ce2deee1,0.7801716975906952,198,0.309375,0.2619047619047619,1.478125
expert_1,641,midogpp-expert_1-df9c5b68f646309790331877,0.7797839933536417,198,0.3088923556942278,0.2619047619047619,1.4758190327613105
expert_1,642,midogpp-expert_1-2ebf42dfc94f92d00ad74a81,0.7796178343949045,198,0.308411214953271,0.2619047619047619,1.4735202492211836
expert_1,643,midogpp-expert_1-bd9f26e3cedffbe3d787adfe,0.7794516754361673,198,0.30793157076205285,0.2619047619047619,1.4712286158631414
expert_1,644,midogpp-expert_1-67078de3dec4f61b2739dfb8,0.77928551647743,199,0.3090062111801242,0.26322751322751325,1.4763630089717046
expert_1,645,midogpp-expert_1-2218bdf157a2d31cc557236e,0.7789531985599557,199,0.3085271317829457,0.26322751322751325,1.4740740740740739
expert_1,646,midogpp-expert_1-bbbd6edb4a3a226518f08c1e,0.7786762669620604,199,0.3080495356037152,0.26322751322751325,1.4717922256621947
expert_1,647,midogpp-expert_1-15dbc7171792d2da8b124186,0.778343949044586,199,0.3075734157650695,0.26322751322751325,1.4695174308775543
expert_1,648,midogpp-expert_1-615f102038ab5e19efbaa314,0.7781777900858488,200,0.30864197530864196,0.26455026455026454,1.4746227709190671
expert_1,649,midogpp-expert_1-c46902fa36096e801c918257,0.7778454721683744,200,0.3081664098613251,0.26455026455026454,1.4723506248929976
expert_1,650,midogpp-expert_1-3f3589d289d4a912378e73b1,0.7776793132096372,200,0.3076923076923077,0.26455026455026454,1.4700854700854702
expert_1,651,midogpp-expert_1-c128027b810df00c182125d6,0.7775685405704791,201,0.3087557603686636,0.26587301587301587,1.4751664106502815
expert_1,652,midogpp-expert_1-5cf000403f228627afb8cb0d,0.7774023816117419,201,0.30828220858895705,0.26587301587301587,1.4729038854805725
expert_1,653,midogpp-expert_1-ed897ac8e13b57baae45c6ef,0.7773469952921629,201,0.30781010719754975,0.26587301587301587,1.4706482899438487
expert_1,654,midogpp-expert_1-9f396a55b33e2f3c7724b047,0.7767931320963721,202,0.308868501529052,0.2671957671957672,1.475705062861026
expert_1,655,midogpp-expert_1-88215fcd3e9f76e3def09e0c,0.7766823594572141,202,0.3083969465648855,0.2671957671957672,1.4734520780322304
expert_1,656,midogpp-expert_1-8345e44b021d1ed0cb45b7d3,0.7764608141788978,202,0.3079268292682927,0.2671957671957672,1.4712059620596205
expert_1,657,midogpp-expert_1-efc279d4985a88d4523677c5,0.7759069509831071,202,0.3074581430745814,0.2671957671957672,1.4689666835785555
expert_1,658,midogpp-expert_1-1a7928434dfd3932e5e564c2,0.7758515646635281,202,0.3069908814589666,0.2671957671957672,1.4667342114150625
expert_1,659,midogpp-expert_1-83614093382b9ef714221778,0.77574079202437,202,0.30652503793626706,0.2671957671957672,1.464508514584387
expert_1,660,midogpp-expert_1-d5606925b1bea5b777d7bd46,0.7753530877873165,202,0.30606060606060603,0.2671957671957672,1.462289562289562
expert_1,661,midogpp-expert_1-24cfd5f5d68a2d1a339dc6dc,0.7752977014677374,202,0.30559757942511345,0.2671957671957672,1.4600773239199865
expert_1,662,midogpp-expert_1-5b1e574ce4938c8b7e9dc598,0.774854610911105,202,0.30513595166163143,0.2671957671957672,1.4578717690500167
expert_1,663,midogpp-expert_1-fd6187dd80ae22cc5161557a,0.774854610911105,202,0.3046757164404223,0.2671957671957672,1.4556728674375732
expert_1,664,midogpp-expert_1-a201928660c23c29ab812784,0.774799224591526,202,0.3042168674698795,0.2671957671957672,1.4534805890227576
expert_1,665,midogpp-expert_1-373d81c7454266aa743fec9a,0.7746330656327887,202,0.3037593984962406,0.2671957671957672,1.4512949039264829
expert_1,666,midogpp-expert_1-423fe33756232d8a4bb389ca,0.7745776793132096,202,0.3033033033033033,0.2671957671957672,1.4491157824491157
expert_1,667,midogpp-expert_1-3d219e158c9952a3eedafa21,0.7741899750761563,202,0.3028485757121439,0.2671957671957672,1.4469431950691318
expert_1,668,midogpp-expert_1-b9cc8ceb3e44d89695509ca8,0.7741899750761563,202,0.3023952095808383,0.2671957671957672,1.444777112441783
expert_1,669,midogpp-expert_1-aa1c1a13af26272117c6c4eb,0.774023816117419,202,0.30194319880418535,0.2671957671957672,1.4426175053977743
expert_1,670,midogpp-expert_1-942d5d21f1d39e9e02018d2b,0.7739130434782608,203,0.3029850746268657,0.26851851851851855,1.4475953565505804
expert_1,671,midogpp-expert_1-b589b5eaa7ca758c8e8be085,0.7738022708391028,203,0.3025335320417288,0.26851851851851855,1.445437986421593
expert_1,672,midogpp-expert_1-3269febcc85242d4c2ec7c2e,0.7738022708391027,203,0.3020833333333333,0.26851851851851855,1.443287037037037
expert_1,673,midogpp-expert_1-fe40f3ea53b7cd6462089cd4,0.7732484076433122,203,0.3016344725111441,0.26851851851851855,1.4411424797754662
expert_1,674,midogpp-expert_1-3edcfc4e01593a90b88bd552,0.7715868180559402,203,0.30118694362017806,0.26851851851851855,1.4390042861852952
expert_1,675,midogpp-expert_1-7eb2fce00baf2e286bbecb78,0.7715868180559402,203,0.30074074074074075,0.26851851851851855,1.436872427983539
expert_1,676,midogpp-expert_1-c2a967e8ff4622cc6e087c14,0.7711991138188867,203,0.30029585798816566,0.26851851851851855,1.4347468770545693
expert_1,677,midogpp-expert_1-69281a252921401c49c1039e,0.7711437274993076,203,0.2998522895125554,0.26851851851851855,1.4326276054488756
expert_1,678,midogpp-expert_1-7bf59d8815cf3b8f99217f05,0.7710883411797286,203,0.2994100294985251,0.26851851851851855,1.430514585381842
expert_1,679,midogpp-expert_1-9adead82a5938b634a8c1fd6,0.7709221822209915,203,0.29896907216494845,0.26851851851851855,1.4284077892325313
expert_1,680,midogpp-expert_1-8ec807b83c08ca4c81973108,0.7708667959014124,203,0.2985294117647059,0.26851851851851855,1.4263071895424835
expert_1,681,midogpp-expert_1-fc934e8b92b1b9cca365c758,0.770589864303517,203,0.29809104258443464,0.26851851851851855,1.424212759014521
expert_1,682,midogpp-expert_1-7cf81dfd31d07afdb2d5c567,0.7697590695098311,203,0.29765395894428154,0.26851851851851855,1.4221244705115672
expert_1,683,midogpp-expert_1-c76d2b7141c5c8c169261af6,0.7697590695098311,203,0.2972181551976574,0.26851851851851855,1.420042297055474
expert_1,684,midogpp-expert_1-38662d4948f81e38dcd2826e,0.7696482968706729,203,0.29678362573099415,0.26851851851851855,1.417966211825861
expert_1,685,midogpp-expert_1-9d501f663820fc43ece0fafa,0.7695929105510939,203,0.29635036496350364,0.26851851851851855,1.4158961881589618
expert_1,686,midogpp-expert_1-1a6a2a3adaaa73f76d1bcaf1,0.7694821379119358,203,0.29591836734693877,0.26851851851851855,1.413832199546485
expert_1,687,midogpp-expert_1-f4724a9a760b9347adb81ed3,0.7694267515923567,203,0.2954876273653566,0.26851851851851855,1.4117742196344816
expert_1,688,midogpp-expert_1-0dcd3f28fa82c9c999b70878,0.7689836610357241,203,0.29505813953488375,0.26851851851851855,1.4097222222222223
expert_1,689,midogpp-expert_1-095fe29a74269376c80e5b40,0.768817502076987,203,0.2946298984034833,0.26851851851851855,1.4076761812610867
expert_1,690,midogpp-expert_1-1e87f78e30eaadc4556ac14a,0.7680420936028801,203,0.2942028985507246,0.26851851851851855,1.405636070853462
expert_1,691,midogpp-expert_1-ff404d13df4b989271a1d494,0.767986707283301,203,0.2937771345875543,0.26851851851851855,1.4036018652516482
expert_1,692,midogpp-expert_1-256c7e3890f9a1bffb03977d,0.7673220714483523,203,0.29335260115606937,0.26851851851851855,1.4015735388567758
expert_1,693,midogpp-expert_1-9f53c912edd8b382f354fb09,0.7673220714483523,203,0.29292929292929293,0.26851851851851855,1.3995510662177328
expert_1,694,midogpp-expert_1-1b536d247f5f67d6a61320b5,0.7671559124896151,203,0.29250720461095103,0.26851851851851855,1.3975344220300994
expert_1,695,midogpp-expert_1-b982455387b77f688d97ddaa,0.767155912489615,203,0.2920863309352518,0.26851851851851855,1.395523581135092
expert_1,696,midogpp-expert_1-4c850eec62cadd125cd9a86c,0.7671005261700361,203,0.2916666666666667,0.26851851851851855,1.3935185185185186
expert_1,697,midogpp-expert_1-068e6de59f3b298c8bfa7ce5,0.7668789808917198,204,0.2926829268292683,0.2698412698412698,1.3983739837398372
expert_1,698,midogpp-expert_1-9a57321fd1d3fe880c7bbfbe,0.766214345056771,204,0.2922636103151863,0.2698412698412698,1.396370582617001
expert_1,699,midogpp-expert_1-f853be93a91fb056aa776cb0,0.7657158681805594,204,0.2918454935622318,0.2698412698412698,1.3943729136862184
expert_1,700,midogpp-expert_1-bc35c486f2cf8183ecd6bf45,0.7656050955414013,204,0.2914285714285714,0.2698412698412698,1.3923809523809523
expert_1,701,midogpp-expert_1-41dc5b1b587d79b2340cd303,0.765438936582664,204,0.29101283880171186,0.2698412698412698,1.3903946742748454
expert_1,702,midogpp-expert_1-8256fc6aefbec3b268d886ba,0.7652173913043478,205,0.292022792022792,0.27116402116402116,1.3952200063311173
expert_1,703,midogpp-expert_1-92edec41b64520e852b589b9,0.7650512323456107,205,0.29160739687055476,0.27116402116402116,1.3932353406037616
expert_1,704,midogpp-expert_1-5ddad8e6fca4fc3a931a948c,0.7643865965106619,205,0.2911931818181818,0.27116402116402116,1.3912563131313131
expert_1,705,midogpp-expert_1-566034a8206fe284499f0fbe,0.7643312101910829,205,0.2907801418439716,0.27116402116402116,1.3892828999211977
expert_1,706,midogpp-expert_1-c28af5fd5ed846b0d5d141c2,0.7643312101910829,206,0.29178470254957506,0.2724867724867725,1.3940824677368586
expert_1,707,midogpp-expert_1-0c1bf5ee9f747dd31339f793,0.7639988922736085,207,0.2927864214992928,0.27380952380952384,1.3988684582743989
expert_1,708,midogpp-expert_1-ea1d55d80bb61e81789ab994,0.7634450290778177,207,0.2923728813559322,0.27380952380952384,1.3968926553672316
expert_1,709,midogpp-expert_1-7d1a4335584410a478446dd3,0.7630573248407643,208,0.2933709449929478,0.2751322751322751,1.4016611816329727
expert_1,710,midogpp-expert_1-4d664c9d1aae3e4f6605b9ae,0.7626142342841318,208,0.29295774647887324,0.2751322751322751,1.3996870109546165
expert_1,711,midogpp-expert_1-9f0531a6d17748ce0de9ef5e,0.7625588479645526,208,0.29254571026722925,0.2751322751322751,1.397718393498984
expert_1,712,midogpp-expert_1-f09eaa4cac90642e302129d0,0.7620049847687622,209,0.29353932584269665,0.27645502645502645,1.4024656679151062
expert_1,713,midogpp-expert_1-1c45939c750fc58a531f1e83,0.7618388258100248,209,0.29312762973352036,0.27645502645502645,1.400498675393486
expert_1,714,midogpp-expert_1-bd91ecb1dc055efac119760a,0.7617834394904458,209,0.2927170868347339,0.27645502645502645,1.3985371926548398
expert_1,715,midogpp-expert_1-2019f5e21c0749d81ce7a5f9,0.7616172805317087,209,0.2923076923076923,0.27645502645502645,1.3965811965811965
expert_1,716,midogpp-expert_1-3aeac42106c3f69f285eb7c8,0.7614511215729715,210,0.29329608938547486,0.2777777777777778,1.4013035381750465
expert_1,717,midogpp-expert_1-43f1f40bf40a81b2f4ddf405,0.7612295762946553,210,0.2928870292887029,0.2777777777777778,1.3993491399349138
expert_1,718,midogpp-expert_1-3e440d22406ba572a3a19214,0.7609526446967598,210,0.2924791086350975,0.2777777777777778,1.3974001857010214
expert_1,719,midogpp-expert_1-975d582b43ae0355c54c1b6b,0.7609526446967598,210,0.29207232267037553,0.2777777777777778,1.3954566527584609
expert_1,720,midogpp-expert_1-621e1a449d3277344e70e563,0.7608418720576018,210,0.2916666666666667,0.2777777777777778,1.3935185185185186
expert_1,721,midogpp-expert_1-828cf3e15cbc9c75cd93f036,0.7607310994184436,211,0.2926490984743412,0.2791005291005291,1.3982123593774078
expert_1,722,midogpp-expert_1-3b28da99295ad36f000b1454,0.7606757130988646,211,0.2922437673130194,0.2791005291005291,1.3962757771622036
expert_1,723,midogpp-expert_1-c7c2ba2997f46b4eb3b923c3,0.7605649404597065,211,0.2918395573997234,0.2791005291005291,1.3943445520209006
expert_1,724,midogpp-expert_1-ebf9d879eeeb9426ff313c70,0.7603987815009692,211,0.2914364640883978,0.2791005291005291,1.3924186617556782
expert_1,725,midogpp-expert_1-4b629d3a12e294be6b94192a,0.7600664635834948,211,0.2910344827586207,0.2791005291005291,1.3904980842911878
expert_1,726,midogpp-expert_1-88e63ba74f2a1b2093631af4,0.7600110772639159,212,0.29201101928374656,0.2804232804232804,1.3951637588001224
expert_1,727,midogpp-expert_1-1efb890f362913b725106f4a,0.7599556909443368,212,0.29160935350756534,0.2804232804232804,1.3932446889805898
expert_1,728,midogpp-expert_1-66033152d0269b061196a290,0.7591802824702298,212,0.29120879120879123,0.2804232804232804,1.3913308913308913
expert_1,729,midogpp-expert_1-0ee46bc56d004c9d7bfdf65d,0.7589587371919135,212,0.2908093278463649,0.2804232804232804,1.3894223441548543
expert_1,730,midogpp-expert_1-7b4ef2e0a45ba00089b10e49,0.758349487676544,212,0.29041095890410956,0.2804232804232804,1.3875190258751902
expert_1,731,midogpp-expert_1-9f0efbae7b7f1e0d97fa988e,0.7579063971199114,212,0.29001367989056087,0.2804232804232804,1.3856209150326797
expert_1,732,midogpp-expert_1-3ed2572f92dff87e7b8214ef,0.7577956244807532,212,0.2896174863387978,0.2804232804232804,1.3837279902853672
expert_1,733,midogpp-expert_1-4f66d69810bce8596b8216cf,0.7577402381611742,212,0.2892223738062756,0.2804232804232804,1.381840230407761
expert_1,734,midogpp-expert_1-ec5771c451829d837c617ff9,0.7574079202436999,213,0.2901907356948229,0.28174603174603174,1.3864668483197093
expert_1,735,midogpp-expert_1-ce28eb662a53f74de6a731b5,0.7572417612849626,214,0.291156462585034,0.2830687830687831,1.3910808767951626
expert_1,736,midogpp-expert_1-51b5fbdb1e244c5c98f61212,0.7571863749653835,214,0.2907608695652174,0.2830687830687831,1.3891908212560387
expert_1,737,midogpp-expert_1-65e5983f1afbddb03be56888,0.7570756023262255,214,0.2903663500678426,0.2830687830687831,1.3873058947685812
expert_1,738,midogpp-expert_1-159078eecd3e3ef5726c07f6,0.756687898089172,215,0.29132791327913277,0.2843915343915344,1.391900030111412
expert_1,739,midogpp-expert_1-384e216b46008667ff35d8a2,0.756687898089172,215,0.29093369418132614,0.2843915343915344,1.390016538866336
expert_1,740,midogpp-expert_1-d9cbb978abed0b48c368cafe,0.7562448075325394,215,0.2905405405405405,0.2843915343915344,1.388138138138138
expert_1,741,midogpp-expert_1-747d0935e3ba99f5ac86819c,0.7561340348933814,216,0.291497975708502,0.2857142857142857,1.3927125506072873
expert_1,742,midogpp-expert_1-1638b88a3275c25d8b04d3c8,0.7560786485738022,216,0.29110512129380056,0.2857142857142857,1.3908355795148248
expert_1,743,midogpp-expert_1-d2904902c93aaf364fe87fe7,0.7560786485738022,216,0.29071332436069985,0.2857142857142857,1.3889636608344549
expert_1,744,midogpp-expert_1-bc9ee6e65ae19870e096024b,0.7559124896150651,216,0.2903225806451613,0.2857142857142857,1.3870967741935485
expert_1,745,midogpp-expert_1-1e94da56d81b0b6dd092a55f,0.7554693990584325,216,0.28993288590604027,0.2857142857142857,1.385234899328859
expert_1,746,midogpp-expert_1-6ad6a969591da8e1780c3d39,0.7553586264192744,216,0.289544235924933,0.2857142857142857,1.383378016085791
expert_1,747,midogpp-expert_1-0e472610b527ddbeade04ae1,0.7552478537801164,217,0.29049531459170014,0.28703703703703703,1.3879220586047896
expert_1,748,midogpp-expert_1-1ffa5602378ad4417b882978,0.7539185821102188,217,0.29010695187165775,0.28703703703703703,1.3860665478312537
expert_1,749,midogpp-expert_1-1c4e774fea603d3769f96178,0.7535308778731653,217,0.2897196261682243,0.28703703703703703,1.384215991692627
expert_1,750,midogpp-expert_1-ea4a0c106a04adbdd36d8635,0.7533093325948491,217,0.28933333333333333,0.28703703703703703,1.3823703703703702
expert_1,751,midogpp-expert_1-120fce062855a6ebb0ad51f2,0.753309332594849,218,0.29027962716378164,0.28835978835978837,1.3868915520047345
expert_1,752,midogpp-expert_1-94468b3fefe7218b7641e7d2,0.7531431736361118,218,0.2898936170212766,0.28835978835978837,1.385047281323877
expert_1,753,midogpp-expert_1-bbb7e45b2d285f5149c2d881,0.7530324009969538,218,0.28950863213811423,0.28835978835978837,1.3832079091043235
expert_1,754,midogpp-expert_1-ff1499c92fd044d11ad45234,0.7515923566878981,219,0.29045092838196285,0.2896825396825397,1.3877099911582669
expert_1,755,midogpp-expert_1-46da43c9de957f1584b010dc,0.751426197729161,219,0.2900662251655629,0.2896825396825397,1.3858719646799116
expert_1,756,midogpp-expert_1-524c53aa6f7564d082d59ba2,0.7511492661312655,219,0.2896825396825397,0.2896825396825397,1.3840388007054674
expert_1,757,midogpp-expert_1-fdb153af1e5b31ea3baf830a,0.7507615618942121,219,0.2892998678996037,0.2896825396825397,1.3822104799647732
expert_1,758,midogpp-expert_1-34be13390ee7c8a6619f07a6,0.7507061755746331,219,0.28891820580474936,0.2896825396825397,1.380386983289358
expert_1,759,midogpp-expert_1-4e345ace3568d3f8e6a37459,0.7505400166158959,220,0.2898550724637681,0.291005291005291,1.3848631239935587
expert_1,760,midogpp-expert_1-023fe252bc1221429f5c3818,0.7504846302963168,220,0.2894736842105263,0.291005291005291,1.3830409356725146
expert_1,761,midogpp-expert_1-d499c451e918065c44b5d9d6,0.7499861534201052,220,0.2890932982917214,0.291005291005291,1.381223536282669
expert_1,762,midogpp-expert_1-89603dff7bc253d5f93503a3,0.7498753807809471,220,0.2887139107611549,0.291005291005291,1.379410906969962
expert_1,763,midogpp-expert_1-f4b4be9010d201b6a8c74864,0.749764608141789,221,0.28964613368283093,0.2923280423280423,1.3838648609290811
expert_1,764,midogpp-expert_1-a62dad9ccef68a693df3ea29,0.7494876765438937,221,0.2892670157068063,0.2923280423280423,1.3820535194880745
expert_1,765,midogpp-expert_1-fa79a4e91514ae37a8a163ab,0.7487676543893658,221,0.28888888888888886,0.2923280423280423,1.3802469135802466
expert_1,766,midogpp-expert_1-94f384d058d387f21971375f,0.7484353364718914,221,0.2885117493472585,0.2923280423280423,1.3784450246591238
expert_1,767,midogpp-expert_1-1609f86d0cb029dcd31ff17f,0.7477153143173636,221,0.288135593220339,0.2923280423280423,1.3766478342749529
expert_1,768,midogpp-expert_1-d5aa29b01950363ea6023232,0.7475491553586264,222,0.2890625,0.29365079365079366,1.3810763888888888
expert_1,769,midogpp-expert_1-31d0328abd9133037be44abc,0.7473829963998893,222,0.2886866059817945,0.29365079365079366,1.379280450801907
expert_1,770,midogpp-expert_1-eec39dbb18b4b52d471e5a93,0.7473829963998893,222,0.2883116883116883,0.29365079365079366,1.3774891774891773
expert_1,771,midogpp-expert_1-540b0c3d7dd88189590babec,0.7473276100803101,223,0.2892347600518807,0.294973544973545,1.3818994091367633
expert_1,772,midogpp-expert_1-c1afd30949a22cb890d4bdcc,0.7469952921628358,223,0.28886010362694303,0.294973544973545,1.3801093839953944
expert_1,773,midogpp-expert_1-3c6088e4f3eff2cc5501f7ac,0.7466629742453614,224,0.2897800776196636,0.2962962962962963,1.3845048152939483
expert_1,774,midogpp-expert_1-eda32c7e2c76f38940dc54cb,0.7466629742453614,224,0.28940568475452194,0.2962962962962963,1.382716049382716
expert_1,775,midogpp-expert_1-bd1846267d24c39a6c5effa1,0.7463860426474661,224,0.28903225806451616,0.2962962962962963,1.3809318996415771
expert_1,776,midogpp-expert_1-49d64f5c6cdb4771c896ab86,0.7459429520908336,224,0.28865979381443296,0.2962962962962963,1.379152348224513
expert_1,777,midogpp-expert_1-fa7f931d2faacba6de79f6b6,0.7458321794516756,224,0.2882882882882883,0.2962962962962963,1.3773773773773772
expert_1,778,midogpp-expert_1-1f8220615e5addad0b60744a,0.7458321794516755,224,0.2879177377892031,0.2962962962962963,1.3756069694373037
expert_1,779,midogpp-expert_1-db720a5a95c5991b20303ccd,0.7454444752146221,224,0.28754813863928114,0.2962962962962963,1.373841106832121
expert_1,780,midogpp-expert_1-d5445388391cb1bb20f3269f,0.7452229299363058,225,0.28846153846153844,0.2976190476190476,1.378205128205128
expert_1,781,midogpp-expert_1-270afa15b54ca842da313f88,0.7449459983384104,225,0.2880921895006402,0.2976190476190476,1.3764404609475032
expert_1,782,midogpp-expert_1-8056e25eba2b5314950501cd,0.7447798393796732,225,0.2877237851662404,0.2976190476190476,1.3746803069053708
expert_1,783,midogpp-expert_1-28e0eadf03cd5c7cada375cb,0.744558294101357,225,0.28735632183908044,0.2976190476190476,1.3729246487867175
expert_1,784,midogpp-expert_1-ef724813c9cd71edb7787705,0.7442259761838825,226,0.288265306122449,0.29894179894179895,1.377267573696145
expert_1,785,midogpp-expert_1-58990926dcd3cc117ebcff96,0.7435613403489338,226,0.2878980891719745,0.29894179894179895,1.3755130927105448
expert_1,786,midogpp-expert_1-7378a6cbd0d428674f125ff5,0.7431182497923013,226,0.2875318066157761,0.29894179894179895,1.3737630760531523
expert_1,787,midogpp-expert_1-4cca2ec278327524969d7781,0.7430628634727223,226,0.28716645489199494,0.29894179894179895,1.372017506706198
expert_1,788,midogpp-expert_1-9c6eae272686e13296f6daa7,0.7430074771531432,227,0.2880710659898477,0.3002645502645503,1.3763395375070502
expert_1,789,midogpp-expert_1-1683f8b7f8ab43d9fef42ace,0.7429520908335641,227,0.2877059569074778,0.3002645502645503,1.3745951274468382
expert_1,790,midogpp-expert_1-24867d46232761afea1e8672,0.7427859318748269,227,0.2873417721518987,0.3002645502645503,1.372855133614627
expert_1,791,midogpp-expert_1-209bfdd37c81e4c3693980dc,0.7427305455552478,227,0.28697850821744625,0.3002645502645503,1.371119539261132
expert_1,792,midogpp-expert_1-d110e29618806d2fe591afd3,0.7426197729160897,227,0.2866161616161616,0.3002645502645503,1.369388327721661
expert_1,793,midogpp-expert_1-a1c59216a25deb983ca738a1,0.7424536139573525,227,0.2862547288776797,0.3002645502645503,1.3676614824155808
expert_1,794,midogpp-expert_1-d29c3ccac73c8c9415125aae,0.7422320686790362,227,0.2858942065491184,0.3002645502645503,1.3659389868457879
expert_1,795,midogpp-expert_1-a4218de56fd1266a8cf81651,0.7421766823594572,228,0.28679245283018867,0.30158730158730157,1.370230607966457
expert_1,796,midogpp-expert_1-3137bc34def24122563f38d0,0.7420659097202991,228,0.2864321608040201,0.30158730158730157,1.3685092127303182
expert_1,797,midogpp-expert_1-b57ef10046a3da52889bc2c6,0.7420105234007199,228,0.2860727728983689,0.30158730158730157,1.3667921371810958
expert_1,798,midogpp-expert_1-7e78e1076953d64a319a1df3,0.7415120465245084,229,0.2869674185463659,0.3029100529100529,1.3710665552770815
expert_1,799,midogpp-expert_1-9b3e8b4ff9409554988862c6,0.7412351149266132,229,0.28660826032540676,0.3029100529100529,1.3693505771102767
expert_1,800,midogpp-expert_1-38f5c1fd2d5075828acb7255,0.7410135696482969,229,0.28625,0.3029100529100529,1.3676388888888888
expert_1,801,midogpp-expert_1-016d7b73235beb8a5a716b57,0.7407920243699806,230,0.28714107365792757,0.30423280423280424,1.3718962408100983
expert_1,802,midogpp-expert_1-d523a8c8b92ac7cdb574cb2d,0.7402935474937691,230,0.286783042394015,0.30423280423280424,1.370185646993627
expert_1,803,midogpp-expert_1-abd5cb74115c0990c8a0488d,0.7398504569371365,230,0.286425902864259,0.30423280423280424,1.368479313684793
expert_1,804,midogpp-expert_1-49d983a989ee53a39be106bf,0.7396289116588202,230,0.2860696517412935,0.30423280423280424,1.36677722498618
expert_1,805,midogpp-expert_1-572ccb2fab0af97ef5574bf5,0.7394073663805041,231,0.28695652173913044,0.3055555555555556,1.3710144927536232
expert_1,806,midogpp-expert_1-ea41efd069b8977e1f4bacc2,0.7392965937413458,231,0.2866004962779156,0.3055555555555556,1.369313482216708
expert_1,807,midogpp-expert_1-30b6055cbf0f94df70d8036d,0.7392412074217669,231,0.2862453531598513,0.3055555555555556,1.3676166873192894
expert_1,808,midogpp-expert_1-c1d4f128213225af9378f60e,0.7391858211021878,231,0.28589108910891087,0.3055555555555556,1.3659240924092408
expert_1,809,midogpp-expert_1-b4d21ef913f61fd7c3c66c9d,0.7388535031847134,231,0.28553770086526575,0.3055555555555556,1.364235681911825
expert_1,810,midogpp-expert_1-93661b82d376d883a1461884,0.7386873442259762,232,0.28641975308641976,0.30687830687830686,1.3684499314128944
expert_1,811,midogpp-expert_1-29ea94f1507199623c25dce1,0.7385765715868181,232,0.28606658446362515,0.30687830687830686,1.3667625702150978
expert_1,812,midogpp-expert_1-5caf41196d3c74349465c0ef,0.7381334810301856,232,0.2857142857142857,0.30687830687830686,1.365079365079365
expert_1,813,midogpp-expert_1-8b2bc58e36c9fa24419e38b8,0.7380780947106065,233,0.2865928659286593,0.3082010582010582,1.3692770261035943
expert_1,814,midogpp-expert_1-869201068259a8fc303d327e,0.737579617834395,233,0.28624078624078625,0.3082010582010582,1.3675948675948675
expert_1,815,midogpp-expert_1-949f714655f7179abc9f9c6f,0.7367488230407089,234,0.2871165644171779,0.30952380952380953,1.3717791411042946
expert_1,816,midogpp-expert_1-f19973e2cb44470e2225fc41,0.7365826640819717,234,0.2867647058823529,0.30952380952380953,1.370098039215686
expert_1,817,midogpp-expert_1-f4f80eac810786e06b9b1aea,0.7364718914428137,234,0.2864137086903305,0.30952380952380953,1.368421052631579
expert_1,818,midogpp-expert_1-e5dd6ba40bf50673fe76fd19,0.7360841872057602,234,0.2860635696821516,0.30952380952380953,1.3667481662591685
expert_1,819,midogpp-expert_1-ca597cecd1bdd7eacd5cf45b,0.7358626419274439,235,0.2869352869352869,0.31084656084656087,1.370913037579704
expert_1,820,midogpp-expert_1-a1e159a477c3b3671d949f9e,0.7354749376903905,236,0.28780487804878047,0.31216931216931215,1.3750677506775066
expert_1,821,midogpp-expert_1-5a23152a243ed8fc1d1e0f88,0.7353087787316532,236,0.2874543239951279,0.31216931216931215,1.3733928813100553
expert_1,822,midogpp-expert_1-3736f6a776266d05f31f876f,0.7348103018554417,236,0.2871046228710462,0.31216931216931215,1.371722087050554
expert_1,823,midogpp-expert_1-cd9951f6a0e6af3d7abf781b,0.7345887565771255,237,0.28797083839611176,0.3134920634920635,1.3758606723369784
expert_1,824,midogpp-expert_1-0cd1a9326dadccfd8b080e5d,0.7344225976183882,238,0.28883495145631066,0.3148148148148148,1.3799892125134843
expert_1,825,midogpp-expert_1-bce6204eb586bea97886782b,0.7343118249792302,238,0.2884848484848485,0.3148148148148148,1.3783164983164984
expert_1,826,midogpp-expert_1-ee0a535b97247cda735ea3f7,0.734145666020493,238,0.288135593220339,0.3148148148148148,1.3766478342749529
expert_1,827,midogpp-expert_1-d2dda33ee2f14e2b4461af8f,0.7340902797009139,238,0.2877871825876663,0.3148148148148148,1.3749832056966278
expert_1,828,midogpp-expert_1-027cb40b669192f02573cb80,0.7339241207421767,239,0.2886473429951691,0.31613756613756616,1.3790928609769189
expert_1,829,midogpp-expert_1-477e59a1b1cd39426f21bca1,0.7337579617834395,239,0.2882991556091677,0.31613756613756616,1.3774292990215788
expert_1,830,midogpp-expert_1-96c5d47c5e9de13a16699807,0.7333702575463861,240,0.2891566265060241,0.31746031746031744,1.3815261044176705
expert_1,831,midogpp-expert_1-b0f9d9f8c6f1e0c21966001b,0.7331487122680698,241,0.29001203369434414,0.3187830687830688,1.3856130498729775
expert_1,832,midogpp-expert_1-f1388ddf8b426a47be80dc8b,0.7331487122680698,241,0.28966346153846156,0.3187830687830688,1.3839476495726497
expert_1,833,midogpp-expert_1-a733bc010e71efc196e7cf8f,0.7330379396289117,242,0.290516206482593,0.3201058201058201,1.3880218754168332
expert_1,834,midogpp-expert_1-00da7bf6e1b8a0af6d931fb9,0.7329271669897535,242,0.290167865707434,0.3201058201058201,1.3863575806021846
expert_1,835,midogpp-expert_1-799f6ad220f815b72f59a8e1,0.7322625311548048,243,0.29101796407185626,0.32142857142857145,1.3904191616766466
expert_1,836,midogpp-expert_1-296ec71d32081f4c7ce42e51,0.7321517585156466,244,0.291866028708134,0.32275132275132273,1.3944710260499735
expert_1,837,midogpp-expert_1-59864e8c17eb0c4dd92d7773,0.7314871226806978,244,0.2915173237753883,0.32275132275132273,1.3928049913712996
expert_1,838,midogpp-expert_1-035f804f27fcb130f2ef2c63,0.7311548047632235,245,0.29236276849642007,0.32407407407407407,1.3968443383717848
expert_1,839,midogpp-expert_1-7e0fd12a08000a0752bd8c62,0.7308778731653282,246,0.2932061978545888,0.3253968253968254,1.4008740564163686
expert_1,840,midogpp-expert_1-e63ee5b4f89710d0eb40de6e,0.7305455552478537,246,0.29285714285714287,0.3253968253968254,1.3992063492063491
expert_1,841,midogpp-expert_1-0d298c54a0aee65d86d1389a,0.7301578510108003,246,0.2925089179548157,0.3253968253968254,1.3975426080063416
expert_1,842,midogpp-expert_1-d684c650a5126d8279d1b034,0.7296039878150096,247,0.29334916864608074,0.32671957671957674,1.4015571390868302
expert_1,843,midogpp-expert_1-538bd20648ec1026aaadff1f,0.7293270562171144,247,0.2930011862396204,0.32671957671957674,1.3998945564781864
expert_1,844,midogpp-expert_1-3a2fdf683bd17fd88e9443ca,0.7282747161451122,247,0.29265402843601895,0.32671957671957674,1.3982359136387572
expert_1,845,midogpp-expert_1-8d12fc8d69488604655c853b,0.7279423982276377,247,0.2923076923076923,0.32671957671957674,1.3965811965811965
expert_1,846,midogpp-expert_1-23d1dd6c30b6f0055229bd74,0.7277208529493215,248,0.29314420803782504,0.328042328042328,1.4005778828473863
expert_1,847,midogpp-expert_1-5a96dceedcc8783d9062d805,0.7276654666297424,248,0.29279811097992914,0.328042328042328,1.398924308015217
expert_1,848,midogpp-expert_1-2031a98f2e1962a91ad41b5e,0.7274993076710052,248,0.29245283018867924,0.328042328042328,1.3972746331236896
expert_1,849,midogpp-expert_1-49135664069ff6702473c8a4,0.7273885350318472,248,0.2921083627797409,0.328042328042328,1.3956288443920952
expert_1,850,midogpp-expert_1-a648680d5b267e369f555ab7,0.7269454444752146,248,0.2917647058823529,0.328042328042328,1.393986928104575
expert_1,851,midogpp-expert_1-f1f01145ac29d8c2f462952c,0.7267238991968983,248,0.29142185663924797,0.328042328042328,1.3923488706097402
expert_1,852,midogpp-expert_1-77c330cb351d672d7138460e,0.7265577402381611,248,0.29107981220657275,0.328042328042328,1.390714658320292
expert_1,853,midogpp-expert_1-fb6fb5bc8801bfe078e9bd9d,0.7257269454444752,248,0.29073856975381007,0.328042328042328,1.389084277712648
expert_1,854,midogpp-expert_1-1f1d322a798d138dead806a0,0.7253946275270009,249,0.29156908665105385,0.32936507936507936,1.3930523028883683
expert_1,855,midogpp-expert_1-29e3b433f134049e6e0de2d8,0.7243976737745776,249,0.2912280701754386,0.32936507936507936,1.3914230019493177
expert_1,856,midogpp-expert_1-c9b0d495dfc7082e922863dd,0.7242315148158405,250,0.29205607476635514,0.3306878306878307,1.3953790238836967
expert_1,857,midogpp-expert_1-f26fc95abe7e0b82b88f0a84,0.7242315148158405,250,0.29171528588098017,0.3306878306878307,1.3937508103202385
expert_1,858,midogpp-expert_1-650130703782556b2db36351,0.723733037939629,250,0.2913752913752914,0.3306878306878307,1.3921263921263922
expert_1,859,midogpp-expert_1-ee3b182a2a71c9bd96c8d191,0.7234561063417335,250,0.2910360884749709,0.3306878306878307,1.3905057560470833
expert_1,860,midogpp-expert_1-e14971f748bed82643ff075d,0.7225145389088895,250,0.29069767441860467,0.3306878306878307,1.3888888888888888
expert_1,861,midogpp-expert_1-c0ddfd86932758b21af4b8d3,0.7223483799501523,250,0.29036004645760743,0.3306878306878307,1.3872757775196798
expert_1,862,midogpp-expert_1-3bebace623bcdc7ed9618baf,0.7223483799501522,250,0.2900232018561485,0.3306878306878307,1.3856664088682649
expert_1,863,midogpp-expert_1-105221902004406d41e36805,0.7219606757130989,250,0.28968713789107764,0.3306878306878307,1.3840607699240375
expert_1,864,midogpp-expert_1-7936c17e5d17f69434d153e5,0.7217945167543617,250,0.28935185185185186,0.3306878306878307,1.3824588477366255
expert_1,865,midogpp-expert_1-d3eed68363d3672eeeda3cb8,0.721240653558571,251,0.2901734104046243,0.33201058201058203,1.386384071933205
expert_1,866,midogpp-expert_1-0ca089f61157580372d9445b,0.7205206314040432,251,0.28983833718244806,0.33201058201058203,1.384783166538363
expert_1,867,midogpp-expert_1-8211054dc1f6110be25c4c4b,0.7205206314040432,252,0.2906574394463668,0.3333333333333333,1.3886966551326412
expert_1,868,midogpp-expert_1-cb21f159ba75f5d23f4b33dd,0.7202990861257269,252,0.2903225806451613,0.3333333333333333,1.3870967741935485
expert_1,869,midogpp-expert_1-b57bffb1cc3b3ebff60ea92b,0.7201329271669898,252,0.2899884925201381,0.3333333333333333,1.385500575373993
expert_1,870,midogpp-expert_1-df74b59f3788f67e6995e00a,0.7201329271669898,252,0.2896551724137931,0.3333333333333333,1.3839080459770114
expert_1,871,midogpp-expert_1-7145d8846d88ad135d7aa325,0.7200221545278316,252,0.2893226176808266,0.3333333333333333,1.3823191733639493
expert_1,872,midogpp-expert_1-18370061c7e65a5a9ad51b04,0.7199667682082527,252,0.2889908256880734,0.3333333333333333,1.3807339449541283
expert_1,873,midogpp-expert_1-1c69937fbb70f4f35a83d62e,0.7196344502907782,253,0.2898052691867125,0.33465608465608465,1.384625175003182
expert_1,874,midogpp-expert_1-05fcd7aa5068ee8c9383a48a,0.7193575186928829,253,0.2894736842105263,0.33465608465608465,1.3830409356725146
expert_1,875,midogpp-expert_1-b726a4efd09d0e6855342687,0.7193021323733038,253,0.28914285714285715,0.33465608465608465,1.3814603174603175
expert_1,876,midogpp-expert_1-0de3fcacd8444d2b4287aaf9,0.7191359734145666,253,0.2888127853881279,0.33465608465608465,1.3798833079654997
expert_1,877,midogpp-expert_1-54411e2030610fa1b630e50d,0.7190805870949876,253,0.28848346636259975,0.33465608465608465,1.3783098948435322
expert_1,878,midogpp-expert_1-ad87324461f1ceed74fc1b75,0.7189144281362503,254,0.28929384965831434,0.335978835978836,1.3821817261452796
expert_1,879,midogpp-expert_1-582ba395b91c389bc13f637d,0.7186374965383551,254,0.28896473265073946,0.335978835978836,1.3806092782201995
expert_1,880,midogpp-expert_1-21ba3fe858f4ed58568b182d,0.7185821102187759,254,0.28863636363636364,0.335978835978836,1.379040404040404
expert_1,881,midogpp-expert_1-8702c8ec1e32d185ee60a364,0.7185821102187759,255,0.28944381384790013,0.3373015873015873,1.382898221717745
expert_1,882,midogpp-expert_1-bd663304569067daf845e1d7,0.7182497923013016,255,0.2891156462585034,0.3373015873015873,1.3813303099017384
expert_1,883,midogpp-expert_1-e06b2cc712e01a6f05b6844d,0.7180282470229853,255,0.2887882219705549,0.3373015873015873,1.3797659494148735
expert_1,884,midogpp-expert_1-da7dc211a06642b0f99e9182,0.7179174743838272,256,0.2895927601809955,0.3386243386243386,1.3836098541980895
expert_1,885,midogpp-expert_1-23c37f218964b8ba166ae579,0.7178067017446691,256,0.28926553672316385,0.3386243386243386,1.382046453232894
expert_1,886,midogpp-expert_1-f4cfc210f736439d14c5bb05,0.717806701744669,257,0.29006772009029347,0.33994708994708994,1.3858791070980687
expert_1,887,midogpp-expert_1-70a3de507d6d96c2b25050eb,0.7173636111880366,258,0.29086809470124014,0.3412698412698413,1.3897031191281473
expert_1,888,midogpp-expert_1-7772d5d82f80074280efe568,0.7171420659097203,258,0.2905405405405405,0.3412698412698413,1.388138138138138
expert_1,889,midogpp-expert_1-a6bf1a0c106715095c1d4154,0.7170866795901413,258,0.29021372328458944,0.3412698412698413,1.3865766779152606
expert_1,890,midogpp-expert_1-fcee916276af235e101a2c41,0.7170866795901413,258,0.2898876404494382,0.3412698412698413,1.3850187265917602
expert_1,891,midogpp-expert_1-bc5561cde421d4f1b7e72f01,0.7164774300747716,258,0.2895622895622896,0.3412698412698413,1.3834642723531612
expert_1,892,midogpp-expert_1-a60c39ae4787aa902a677c55,0.7164774300747715,259,0.29035874439461884,0.3425925925925926,1.3872695565520676
expert_1,893,midogpp-expert_1-418fc81fbef6a99db5a40986,0.7162004984768762,259,0.29003359462486,0.3425925925925926,1.3857160632076644
expert_1,894,midogpp-expert_1-f304bd5512ca4170fca51154,0.7162004984768762,259,0.2897091722595078,0.3425925925925926,1.3841660452398705
expert_1,895,midogpp-expert_1-888fb79a3e591596dd7e3318,0.715148158404874,259,0.28938547486033517,0.3425925925925926,1.382619490999379
expert_1,896,midogpp-expert_1-f3b8ea4534b8ff86a3ca9e00,0.7149819994461368,259,0.2890625,0.3425925925925926,1.3810763888888888
expert_1,897,midogpp-expert_1-fc1af5eac3ea16d15bdc0424,0.7148712268069786,260,0.2898550724637681,0.3439153439153439,1.3848631239935587
expert_1,898,midogpp-expert_1-25a409e5961b6ee38a99faf3,0.7147604541678206,260,0.289532293986637,0.3439153439153439,1.3833209601583767
expert_1,899,midogpp-expert_1-a772d95190269ab754f79644,0.7143173636111881,260,0.289210233592881,0.3439153439153439,1.381782227165987
expert_1,900,midogpp-expert_1-2ff1d3eb48c3000b71b01f92,0.7137635004153974,260,0.28888888888888886,0.3439153439153439,1.3802469135802466
expert_1,901,midogpp-expert_1-3d82237dd96e8843763c9018,0.7135973414566602,260,0.2885682574916759,0.3439153439153439,1.3787150080157848
expert_1,902,midogpp-expert_1-63c19cbe1161c8d712758196,0.7132650235391859,260,0.28824833702882485,0.3439153439153439,1.3771864991377187
expert_1,903,midogpp-expert_1-3757ee0ccf718337fe6b6593,0.7129880919412905,260,0.28792912513842744,0.3439153439153439,1.3756613756613756
expert_1,904,midogpp-expert_1-01d6aa3e48976f449ce1a194,0.7128219329825533,261,0.288716814159292,0.34523809523809523,1.3794247787610618
expert_1,905,midogpp-expert_1-74986b7c186d53de0a6c1b85,0.7122126834671836,262,0.28950276243093925,0.34656084656084657,1.3831798649478209
expert_1,906,midogpp-expert_1-41d34a071a403f94fc6326a9,0.7116588202713929,262,0.2891832229580574,0.34656084656084657,1.381653176355163
expert_1,907,midogpp-expert_1-ad116d7113fbca13e8e8a30a,0.7112711160343396,262,0.288864388092613,0.34656084656084657,1.380129854220262
expert_1,908,midogpp-expert_1-67c560d741138ae1a0114c64,0.7112157297147605,262,0.28854625550660795,0.34656084656084657,1.3786098874204602
expert_1,909,midogpp-expert_1-ae7efa43b1ac2469e3490f1d,0.7107172528385488,262,0.28822882288228824,0.34656084656084657,1.3770932648820438
expert_1,910,midogpp-expert_1-9c375178984ea18d9cddcf3e,0.7106064801993908,262,0.2879120879120879,0.34656084656084657,1.3755799755799754
expert_1,911,midogpp-expert_1-e56a04ef0c99b19218c56fee,0.7101633896427582,262,0.287596048298573,0.34656084656084657,1.3740700085376265
expert_1,912,midogpp-expert_1-b7a2df80f413ca99d268406d,0.7098310717252838,262,0.28728070175438597,0.34656084656084657,1.3725633528265107
expert_1,913,midogpp-expert_1-4412329b556d085417c8abc9,0.7095541401273886,262,0.28696604600219056,0.34656084656084657,1.3710599975660214
expert_1,914,midogpp-expert_1-25adc85ec209b12ed9235d96,0.7088341179728608,263,0.28774617067833697,0.3478835978835979,1.3747872599076099
expert_1,915,midogpp-expert_1-cffc40b54bfe17b8956d778f,0.7081694821379119,264,0.28852459016393445,0.3492063492063492,1.3785063752276867
expert_1,916,midogpp-expert_1-e41d2e7e7411e94108abcc8c,0.7081140958183328,264,0.28820960698689957,0.3492063492063492,1.3770014556040757
expert_1,917,midogpp-expert_1-dd3bf7652665b4d99c7a5fe7,0.7078925505400167,264,0.28789531079607417,0.3492063492063492,1.37549981824791
expert_1,918,midogpp-expert_1-fb86243105aefa97ab34911b,0.7072833010246469,265,0.2886710239651416,0.3505291005291005,1.37920600338901
expert_1,919,midogpp-expert_1-3f946eb3177143f500a70dc0,0.7070063694267515,265,0.2883569096844396,0.3505291005291005,1.3777052351589891
expert_1,920,midogpp-expert_1-f463e97b3bf2ce845876876e,0.7065078925505401,265,0.28804347826086957,0.3505291005291005,1.376207729468599
expert_1,921,midogpp-expert_1-4efe1d204f19701087c539c7,0.7063971199113819,265,0.28773072747014117,0.3505291005291005,1.3747134756906745
expert_1,922,midogpp-expert_1-1f8c97b819f67482db299e26,0.7059540293547494,265,0.2874186550976139,0.3505291005291005,1.3732224632441552
expert_1,923,midogpp-expert_1-39c31259d9096dbaa5a5a654,0.7059540293547494,265,0.28710725893824485,0.3505291005291005,1.3717346815938365
expert_1,924,midogpp-expert_1-b4583bd53e07a525a25a1b96,0.7054001661589587,265,0.28679653679653677,0.3505291005291005,1.37025012025012
expert_1,925,midogpp-expert_1-6441731e51b4a8cbe4030179,0.7052893935198006,265,0.2864864864864865,0.3505291005291005,1.3687687687687689
expert_1,926,midogpp-expert_1-d04ce0001c6ebf81e7b0cfed,0.7047355303240099,265,0.2861771058315335,0.3505291005291005,1.36729061675066
expert_1,927,midogpp-expert_1-e39c49656e9ae451d39a3020,0.7046801440044309,266,0.28694714131607335,0.35185185185185186,1.3709696751767948
expert_1,928,midogpp-expert_1-06c0c42381a986cb78ea5b4a,0.7044032124065356,266,0.28663793103448276,0.35185185185185186,1.369492337164751
expert_1,929,midogpp-expert_1-8eca9dae23e1ca49571b62c4,0.7044032124065356,267,0.2874058127018299,0.3531746031746032,1.3731611051309651
expert_1,930,midogpp-expert_1-f91fe52f609e5c40cc296d46,0.7037939628911659,267,0.2870967741935484,0.3531746031746032,1.3716845878136201
expert_1,931,midogpp-expert_1-1b0afdb0dc29a92d7bb71e26,0.7035170312932706,268,0.2878625134264232,0.3544973544973545,1.375343119704022
expert_1,932,midogpp-expert_1-283aaba8b887ecd96bdd7fcb,0.7026308501800056,268,0.2875536480686695,0.3544973544973545,1.3738674296614208
expert_1,933,midogpp-expert_1-1d725ba6c89462ff2502007a,0.7024093049016893,268,0.2872454448017149,0.3544973544973545,1.3723949029415266
expert_1,934,midogpp-expert_1-7d5e7071876c84d64cbbe057,0.7020769869842148,269,0.2880085653104925,0.3558201058201058,1.376040923150131
expert_1,935,midogpp-expert_1-3372f91ec2b72e1c9523b941,0.7019108280254778,269,0.2877005347593583,0.3558201058201058,1.3745692216280452
expert_1,936,midogpp-expert_1-4dd712c04175d94c319e437a,0.7018554417058986,270,0.28846153846153844,0.35714285714285715,1.378205128205128
expert_1,937,midogpp-expert_1-a800fde0d18cfd75853eaaf3,0.7016892827471615,270,0.288153681963714,0.35714285714285715,1.376734258271078
expert_1,938,midogpp-expert_1-2901ad2d3a9fd8d3d33557b3,0.7016338964275823,270,0.2878464818763326,0.35714285714285715,1.3752665245202558
expert_1,939,midogpp-expert_1-2d61b6db0fec58e7ec24e9b5,0.7016338964275823,270,0.28753993610223644,0.35714285714285715,1.3738019169329074
expert_1,940,midogpp-expert_1-ef2390522e2de3a263338690,0.7014123511492661,270,0.2872340425531915,0.35714285714285715,1.372340425531915
expert_1,941,midogpp-expert_1-11c63b5371dd4ba376c37701,0.7010800332317917,271,0.2879914984059511,0.3584656084656085,1.3759593812728774
expert_1,942,midogpp-expert_1-f4bee53fc00ff6fb0d7ac960,0.7005815563555802,271,0.28768577494692144,0.3584656084656085,1.3744987025241802
expert_1,943,midogpp-expert_1-282b408e9eed3000dba15168,0.700415397396843,271,0.2873806998939555,0.3584656084656085,1.373041121715565
expert_1,944,midogpp-expert_1-649d751320534d330e1cd030,0.7000276931597895,271,0.2870762711864407,0.3584656084656085,1.3715866290018832
expert_1,945,midogpp-expert_1-50bb5dfff75bbb3d8e229fb2,0.6998061478814732,271,0.2867724867724868,0.3584656084656085,1.370135214579659
expert_1,946,midogpp-expert_1-432abd7fb5d15744513f3a4f,0.6997507615618941,272,0.28752642706131076,0.35978835978835977,1.3737373737373735
expert_1,947,midogpp-expert_1-eb1cd13a77f943cac861b1a3,0.6995846026031569,272,0.28722280887011614,0.35978835978835977,1.3722867534905547
expert_1,948,midogpp-expert_1-939f201baf46752214eaa5b3,0.6993076710052617,272,0.2869198312236287,0.35978835978835977,1.3708391936240036
expert_1,949,midogpp-expert_1-5425d543fa038b08ff6d64c4,0.6988091941290501,272,0.28661749209694415,0.35978835978835977,1.3693946844631775
expert_1,950,midogpp-expert_1-bd16d3704cbb53a67c92623d,0.698643035170313,273,0.2873684210526316,0.3611111111111111,1.372982456140351
expert_1,951,midogpp-expert_1-26903557f15fa728b71eb533,0.6976460814178898,274,0.288117770767613,0.36243386243386244,1.3765626825563733
expert_1,952,midogpp-expert_1-90e0853cb303aaabab298ef2,0.6973137635004154,274,0.28781512605042014,0.36243386243386244,1.3751167133520072
expert_1,953,midogpp-expert_1-6e11bc94bb48680ead1fc3fd,0.6966491276654666,274,0.28751311647429173,0.36243386243386244,1.373673778710505
expert_1,954,midogpp-expert_1-d274ff5ad807b0baa8771ecd,0.6965937413458876,275,0.2882599580712788,0.3637566137566138,1.3772420218961097
expert_1,955,midogpp-expert_1-4602be216849f83cfdf10d70,0.6960398781500969,275,0.2879581151832461,0.3637566137566138,1.3757998836532868
expert_1,956,midogpp-expert_1-79b50cef3c4197f6c72e16be,0.6955967875934644,275,0.28765690376569036,0.3637566137566138,1.374360762436076
expert_1,957,midogpp-expert_1-530661a12fd4ba0a4c81405e,0.6953752423151482,275,0.28735632183908044,0.3637566137566138,1.3729246487867175
expert_1,958,midogpp-expert_1-6cc4f61ef8f142bee8d3b1ea,0.6952090833564111,275,0.2870563674321503,0.3637566137566138,1.3714915332869402
expert_1,959,midogpp-expert_1-7acf8341ea577c894cffca2a,0.6950983107172528,276,0.28779979144942647,0.36507936507936506,1.3750434480361486
expert_1,960,midogpp-expert_1-43b826bb757f250ce74248b3,0.6949875380780948,276,0.2875,0.36507936507936506,1.373611111111111
expert_1,961,midogpp-expert_1-5bb4035eea46387a082780cb,0.6948767654389365,276,0.28720083246618106,0.36507936507936506,1.3721817551161983
expert_1,962,midogpp-expert_1-c0e01aa601d66abaf7aa640a,0.6948213791193575,276,0.2869022869022869,0.36507936507936506,1.3707553707553708
expert_1,963,midogpp-expert_1-6ca5b0783f7a343a5aa81014,0.6945444475214622,276,0.2866043613707165,0.36507936507936506,1.369331948771201
expert_1,964,midogpp-expert_1-665a98d96030b7cfe7408974,0.694378288562725,276,0.2863070539419087,0.36507936507936506,1.3679114799446748
expert_1,965,midogpp-expert_1-d17613e14c04020eb67bced4,0.6942121296039878,276,0.2860103626943005,0.36507936507936506,1.3664939550949913
expert_1,966,midogpp-expert_1-ad2ec0f9b9309a956889191e,0.6941567432844087,277,0.2867494824016563,0.3664021164021164,1.3700253048079134
expert_1,967,midogpp-expert_1-574335e7c8278814839737ad,0.6938798116865134,278,0.2874870734229576,0.36772486772486773,1.3735493507985752
expert_1,968,midogpp-expert_1-5ee1421b74ea74eafbeda547,0.6936582664081972,278,0.2871900826446281,0.36772486772486773,1.3721303948576675
expert_1,969,midogpp-expert_1-de5ed1793ce39c242d9b24be,0.6935474937690391,278,0.2868937048503612,0.36772486772486773,1.3707143676183924
expert_1,970,midogpp-expert_1-9a2104ad36ad4996faa76a97,0.6925505400166159,279,0.2876288659793814,0.36904761904761907,1.3742268041237111
expert_1,971,midogpp-expert_1-d7119e07845b4101d41489cf,0.6919966768208252,279,0.28733264675592174,0.36904761904761907,1.372811534500515
expert_1,972,midogpp-expert_1-6bfefc80faca9e2bf5cb4e24,0.691830517862088,280,0.2880658436213992,0.37037037037037035,1.3763145861911295
expert_1,973,midogpp-expert_1-9793c7220d09c7a749efd145,0.6912212683467183,280,0.28776978417266186,0.37037037037037035,1.3749000799360511
expert_1,974,midogpp-expert_1-e59946db224505b00c6628d7,0.6904458598726114,280,0.2874743326488706,0.37037037037037035,1.3734884782112706
expert_1,975,midogpp-expert_1-4dfa26233e7246809181dc49,0.6903904735530324,280,0.28717948717948716,0.37037037037037035,1.372079772079772
expert_1,976,midogpp-expert_1-3db00c1b3a24b06922155146,0.6900581556355581,280,0.28688524590163933,0.37037037037037035,1.3706739526411655
expert_1,977,midogpp-expert_1-9f498e4ecddcd21b40a51a18,0.6900027693159789,280,0.2865916069600819,0.37037037037037035,1.3692710110315023
expert_1,978,midogpp-expert_1-d9c8bccbc360bfc218007d35,0.6900027693159789,280,0.28629856850715746,0.37037037037037035,1.3678709384230856
expert_1,979,midogpp-expert_1-34aa10c8421b4c8e2236b81e,0.6898919966768209,281,0.2870275791624106,0.3716931216931217,1.3713539893315174
expert_1,980,midogpp-expert_1-442810f01e662e6e3ceff26b,0.6898366103572418,282,0.28775510204081634,0.373015873015873,1.374829931972789
expert_1,981,midogpp-expert_1-1829dc1b42b5043cdb256532,0.6895042924397674,282,0.2874617737003058,0.373015873015873,1.3734284743459053
expert_1,982,midogpp-expert_1-5330d88236eed113e4e034dc,0.6895042924397673,283,0.28818737270875766,0.37433862433862436,1.3768952251640643
expert_1,983,midogpp-expert_1-1536eeb5709d1f6957d39d95,0.6889504292439768,284,0.28891149542217703,0.37566137566137564,1.3803549225726235
expert_1,984,midogpp-expert_1-7ae7d0e6a139a509ce243bad,0.6887842702852396,285,0.2896341463414634,0.376984126984127,1.3838075880758807
expert_1,985,midogpp-expert_1-e52704f5e5c765fe4e5d5569,0.6887288839656605,285,0.2893401015228426,0.376984126984127,1.3824027072758036
expert_1,986,midogpp-expert_1-86c558fb3a642a2537dbc871,0.6882304070894489,285,0.28904665314401623,0.376984126984127,1.381000676132522
expert_1,987,midogpp-expert_1-91018e1fede30fc20a69b2bd,0.6876211575740792,286,0.28976697061803447,0.3783068783068783,1.3844421929528312
expert_1,988,midogpp-expert_1-c8ea946cc732ded6bc3febd4,0.6876211575740792,286,0.2894736842105263,0.3783068783068783,1.3830409356725146
expert_1,989,midogpp-expert_1-d66d16b3547aac13c6b1d9a1,0.6871780670174468,287,0.2901921132457027,0.37962962962962965,1.3864734299516908
expert_1,990,midogpp-expert_1-86169885593212641801fd5d,0.6871780670174467,287,0.2898989898989899,0.37962962962962965,1.3850729517396183
expert_1,991,midogpp-expert_1-fde0de5dac74e789dfff0474,0.6865134311824979,287,0.289606458123108,0.37962962962962965,1.3836752999215158
expert_1,992,midogpp-expert_1-5f2a640aa0abee2b7dd79b9c,0.6862918859041817,287,0.28931451612903225,0.37962962962962965,1.3822804659498207
expert_1,993,midogpp-expert_1-39ab49c917a590f73c1c553e,0.6859595679867073,288,0.29003021148036257,0.38095238095238093,1.3856998992950655
expert_1,994,midogpp-expert_1-5770a2480a8e8a6a7f20674b,0.6854610911104957,289,0.29074446680080485,0.38227513227513227,1.3891124524927343
expert_1,995,midogpp-expert_1-092a353fa8793a7fa991c0fe,0.6851287731930213,290,0.2914572864321608,0.3835978835978836,1.3925181462869904
expert_1,996,midogpp-expert_1-10f85af6f25c0d3b37c47e7b,0.684907227914705,291,0.2921686746987952,0.38492063492063494,1.3959170013386881
expert_1,997,midogpp-expert_1-266e3e7173bd481a720ae1c4,0.6847410689559679,291,0.29187562688064195,0.38492063492063494,1.3945168839852893
expert_1,998,midogpp-expert_1-212efaefca84ac7a236661e3,0.6845195236776516,291,0.29158316633266534,0.38492063492063494,1.3931195724782899
expert_1,999,midogpp-expert_1-46b1350d4938591a07c85970,0.6845195236776516,291,0.2912912912912913,0.38492063492063494,1.391725058391725
expert_1,1000,midogpp-expert_1-7df74fe555a75e58dc17ab80,0.6843533647189144,292,0.292,0.3862433862433862,1.395111111111111
expert_1,1001,midogpp-expert_1-d65ae2b9b7cd3ab54b328683,0.6842979783993354,292,0.2917082917082917,0.3862433862433862,1.3937173937173937
expert_1,1002,midogpp-expert_1-575ce7d51b1ef29f8c7c4972,0.6841318194405982,292,0.29141716566866266,0.3862433862433862,1.3923264581947215
expert_1,1003,midogpp-expert_1-4facffdff2010a4f3ab2e509,0.6839102741622819,292,0.29112662013958124,0.3862433862433862,1.3909382962224437
expert_1,1004,midogpp-expert_1-02859b6ff58c318316c86d40,0.6836333425643866,292,0.2908366533864542,0.3862433862433862,1.3895528995130588
expert_1,1005,midogpp-expert_1-d004caa79d19a1a08b91a569,0.683134865688175,292,0.29054726368159206,0.3862433862433862,1.3881702598120509
expert_1,1006,midogpp-expert_1-6eae7411fbbf394d00d8380c,0.682304070894489,293,0.2912524850894632,0.38756613756613756,1.391539650982991
expert_1,1007,midogpp-expert_1-82eda09dbf324c0f508c7415,0.6821379119357519,294,0.2919563058589871,0.3888888888888889,1.3949023502151603
expert_1,1008,midogpp-expert_1-7af475ce1fc813602fbfbe4f,0.6816394350595403,294,0.2916666666666667,0.3888888888888889,1.3935185185185186
expert_1,1009,midogpp-expert_1-d967e32350d12735dd41160e,0.681362503461645,294,0.29137760158572845,0.3888888888888889,1.3921374297984803
expert_1,1010,midogpp-expert_1-e68b7eb71e4d0bcba805b35d,0.6810301855441706,294,0.29108910891089107,0.3888888888888889,1.3907590759075905
expert_1,1011,midogpp-expert_1-e59433ec2c9106b597c6e096,0.6810301855441705,294,0.29080118694362017,0.3888888888888889,1.3893834487306296
expert_1,1012,midogpp-expert_1-c19ecbdcded110ea9e4a7c41,0.6809747992245915,295,0.29150197628458496,0.39021164021164023,1.3927316644707948
expert_1,1013,midogpp-expert_1-498eb653ebf4d0c5fe57c646,0.6805870949875381,295,0.2912142152023692,0.39021164021164023,1.3913568059668748
expert_1,1014,midogpp-expert_1-0c84becf6fcfd6887fbfee65,0.6803655497092218,296,0.29191321499013806,0.3915343915343915,1.3946964716195485
expert_1,1015,midogpp-expert_1-d13a6c50dbf330549a76ea4f,0.6803101633896428,296,0.2916256157635468,0.3915343915343915,1.3933223864258346
expert_1,1016,midogpp-expert_1-87b1a885c58ba015ae240708,0.6802547770700638,297,0.29232283464566927,0.39285714285714285,1.3966535433070864
expert_1,1017,midogpp-expert_1-35f3a916e31191dbe2c0c492,0.6800332317917475,297,0.2920353982300885,0.39285714285714285,1.3952802359882006
expert_1,1018,midogpp-expert_1-32d38e2ff9e3a4f650f1f381,0.6798116865134312,297,0.2917485265225933,0.39285714285714285,1.393909626719057
expert_1,1019,midogpp-expert_1-5ec9c03f28d3cd371e56c274,0.6794793685959568,298,0.29244357212953875,0.3941798941798942,1.3972304001744629
expert_1,1020,midogpp-expert_1-3463d49da43c156094f12505,0.6792024369980615,298,0.29215686274509806,0.3941798941798942,1.3958605664488017
expert_1,1021,midogpp-expert_1-5ff766ea9137978bb6410a1f,0.678870119080587,298,0.29187071498530853,0.3941798941798942,1.3944934160409184
expert_1,1022,midogpp-expert_1-efae9e6aa17aab5dc215d13f,0.678814732761008,298,0.29158512720156554,0.3941798941798942,1.3931289410741463
expert_1,1023,midogpp-expert_1-7c56f9a6b9681149f28e3a61,0.6787039601218499,298,0.2913000977517107,0.3941798941798942,1.3917671337026176
expert_1,1024,midogpp-expert_1-15e5b6c0e9e5b60245ce1f91,0.6784824148435337,299,0.2919921875,0.3955026455026455,1.395073784722222
expert_1,1025,midogpp-expert_1-4b6c6c7e6edfaf22b8033791,0.6783162558847964,299,0.2917073170731707,0.3955026455026455,1.3937127371273712
expert_1,1026,midogpp-expert_1-77cef543f5013279c15e11bb,0.6780393242869012,299,0.29142300194931775,0.3955026455026455,1.3923543426467402
expert_1,1027,midogpp-expert_1-506f817549c7d2c5a19e46ab,0.677983937967322,299,0.2911392405063291,0.3955026455026455,1.390998593530239
expert_1,1028,midogpp-expert_1-38adabbcbaf5fb36137e8cf6,0.677928551647743,299,0.2908560311284047,0.3955026455026455,1.3896454820579334
expert_1,1029,midogpp-expert_1-2fabf489b007ad17f8e6e4ac,0.6777070063694267,299,0.29057337220602525,0.3955026455026455,1.3882950005398984
expert_1,1030,midogpp-expert_1-280b02a18404ac1cdad79417,0.6773193021323732,299,0.2902912621359223,0.3955026455026455,1.3869471413160732
expert_1,1031,midogpp-expert_1-b7f3f4dd0f1914ee1f08db77,0.6772639158127942,299,0.29000969932104753,0.3955026455026455,1.385601896756116
expert_1,1032,midogpp-expert_1-353c504e67a963cfc943df13,0.677097756854057,299,0.28972868217054265,0.3955026455026455,1.3842592592592593
expert_1,1033,midogpp-expert_1-383f95ff52c77b525b1d0b12,0.676986984214899,300,0.2904162633107454,0.3968253968253968,1.387544369151339
expert_1,1034,midogpp-expert_1-c6007bc8b84be354f35927cd,0.6764331210191084,300,0.2901353965183752,0.3968253968253968,1.3862024500322372
expert_1,1035,midogpp-expert_1-1d444d817a87cf35ab48cf11,0.6764331210191082,300,0.2898550724637681,0.3968253968253968,1.3848631239935587
expert_1,1036,midogpp-expert_1-83cea6ffbc327cc64b06d794,0.6762669620603712,300,0.28957528957528955,0.3968253968253968,1.3835263835263834
expert_1,1037,midogpp-expert_1-3610310953f932f60b2897e8,0.6762115757407919,300,0.2892960462873674,0.3968253968253968,1.3821922211507551
expert_1,1038,midogpp-expert_1-61f2704cb859bb6049e27610,0.6759900304624757,300,0.28901734104046245,0.3968253968253968,1.3808606294155428
expert_1,1039,midogpp-expert_1-7c8988586f798d776e3a91e0,0.6757684851841594,300,0.28873917228103946,0.3968253968253968,1.3795316008982996
expert_1,1040,midogpp-expert_1-e739509a50e1b8e36bcf2b4a,0.6757684851841594,300,0.28846153846153844,0.3968253968253968,1.378205128205128
expert_1,1041,midogpp-expert_1-bec946a4a514bd36e1b97fcc,0.6754361672666851,301,0.28914505283381364,0.39814814814814814,1.3814708079837763
expert_1,1042,midogpp-expert_1-9ef387261b6a0af17b37e903,0.6752700083079479,301,0.2888675623800384,0.39814814814814814,1.3801450202601835
expert_1,1043,midogpp-expert_1-1063178961141c26ce5326a2,0.674494599833841,302,0.28954937679769893,0.3994708994708995,1.3834025780334505
expert_1,1044,midogpp-expert_1-76bd501ddfc6ad63c623f353,0.6741622819163666,302,0.289272030651341,0.3994708994708995,1.382077479778629
expert_1,1045,midogpp-expert_1-572cd4151fb91773118c4979,0.6736638050401551,302,0.2889952153110048,0.3994708994708995,1.3807549175970228
expert_1,1046,midogpp-expert_1-678ac297ca43518a3394d8f5,0.6736638050401551,302,0.2887189292543021,0.3994708994708995,1.3794348842149988
expert_1,1047,midogpp-expert_1-35e010df4f3872f734839eec,0.673608418720576,303,0.28939828080229224,0.4007936507936508,1.382680674944285
expert_1,1048,midogpp-expert_1-aed86a0b14af6dacde8566e0,0.673608418720576,303,0.28912213740458015,0.4007936507936508,1.3813613231552162
expert_1,1049,midogpp-expert_1-f537e195931ddc195e40df43,0.673608418720576,303,0.2888465204957102,0.4007936507936508,1.3800444868128374
expert_1,1050,midogpp-expert_1-f4d3289aab76a4d1a9aa1ef0,0.6725560786485738,303,0.2885714285714286,0.4007936507936508,1.3787301587301588
expert_1,1051,midogpp-expert_1-63ef013a9f3df9f64cb3222d,0.6721683744115203,303,0.2882968601332065,0.4007936507936508,1.3774183317475421
expert_1,1052,midogpp-expert_1-d275872523303087daf479a8,0.6721683744115203,303,0.2880228136882129,0.4007936507936508,1.3761089987325728
expert_1,1053,midogpp-expert_1-f2a79f3fbc11c1992e254c30,0.6720576017723622,303,0.28774928774928776,0.4007936507936508,1.3748021525799303
expert_1,1054,midogpp-expert_1-4267700d88f0fb31e5cf7101,0.6720022154527832,303,0.2874762808349146,0.4007936507936508,1.3734977862112587
expert_1,1055,midogpp-expert_1-ea66be485903718ea51d0b7b,0.671946829133204,303,0.28720379146919434,0.4007936507936508,1.3721958925750395
expert_1,1056,midogpp-expert_1-25cae9f5f83b92d8bf31fc2a,0.6714483522569925,303,0.2869318181818182,0.4007936507936508,1.3708964646464645
expert_1,1057,midogpp-expert_1-d0b54f9f3446b13ceff5a91c,0.6712821932982553,304,0.2876064333017975,0.4021164021164021,1.3741196257752548
expert_1,1058,midogpp-expert_1-7b9e5bf05d552a15236e5d47,0.6711714206590972,304,0.28733459357277885,0.4021164021164021,1.3728208359588323
expert_1,1059,midogpp-expert_1-7c6be8ccb33711105d7cefb2,0.6711160343395182,304,0.2870632672332389,0.4021164021164021,1.3715244990032525
expert_1,1060,midogpp-expert_1-ce5e595149f1d782d689ddc3,0.6711160343395182,304,0.28679245283018867,0.4021164021164021,1.370230607966457
expert_1,1061,midogpp-expert_1-0da45f854c9676b66e94b314,0.6708391027416228,304,0.2865221489161169,0.4021164021164021,1.3689391559325583
expert_1,1062,midogpp-expert_1-c12c05f5e101300f362cb2ad,0.6705621711437275,304,0.2862523540489642,0.4021164021164021,1.367650136011718
expert_1,1063,midogpp-expert_1-27d21c33459f579829660c31,0.6703406258654112,305,0.2869238005644403,0.40343915343915343,1.3708581582523256
expert_1,1064,midogpp-expert_1-68eb384534125162077a4bbd,0.6702852395458322,305,0.2866541353383459,0.40343915343915343,1.3695697577276524
expert_1,1065,midogpp-expert_1-e4fcaed7d2d29aa69d0997cb,0.6698975353087788,305,0.2863849765258216,0.40343915343915343,1.368283776734481
expert_1,1066,midogpp-expert_1-0fe038b8cc25a1399ec35f02,0.6698421489891997,306,0.2870544090056285,0.40476190476190477,1.371482176360225
expert_1,1067,midogpp-expert_1-af4be904d66f1f4fcb9965fd,0.6692328994738299,306,0.2867853795688847,0.40476190476190477,1.3701968134957825
expert_1,1068,midogpp-expert_1-4e6ecbac0d6b9ba1e8605ed1,0.6691221268346719,306,0.28651685393258425,0.40476190476190477,1.3689138576779025
expert_1,1069,midogpp-expert_1-f8fa0acb7ad91d040415c298,0.6690113541955137,306,0.2862488306828812,0.40476190476190477,1.3676333021515434
expert_1,1070,midogpp-expert_1-6bdbb11a2300b43bb6f78f63,0.6687898089171974,307,0.2869158878504673,0.4060846560846561,1.3708203530633436
expert_1,1071,midogpp-expert_1-f4c01cc2ecd8ad48182fdfdc,0.6686790362780394,308,0.2875816993464052,0.4074074074074074,1.3740014524328248
expert_1,1072,midogpp-expert_1-abc77d840755ddb96acbe193,0.6684021046801439,308,0.2873134328358209,0.4074074074074074,1.372719734660033
expert_1,1073,midogpp-expert_1-aa9cc5d5c977e422e6a4ea47,0.6683467183605649,309,0.287977632805219,0.4087301587301587,1.375893134513824
expert_1,1074,midogpp-expert_1-14e1d63b55dbf55ee212faa4,0.6677374688451954,309,0.2877094972067039,0.4087301587301587,1.3746120422098076
expert_1,1075,midogpp-expert_1-b9c20dd5745d5b0e8a4691c1,0.6677374688451952,309,0.2874418604651163,0.4087301587301587,1.3733333333333333
expert_1,1076,midogpp-expert_1-b186d0cdfe16920cecb3bf73,0.6675159235668789,309,0.2871747211895911,0.4087301587301587,1.3720570012391573
expert_1,1077,midogpp-expert_1-ddf58be7665d67e29539b56f,0.6672943782885628,309,0.28690807799442897,0.4087301587301587,1.3707830393067162
expert_1,1078,midogpp-expert_1-fe7b01f5b51c315b6669208f,0.6672943782885628,309,0.28664192949907236,0.4087301587301587,1.3695114409400122
expert_1,1079,midogpp-expert_1-091aecc2d17283f3bda6f777,0.6672943782885626,309,0.28637627432808155,0.4087301587301587,1.3682421995675007
expert_1,1080,midogpp-expert_1-ea192f9daf3125690c195aac,0.6671282193298256,309,0.2861111111111111,0.4087301587301587,1.3669753086419751
expert_1,1081,midogpp-expert_1-f5818f5a9f818e52e03b4705,0.6667405150927721,310,0.28677150786308975,0.41005291005291006,1.3701305375680954
expert_1,1082,midogpp-expert_1-98650da20f069b76deb2e59d,0.6664635834948768,310,0.28650646950092423,0.41005291005291006,1.3688642431710825
expert_1,1083,midogpp-expert_1-e66510f528d206c647e86873,0.6664635834948767,310,0.28624192059095105,0.41005291005291006,1.3676002872678772
expert_1,1084,midogpp-expert_1-44565dbac1682365c7c1f56a,0.6662974245361396,310,0.2859778597785978,0.41005291005291006,1.366338663386634
expert_1,1085,midogpp-expert_1-54d34dd9a48febcad73c9d24,0.6655774023816118,310,0.2857142857142857,0.41005291005291006,1.365079365079365
expert_1,1086,midogpp-expert_1-4473adea7542d499499a7e20,0.6655774023816117,310,0.285451197053407,0.41005291005291006,1.3638223859218332
expert_1,1087,midogpp-expert_1-3aaf92ad5fb20a732996ac10,0.6655220160620325,311,0.2861085556577737,0.4113756613756614,1.3669630992538078
expert_1,1088,midogpp-expert_1-0c3433c47797d76c710d334c,0.6652450844641373,311,0.2858455882352941,0.4113756613756614,1.365706699346405
expert_1,1089,midogpp-expert_1-7ad5910ffaa76536effda7b6,0.6648019939075048,312,0.2865013774104683,0.4126984126984127,1.3688399142944596
expert_1,1090,midogpp-expert_1-570334a5f567894da29aa14b,0.6644142896704514,312,0.28623853211009176,0.4126984126984127,1.3675840978593272
expert_1,1091,midogpp-expert_1-7c2d0c85952fb80b81ee491d,0.6642481307117143,312,0.2859761686526123,0.4126984126984127,1.3663305835624808
expert_1,1092,midogpp-expert_1-09cb2f398ce23f0578259b2c,0.6642481307117142,312,0.2857142857142857,0.4126984126984127,1.365079365079365
expert_1,1093,midogpp-expert_1-84ce686496938789cb5c0d1c,0.664192744392135,312,0.28545288197621227,0.4126984126984127,1.3638304361085696
expert_1,1094,midogpp-expert_1-b83f6f6212b6098086e9d4cd,0.663971199113819,312,0.2851919561243144,0.4126984126984127,1.3625837903717244
expert_1,1095,midogpp-expert_1-9bc45ec5a1087163cc01fa10,0.6639158127942398,312,0.28493150684931506,0.4126984126984127,1.361339421613394
expert_1,1096,midogpp-expert_1-130ce0eb1c881bcbb92a802e,0.6630850180005539,312,0.2846715328467153,0.4126984126984127,1.360097323600973
expert_1,1097,midogpp-expert_1-df5e35033c8e085711629e5b,0.6626419274439214,312,0.284412032816773,0.4126984126984127,1.3588574901245822
expert_1,1098,midogpp-expert_1-de51038e72aef4e85dc87ac4,0.662364995846026,312,0.28415300546448086,0.4126984126984127,1.357619914996964
expert_1,1099,midogpp-expert_1-eb653702cacfc40b1a9f25fd,0.6612572694544447,313,0.28480436760691535,0.414021164021164,1.3607319785663732
expert_1,1100,midogpp-expert_1-101d6845d46dddb9a7c3e1fa,0.6608695652173913,313,0.28454545454545455,0.414021164021164,1.3594949494949495
expert_1,1101,midogpp-expert_1-9141fbf219d42423f04121d7,0.6608141788978121,314,0.2851952770208901,0.41534391534391535,1.362599656877586
expert_1,1102,midogpp-expert_1-f27be48c1334ff6d26008455,0.6602049293824426,315,0.28584392014519056,0.4166666666666667,1.365698729582577
expert_1,1103,midogpp-expert_1-697ac8467b838e0a9f45e9d7,0.6601495430628634,315,0.28558476881233,0.4166666666666667,1.3644605621033545
expert_1,1104,midogpp-expert_1-5fb164761ec90e1a7d13a85f,0.6600387704237054,315,0.28532608695652173,0.4166666666666667,1.3632246376811592
expert_1,1105,midogpp-expert_1-4b32588084adbab20344981d,0.6599833841041263,315,0.2850678733031674,0.4166666666666667,1.3619909502262442
expert_1,1106,midogpp-expert_1-228ce83cb63372bc211373d2,0.6594849072279148,315,0.2848101265822785,0.4166666666666667,1.360759493670886
expert_1,1107,midogpp-expert_1-72631ff5ad18e57cc30f25eb,0.6593187482691775,315,0.2845528455284553,0.4166666666666667,1.3595302619692862
expert_1,1108,midogpp-expert_1-30243a5d46ce6d2d6a914f5f,0.6592633619495984,315,0.2842960288808664,0.4166666666666667,1.3583032490974727
expert_1,1109,midogpp-expert_1-39c84a80abbce7c798ef4343,0.6592633619495984,315,0.2840396753832281,0.4166666666666667,1.3570784490532009
expert_1,1110,midogpp-expert_1-5f3540b3cd269651d4e2a0ff,0.6590972029908613,315,0.28378378378378377,0.4166666666666667,1.3558558558558558
expert_1,1111,midogpp-expert_1-5281c69b73674b6ee30ea6d8,0.6583771808363335,315,0.28352835283528355,0.4166666666666667,1.3546354635463547
expert_1,1112,midogpp-expert_1-c93c7a46d3727c671382f7c7,0.6581556355580171,315,0.28327338129496404,0.4166666666666667,1.3534172661870503
expert_1,1113,midogpp-expert_1-3fe70248d27206bc29595e3d,0.6578787039601218,315,0.2830188679245283,0.4166666666666667,1.3522012578616351
expert_1,1114,midogpp-expert_1-20a9b2e8b06df344d7c96ec3,0.6577679313209637,315,0.28276481149012567,0.4166666666666667,1.3509874326750448
expert_1,1115,midogpp-expert_1-953cbaf19cd81e3eb5d97756,0.6577679313209637,315,0.2825112107623318,0.4166666666666667,1.3497757847533631
expert_1,1116,midogpp-expert_1-cf932fd066b6dd6e6366040c,0.6577679313209637,315,0.28225806451612906,0.4166666666666667,1.3485663082437276
expert_1,1117,midogpp-expert_1-db14803271258d016944b63f,0.6575463860426474,315,0.2820053715308863,0.4166666666666667,1.3473589973142344
expert_1,1118,midogpp-expert_1-9f3c169ddc91f75e55f69c40,0.657158681805594,316,0.2826475849731664,0.41798941798941797,1.3504273504273505
expert_1,1119,midogpp-expert_1-fe1af6e35f361c6c98338f52,0.657158681805594,317,0.28328865058087577,0.4193121693121693,1.353490219441962
expert_1,1120,midogpp-expert_1-027fbb16ecd9e7f04ca9adf2,0.6571586818055939,317,0.2830357142857143,0.4193121693121693,1.352281746031746
expert_1,1121,midogpp-expert_1-b7482ca500ba7dcedf35937f,0.657103295486015,317,0.28278322925958965,0.4193121693121693,1.351075428684706
expert_1,1122,midogpp-expert_1-e2286669704b020f58657161,0.6569371365272778,317,0.2825311942959002,0.4193121693121693,1.3498712616359674
expert_1,1123,midogpp-expert_1-797182313b3239020510175e,0.6568817502076987,317,0.28227960819234194,0.4193121693121693,1.3486692391411892
expert_1,1124,midogpp-expert_1-c62876c29ac3b67e825a0c73,0.65621711437275,317,0.2820284697508897,0.4193121693121693,1.347469355476473
expert_1,1125,midogpp-expert_1-8faae8b9c2d0ad69991dbf93,0.6561063417335917,317,0.2817777777777778,0.4193121693121693,1.3462716049382717
expert_1,1126,midogpp-expert_1-ef1608198e9520f06030e875,0.6558294101356965,317,0.28152753108348133,0.4193121693121693,1.3450759818432996
expert_1,1127,midogpp-expert_1-a53b49d69866c98d84560fd0,0.6552755469399059,317,0.28127772848269744,0.4193121693121693,1.3438824805284433
expert_1,1128,midogpp-expert_1-c55905782c558b0669dd34d8,0.6552201606203267,317,0.28102836879432624,0.4193121693121693,1.3426910953506697
expert_1,1129,midogpp-expert_1-dd79cae09932b119aa1e5b2d,0.6550540016615896,318,0.2816651904340124,0.42063492063492064,1.3457336876291703
expert_1,1130,midogpp-expert_1-89e376eb83a4f20889bd0cd7,0.6548878427028524,318,0.2814159292035398,0.42063492063492064,1.3445427728613568
expert_1,1131,midogpp-expert_1-9b637ecb8517db6fd5e5e6a0,0.6548878427028524,318,0.28116710875331563,0.42063492063492064,1.343353964043619
expert_1,1132,midogpp-expert_1-e3907b00814b3ce865a1aec9,0.6547770700636943,318,0.28091872791519434,0.42063492063492064,1.3421672555948174
expert_1,1133,midogpp-expert_1-06d21ff226f92f93ec4285e1,0.6546109111049571,319,0.2815533980582524,0.421957671957672,1.3451995685005393
expert_1,1134,midogpp-expert_1-c9bd98dbac5e8796b4e93e3b,0.6545001384657989,320,0.2821869488536155,0.42328042328042326,1.3482265334117185
expert_1,1135,midogpp-expert_1-ec8b99632c975577d5a17e6f,0.6545001384657989,321,0.2828193832599119,0.4246031746031746,1.3512481644640235
expert_1,1136,midogpp-expert_1-3d61a6573f467b8feb263cbe,0.6540016615895874,321,0.28257042253521125,0.4246031746031746,1.3500586854460093
expert_1,1137,midogpp-expert_1-b6482448adeb5a7c4388ebd0,0.6539462752700083,322,0.2832014072119613,0.42592592592592593,1.3530733900127039
expert_1,1138,midogpp-expert_1-b7e112393300befc7a65a604,0.6538355026308502,323,0.28383128295254834,0.42724867724867727,1.356082796328842
expert_1,1139,midogpp-expert_1-02b522087b3d96cfac486a2e,0.6535585710329549,323,0.2835820895522388,0.42724867724867727,1.3548922056384742
expert_1,1140,midogpp-expert_1-11a42c0e8b2cbc5a442749c3,0.6526723899196898,323,0.2833333333333333,0.42724867724867727,1.3537037037037036
expert_1,1141,midogpp-expert_1-5c0b33a92a230d0f8ebd2f8f,0.6523954583217946,324,0.2839614373356705,0.42857142857142855,1.3567046450482032
expert_1,1142,midogpp-expert_1-e41264c8431706185788524b,0.6522292993630573,324,0.28371278458844135,0.42857142857142855,1.3555166374781087
expert_1,1143,midogpp-expert_1-db2bed4f5a7d0721c2194ee3,0.6521185267238991,325,0.28433945756780404,0.4298941798941799,1.3585107417128415
expert_1,1144,midogpp-expert_1-cec8e87109235b7ce311009c,0.651952367765162,325,0.2840909090909091,0.4298941798941799,1.3573232323232323
expert_1,1145,midogpp-expert_1-f8b8e6bc5f209e4ee34bc16d,0.6518415951260039,325,0.2838427947598253,0.4298941798941799,1.356137797185832
expert_1,1146,midogpp-expert_1-71d53466988223f3233750de,0.6517862088064248,325,0.2835951134380454,0.4298941798941799,1.3549544308706611
expert_1,1147,midogpp-expert_1-268ae6dd1f6db0b9e2003e9d,0.6513431182497923,325,0.2833478639930253,0.4298941798941799,1.3537731279666765
expert_1,1148,midogpp-expert_1-97e6458487ac776e5588ef20,0.651010800332318,326,0.28397212543554007,0.4312169312169312,1.356755710414247
expert_1,1149,midogpp-expert_1-738ffe6357c0542f2cff81ae,0.6503461644973692,326,0.28372497824194953,0.4312169312169312,1.35557489604487
expert_1,1150,midogpp-expert_1-cae6d62c7fd1d1b9f0ec67e1,0.6497923013015785,326,0.28347826086956524,0.4312169312169312,1.3543961352657006
expert_1,1151,midogpp-expert_1-b3f72ffe5d5afe6e4245d4fe,0.6497369149819995,326,0.2832319721980886,0.4312169312169312,1.353219422724201
expert_1,1152,midogpp-expert_1-c7f090dec5f4f451ef0240ce,0.6497369149819994,326,0.2829861111111111,0.4312169312169312,1.3520447530864197
expert_1,1153,midogpp-expert_1-8533a0a0bd7ba5c52ab593d3,0.6491276654666297,326,0.28274067649609713,0.4312169312169312,1.3508721210369083
expert_1,1154,midogpp-expert_1-ea80179c911dc86f1507dbd0,0.6489615065078926,327,0.2833622183708839,0.43253968253968256,1.3538417099942228
expert_1,1155,midogpp-expert_1-27e96cc4af6c15bf66042b48,0.6486845749099972,327,0.2831168831168831,0.43253968253968256,1.3526695526695525
expert_1,1156,midogpp-expert_1-ff9ab825bae3352473fa4f5d,0.6480753253946275,327,0.2828719723183391,0.43253968253968256,1.3514994232987312
expert_1,1157,midogpp-expert_1-313e0a8d97e6dd16878c3b78,0.6480199390750484,327,0.28262748487467587,0.43253968253968256,1.3503313166234514
expert_1,1158,midogpp-expert_1-8e852303f475232d048db1f7,0.6478537801163113,327,0.2823834196891192,0.43253968253968256,1.3491652274035693
expert_1,1159,midogpp-expert_1-6531a31a349521cabb7f2058,0.6476876211575742,327,0.28213977566867987,0.43253968253968256,1.348001150417026
expert_1,1160,midogpp-expert_1-0ea26d708a1f0f0de5580656,0.647576848518416,327,0.2818965517241379,0.43253968253968256,1.3468390804597699
expert_1,1161,midogpp-expert_1-c66eea00c7e91d793e2323c4,0.6474660758792579,327,0.28165374677002586,0.43253968253968256,1.345679012345679
expert_1,1162,midogpp-expert_1-bd46a1549b62de72fc91fe19,0.6468014400443092,327,0.28141135972461273,0.43253968253968256,1.3445209409064829
expert_1,1163,midogpp-expert_1-0e534bb9f346b542cbc22d88,0.64674605372473,328,0.2820292347377472,0.43386243386243384,1.3474730104136812
expert_1,1164,midogpp-expert_1-34724a353925f12a0fcf9d33,0.6462475768485184,328,0.281786941580756,0.43386243386243384,1.346315387552501
expert_1,1165,midogpp-expert_1-b5a9bc49967545ea8b54c50c,0.6458044862918859,328,0.2815450643776824,0.43386243386243384,1.3451597520267047
expert_1,1166,midogpp-expert_1-ba3cb86bab9ae519c9dca426,0.6455275546939905,328,0.28130360205831906,0.43386243386243384,1.34400609872308
expert_1,1167,midogpp-expert_1-ed6b52432bdcfb36b66bfa81,0.6453613957352534,328,0.2810625535561268,0.43386243386243384,1.3428544225459391
expert_1,1168,midogpp-expert_1-d362a708b71d4132ae41f7e1,0.6452506230960953,328,0.2808219178082192,0.43386243386243384,1.3417047184170472
expert_1,1169,midogpp-expert_1-098569f7bb193f3b7559d9f7,0.6450844641373581,328,0.2805816937553465,0.43386243386243384,1.3405569812755442
expert_1,1170,midogpp-expert_1-34a157c06fd322e65fd49d48,0.6446967599003046,328,0.28034188034188035,0.43386243386243384,1.3394112060778727
expert_1,1171,midogpp-expert_1-291c8a3279263be915bb0060,0.6445306009415674,328,0.28010247651579845,0.43386243386243384,1.3382673877977036
expert_1,1172,midogpp-expert_1-34e55673765fa2bcf44e418f,0.6443090556632511,329,0.28071672354948807,0.4351851851851852,1.3412021236253318
expert_1,1173,midogpp-expert_1-22d32c2ea8a787cd9149fd51,0.6436998061478814,330,0.2813299232736573,0.4365079365079365,1.344131855640807
expert_1,1174,midogpp-expert_1-1730871e7a8b21ddd9fb3abc,0.6430351703129327,330,0.28109028960817717,0.4365079365079365,1.3429869392390685
expert_1,1175,midogpp-expert_1-74d59ec48db8566b318b69f3,0.6427582387150373,330,0.28085106382978725,0.4365079365079365,1.3418439716312056
expert_1,1176,midogpp-expert_1-c8ee6cb47fe06544c5e47589,0.642481307117142,330,0.28061224489795916,0.4365079365079365,1.3407029478458048
expert_1,1177,midogpp-expert_1-33bbe2014932771b0170cbc4,0.642425920797563,330,0.2803738317757009,0.4365079365079365,1.3395638629283486
expert_1,1178,midogpp-expert_1-478396e0712501f41de44c48,0.642425920797563,331,0.28098471986417656,0.43783068783068785,1.342482550462177
expert_1,1179,midogpp-expert_1-40d6c545b0706d4454d938b3,0.6423151481584048,332,0.28159457167090757,0.43915343915343913,1.3453962868721139
expert_1,1180,midogpp-expert_1-5bf3037510358c532659f265,0.6422043755192468,333,0.28220338983050847,0.44047619047619047,1.3483050847457625
expert_1,1181,midogpp-expert_1-7097635e6553e75eb2dbc4d7,0.6418720576017724,333,0.2819644369178662,0.44047619047619047,1.3471634208298051
expert_1,1182,midogpp-expert_1-7b89dd19ce9f4c9c1871db20,0.6417612849626142,334,0.2825719120135364,0.4417989417989418,1.3500658018424514
expert_1,1183,midogpp-expert_1-1b0111d57cc2afc23863ed96,0.6416505123234562,335,0.28317836010143704,0.44312169312169314,1.352963276040199
expert_1,1184,midogpp-expert_1-782f430090e318a141e00ea1,0.6406535585710329,336,0.28378378378378377,0.4444444444444444,1.3558558558558558
expert_1,1185,midogpp-expert_1-f1f7c3ba349442aafad376c5,0.6405981722514539,336,0.28354430379746837,0.4444444444444444,1.3547116736990155
expert_1,1186,midogpp-expert_1-46e35f439e57d433298627a5,0.6401550816948214,336,0.28330522765598654,0.4444444444444444,1.3535694210230467
expert_1,1187,midogpp-expert_1-007a9bf2b3f94c760ab48bf4,0.6399889227360842,336,0.2830665543386689,0.4444444444444444,1.352429092951418
expert_1,1188,midogpp-expert_1-fe95fce7b3d417124e21e233,0.639822763777347,337,0.2836700336700337,0.44576719576719576,1.3553123830901608
expert_1,1189,midogpp-expert_1-e2698ea261764cc3ea9bb132,0.6396566048186098,337,0.2834314550042052,0.44576719576719576,1.3541725072423136
expert_1,1190,midogpp-expert_1-c4943d1d91105c1886ecd581,0.6396012184990307,337,0.28319327731092436,0.44576719576719576,1.353034547152194
expert_1,1191,midogpp-expert_1-e41a99265073ccedf937eebb,0.6390473553032401,338,0.2837951301427372,0.4470899470899471,1.355910066237522
expert_1,1192,midogpp-expert_1-8a53711490ffffd5a87eebd6,0.6386596510661866,338,0.2835570469798658,0.4470899470899471,1.354772557792692
expert_1,1193,midogpp-expert_1-d37192210b160f6f1f1a5591,0.6384934921074494,338,0.28331936295054483,0.4470899470899471,1.3536369563192696
expert_1,1194,midogpp-expert_1-9b2157e00259a19bc64fbd51,0.6382719468291331,338,0.2830820770519263,0.4470899470899471,1.35250325702587
expert_1,1195,midogpp-expert_1-3ebc3c943cd5fe215d444f11,0.6377734699529216,339,0.28368200836820084,0.44841269841269843,1.3553695955369596
expert_1,1196,midogpp-expert_1-0a8061935e4c5ee0e3ef1be2,0.6374411520354473,339,0.2834448160535117,0.44841269841269843,1.354236343366778
expert_1,1197,midogpp-expert_1-2977b87b1a332238b9f56110,0.6373857657158681,340,0.28404344193817876,0.4497354497354497,1.357096444815743
expert_1,1198,midogpp-expert_1-5ee37d8c4aead5987bad382b,0.6373303793962891,340,0.2838063439065108,0.4497354497354497,1.355963643108885
expert_1,1199,midogpp-expert_1-24f7e287cbd9a45db50e75b9,0.6367211298809194,340,0.2835696413678065,0.4497354497354497,1.3548327309795198
expert_1,1200,midogpp-expert_1-1e02d98d19424e09e81286ee,0.6366657435613403,340,0.2833333333333333,0.4497354497354497,1.3537037037037036
expert_1,1201,midogpp-expert_1-3061a6f033b3f0753130b7ac,0.6364995846026031,340,0.28309741881765194,0.4497354497354497,1.352576556573226
expert_1,1202,midogpp-expert_1-503d6df6dde568b3f4ba1ef1,0.6362226530047078,340,0.28286189683860236,0.4497354497354497,1.3514512848955444
expert_1,1203,midogpp-expert_1-dc3d5b676dbd9f6162ae74a9,0.6356134034893381,341,0.28345802161263506,0.45105820105820105,1.3542994365937007
expert_1,1204,midogpp-expert_1-35405dbe9a282a1278d616cd,0.6353918582110218,341,0.28322259136212624,0.45105820105820105,1.353174603174603
expert_1,1205,midogpp-expert_1-199645adf15ace62583ca9ef,0.6352810855718638,341,0.2829875518672199,0.45105820105820105,1.3520516366989395
expert_1,1206,midogpp-expert_1-e58413fa5ab956a772e8302a,0.6352810855718637,341,0.2827529021558872,0.45105820105820105,1.3509305325225722
expert_1,1207,midogpp-expert_1-b6ec81abd5d40e91aa7fc435,0.6350595402935475,341,0.28251864125932064,0.45105820105820105,1.3498112860167542
expert_1,1208,midogpp-expert_1-cb2af0ffd59577720592890b,0.6343949044585988,341,0.28228476821192056,0.45105820105820105,1.3486938925680647
expert_1,1209,midogpp-expert_1-66aba5516b9a89f33e396370,0.6341733591802825,341,0.28205128205128205,0.45105820105820105,1.3475783475783476
expert_1,1210,midogpp-expert_1-1c0687e09c1e5d82a1d07dff,0.6340625865411244,341,0.2818181818181818,0.45105820105820105,1.3464646464646464
expert_1,1211,midogpp-expert_1-e5cb582e67c69ee58ef9c1f2,0.6340072002215453,341,0.2815854665565648,0.45105820105820105,1.3453527846591429
expert_1,1212,midogpp-expert_1-32f8c3dc0cf6249c8f998c7f,0.6338964275823872,342,0.28217821782178215,0.4523809523809524,1.348184818481848
expert_1,1213,midogpp-expert_1-7d14484631ab0e8b420da9ee,0.63373026862365,342,0.28194558944765047,0.4523809523809524,1.347073371805441
expert_1,1214,midogpp-expert_1-6409921228ae6b1150e4cb4e,0.6332317917474384,342,0.28171334431630973,0.4523809523809524,1.3459637561779243
expert_1,1215,midogpp-expert_1-9a90c392a14b6170857feff7,0.6323456106341734,342,0.2814814814814815,0.4523809523809524,1.3448559670781892
expert_1,1216,midogpp-expert_1-5437ff83c83283af0ecf2ace,0.6322902243145943,342,0.28125,0.4523809523809524,1.34375
expert_1,1217,midogpp-expert_1-07ff0c7c3a5d5ad63347c0d8,0.6318471337579619,342,0.2810188989317995,0.4523809523809524,1.3426458504519307
expert_1,1218,midogpp-expert_1-f6849946b9473c130639a1fa,0.6315702021600664,342,0.28078817733990147,0.4523809523809524,1.3415435139573069
expert_1,1219,midogpp-expert_1-9f4d937e3149ce9181891df7,0.6314040432013293,342,0.280557834290402,0.4523809523809524,1.3404429860541427
expert_1,1220,midogpp-expert_1-61b9e33f2c540541da2056e3,0.631182497923013,342,0.28032786885245903,0.4523809523809524,1.339344262295082
expert_1,1221,midogpp-expert_1-17746390b609796e1f217ca0,0.631127111603434,343,0.2809172809172809,0.4537037037037037,1.342160342160342
expert_1,1222,midogpp-expert_1-1104636c1341bace2171e721,0.6310717252838549,343,0.2806873977086743,0.4537037037037037,1.341062011274777
expert_1,1223,midogpp-expert_1-0c41d132c8fd941a558593be,0.6305178620880643,343,0.2804578904333606,0.4537037037037037,1.3399654765149451
expert_1,1224,midogpp-expert_1-7989391d7ae418d209641049,0.6304624757684851,343,0.28022875816993464,0.4537037037037037,1.3388707334785765
expert_1,1225,midogpp-expert_1-1a02729f90182aed202766fb,0.630407089448906,343,0.28,0.4537037037037037,1.3377777777777777
expert_1,1226,midogpp-expert_1-07ea43f0f14a20d19441e8e6,0.6301855441705899,343,0.2797716150081566,0.4537037037037037,1.3366866050389705
expert_1,1227,midogpp-expert_1-dcca2dc9d8a5ef6bf4615297,0.6300193852118526,343,0.2795436022819886,0.4537037037037037,1.3355972109028345
expert_1,1228,midogpp-expert_1-0523f2a8a778b47c20fea3ce,0.6297424536139573,343,0.27931596091205213,0.4537037037037037,1.334509591024249
expert_1,1229,midogpp-expert_1-bc61f8e0820973f2e03cf6ed,0.6297424536139573,343,0.2790886899918633,0.4537037037037037,1.3334237410722358
expert_1,1230,midogpp-expert_1-75433c7bac51eb34279b6177,0.6296316809747992,344,0.27967479674796747,0.455026455026455,1.3362240289069556
expert_1,1231,midogpp-expert_1-b5cdeeb94a9cbe90eb92496b,0.6290224314594295,345,0.2802599512591389,0.45634920634920634,1.3390197671269968
expert_1,1232,midogpp-expert_1-77e49e13bdd4ccac95fe6ecd,0.6289116588202714,345,0.2800324675324675,0.45634920634920634,1.3379329004329004
expert_1,1233,midogpp-expert_1-9e57f5129f38a377bb630c22,0.6286901135419551,346,0.28061638280616386,0.4576719576719577,1.3407227178516716
expert_1,1234,midogpp-expert_1-0887076472824a604b90ce27,0.6281916366657436,346,0.28038897893030795,0.4576719576719577,1.3396362326670268
expert_1,1235,midogpp-expert_1-5b13cf9bd40428f3a02e333a,0.6281362503461645,346,0.28016194331983807,0.4576719576719577,1.3385515069725595
expert_1,1236,midogpp-expert_1-aefcbd7fd937093b6fafcfbb,0.6278039324286901,346,0.27993527508090615,0.4576719576719577,1.3374685364976626
expert_1,1237,midogpp-expert_1-5552e6abbdaed27a2bfda998,0.627748546109111,346,0.27970897332255457,0.4576719576719577,1.3363873169855385
expert_1,1238,midogpp-expert_1-74ecec697d7e513046ff61d9,0.6276931597895319,347,0.2802907915993538,0.458994708994709,1.3391671154191347
expert_1,1239,midogpp-expert_1-7d55f9df9d81298eba666478,0.6275823871503738,348,0.28087167070217917,0.4603174603174603,1.3419424266881892
expert_1,1240,midogpp-expert_1-16d64b754f89abf7004f609e,0.6275270008307948,348,0.2806451612903226,0.4603174603174603,1.3408602150537634
expert_1,1241,midogpp-expert_1-1fca51c7066a18178a2201d3,0.6266962060371088,349,0.28122481869460114,0.46164021164021163,1.34362968931865
expert_1,1242,midogpp-expert_1-892460cca1577179cd3b60a8,0.6264746607587925,349,0.2809983896940419,0.46164021164021163,1.3425478618715334
expert_1,1243,midogpp-expert_1-ab5bb8f7abcf09bfc1115142,0.6263638881196345,349,0.2807723250201126,0.46164021164021163,1.3414677750960935
expert_1,1244,midogpp-expert_1-28d5cf08b28d7a22b238267b,0.6261423428413182,349,0.2805466237942122,0.46164021164021163,1.3403894247945694
expert_1,1245,midogpp-expert_1-3a61e5d1e59c35540f235a4a,0.6261423428413182,349,0.28032128514056226,0.46164021164021163,1.3393128067826863
expert_1,1246,midogpp-expert_1-317956dd439906a99c3f6534,0.6260315702021599,349,0.28009630818619585,0.46164021164021163,1.3382379168896024
expert_1,1247,midogpp-expert_1-db45f73eaa44518f1be4c5f1,0.6253669343672112,349,0.27987169206094625,0.46164021164021163,1.3371647509578541
expert_1,1248,midogpp-expert_1-2e571d8dd9c6f8301ea8ff3f,0.6253115480476322,349,0.2796474358974359,0.46164021164021163,1.3360933048433048
expert_1,1249,midogpp-expert_1-a17fb6313a7b37a2fb66a6da,0.6253115480476322,349,0.27942353883106485,0.46164021164021163,1.3350235744150876
expert_1,1250,midogpp-expert_1-38673a05f66c3f2418487f94,0.6247576848518417,349,0.2792,0.46164021164021163,1.3339555555555556
expert_1,1251,midogpp-expert_1-5feeff4df4b0ca83f5e7e925,0.6243699806147882,349,0.2789768185451639,0.46164021164021163,1.3328892441602274
expert_1,1252,midogpp-expert_1-cc8f14106d874da8ebbbd9c1,0.6240376626973138,350,0.2795527156549521,0.46296296296296297,1.33564075257366
expert_1,1253,midogpp-expert_1-b6e6726dc601fbedffdae0ba,0.6238715037385766,351,0.28012769353551475,0.4642857142857143,1.338387869114126
expert_1,1254,midogpp-expert_1-fb4f3736c14db50ee1397a34,0.6237607310994184,351,0.2799043062200957,0.4642857142857143,1.3373205741626795
expert_1,1255,midogpp-expert_1-c2e290a820d7d750bf16ec1f,0.6237053447798394,352,0.2804780876494024,0.4656084656084656,1.3400619743249225
expert_1,1256,midogpp-expert_1-ee181deb9b146fa6ad805053,0.6236499584602604,352,0.2802547770700637,0.4656084656084656,1.3389950460014153
expert_1,1257,midogpp-expert_1-007fc6b8010d040e57b02056,0.6235391858211022,353,0.28082736674622116,0.4669312169312169,1.3417307522319455
expert_1,1258,midogpp-expert_1-1c3a647d1620df383c77a41f,0.623373026862365,353,0.28060413354531,0.4669312169312169,1.3406641936053698
expert_1,1259,midogpp-expert_1-a674b7fb7fd88ce69c6065b9,0.6229853226253115,353,0.28038125496425736,0.4669312169312169,1.339599329273674
expert_1,1260,midogpp-expert_1-8ca16a02f8da6fa3e697b392,0.6222653004707837,354,0.28095238095238095,0.46825396825396826,1.3423280423280424
expert_1,1261,midogpp-expert_1-9d238d20c94b685f9fd895ca,0.6218775962337303,354,0.28072957969865187,0.46825396825396826,1.3412635474491144
expert_1,1262,midogpp-expert_1-69c219f7ab220b15f21c6906,0.621711437274993,354,0.2805071315372425,0.46825396825396826,1.3402007395668252
expert_1,1263,midogpp-expert_1-bfe24ca0b9321fe468161d03,0.6211021877596234,354,0.28028503562945367,0.46825396825396826,1.3391396146740564
expert_1,1264,midogpp-expert_1-55410768bed6d691aacc4f1d,0.62071448352257,355,0.28085443037974683,0.4695767195767196,1.3418600562587903
expert_1,1265,midogpp-expert_1-c09cf7bf2c8db5b61b2934d9,0.6204929382442537,355,0.28063241106719367,0.4695767195767196,1.3407992973210363
expert_1,1266,midogpp-expert_1-376b81c9b7b029783131d8a8,0.6204375519246745,355,0.2804107424960506,0.4695767195767196,1.3397402141477972
expert_1,1267,midogpp-expert_1-01637dbd6af065bed4d76d7f,0.6203821656050955,355,0.2801894238358327,0.4695767195767196,1.3386828027712006
expert_1,1268,midogpp-expert_1-f495c85726c2857fc4b9b3f2,0.6203267792855165,356,0.2807570977917981,0.4708994708994709,1.3413950227830351
expert_1,1269,midogpp-expert_1-275c8ee5c8ac31ecf1ca91dc,0.6202160066463583,356,0.2805358550039401,0.4708994708994709,1.340337973907714
expert_1,1270,midogpp-expert_1-6d4d344c042f4ea0e60a6273,0.6198283024093049,357,0.2811023622047244,0.4722222222222222,1.343044619422572
expert_1,1271,midogpp-expert_1-5d6d1d64f13f776ff209d512,0.6191636665743561,357,0.2808811959087333,0.4722222222222222,1.3419879360083924
expert_1,1272,midogpp-expert_1-355667dd10e8653e6541017c,0.6189421212960399,358,0.28144654088050314,0.47354497354497355,1.3446890286512927
expert_1,1273,midogpp-expert_1-f966640a9dcc404cf8df5547,0.6188313486568817,358,0.2812254516889238,0.47354497354497355,1.3436327136248583
expert_1,1274,midogpp-expert_1-7b3c9f7e35c72246a0d451f6,0.6178343949044587,358,0.28100470957613816,0.47354497354497355,1.342578056863771
expert_1,1275,midogpp-expert_1-32921b59a48693a45e641ccd,0.6173359180282469,358,0.2807843137254902,0.47354497354497355,1.3415250544662307
expert_1,1276,midogpp-expert_1-bb11b14bf9620f7045b4ab57,0.617280531708668,358,0.28056426332288403,0.47354497354497355,1.340473702542668
expert_1,1277,midogpp-expert_1-bef697ec2749fe4e20211bf8,0.6170589864303517,358,0.2803445575567737,0.47354497354497355,1.3394239972156965
expert_1,1278,midogpp-expert_1-bd5b2de72774946237fd2cc3,0.6161174189975076,358,0.28012519561815336,0.47354497354497355,1.3383759346200659
expert_1,1279,midogpp-expert_1-3079cd41cc9d6daee6656e69,0.6153973968429798,358,0.2799061767005473,0.47354497354497355,1.3373295109026149
expert_1,1280,midogpp-expert_1-f8c4a5fb3cb9474d466738df,0.6151758515646635,359,0.28046875,0.4748677248677249,1.340017361111111
expert_1,1281,midogpp-expert_1-a18ccdff887ca482a5f9b4fc,0.6147881473276101,359,0.28024980483996875,0.4748677248677249,1.3389712897909618
expert_1,1282,midogpp-expert_1-06a9a3cedcddc599a135d089,0.6144004430905566,359,0.2800312012480499,0.4748677248677249,1.3379268504073496
expert_1,1283,midogpp-expert_1-a205ee6dd87e70682e18c595,0.6142896704513985,359,0.2798129384255651,0.4748677248677249,1.3368840391443666
expert_1,1284,midogpp-expert_1-b55567c62890a7051a64b377,0.6135142619772916,359,0.279595015576324,0.4748677248677249,1.3358428521979924
expert_1,1285,midogpp-expert_1-c59fc9170f65c138fa18b8c5,0.6133481030185545,359,0.2793774319066148,0.4748677248677249,1.3348032857760483
expert_1,1286,midogpp-expert_1-f3173dad3585b8fe105fcd9a,0.6133481030185544,360,0.27993779160186627,0.47619047619047616,1.3374805598755832
expert_1,1287,midogpp-expert_1-3bdce26e87f1d7f3d93df7a4,0.6132927166989753,360,0.27972027972027974,0.47619047619047616,1.3364413364413366
expert_1,1288,midogpp-expert_1-e5c4be333677609b7a0e7309,0.6132373303793963,360,0.2795031055900621,0.47619047619047616,1.3354037267080743
expert_1,1289,midogpp-expert_1-547736dc9dedc349e8f8fd19,0.6131819440598172,361,0.2800620636152056,0.4775132275132275,1.3380743039393155
expert_1,1290,midogpp-expert_1-4ae75c88f9d9bba0f01d83fa,0.6126834671836057,361,0.27984496124031005,0.4775132275132275,1.3370370370370368
expert_1,1291,midogpp-expert_1-d58ed30631c7001cac187173,0.6126280808640265,361,0.2796281951975213,0.4775132275132275,1.336001377054824
expert_1,1292,midogpp-expert_1-c7c988d10aad40c30d056a8a,0.6125173082248684,361,0.27941176470588236,0.4775132275132275,1.3349673202614378
expert_1,1293,midogpp-expert_1-2534364e76559132ff9ee435,0.6120188313486569,361,0.2791956689868523,0.4775132275132275,1.333934862937183
expert_1,1294,midogpp-expert_1-f9dd1c57a7741d44d9f84fb7,0.6119634450290778,361,0.2789799072642968,0.4775132275132275,1.3329040013738622
expert_1,1295,midogpp-expert_1-21ca1422c99e77a813b175be,0.6119080587094987,361,0.27876447876447874,0.4775132275132275,1.3318747318747317
expert_1,1296,midogpp-expert_1-5c17e9fb0af72c732e09c92d,0.6117972860703407,362,0.279320987654321,0.47883597883597884,1.3345336076817558
expert_1,1297,midogpp-expert_1-0c7fbc6f0420d153f7804f0b,0.6110772639158127,363,0.27987663839629917,0.4801587301587302,1.3371883834489848
expert_1,1298,midogpp-expert_1-e591d0b61b09a04db59ddfff,0.6109664912766547,363,0.2796610169491525,0.4801587301587302,1.3361581920903953
expert_1,1299,midogpp-expert_1-cf3614ec539fc6fc3d3f4a3b,0.6105787870396012,363,0.279445727482679,0.4801587301587302,1.3351295868616884
expert_1,1300,midogpp-expert_1-f301061c7b5c219428e1230f,0.6105234007200222,363,0.2792307692307692,0.4801587301587302,1.3341025641025641
expert_1,1301,midogpp-expert_1-a3d610267641241917d684db,0.6104680144004431,363,0.27901614142966946,0.4801587301587302,1.3330771201639762
expert_1,1302,midogpp-expert_1-a0b37b9ea0eb69a1adc336ad,0.6102464691221268,363,0.27880184331797236,0.4801587301587302,1.33205325140809
expert_1,1303,midogpp-expert_1-2d0c23ff6155ae25f0598763,0.6097479922459152,363,0.27858787413660785,0.4801587301587302,1.3310309542082375
expert_1,1304,midogpp-expert_1-4e76121c82aa5c5fea624651,0.6095818332871781,363,0.27837423312883436,0.4801587301587302,1.3300102249488752
expert_1,1305,midogpp-expert_1-76ac7506124e36bf2a02da09,0.6095818332871781,363,0.27816091954022987,0.4801587301587302,1.3289910600255426
expert_1,1306,midogpp-expert_1-6082eef571080f403a406ffc,0.609526446967599,363,0.277947932618683,0.4801587301587302,1.3279734558448186
expert_1,1307,midogpp-expert_1-aef764a3fe70e8889fab361c,0.6094156743284409,364,0.27850038255547055,0.48148148148148145,1.330612938876137
expert_1,1308,midogpp-expert_1-ab377309f3584aadfb0efc3d,0.6093602880088618,364,0.2782874617737003,0.48148148148148145,1.329595650696568
expert_1,1309,midogpp-expert_1-6ab6aa7178f2cfafd69ddbed,0.6085848795347549,364,0.27807486631016043,0.48148148148148145,1.3285799168152108
expert_1,1310,midogpp-expert_1-5f9ffd8889b8539e11ffedf9,0.6084187205760176,364,0.2778625954198473,0.48148148148148145,1.3275657336726037
expert_1,1311,midogpp-expert_1-dc09cb93a47d818f37e01644,0.6083633342564386,364,0.2776506483600305,0.48148148148148145,1.3265530977201456
expert_1,1312,midogpp-expert_1-6717f66c968e700cc60ada01,0.6083079479368596,364,0.2774390243902439,0.48148148148148145,1.3255420054200542
expert_1,1313,midogpp-expert_1-cfc9a0a44f9f63585cfaee17,0.6078094710606481,364,0.27722772277227725,0.48148148148148145,1.3245324532453246
expert_1,1314,midogpp-expert_1-0411cf5f285f134de372b69c,0.607809471060648,364,0.2770167427701674,0.48148148148148145,1.3235244376796886
expert_1,1315,midogpp-expert_1-8df8d04de748413ca1ea3705,0.607809471060648,364,0.2768060836501901,0.48148148148148145,1.322517955217575
expert_1,1316,midogpp-expert_1-dc1c5fcd6fcbe5d41af56a8f,0.6072002215452783,364,0.2765957446808511,0.48148148148148145,1.3215130023640662
expert_1,1317,midogpp-expert_1-0d553439d154497d59caabdf,0.6066463583494877,365,0.2771450265755505,0.4828042328042328,1.324137349194297
expert_1,1318,midogpp-expert_1-587e625b21df20df7d38993f,0.6062032677928552,365,0.27693474962063735,0.4828042328042328,1.323132692631934
expert_1,1319,midogpp-expert_1-de941e950368c0c060682c9c,0.606037108834118,365,0.2767247915087187,0.4828042328042328,1.3221295594305449
expert_1,1320,midogpp-expert_1-cce78998e21490accde8b2c1,0.6059817225145389,365,0.2765151515151515,0.4828042328042328,1.321127946127946
expert_1,1321,midogpp-expert_1-5a0486c7fa55c0fb9ab5685c,0.6058155635558017,365,0.27630582891748673,0.4828042328042328,1.3201278492724364
expert_1,1322,midogpp-expert_1-44a2d9b654e9b0b2c77301a6,0.6057047909166436,365,0.2760968229954614,0.4828042328042328,1.31912926542276
expert_1,1323,midogpp-expert_1-a5966a100db6261715fdcb4c,0.6055940182774855,366,0.2766439909297052,0.48412698412698413,1.3217435122197025
expert_1,1324,midogpp-expert_1-6ae08065cc9fcc455001ba49,0.6054832456383273,366,0.2764350453172205,0.48412698412698413,1.320745216515609
expert_1,1325,midogpp-expert_1-839edbd2892b6c2bcb6c0456,0.6054278593187482,366,0.27622641509433965,0.48412698412698413,1.319748427672956
expert_1,1326,midogpp-expert_1-d513826266d45589b31a6c35,0.605206314040432,367,0.27677224736048267,0.48544973544973546,1.3223562929445283
expert_1,1327,midogpp-expert_1-19d9e3f8950344c02621a9c9,0.605150927720853,367,0.2765636774679729,0.48544973544973546,1.3213597923469815
expert_1,1328,midogpp-expert_1-98dc9ba7186193f1fb8661cf,0.6050401550816948,367,0.276355421686747,0.48544973544973546,1.3203647925033466
expert_1,1329,midogpp-expert_1-0f201ec2c395487b990f2100,0.6048739961229577,368,0.2768999247554552,0.48677248677248675,1.3229663071649527
expert_1,1330,midogpp-expert_1-a4254e93e3201462c0a79489,0.6039324286901135,369,0.2774436090225564,0.4880952380952381,1.325563909774436
expert_1,1331,midogpp-expert_1-11b7397fb520df253c08f61f,0.6036001107726392,370,0.27798647633358375,0.4894179894179894,1.3281576091493446
expert_1,1332,midogpp-expert_1-2fb2d34c39b4f9112115e38a,0.6031016338964276,370,0.2777777777777778,0.4894179894179894,1.3271604938271604
expert_1,1333,midogpp-expert_1-797fd269e37c93ba248adbf6,0.6028247022985322,370,0.27756939234808703,0.4894179894179894,1.3261648745519712
expert_1,1334,midogpp-expert_1-1f62ecd74cc683a455b8437f,0.602603157020216,371,0.27811094452773616,0.49074074074074076,1.328752290521406
expert_1,1335,midogpp-expert_1-7cb025f359c17e4fa784d8c9,0.6013292716698975,371,0.27790262172284647,0.49074074074074076,1.3277569704535996
expert_1,1336,midogpp-expert_1-347a6747455041f2eabbbd46,0.6011631127111603,371,0.2776946107784431,0.49074074074074076,1.3267631403858948
expert_1,1337,midogpp-expert_1-61c67fa920f186585d935366,0.6011077263915813,371,0.2774869109947644,0.49074074074074076,1.3257707969749855
expert_1,1338,midogpp-expert_1-8c823dd3d81762deff12a2ad,0.600830794793686,371,0.2772795216741405,0.49074074074074076,1.3247799368875601
expert_1,1339,midogpp-expert_1-1b41f5154dae8d8d6820683d,0.6007754084741069,371,0.2770724421209858,0.49074074074074076,1.3237905568002655
expert_1,1340,midogpp-expert_1-59d0c9134d74bfd73a92ca67,0.6007754084741068,371,0.27686567164179104,0.49074074074074076,1.3228026533996682
expert_1,1341,midogpp-expert_1-82a8a8d4aa2c330f5e65b9bc,0.6007200221545279,371,0.2766592095451156,0.49074074074074076,1.3218162233822188
expert_1,1342,midogpp-expert_1-860646b6d6d7a6a2404c76c1,0.6007200221545279,371,0.27645305514157975,0.49074074074074076,1.3208312634542143
expert_1,1343,midogpp-expert_1-a36a24f87cae07dd27405f34,0.6003323179174744,372,0.27699180938198065,0.49206349206349204,1.3234053114916853
expert_1,1344,midogpp-expert_1-0959be1fd6bcdf9b689c9a3d,0.600055386319579,372,0.2767857142857143,0.49206349206349204,1.3224206349206349
expert_1,1345,midogpp-expert_1-a3047258648e082b436058ad,0.5997230684021047,372,0.2765799256505576,0.49206349206349204,1.3214374225526642
expert_1,1346,midogpp-expert_1-d9cc7a1d92cfb2c4aa67dbc5,0.5997230684021047,372,0.2763744427934621,0.49206349206349204,1.320455671124319
expert_1,1347,midogpp-expert_1-bba66339a829e9a7c35625c1,0.5994461368042093,372,0.27616926503340755,0.49206349206349204,1.319475377381836
expert_1,1348,midogpp-expert_1-346ca78f7c24a42bfe1280d3,0.5993353641650513,372,0.27596439169139464,0.49206349206349204,1.3184965380811076
expert_1,1349,midogpp-expert_1-814053aaad3225c9fea1a80f,0.5993353641650512,372,0.27575982209043737,0.49206349206349204,1.317519149987645
expert_1,1350,midogpp-expert_1-ef9b5ea538bc2f659bf5c8cb,0.5992245915258931,373,0.2762962962962963,0.4933862433862434,1.320082304526749
expert_1,1351,midogpp-expert_1-cf56ed5f3d566f53ff8962d1,0.5988922736084187,373,0.27609178386380456,0.4933862433862434,1.3191051895715107
expert_1,1352,midogpp-expert_1-ff4bbb14e0a1c12d76fadfb7,0.5987815009692605,373,0.27588757396449703,0.4933862433862434,1.3181295200525969
expert_1,1353,midogpp-expert_1-f0cbfc84e42f6aa5e7fc00ad,0.5986153420105234,373,0.2756836659275684,0.4933862433862434,1.317155292765049
expert_1,1354,midogpp-expert_1-609fe398670d045d11482ef7,0.5980614788147327,373,0.275480059084195,0.4933862433862434,1.316182504513376
expert_1,1355,midogpp-expert_1-12d87e01d0fc0d21bd2cdc8c,0.5980060924951538,373,0.27527675276752767,0.4933862433862434,1.315211152111521
expert_1,1356,midogpp-expert_1-c5365d3b96dcc896c3051eab,0.5976737745776793,373,0.2750737463126844,0.4933862433862434,1.3142412323828254
expert_1,1357,midogpp-expert_1-3bbb410d2ce2620e4b08136b,0.5975630019385212,373,0.2748710390567428,0.4933862433862434,1.3132727421599935
expert_1,1358,midogpp-expert_1-326c7460343a5685e36cda5a,0.597396842979784,374,0.27540500736377027,0.4947089947089947,1.3158239240713467
expert_1,1359,midogpp-expert_1-73643bec300317ccd438801d,0.597396842979784,374,0.27520235467255333,0.4947089947089947,1.3148556945466436
expert_1,1360,midogpp-expert_1-da6f61e2b65f1adcb0d3dfc5,0.5973414566602049,374,0.275,0.4947089947089947,1.3138888888888889
expert_1,1361,midogpp-expert_1-137b2aa464680a98ec6f2b49,0.5967875934644142,374,0.2747979426891991,0.4947089947089947,1.3129235039595069
expert_1,1362,midogpp-expert_1-a21b1d2a602d701cac636099,0.5967875934644142,374,0.2745961820851689,0.4947089947089947,1.31195953662914
expert_1,1363,midogpp-expert_1-8bdf5d37860477fe0b1f4aad,0.5967322071448352,375,0.2751283932501834,0.49603174603174605,1.3145023233064317
expert_1,1364,midogpp-expert_1-e249b004a493a2c11e4a0fa9,0.5965660481860979,375,0.2749266862170088,0.49603174603174605,1.3135386119257084
expert_1,1365,midogpp-expert_1-5ea4846a619dde664e40365a,0.5964552755469399,375,0.27472527472527475,0.49603174603174605,1.3125763125763126
expert_1,1366,midogpp-expert_1-a612f9fdac18b7229df742ac,0.5963998892273609,376,0.2752562225475842,0.4973544973544973,1.3151130632829022
expert_1,1367,midogpp-expert_1-c7b153bab80d818412b17a72,0.5963445029077817,376,0.27505486466715434,0.4973544973544973,1.314151020076404
expert_1,1368,midogpp-expert_1-ad344cc63291e16f3e437090,0.5961229576294655,377,0.27558479532163743,0.49867724867724866,1.3166829109811566
expert_1,1369,midogpp-expert_1-8f08d627e928563e3d210be9,0.595679867072833,377,0.2753834915997078,0.49867724867724866,1.3157211265319373
expert_1,1370,midogpp-expert_1-119196f82b93b3cb4c7efa3c,0.5956244807532539,378,0.2759124087591241,0.5,1.3182481751824817
expert_1,1371,midogpp-expert_1-84fb4148c4c6250e4d1a0f5b,0.5955690944336749,378,0.27571115973741794,0.5,1.3172866520787745
expert_1,1372,midogpp-expert_1-b9337b5601a0f441bd7711e0,0.5954029354749377,378,0.2755102040816326,0.5,1.3163265306122447
expert_1,1373,midogpp-expert_1-795aaf4e0a5bdb4c25128332,0.5952921628357796,378,0.2753095411507647,0.5,1.3153678077203204
expert_1,1374,midogpp-expert_1-929f74ffb905e2336da84107,0.5949044585987262,378,0.27510917030567683,0.5,1.3144104803493448
expert_1,1375,midogpp-expert_1-505034dec727bd26343b5690,0.5946829133204099,378,0.27490909090909094,0.5,1.3134545454545454
expert_1,1376,midogpp-expert_1-0c280db47b68d33706b3280e,0.5941844364441983,378,0.2747093023255814,0.5,1.3124999999999998
expert_1,1377,midogpp-expert_1-026fef0a3641eaaab1019991,0.5941290501246193,378,0.27450980392156865,0.5,1.3115468409586057
expert_1,1378,midogpp-expert_1-a3af72443550dfa790f574cd,0.5940182774854611,378,0.274310595065312,0.5,1.3105950653120462
expert_1,1379,midogpp-expert_1-7bc3af4ff5d011f945af59b5,0.5938521185267238,378,0.27411167512690354,0.5,1.3096446700507614
expert_1,1380,midogpp-expert_1-0dede3ac1ea48263083b147d,0.5937413458875658,379,0.2746376811594203,0.5013227513227513,1.3121578099838969
expert_1,1381,midogpp-expert_1-a1d361f95e2329cea471a6c3,0.5934644142896704,379,0.27443881245474294,0.5013227513227513,1.311207659505994
expert_1,1382,midogpp-expert_1-f67cc665ee3901b7e6f8009d,0.5929659374134588,379,0.2742402315484805,0.5013227513227513,1.3102588840649623
expert_1,1383,midogpp-expert_1-8bb403ab97bf62048f889b4e,0.5929105510938799,379,0.2740419378163413,0.5013227513227513,1.309311480678075
expert_1,1384,midogpp-expert_1-ed06d1af2f9a20370434bf54,0.5926336194959845,380,0.2745664739884393,0.5026455026455027,1.3118175979447655
expert_1,1385,midogpp-expert_1-cda1d8bf1babfb73b30deb32,0.5923566878980892,380,0.2743682310469314,0.5026455026455027,1.310870437224228
expert_1,1386,midogpp-expert_1-5fb3257609fd00a0fece729d,0.5920797563001938,381,0.2748917748917749,0.503968253968254,1.3133718133718133
expert_1,1387,midogpp-expert_1-b364a9a828a5178ef30f9b75,0.5919689836610358,382,0.2754145638067772,0.5052910052910053,1.3158695826323799
expert_1,1388,midogpp-expert_1-6fe5d2dd4fba8b2bf96a6893,0.5917474383827195,383,0.27593659942363113,0.5066137566137566,1.318363752801793
expert_1,1389,midogpp-expert_1-b3a82791cd170822748c785b,0.5916366657435612,383,0.2757379409647228,0.5066137566137566,1.3174146068314534
expert_1,1390,midogpp-expert_1-600072c25d63a84ea54e0478,0.591304347826087,383,0.2755395683453237,0.5066137566137566,1.316466826538769
expert_1,1391,midogpp-expert_1-c6c9365fa29f7f6f3bb12607,0.591304347826087,383,0.2753414809489576,0.5066137566137566,1.315520408978353
expert_1,1392,midogpp-expert_1-3321793f057ebcb80e38da0b,0.5913043478260869,383,0.27514367816091956,0.5066137566137566,1.3145753512132823
expert_1,1393,midogpp-expert_1-68fd9fbd0dadaa3714b25981,0.5910828025477708,384,0.2756640344580043,0.5079365079365079,1.3170614979660205
expert_1,1394,midogpp-expert_1-711f355e4f898c910ae2956a,0.5906950983107173,384,0.27546628407460544,0.5079365079365079,1.3161166905786703
expert_1,1395,midogpp-expert_1-ed8bdad271fd9a02408e7235,0.5902520077540847,384,0.2752688172043011,0.5079365079365079,1.315173237753883
expert_1,1396,midogpp-expert_1-b2a9ecd2dca9adabe1b33450,0.5899750761561894,385,0.27578796561604585,0.5092592592592593,1.3176536134988857
expert_1,1397,midogpp-expert_1-bf32c35b7107c6eacaf5d977,0.5895873719191359,385,0.2755905511811024,0.5092592592592593,1.3167104111986
expert_1,1398,midogpp-expert_1-bc1a43abb50c421317fb3d02,0.5895319855995569,385,0.2753934191702432,0.5092592592592593,1.3157685582578285
expert_1,1399,midogpp-expert_1-c2b48498f40beec13c1dbfe7,0.5889227360841872,385,0.27519656897784134,0.5092592592592593,1.3148280517830198
expert_1,1400,midogpp-expert_1-2b3956ebbe3ef57d06019ff8,0.5884242592079756,385,0.275,0.5092592592592593,1.3138888888888889
expert_1,1401,midogpp-expert_1-33599c81395dd11f7281e7a3,0.5880365549709222,385,0.27480371163454675,0.5092592592592593,1.31295106669839
expert_1,1402,midogpp-expert_1-ead43c9283a25c63744a47c8,0.5879811686513431,385,0.2746077032810271,0.5092592592592593,1.3120145823426852
expert_1,1403,midogpp-expert_1-ac621172d07323d9b30584d7,0.5878150096926059,385,0.27441197434069853,0.5092592592592593,1.311079432961115
expert_1,1404,midogpp-expert_1-2375e63a4b3e3d113bd27868,0.5877042370534478,386,0.27492877492877493,0.5105820105820106,1.3135485913263691
expert_1,1405,midogpp-expert_1-4995823f084e4099030067c9,0.5874826917751316,386,0.27473309608540925,0.5105820105820106,1.312613681296955
expert_1,1406,midogpp-expert_1-8c8de6e2c1f157314949eb07,0.5872057601772362,386,0.27453769559032715,0.5105820105820106,1.311680101153785
expert_1,1407,midogpp-expert_1-13a2f696cf0f15ea47958ce3,0.5871503738576571,386,0.27434257285003555,0.5105820105820106,1.3107478480612809
expert_1,1408,midogpp-expert_1-97fd070df4d74a60a9c94972,0.5870949875380781,386,0.2741477272727273,0.5105820105820106,1.3098169191919191
expert_1,1409,midogpp-expert_1-38f6cf7bbabb713f360c075d,0.587039601218499,386,0.2739531582682754,0.5105820105820106,1.3088873117262045
expert_1,1410,midogpp-expert_1-05f25d93a5de509782962229,0.5869842148989199,386,0.27375886524822696,0.5105820105820106,1.3079590228526399
expert_1,1411,midogpp-expert_1-8e3ff960442a63c4dec520b8,0.5866518969814456,387,0.2742735648476258,0.5119047619047619,1.3104181431608786
expert_1,1412,midogpp-expert_1-459fe10948b7cddbe87563ff,0.5865965106618666,388,0.2747875354107649,0.5132275132275133,1.3128737802958765
expert_1,1413,midogpp-expert_1-7019e8e61b6a96cdd4f7f80d,0.5854887842702852,388,0.2745930644019816,0.5132275132275133,1.31194464103169
expert_1,1414,midogpp-expert_1-a8cdd9424a29606128ffdf9e,0.5851010800332318,388,0.2743988684582744,0.5132275132275133,1.3110168159673108
expert_1,1415,midogpp-expert_1-719466833a21517084b9fead,0.5850456937136528,388,0.2742049469964664,0.5132275132275133,1.3100903023164505
expert_1,1416,midogpp-expert_1-81133f0f342bec2d050df77a,0.5849903073940736,388,0.2740112994350282,0.5132275132275133,1.3091650973006903
expert_1,1417,midogpp-expert_1-629186e2dbab872a46f1bfeb,0.5848795347549155,388,0.273817925194072,0.5132275132275133,1.308241198149455
expert_1,1418,midogpp-expert_1-7118568695a95a3596b70458,0.5842148989199667,388,0.2736248236953456,0.5132275132275133,1.3073186020999843
expert_1,1419,midogpp-expert_1-445e41eb5252b97f65f604bf,0.5839379673220714,388,0.2734319943622269,0.5132275132275133,1.3063973063973064
expert_1,1420,midogpp-expert_1-1370304aa6ca28b46f74c433,0.5837718083633343,389,0.273943661971831,0.5145502645502645,1.3088419405320815
expert_1,1421,midogpp-expert_1-d8ad0e527e7d4d3f99296e46,0.5836610357241762,389,0.27375087966220973,0.5145502645502645,1.3079208694972242
expert_1,1422,midogpp-expert_1-1f897bf1e38cee56b59bc81e,0.583661035724176,389,0.27355836849507736,0.5145502645502645,1.3070010939209251
expert_1,1423,midogpp-expert_1-700ea57c76abe69b8b61db86,0.58343949044586,389,0.2733661278988053,0.5145502645502645,1.3060826110720698
expert_1,1424,midogpp-expert_1-f775f7174de563d1e6d4fccd,0.5833287178067017,390,0.273876404494382,0.5158730158730159,1.3085205992509361
expert_1,1425,midogpp-expert_1-9cbd342a7df25c7a4bf4df50,0.5831625588479645,390,0.2736842105263158,0.5158730158730159,1.3076023391812865
expert_1,1426,midogpp-expert_1-7a88cc7023e9eee95f23b510,0.5829963998892274,390,0.27349228611500703,0.5158730158730159,1.3066853669939225
expert_1,1427,midogpp-expert_1-c8dbd07db32f6b6a88c983d5,0.5828856272500693,391,0.2740014015416959,0.5171957671957672,1.3091178073658802
expert_1,1428,midogpp-expert_1-542209df8d3d35de4afc9e28,0.5822209914151204,391,0.27380952380952384,0.5171957671957672,1.3082010582010584
expert_1,1429,midogpp-expert_1-089bccfdbbf753a536ceebce,0.5819994461368042,392,0.2743177046885934,0.5185185185185185,1.3106290335121684
expert_1,1430,midogpp-expert_1-004485a9f6d9598b99660dc3,0.5817779008584879,393,0.2748251748251748,0.5198412698412699,1.313053613053613
expert_1,1431,midogpp-expert_1-2773855824c932e3eccd9f61,0.5817225145389089,393,0.2746331236897275,0.5198412698412699,1.3121360354064757
expert_1,1432,midogpp-expert_1-d029c72e1ee317e2fe968283,0.5816117418997507,393,0.2744413407821229,0.5198412698412699,1.3112197392923648
expert_1,1433,midogpp-expert_1-8d61eb696418e6cde3646e05,0.5811686513431182,393,0.27424982554082344,0.5198412698412699,1.3103047220283786
expert_1,1434,midogpp-expert_1-44b1edf54fb9fe1eca33375f,0.5807255607864859,393,0.27405857740585776,0.5198412698412699,1.3093909809390982
expert_1,1435,midogpp-expert_1-b06c298b912a71c4c8369171,0.5806701744669067,394,0.2745644599303136,0.5211640211640212,1.3118079752226093
expert_1,1436,midogpp-expert_1-a83230d8fc87af0d527c0f3f,0.5806147881473276,395,0.27506963788300837,0.5224867724867724,1.3142216032188176
expert_1,1437,midogpp-expert_1-a3abd11c43057e84bfeb33fb,0.5805594018277486,395,0.27487821851078637,0.5224867724867724,1.3133070439959793
expert_1,1438,midogpp-expert_1-77cd7d6fcb3666675a12574b,0.5798393796732207,395,0.27468706536856746,0.5224867724867724,1.3123937567609334
expert_1,1439,midogpp-expert_1-23e1a0956ca33e0257cc3c77,0.5798393796732206,395,0.27449617790132036,0.5224867724867724,1.3114817388618638
expert_1,1440,midogpp-expert_1-21f43966d1e0fc68767e2de7,0.5797839933536417,395,0.2743055555555556,0.5224867724867724,1.310570987654321
expert_1,1441,midogpp-expert_1-52678ee4ec54c0d1dc8a6db8,0.5796178343949044,395,0.2741151977793199,0.5224867724867724,1.3096615005011951
expert_1,1442,midogpp-expert_1-058aed0438f24fb6446ab90d,0.5794516754361673,396,0.27461858529819694,0.5238095238095238,1.3120665742024964
expert_1,1443,midogpp-expert_1-ae94b8fb336759e70b64a673,0.5793962891165882,396,0.27442827442827444,0.5238095238095238,1.3111573111573112
expert_1,1444,midogpp-expert_1-b94e8e30397475b5829525be,0.5793962891165882,396,0.2742382271468144,0.5238095238095238,1.3102493074792243
expert_1,1445,midogpp-expert_1-666edf3c81c19b36b7c6fb60,0.5792301301578511,396,0.2740484429065744,0.5238095238095238,1.309342560553633
expert_1,1446,midogpp-expert_1-83839184f54d71439ba0b7cc,0.5791193575186928,396,0.27385892116182575,0.5238095238095238,1.3084370677731674
expert_1,1447,midogpp-expert_1-f7f556b562c28dc89a0b617a,0.5790639711991139,397,0.27436074637180374,0.5251322751322751,1.310834677109729
expert_1,1448,midogpp-expert_1-416d44181c3553358ab66db3,0.5790085848795348,397,0.27417127071823205,0.5251322751322751,1.3099294045426642
expert_1,1449,midogpp-expert_1-58a8017c1e7c27db58246ca2,0.5790085848795348,397,0.27398205659075225,0.5251322751322751,1.3090253814891495
expert_1,1450,midogpp-expert_1-c2ece7386d8f1d7cd7fc7d8a,0.5789531985599556,397,0.27379310344827584,0.5251322751322751,1.3081226053639845
expert_1,1451,midogpp-expert_1-992b5d65bf83e046cad8cb91,0.5788978122403767,397,0.27360441075120606,0.5251322751322751,1.3072210735890955
expert_1,1452,midogpp-expert_1-760f5598423c4d119e40ed5c,0.5787870396012185,397,0.2734159779614325,0.5251322751322751,1.306320783593511
expert_1,1453,midogpp-expert_1-967085d8b89c52e4061775e0,0.5787870396012185,397,0.2732278045423262,0.5251322751322751,1.3054217328133362
expert_1,1454,midogpp-expert_1-a34b5fb972bdc60ba72d6dd8,0.5786208806424813,398,0.2737276478679505,0.5264550264550265,1.3078098731468746
expert_1,1455,midogpp-expert_1-a599aa9c9080888ba92b59af,0.5780670174466906,398,0.27353951890034367,0.5264550264550265,1.3069110347460864
expert_1,1456,midogpp-expert_1-f2d314972d0aec402a73418b,0.5778454721683743,398,0.2733516483516483,0.5264550264550265,1.3060134310134308
expert_1,1457,midogpp-expert_1-382da3fc184c18c7d6a435e9,0.5773469952921628,398,0.2731640356897735,0.5264550264550265,1.3051170594066954
expert_1,1458,midogpp-expert_1-a5996180e851261bd85697f9,0.5771808363334257,398,0.2729766803840878,0.5264550264550265,1.3042219173906415
expert_1,1459,midogpp-expert_1-c91718efa897916053d1883e,0.5767377457767932,398,0.2727895819054147,0.5264550264550265,1.3033280024369813
expert_1,1460,midogpp-expert_1-5285f349e84e8e9cc39cef4a,0.576626973137635,398,0.2726027397260274,0.5264550264550265,1.302435312024353
expert_1,1461,midogpp-expert_1-a982c1c3aac54b479505bf2c,0.5765715868180559,398,0.2724161533196441,0.5264550264550265,1.3015438436382993
expert_1,1462,midogpp-expert_1-830c14f0e460c35697001b01,0.5764608141788978,399,0.27291381668946646,0.5277777777777778,1.3039215686274508
expert_1,1463,midogpp-expert_1-5ad6117b258c5a97a78aadeb,0.5764608141788977,399,0.2727272727272727,0.5277777777777778,1.3030303030303028
expert_1,1464,midogpp-expert_1-71b774caf6c60a0525397bfd,0.5762392689005815,400,0.273224043715847,0.5291005291005291,1.305403764420158
expert_1,1465,midogpp-expert_1-4d2fcd38d9a729863d2ccede,0.5761284962614235,400,0.27303754266211605,0.5291005291005291,1.3045127038301099
expert_1,1466,midogpp-expert_1-d6852a890182ebcf96cd4e4e,0.5755192467460537,400,0.2728512960436562,0.5291005291005291,1.3036228588752463
expert_1,1467,midogpp-expert_1-dd1bd3a25af701622a40b1af,0.5747992245915259,400,0.27266530334015,0.5291005291005291,1.3027342270696054
expert_1,1468,midogpp-expert_1-c74b1d8a9fdcd57ed713c67b,0.5736361118803656,400,0.2724795640326976,0.5291005291005291,1.3018468059339994
expert_1,1469,midogpp-expert_1-652c9d10cd1cd7805bac42e2,0.5734145666020493,400,0.27229407760381213,0.5291005291005291,1.3009605929959913
expert_1,1470,midogpp-expert_1-b8ab94bbd478889d79c298b5,0.5733591802824702,401,0.2727891156462585,0.5304232804232805,1.303325774754346
expert_1,1471,midogpp-expert_1-d46ba4211866bebc22a4ea91,0.5733591802824702,402,0.2732834806254249,0.5317460317460317,1.3056877407659189
expert_1,1472,midogpp-expert_1-87385dd48a6332c5441288d2,0.5732484076433122,402,0.27309782608695654,0.5317460317460317,1.3048007246376812
expert_1,1473,midogpp-expert_1-05826cac278b9edb7a5db1c0,0.5730822486845749,402,0.2729124236252546,0.5317460317460317,1.3039149128762162
expert_1,1474,midogpp-expert_1-19fd1dea63489111356aef5e,0.5725283854887843,402,0.2727272727272727,0.5317460317460317,1.3030303030303028
expert_1,1475,midogpp-expert_1-8a30da13dad59520c76a1f18,0.5721960675713099,402,0.2725423728813559,0.5317460317460317,1.302146892655367
expert_1,1476,midogpp-expert_1-cf16adfafc6ba5ead9dabac9,0.5721406812517309,402,0.27235772357723576,0.5317460317460317,1.3012646793134597
expert_1,1477,midogpp-expert_1-782773d5ea0f37550147d8e1,0.5715314317363611,402,0.27217332430602575,0.5317460317460317,1.3003836605732342
expert_1,1478,midogpp-expert_1-b301b967e405a2ef4deace0f,0.571476045416782,402,0.2719891745602165,0.5317460317460317,1.2995038340099232
expert_1,1479,midogpp-expert_1-9b4cc1e16b20ae144cd4808d,0.5712545001384658,403,0.2724814063556457,0.533068783068783,1.3018556081436405
expert_1,1480,midogpp-expert_1-6c22382577fa40f33409a54f,0.5710329548601496,404,0.27297297297297296,0.5343915343915344,1.3042042042042041
expert_1,1481,midogpp-expert_1-aa8b9ca7306e093a3b28a0ba,0.5710329548601495,404,0.27278865631330185,0.5343915343915344,1.3033235801635532
expert_1,1482,midogpp-expert_1-c473088c9663b90bb62a10e9,0.5709221822209914,404,0.2726045883940621,0.5343915343915344,1.3024441445494077
expert_1,1483,midogpp-expert_1-f0a3b6226b8a92337cb9cfaa,0.5707006369426753,404,0.2724207687120701,0.5343915343915344,1.3015658949576683
expert_1,1484,midogpp-expert_1-782aad7a7206e82dcc2c22cc,0.5707006369426751,405,0.272911051212938,0.5357142857142857,1.3039083557951483
expert_1,1485,midogpp-expert_1-94c3f6cd715464ea55ce5a44,0.5706452506230961,406,0.2734006734006734,0.5370370370370371,1.3062476618032175
expert_1,1486,midogpp-expert_1-40e716d4b1d088833e40f1bf,0.5702575463860426,406,0.2732166890982503,0.5370370370370371,1.3053686256916404
expert_1,1487,midogpp-expert_1-75ef2d460a38048839338489,0.5700360011077263,406,0.2730329522528581,0.5370370370370371,1.3044907718747665
expert_1,1488,midogpp-expert_1-dc193d6d373fd9502c302ccb,0.5699252284685683,406,0.2728494623655914,0.5370370370370371,1.3036140979689366
expert_1,1489,midogpp-expert_1-0fad754222bba7cc1a753219,0.5698698421489892,406,0.27266621893888515,0.5370370370370371,1.3027386015968956
expert_1,1490,midogpp-expert_1-74f5f03e9a3f536b999faac0,0.5698144558294103,406,0.27248322147651005,0.5370370370370371,1.3018642803877702
expert_1,1491,midogpp-expert_1-109d337c75acf70875a00c06,0.5695929105510938,406,0.27230046948356806,0.5370370370370371,1.3009911319770473
expert_1,1492,midogpp-expert_1-88a4f19ab123a20b5cacc28b,0.5692052063140405,406,0.27211796246648795,0.5370370370370371,1.3001191540065535
expert_1,1493,midogpp-expert_1-a3256fd640a3674f2b101e07,0.5692052063140404,406,0.27193569993302075,0.5370370370370371,1.2992483441244325
expert_1,1494,midogpp-expert_1-8fd834b9a309b782b8b54070,0.5686513431182498,406,0.2717536813922356,0.5370370370370371,1.2983786999851257
expert_1,1495,midogpp-expert_1-38f058dea76bcf11566a0589,0.5680974799224592,406,0.27157190635451506,0.5370370370370371,1.2975102192493497
expert_1,1496,midogpp-expert_1-bf2bafafcac43ede0acf6f4c,0.5677097756854057,406,0.2713903743315508,0.5370370370370371,1.296642899584076
expert_1,1497,midogpp-expert_1-f9058c7e566f5b9fdd54aeec,0.5674328440875104,406,0.2712090848363393,0.5370370370370371,1.29577673866251
expert_1,1498,midogpp-expert_1-30e89e856b3d4a21a032500a,0.5672112988091942,407,0.27169559412550065,0.5383597883597884,1.2981011719329474
expert_1,1499,midogpp-expert_1-7244c34c9830c85aeb9e4e40,0.5668789808917197,408,0.27218145430286855,0.5396825396825397,1.300422503891483
expert_1,1500,midogpp-expert_1-072507e2487635504b56b77a,0.5665466629742454,408,0.272,0.5396825396825397,1.2995555555555556
expert_1,1501,midogpp-expert_1-18f8b05b6b1b9605e1b2cf75,0.5661035724176129,408,0.27181878747501664,0.5396825396825397,1.298689762380635
expert_1,1502,midogpp-expert_1-11819018ab2ac052a9a2cd6a,0.5659374134588757,408,0.27163781624500666,0.5396825396825397,1.297825122059476
expert_1,1503,midogpp-expert_1-f14ac3b436afddd9442d26f2,0.5657712545001384,408,0.2714570858283433,0.5396825396825397,1.2969616322909736
expert_1,1504,midogpp-expert_1-951ff7646bcbf53e2c4bf1f8,0.5656604818609803,408,0.2712765957446808,0.5396825396825397,1.2960992907801416
expert_1,1505,midogpp-expert_1-344cd08f55d089948795591a,0.5649404597064525,408,0.27109634551495015,0.5396825396825397,1.295238095238095
expert_1,1506,midogpp-expert_1-3ca48ca058d1d3c6f6bafc89,0.5649404597064525,408,0.27091633466135456,0.5396825396825397,1.2943780433820273
expert_1,1507,midogpp-expert_1-a41f951cae6b0efe845d5349,0.5647189144281363,408,0.2707365627073656,0.5396825396825397,1.2935191329351912
expert_1,1508,midogpp-expert_1-850663c35d61541ecb3d4668,0.5641096649127666,408,0.27055702917771884,0.5396825396825397,1.292661361626879
expert_1,1509,midogpp-expert_1-8eb70fbf0608ed7f25144186,0.5636665743561341,408,0.27037773359840955,0.5396825396825397,1.2918047271924011
expert_1,1510,midogpp-expert_1-6dadc94fc1d4d1a80692067a,0.563555801716976,408,0.27019867549668874,0.5396825396825397,1.2909492273730683
expert_1,1511,midogpp-expert_1-28548ec53ba8532fd538fc3b,0.5634450290778178,408,0.2700198544010589,0.5396825396825397,1.2900948599161703
expert_1,1512,midogpp-expert_1-6a576dd16062d4296729ba38,0.5633896427582388,408,0.2698412698412698,0.5396825396825397,1.2892416225749557
expert_1,1513,midogpp-expert_1-ccbcedba2236d7fc666a7685,0.5629465522016062,408,0.2696629213483146,0.5396825396825397,1.288389513108614
expert_1,1514,midogpp-expert_1-96e2edf13fdc06e5a24a9a1c,0.562780393242869,409,0.2701453104359313,0.541005291005291,1.2906942609716718
expert_1,1515,midogpp-expert_1-ad92d984acf2d25fbe163c80,0.5624480753253946,409,0.26996699669966995,0.541005291005291,1.2898423175650897
expert_1,1516,midogpp-expert_1-74cf5e0d796ed23396c25c9e,0.5622819163666575,410,0.2704485488126649,0.5423280423280423,1.292143066549399
expert_1,1517,midogpp-expert_1-ec2c26c5a4b5be13f579c93b,0.5622819163666575,410,0.2702702702702703,0.5423280423280423,1.2912912912912913
expert_1,1518,midogpp-expert_1-b62ddd73d2b112d4f1e5c0f9,0.5621711437274992,410,0.27009222661396576,0.5423280423280423,1.2904406382667253
expert_1,1519,midogpp-expert_1-ed295ea34f57ace9a810f716,0.5620049847687622,410,0.26991441737985516,0.5423280423280423,1.2895911052593079
expert_1,1520,midogpp-expert_1-e93b8f6cab067c9512ef8a53,0.5619495984491831,411,0.27039473684210524,0.5436507936507936,1.2918859649122805
expert_1,1521,midogpp-expert_1-5af6d0f26dcd2a79798239bd,0.561838825810025,412,0.27087442472057854,0.544973544973545,1.2941778069983196
expert_1,1522,midogpp-expert_1-1eb27a18a23b5b939137038d,0.5612295762946553,412,0.2706964520367937,0.544973544973545,1.293327493064681
expert_1,1523,midogpp-expert_1-dc15ca5d5067e8302169a4d5,0.5612295762946552,412,0.2705187130663165,0.544973544973545,1.2924782957612897
expert_1,1524,midogpp-expert_1-c921c7f0f27c9634443b8eff,0.5611741899750762,412,0.27034120734908135,0.544973544973545,1.2916302128900552
expert_1,1525,midogpp-expert_1-6651956d4135995bccfcd2f5,0.561118803655497,412,0.2701639344262295,0.544973544973545,1.290783242258652
expert_1,1526,midogpp-expert_1-1df90d56edef084356e5d739,0.5606203267792855,413,0.2706422018348624,0.5462962962962963,1.2930682976554535
expert_1,1527,midogpp-expert_1-7f9740e5940d60f7f6315705,0.5605095541401274,413,0.2704649639816634,0.5462962962962963,1.2922214945790584
expert_1,1528,midogpp-expert_1-2f132bad4868823b0bafa803,0.5603987815009692,413,0.27028795811518325,0.5462962962962963,1.2913757998836533
expert_1,1529,midogpp-expert_1-651c8dea3cfd535fc5a64d54,0.5603987815009692,413,0.2701111837802485,0.5462962962962963,1.2905312113945206
expert_1,1530,midogpp-expert_1-e2791b2ccdf04fbf3b953547,0.560232622542232,413,0.2699346405228758,0.5462962962962963,1.2896877269426288
expert_1,1531,midogpp-expert_1-5cec79a3ce628a263e831275,0.5599556909443367,413,0.2697583278902678,0.5462962962962963,1.2888453443646128
expert_1,1532,midogpp-expert_1-8905d354630450cab1d5aa0a,0.5595679867072834,414,0.27023498694516973,0.5476190476190477,1.2911227154046998
expert_1,1533,midogpp-expert_1-ef2452e248c39e186563c61e,0.5592356687898089,414,0.2700587084148728,0.5476190476190477,1.2902804957599476
expert_1,1534,midogpp-expert_1-9cab2ad137de14ee5461957f,0.5591802824702299,414,0.26988265971316816,0.5476190476190477,1.2894393741851367
expert_1,1535,midogpp-expert_1-73089b73eceb46f1078da0b5,0.5587925782331764,414,0.2697068403908795,0.5476190476190477,1.288599348534202
expert_1,1536,midogpp-expert_1-a98a63bcb6e521e1921cc3d3,0.5587925782331764,414,0.26953125,0.5476190476190477,1.2877604166666665
expert_1,1537,midogpp-expert_1-c8f918539186a4c3ac6768b6,0.5585156466352811,414,0.269355888093689,0.5476190476190477,1.286922576447625
expert_1,1538,midogpp-expert_1-918d33103f1101003f6f8c6f,0.5584048739961229,414,0.26918075422626786,0.5476190476190477,1.2860858257477241
expert_1,1539,midogpp-expert_1-1af3c2692a00bef846aa93d0,0.5582387150373858,414,0.26900584795321636,0.5476190476190477,1.2852501624431447
expert_1,1540,midogpp-expert_1-065b6a6e559a7b5cb74f7576,0.5578510108003323,414,0.2688311688311688,0.5476190476190477,1.2844155844155842
expert_1,1541,midogpp-expert_1-7b76d08b57d50b56819db423,0.5568540570479092,414,0.26865671641791045,0.5476190476190477,1.2835820895522387
expert_1,1542,midogpp-expert_1-fb6302a4d6bf376b5fa9a7f2,0.556743284408751,414,0.26848249027237353,0.5476190476190477,1.2827496757457846
expert_1,1543,midogpp-expert_1-e7efa5c41f0f0b0e7ec6628d,0.5566878980891721,415,0.26895657809462087,0.548941798941799,1.2850147620076329
expert_1,1544,midogpp-expert_1-75ffff9babc70a40ef607dbc,0.5564109664912766,416,0.2694300518134715,0.5502645502645502,1.2872769142199194
expert_1,1545,midogpp-expert_1-6cfa7a420481a134ea5fc474,0.5562448075325395,417,0.26990291262135924,0.5515873015873016,1.2895361380798274
expert_1,1546,midogpp-expert_1-6824ff228445c7a702d3430a,0.5561340348933813,417,0.26972833117723155,0.5515873015873016,1.2887020267356617
expert_1,1547,midogpp-expert_1-e021317e29db3fa5cef08783,0.5559124896150651,417,0.26955397543632836,0.5515873015873016,1.2878689937513466
expert_1,1548,midogpp-expert_1-e77dc46dc5b5e6053a6c2968,0.5559124896150651,417,0.2693798449612403,0.5515873015873016,1.287037037037037
expert_1,1549,midogpp-expert_1-7026713a9fb03e7a3837a5a8,0.555857103295486,417,0.26920593931568754,0.5515873015873016,1.2862061545082848
expert_1,1550,midogpp-expert_1-797bc2e2614f5c4caa7cea32,0.5553032400996953,418,0.2696774193548387,0.5529100529100529,1.288458781362007
expert_1,1551,midogpp-expert_1-6fdd189a8b010a975ffedac7,0.5552478537801163,418,0.2695035460992908,0.5529100529100529,1.2876280535855003
expert_1,1552,midogpp-expert_1-fadaea301f633a298c33a0e6,0.5551370811409582,418,0.2693298969072165,0.5529100529100529,1.2867983963344787
expert_1,1553,midogpp-expert_1-71520b7092ee13e1920c4e91,0.5548601495430628,418,0.26915647134578236,0.5529100529100529,1.28596980754096
expert_1,1554,midogpp-expert_1-035fc7b8987e3c1470ea4783,0.5546386042647466,418,0.26898326898326896,0.5529100529100529,1.285142285142285
expert_1,1555,midogpp-expert_1-a4cf64fcce84e61f4840f63d,0.5545832179451675,418,0.26881028938906754,0.5529100529100529,1.2843158270811004
expert_1,1556,midogpp-expert_1-f1e9fce4684a602412db9665,0.5543616726668512,418,0.2686375321336761,0.5529100529100529,1.2834904313053412
expert_1,1557,midogpp-expert_1-c475998b0fb80d7d7b060c71,0.5543062863472723,418,0.26846499678869623,0.5529100529100529,1.2826660957682152
expert_1,1558,midogpp-expert_1-92ea4578c338c37785f868e6,0.5540293547493769,418,0.2682926829268293,0.5529100529100529,1.2818428184281843
expert_1,1559,midogpp-expert_1-3188e0675ec443e961495a45,0.5538631957906397,418,0.268120590121873,0.5529100529100529,1.2810205972489488
expert_1,1560,midogpp-expert_1-16e44b2612ae9fa8753c6000,0.5538078094710607,418,0.26794871794871794,0.5529100529100529,1.2801994301994302
expert_1,1561,midogpp-expert_1-5b5968ed1439783b656c7a32,0.5528108557186375,418,0.267777065983344,0.5529100529100529,1.2793793152537547
expert_1,1562,midogpp-expert_1-9b404b8dcdc7a379b6f06d89,0.5528108557186375,418,0.2676056338028169,0.5529100529100529,1.278560250391236
expert_1,1563,midogpp-expert_1-5b3c48b7c1082a45af54d063,0.5527554693990584,418,0.2674344209852847,0.5529100529100529,1.2777422335963602
expert_1,1564,midogpp-expert_1-65de771a6b2a73f76a3d69cb,0.552423151481584,418,0.2672634271099744,0.5529100529100529,1.2769252628587666
expert_1,1565,midogpp-expert_1-87234c22e6eefdea113b82e3,0.5522569925228469,418,0.2670926517571885,0.5529100529100529,1.2761093361732339
expert_1,1566,midogpp-expert_1-bda0b9a23c5ded0f2c8108ba,0.5522016062032677,418,0.2669220945083014,0.5529100529100529,1.2752944515396623
expert_1,1567,midogpp-expert_1-ff9869c7e6fac8d769384cf6,0.5521462198836887,418,0.2667517549457562,0.5529100529100529,1.2744806069630574
expert_1,1568,midogpp-expert_1-5cf1d294de95c0ca3b7d15a8,0.5521462198836886,418,0.26658163265306123,0.5529100529100529,1.2736678004535147
expert_1,1569,midogpp-expert_1-4ec8ed8d09fe8017da4747d0,0.5518139019662144,419,0.26704907584448695,0.5542328042328042,1.275901140145882
expert_1,1570,midogpp-expert_1-a1830d537738297aff1b6338,0.5517585156466354,419,0.26687898089171974,0.5542328042328042,1.2750884642604388
expert_1,1571,midogpp-expert_1-17ccae977501880888ca0c04,0.5517031293270562,419,0.26670910248249524,0.5542328042328042,1.2742768229719217
expert_1,1572,midogpp-expert_1-51d32aad99a889784900dd8d,0.5516477430074771,419,0.26653944020356235,0.5542328042328042,1.273466214305909
expert_1,1573,midogpp-expert_1-0f4b684278771cd00ed0dbda,0.5512600387704237,419,0.2663699936427209,0.5542328042328042,1.2726566362929999
expert_1,1574,midogpp-expert_1-63fba828525f800a467e8ec7,0.5508723345333704,419,0.2662007623888183,0.5542328042328042,1.2718480869687985
expert_1,1575,midogpp-expert_1-b54058c9efd34ac834535487,0.5508723345333703,419,0.266031746031746,0.5542328042328042,1.2710405643738976
expert_1,1576,midogpp-expert_1-93987c0f1b5f39fedcfe56fc,0.5507061755746331,419,0.26586294416243655,0.5542328042328042,1.2702340665538634
expert_1,1577,midogpp-expert_1-433c55671c74fef309c16f36,0.5504846302963169,420,0.2663284717818643,0.5555555555555556,1.2724582540689071
expert_1,1578,midogpp-expert_1-c5985ea29d96305a153e1705,0.5503738576571586,420,0.2661596958174905,0.5555555555555556,1.271651880016899
expert_1,1579,midogpp-expert_1-7522a342ed1a19fc9ae08901,0.5499307671005262,420,0.26599113362887905,0.5555555555555556,1.2708465273379776
expert_1,1580,midogpp-expert_1-0e8ef50091657eb3ce84dea2,0.5497646081417891,420,0.26582278481012656,0.5555555555555556,1.2700421940928268
expert_1,1581,midogpp-expert_1-d9312c6723cda63a7a9567e4,0.549764608141789,421,0.26628716002530045,0.5568783068783069,1.2722608756764355
expert_1,1582,midogpp-expert_1-76793e7074b2fc8db23db37d,0.5489891996676821,422,0.2667509481668774,0.5582010582010583,1.2744767523528586
expert_1,1583,midogpp-expert_1-0fbacab46bfa4b704914768c,0.5481584048739961,422,0.26658243840808593,0.5582010582010583,1.273671650171966
expert_1,1584,midogpp-expert_1-20d00953538437232833df43,0.5478814732761008,423,0.26704545454545453,0.5595238095238095,1.2758838383838382
expert_1,1585,midogpp-expert_1-e0e254c1643ad9413ad1f698,0.5478814732761008,423,0.2668769716088328,0.5595238095238095,1.2750788643533122
expert_1,1586,midogpp-expert_1-1dcb7d0e6e1f811aa9fb3c0f,0.5473276100803102,423,0.26670870113493067,0.5595238095238095,1.2742749054224465
expert_1,1587,midogpp-expert_1-6221099314d23cf454bcbb91,0.5473276100803102,424,0.26717076244486454,0.5608465608465608,1.2764825316810193
expert_1,1588,midogpp-expert_1-6667a74b380864e6ed765651,0.547161451121573,424,0.26700251889168763,0.5608465608465608,1.2756787013713964
expert_1,1589,midogpp-expert_1-0937d0e01f6fc3bfe547b3fb,0.5468845195236776,424,0.2668344870988043,0.5608465608465608,1.2748758828053983
expert_1,1590,midogpp-expert_1-67ce388df11bde19e36e5e01,0.5465522016062032,424,0.26666666666666666,0.5608465608465608,1.274074074074074
expert_1,1591,midogpp-expert_1-adc56a2dd005ffbc09aafffc,0.5465522016062032,424,0.2664990571967316,0.5608465608465608,1.2732732732732732
expert_1,1592,midogpp-expert_1-855d3c18b08cfd7c8962cd36,0.546275270008308,424,0.2663316582914573,0.5608465608465608,1.2724734785036291
expert_1,1593,midogpp-expert_1-159bf619a397c9e6fe9b428f,0.5461644973691498,424,0.26616446955430006,0.5608465608465608,1.2716746878705447
expert_1,1594,midogpp-expert_1-30166ce34e6307b930a959f7,0.5460537247299917,424,0.2659974905897114,0.5608465608465608,1.2708768994841766
expert_1,1595,midogpp-expert_1-ceb533134a68aee7228b6307,0.5456106341733592,424,0.2658307210031348,0.5608465608465608,1.2700801114594218
expert_1,1596,midogpp-expert_1-8ed86ce372cd1cfe2e5f92cd,0.545499861534201,424,0.2656641604010025,0.5608465608465608,1.2692843219159007
expert_1,1597,midogpp-expert_1-a7b14461c0be89394b1e5245,0.545499861534201,424,0.2654978083907326,0.5608465608465608,1.2684895289779448
expert_1,1598,midogpp-expert_1-0302926ad9d552111ad3f1b6,0.5453890888950429,424,0.26533166458072593,0.5608465608465608,1.2676957307745793
expert_1,1599,midogpp-expert_1-88e5b72fc1f09ad442facee0,0.5452783162558847,424,0.26516572858036275,0.5608465608465608,1.2669029254395108
expert_1,1600,midogpp-expert_1-0912172dcb5a67ea82fb23d0,0.5452229299363057,425,0.265625,0.5621693121693122,1.269097222222222
expert_1,1601,midogpp-expert_1-58155215691c0fa34ea6b476,0.5448352256992522,425,0.2654590880699563,0.5621693121693122,1.268304531889791
expert_1,1602,midogpp-expert_1-74e9040e6c4dca4a592ecc03,0.5447798393796732,425,0.26529338327091134,0.5621693121693122,1.267512831183243
expert_1,1603,midogpp-expert_1-ad5501d2a7a894a8bbadb59a,0.5447798393796732,425,0.26512788521522146,0.5621693121693122,1.2667221182505024
expert_1,1604,midogpp-expert_1-cbd35d23dcb7d3082e41be1e,0.5445029077817779,425,0.2649625935162095,0.5621693121693122,1.2659323912441118
expert_1,1605,midogpp-expert_1-88ec042fb42bf6080e6c0463,0.5442813625034617,425,0.26479750778816197,0.5621693121693122,1.2651436483212182
expert_1,1606,midogpp-expert_1-6e8093b18a9abad189b98499,0.5441705898643034,425,0.2646326276463263,0.5621693121693122,1.2643558876435588
expert_1,1607,midogpp-expert_1-928ff40d5c56b3d173b987de,0.5441152035447244,426,0.26509023024268824,0.5634920634920635,1.2665422111595104
expert_1,1608,midogpp-expert_1-f69e122adfa53bb2f512a9f4,0.5437828856272501,426,0.26492537313432835,0.5634920634920635,1.26575456053068
expert_1,1609,midogpp-expert_1-7743877ca55208dd7c5d7db8,0.5437274993076711,426,0.26476072094468617,0.5634920634920635,1.264967888957945
expert_1,1610,midogpp-expert_1-6eba7ca4fea032e76cdf3ec0,0.5435613403489339,427,0.26521739130434785,0.5648148148148148,1.2671497584541063
expert_1,1611,midogpp-expert_1-c810c4f506f79a9282c29bff,0.5430628634727223,427,0.26505276225946617,0.5648148148148148,1.2663631974618939
expert_1,1612,midogpp-expert_1-3ddb4ef37cde9d44a0d6bd67,0.5429520908335641,427,0.2648883374689826,0.5648148148148148,1.2655776123518057
expert_1,1613,midogpp-expert_1-fc85a2b4e0d05f9d005222f4,0.542841318194406,427,0.2647241165530068,0.5648148148148148,1.2647930013088102
expert_1,1614,midogpp-expert_1-83fa371824e9afed1b660b8d,0.5422874549986154,427,0.2645600991325898,0.5648148148148148,1.2640093625223736
expert_1,1615,midogpp-expert_1-43819b3a955edbbd69450abe,0.5422320686790363,427,0.2643962848297214,0.5648148148148148,1.2632266941864465
expert_1,1616,midogpp-expert_1-dc1f4ae2a0b54ae4bb303d10,0.5420659097202991,427,0.26423267326732675,0.5648148148148148,1.26244499449945
expert_1,1617,midogpp-expert_1-7da9d66ffd627e5ed714d4e4,0.54201052340072,428,0.26468769325912184,0.5661375661375662,1.264618978904693
expert_1,1618,midogpp-expert_1-3f02e69ad29195d059d44f2b,0.541955137081141,428,0.26452410383189123,0.5661375661375662,1.2638373849745914
expert_1,1619,midogpp-expert_1-c66ba60ba7fafd340ed44828,0.5416228191636666,428,0.26436071649166154,0.5661375661375662,1.2630567565712718
expert_1,1620,midogpp-expert_1-745965e7990a05ae05189878,0.5416228191636665,429,0.26481481481481484,0.5674603174603174,1.2652263374485597
expert_1,1621,midogpp-expert_1-9903180805c866632d6acd6c,0.5415674328440875,429,0.2646514497223936,0.5674603174603174,1.2644458153403249
expert_1,1622,midogpp-expert_1-c1eb8cde565da658eb46e53e,0.5414566602049294,429,0.2644882860665845,0.5674603174603174,1.263666255651459
expert_1,1623,midogpp-expert_1-605bfd61e46b2ac782683da3,0.5412351149266131,430,0.2649414664202095,0.5687830687830688,1.2658314506743342
expert_1,1624,midogpp-expert_1-97da0fddd7943cc8f8748cc1,0.5409581833287178,430,0.2647783251231527,0.5687830687830688,1.2650519978106183
expert_1,1625,midogpp-expert_1-5b0301e63b1d2ee389ac1de9,0.5408474106895597,430,0.26461538461538464,0.5687830687830688,1.2642735042735043
expert_1,1626,midogpp-expert_1-7e80c7f3dcff4b4a29ecd06d,0.5407920243699806,430,0.2644526445264453,0.5687830687830688,1.2634959682930162
expert_1,1627,midogpp-expert_1-48fe60f174753e0be7ffe841,0.5406258654112435,430,0.26429010448678547,0.5687830687830688,1.2627193881035306
expert_1,1628,midogpp-expert_1-620b774caa7be96760133d6e,0.5405150927720853,430,0.2641277641277641,0.5687830687830688,1.261943761943762
expert_1,1629,midogpp-expert_1-bdd5f7dbdab620052db14f94,0.5401273885350318,431,0.2645794966236955,0.5701058201058201,1.264102039424323
expert_1,1630,midogpp-expert_1-bf14b12a4859c07f4cfffb5d,0.5399058432567156,431,0.2644171779141104,0.5701058201058201,1.2633265167007497
expert_1,1631,midogpp-expert_1-92285444de711ba97e967b1c,0.5397396842979785,431,0.26425505824647455,0.5701058201058201,1.2625519449553784
expert_1,1632,midogpp-expert_1-2d4a7f6a7ee247ab3e8a534f,0.5397396842979784,431,0.26409313725490197,0.5701058201058201,1.2617783224400871
expert_1,1633,midogpp-expert_1-a96a3d33c5983d7d66e5c798,0.5396289116588203,431,0.26393141457440294,0.5701058201058201,1.2610056474110363
expert_1,1634,midogpp-expert_1-33cb9b506e3b6c97ad7a0316,0.539407366380504,431,0.2637698898408813,0.5701058201058201,1.260233918128655
expert_1,1635,midogpp-expert_1-721f461783d5d845abca1402,0.539351980060925,432,0.26422018348623855,0.5714285714285714,1.2623853211009175
expert_1,1636,midogpp-expert_1-dc9ea118b09ff6881720c7d5,0.5390750484630297,432,0.26405867970660146,0.5714285714285714,1.2616136919315402
expert_1,1637,midogpp-expert_1-90cc08a489b9dca67164b7c0,0.5390196621434507,432,0.2638973732437385,0.5714285714285714,1.2608430054978617
expert_1,1638,midogpp-expert_1-4db38f600ca5e9a878741a51,0.5390196621434505,432,0.26373626373626374,0.5714285714285714,1.26007326007326
expert_1,1639,midogpp-expert_1-1ecf519f52b4a60e42cc9ae1,0.5389088895042924,432,0.26357535082367295,0.5714285714285714,1.2593044539353262
expert_1,1640,midogpp-expert_1-8df5e2c415ff7922d5e2cd3b,0.5385211852672389,432,0.2634146341463415,0.5714285714285714,1.2585365853658537
expert_1,1641,midogpp-expert_1-e29fc19c8db9211498116768,0.5385211852672389,433,0.2638634978671542,0.5727513227513228,1.2606811564764033
expert_1,1642,midogpp-expert_1-1df29e7d496f1712d6becedf,0.53846579894766,433,0.26370280146163216,0.5727513227513228,1.2599133847611315
expert_1,1643,midogpp-expert_1-69b8ee1ac4abad200fea2a2d,0.53846579894766,433,0.263542300669507,0.5727513227513228,1.2591465476432
expert_1,1644,midogpp-expert_1-77d565808acc04b208b64271,0.5384104126280809,433,0.26338199513381993,0.5727513227513228,1.2583806434171396
expert_1,1645,midogpp-expert_1-82de08a5712f8619cad87523,0.5382442536693437,433,0.2632218844984802,0.5727513227513228,1.2576156703816277
expert_1,1646,midogpp-expert_1-5af972cca7a3c0ae0fa229f6,0.5381888673497647,433,0.26306196840826246,0.5727513227513228,1.256851626839476
expert_1,1647,midogpp-expert_1-a7b7aa16a911495912501512,0.5381888673497646,433,0.2629022465088039,0.5727513227513228,1.2560885110976185
expert_1,1648,midogpp-expert_1-d61cc406b657b7bc29a5a922,0.5373026862364996,433,0.26274271844660196,0.5727513227513228,1.2553263214670982
expert_1,1649,midogpp-expert_1-9166d0c905767ef927f46b6e,0.5371919135973414,433,0.26258338386901153,0.5727513227513228,1.254565056263055
expert_1,1650,midogpp-expert_1-3cbf29dcbff7a952959028cf,0.536804209360288,433,0.26242424242424245,0.5727513227513228,1.253804713804714
expert_1,1651,midogpp-expert_1-a972d4bf121c3382956ba681,0.5365272777623927,433,0.26226529376135677,0.5727513227513228,1.2530452924153712
expert_1,1652,midogpp-expert_1-ff2f23818daad04abbd9b097,0.5365272777623927,433,0.26210653753026636,0.5727513227513228,1.2522867904223836
expert_1,1653,midogpp-expert_1-522de88c011f7ae2b304cbee,0.5360841872057602,434,0.26255293405928615,0.5740740740740741,1.2544195738388115
expert_1,1654,midogpp-expert_1-3275810da4d8c0282644ac55,0.5359180282470231,435,0.2629987908101572,0.5753968253968254,1.2565497783151955
expert_1,1655,midogpp-expert_1-d2e7d26edca293fbfd7f2b8d,0.5354749376903905,435,0.2628398791540785,0.5753968253968254,1.2557905337361528
expert_1,1656,midogpp-expert_1-d9beb292f2c909e71c147150,0.5353641650512324,435,0.26268115942028986,0.5753968253968254,1.2550322061191626
expert_1,1657,midogpp-expert_1-31db6c627470fd44122a6a00,0.5349764608141789,435,0.26252263126131564,0.5753968253968254,1.2542747938040635
expert_1,1658,midogpp-expert_1-97d3607d0c5aa83af56ca638,0.5349764608141789,435,0.2623642943305187,0.5753968253968254,1.2535182951347006
expert_1,1659,midogpp-expert_1-e40a45908134ce56fb0652ef,0.5349210744945998,435,0.26220614828209765,0.5753968253968254,1.252762708458911
expert_1,1660,midogpp-expert_1-10aff2266e8c29150ef615fc,0.5347549155358626,435,0.2620481927710843,0.5753968253968254,1.2520080321285139
expert_1,1661,midogpp-expert_1-f1d2f9a6c4c8f73b23ce9af4,0.5335918028247023,435,0.26189042745334135,0.5753968253968254,1.2512542644992974
expert_1,1662,midogpp-expert_1-098d4adfa2610f0f2aa46136,0.5328717806701745,435,0.26173285198555957,0.5753968253968254,1.2505014039310067
expert_1,1663,midogpp-expert_1-2b95752de2509caa24c4dbae,0.5323179174743838,435,0.26157546602525555,0.5753968253968254,1.249749448787332
expert_1,1664,midogpp-expert_1-e76ddc1b8b030beed6cada5f,0.5323179174743837,435,0.2614182692307692,0.5753968253968254,1.2489983974358974
expert_1,1665,midogpp-expert_1-52ae4b68685c3ba397e09b8c,0.5321517585156467,435,0.26126126126126126,0.5753968253968254,1.2482482482482482
expert_1,1666,midogpp-expert_1-2c5d9b46a51a767841c96c98,0.5319855995569094,436,0.2617046818727491,0.5767195767195767,1.2503668133920234
expert_1,1667,midogpp-expert_1-3c2ef117df1ea13a98f73bc1,0.5319855995569094,436,0.2615476904619076,0.5767195767195767,1.249616743318003
expert_1,1668,midogpp-expert_1-489737af132848044c933dc2,0.5318748269177513,436,0.26139088729016785,0.5767195767195767,1.2488675726085796
expert_1,1669,midogpp-expert_1-28dc8b81a2a21143a26cf651,0.5318194405981722,436,0.26123427201917315,0.5767195767195767,1.2481192996471606
expert_1,1670,midogpp-expert_1-d03e17b4e937f28f6b7d0c04,0.531653281639435,436,0.26107784431137726,0.5767195767195767,1.2473719228210247
expert_1,1671,midogpp-expert_1-058f253a13e03e2f0d2d0b6e,0.5313763500415397,436,0.26092160383004187,0.5767195767195767,1.246625440521311
expert_1,1672,midogpp-expert_1-b0f5b00d4a590e1fa4610815,0.5313209637219607,436,0.2607655502392344,0.5767195767195767,1.245879851143009
expert_1,1673,midogpp-expert_1-8a15ca2fe56c2ae38793f60c,0.5312655774023816,436,0.26060968320382544,0.5767195767195767,1.2451351530849437
expert_1,1674,midogpp-expert_1-3f3452aaf2107706b80947c5,0.53076710052617,436,0.26045400238948624,0.5767195767195767,1.2443913447497674
expert_1,1675,midogpp-expert_1-212236bdbcd1873c95db29a1,0.5303240099695375,437,0.2608955223880597,0.578042328042328,1.2465008291873962
expert_1,1676,midogpp-expert_1-28bc38ba6b1096cc813c99e4,0.5301578510108003,437,0.2607398568019093,0.578042328042328,1.2457570936091222
expert_1,1677,midogpp-expert_1-586dd51bc59527e78f99276a,0.5301578510108003,438,0.26118067978533094,0.5793650793650794,1.2478632478632476
expert_1,1678,midogpp-expert_1-52336334ec528760beeec86e,0.5301024646912212,438,0.26102502979737785,0.5793650793650794,1.247119586809694
expert_1,1679,midogpp-expert_1-c30851289c2e3dcda925fac3,0.5298809194129049,438,0.2608695652173913,0.5793650793650794,1.2463768115942029
expert_1,1680,midogpp-expert_1-65f88a9b79157479d5f93cd8,0.5297147604541679,439,0.2613095238095238,0.5806878306878307,1.248478835978836
expert_1,1681,midogpp-expert_1-82f2f047cde1b2e586625a69,0.5294932151758516,439,0.2611540749553837,0.5806878306878307,1.2477361358979442
expert_1,1682,midogpp-expert_1-ed10e93b38c4d28a1d04c330,0.5293824425366934,440,0.2615933412604043,0.582010582010582,1.2498348526885983
expert_1,1683,midogpp-expert_1-635bc523e00693a9d541ffae,0.5292162835779561,440,0.26143790849673204,0.582010582010582,1.2490922294843863
expert_1,1684,midogpp-expert_1-49991a8d07aaec94910fd6c0,0.5288285793409028,440,0.26128266033254155,0.582010582010582,1.2483504882554761
expert_1,1685,midogpp-expert_1-ed87ffcfe63732e2a5ba6c14,0.5287731930213238,440,0.26112759643916916,0.582010582010582,1.247609627431586
expert_1,1686,midogpp-expert_1-bbfc3c224968b84c994a2505,0.5285516477430076,441,0.2615658362989324,0.5833333333333334,1.249703440094899
expert_1,1687,midogpp-expert_1-ef546631b2bb580a3cff4a47,0.5284962614234284,441,0.26141078838174275,0.5833333333333334,1.2489626556016598
expert_1,1688,midogpp-expert_1-5a3d75c1be0d0cf28b6583b4,0.5282193298255331,441,0.2612559241706161,0.5833333333333334,1.2482227488151658
expert_1,1689,midogpp-expert_1-60bf387d0ff9bd277ccd1779,0.528163943505954,441,0.261101243339254,0.5833333333333334,1.2474837181764358
expert_1,1690,midogpp-expert_1-81fa637dbab8e78be14eaa1f,0.528108557186375,442,0.26153846153846155,0.5846560846560847,1.2495726495726496
expert_1,1691,midogpp-expert_1-1d9a448ce679853fe75f57b2,0.5275546939905844,442,0.2613837965700769,0.5846560846560847,1.2488336947237006
expert_1,1692,midogpp-expert_1-f4b05e2dd815b18227b51408,0.5275546939905844,442,0.26122931442080377,0.5846560846560847,1.2480956133438401
expert_1,1693,midogpp-expert_1-bc990ac5248fa60a7d7dfdf2,0.5275546939905843,443,0.26166568222090963,0.5859788359788359,1.2501804817221238
expert_1,1694,midogpp-expert_1-88005262b9ef2d7b92883ec4,0.5262808086402659,443,0.2615112160566706,0.5859788359788359,1.249442476715204
expert_1,1695,midogpp-expert_1-ef95358f555529a053b76409,0.5258931044032125,443,0.26135693215339234,0.5859788359788359,1.2487053425106522
expert_1,1696,midogpp-expert_1-adb4ab75f64ed2bc7766d4c3,0.5257823317640543,443,0.26120283018867924,0.5859788359788359,1.247969077568134
expert_1,1697,midogpp-expert_1-439968d97580117f6c91e488,0.5255607864857381,443,0.2610489098408957,0.5859788359788359,1.247233680350946
expert_1,1698,midogpp-expert_1-76ba76ae1a152b22abbb3cbc,0.5254500138465799,444,0.26148409893992935,0.5873015873015873,1.2493129171574402
expert_1,1699,midogpp-expert_1-2b6a6e295a4ec28709317743,0.5250069232899474,445,0.2619187757504414,0.5886243386243386,1.25138970636322
expert_1,1700,midogpp-expert_1-ff45919c0ca008e1445d3063,0.5248407643312102,445,0.26176470588235295,0.5886243386243386,1.2506535947712418
expert_1,1701,midogpp-expert_1-29ea163b453a1c08bbe07121,0.5241761284962614,446,0.2621987066431511,0.58994708994709,1.2527271539617217
expert_1,1702,midogpp-expert_1-91302d822454f216450a844c,0.5240653558571033,447,0.2626321974148061,0.5912698412698413,1.2547982765374068
expert_1,1703,midogpp-expert_1-a41b8dede249461cc3687e80,0.5236776516200499,447,0.26247798003523193,0.5912698412698413,1.2540614601683302
expert_1,1704,midogpp-expert_1-12f6ed386e35714945b2824a,0.5236222653004707,447,0.2623239436619718,0.5912698412698413,1.2533255086071986
expert_1,1705,midogpp-expert_1-3f1c3faf01eaecd43b2752bf,0.5234561063417336,447,0.26217008797653957,0.5912698412698413,1.2525904203323557
expert_1,1706,midogpp-expert_1-d41e8602653fdec6088d0b6c,0.5234561063417336,447,0.2620164126611958,0.5912698412698413,1.2518561938257131
expert_1,1707,midogpp-expert_1-7d412eebf0837831d76dfbfe,0.5234007200221545,447,0.2618629173989455,0.5912698412698413,1.2511228275727395
expert_1,1708,midogpp-expert_1-43fe625cef89ba2e60cf1993,0.5233453337025755,448,0.26229508196721313,0.5925925925925926,1.2531876138433515
expert_1,1709,midogpp-expert_1-6138ee5e9e98243f1ded04bc,0.5232899473829964,448,0.26214160327677005,0.5925925925925926,1.2524543267667902
expert_1,1710,midogpp-expert_1-a7cbcc05266ae996c1bf51f9,0.5231791747438382,448,0.26198830409356727,0.5925925925925926,1.2517218973359325
expert_1,1711,midogpp-expert_1-6a9fd201f9c9beb367406677,0.5225145389088894,448,0.2618351841028638,0.5925925925925926,1.250990324047016
expert_1,1712,midogpp-expert_1-505112aeb7289ce6c930b125,0.5223483799501523,448,0.2616822429906542,0.5925925925925926,1.250259605399792
expert_1,1713,midogpp-expert_1-2e5467edbd8097bf769eed9a,0.5222376073109941,449,0.2621132516053707,0.593915343915344,1.2523188687812155
expert_1,1714,midogpp-expert_1-29efcf8c0a4084efd418fdf1,0.522071448352257,449,0.2619603267211202,0.593915343915344,1.251588227667574
expert_1,1715,midogpp-expert_1-15bb730bf1cc54e23e2df36c,0.5216283577956244,450,0.26239067055393583,0.5952380952380952,1.2536443148688046
expert_1,1716,midogpp-expert_1-5d3548fb71610fddfadd14e0,0.5215729714760454,450,0.26223776223776224,0.5952380952380952,1.2529137529137528
expert_1,1717,midogpp-expert_1-e789a44bebbd48008d45acfa,0.5212406535585711,450,0.262085032032615,0.5952380952380952,1.252184041933605
expert_1,1718,midogpp-expert_1-88c3d7ba3d1999fcd548a35d,0.521240653558571,450,0.2619324796274738,0.5952380952380952,1.2514551804423748
expert_1,1719,midogpp-expert_1-0e1b3d37c64be24c7190c9df,0.5211298809194129,450,0.2617801047120419,0.5952380952380952,1.2507271669575333
expert_1,1720,midogpp-expert_1-c18a9f22c6b19595586248c9,0.5210191082802549,451,0.2622093023255814,0.5965608465608465,1.2527777777777775
expert_1,1721,midogpp-expert_1-0f104e9d8558cb67d786f2bd,0.5209083356410966,451,0.2620569436374201,0.5965608465608465,1.2520498418232293
expert_1,1722,midogpp-expert_1-57934c80119835b60dd314c8,0.5204652450844641,451,0.2619047619047619,0.5965608465608465,1.2513227513227514
expert_1,1723,midogpp-expert_1-944f15aa1abd87e526c6560c,0.5204652450844641,451,0.2617527568195009,0.5965608465608465,1.250596504804282
expert_1,1724,midogpp-expert_1-b276101386bf507ae8673f2c,0.5202436998061479,451,0.26160092807424595,0.5965608465608465,1.249871100799175
expert_1,1725,midogpp-expert_1-a568063fe7284cb1831dfd29,0.5200221545278316,452,0.2620289855072464,0.5978835978835979,1.251916264090177
expert_1,1726,midogpp-expert_1-e2d9ae987d442515c1f0a7ad,0.5200221545278316,452,0.26187717265353416,0.5978835978835979,1.2511909360113298
expert_1,1727,midogpp-expert_1-a81f1698f61a7fb9faffb7e8,0.5198559955690945,452,0.2617255356108859,0.5978835978835979,1.2504664479186771
expert_1,1728,midogpp-expert_1-a4131f58ed598a4f3deba435,0.5191913597341457,452,0.26157407407407407,0.5978835978835979,1.2497427983539093
expert_1,1729,midogpp-expert_1-d836db0c4e4a5f08d8451831,0.5190805870949875,453,0.26200115673799884,0.5992063492063492,1.2517833044148834
expert_1,1730,midogpp-expert_1-18f2930f9cced089b717e34e,0.5190252007754085,453,0.26184971098265897,0.5992063492063492,1.2510597302504816
expert_1,1731,midogpp-expert_1-8837b5e73332ae6bfa27626a,0.5184713375796178,453,0.2616984402079723,0.5992063492063492,1.2503369921047565
expert_1,1732,midogpp-expert_1-0ca5a34ab08232382dde9435,0.5183051786208807,453,0.2615473441108545,0.5992063492063492,1.2496150885296382
expert_1,1733,midogpp-expert_1-dad419a584620072492776a5,0.5183051786208807,453,0.26139642238892097,0.5992063492063492,1.2488940180804
expert_1,1734,midogpp-expert_1-00326d8239ce6f4509489827,0.5180282470229853,453,0.26124567474048443,0.5992063492063492,1.2481737793156478
expert_1,1735,midogpp-expert_1-9621633187b299f314aea060,0.5179174743838272,453,0.2610951008645533,0.5992063492063492,1.24745437079731
expert_1,1736,midogpp-expert_1-a65b4201033bd326de6fd52d,0.51775131542509,453,0.2609447004608295,0.5992063492063492,1.2467357910906298
expert_1,1737,midogpp-expert_1-bcc0db23ca2346ddd075403a,0.5176405427859319,453,0.2607944732297064,0.5992063492063492,1.2460180387641526
expert_1,1738,midogpp-expert_1-38beb4af9a38d9140efd53e7,0.5173082248684575,453,0.26064441887226697,0.5992063492063492,1.24530111238972
expert_1,1739,midogpp-expert_1-9c016c9ad3831e7d415fdd2d,0.5168651343118249,453,0.26049453709028175,0.5992063492063492,1.2445850105424572
expert_1,1740,midogpp-expert_1-f68642ec2050ed296d5d5a8b,0.5166435890335088,453,0.2603448275862069,0.5992063492063492,1.2438697318007663
expert_1,1741,midogpp-expert_1-7e470b49a0c13c4e6823a470,0.5164774300747715,453,0.2601952900631821,0.5992063492063492,1.2431552747463144
expert_1,1742,midogpp-expert_1-6016aa8d0e7e10dbb1e94ba6,0.5162004984768762,454,0.2606199770378875,0.6005291005291006,1.2451843347365734
expert_1,1743,midogpp-expert_1-0235b45af01654f87f813179,0.5161451121572972,454,0.26047045324153756,0.6005291005291006,1.2444699432651238
expert_1,1744,midogpp-expert_1-04f70ef0f788d5bad2da763e,0.5159789531985599,454,0.2603211009174312,0.6005291005291006,1.243756371049949
expert_1,1745,midogpp-expert_1-9b2928c3eb0b37152bdc22ea,0.5157574079202437,454,0.26017191977077364,0.6005291005291006,1.2430436166825851
expert_1,1746,midogpp-expert_1-c5a0713babfc736b9f9566a2,0.5148158404873997,454,0.2600229095074456,0.6005291005291006,1.2423316787577956
expert_1,1747,midogpp-expert_1-239bddd34fae3d6cc39062b4,0.5147604541678206,455,0.2604464796794505,0.6018518518518519,1.2443554029129302
expert_1,1748,midogpp-expert_1-3507fea697fd40f14d275cd7,0.5145942952090834,455,0.2602974828375286,0.6018518518518519,1.2436435291126366
expert_1,1749,midogpp-expert_1-e82e15a5da15f53b2b4a666d,0.5145942952090833,455,0.26014865637507145,0.6018518518518519,1.2429324693475636
expert_1,1750,midogpp-expert_1-cf5dd0e36d8180c397b01a55,0.5144835225699252,455,0.26,0.6018518518518519,1.2422222222222221
expert_1,1751,midogpp-expert_1-6849fed878b6f0eb801b1def,0.5144281362503461,455,0.25985151342090235,0.6018518518518519,1.2415127863443112
expert_1,1752,midogpp-expert_1-74368b5631f4014213bc14e4,0.5143173636111881,455,0.259703196347032,0.6018518518518519,1.2408041603247082
expert_1,1753,midogpp-expert_1-65b74c6508a2449aab6e6e8c,0.514317363611188,455,0.25955504848830574,0.6018518518518519,1.2400963427774607
expert_1,1754,midogpp-expert_1-85b8eb56144f092404e942e1,0.5141512046524509,455,0.2594070695553022,0.6018518518518519,1.239389332319777
expert_1,1755,midogpp-expert_1-ee3d4c4484627a3adacd1fe0,0.5141512046524508,455,0.25925925925925924,0.6018518518518519,1.2386831275720163
expert_1,1756,midogpp-expert_1-c5742c3e0308b5f0541d59fc,0.5138742730545555,455,0.2591116173120729,0.6018518518518519,1.2379777271576815
expert_1,1757,midogpp-expert_1-8768d9d442ec918692d8418f,0.5133204098587649,456,0.2595332953898691,0.6031746031746031,1.239992411307152
expert_1,1758,midogpp-expert_1-b3da395ea75af0cadca1fed2,0.5133204098587649,456,0.2593856655290102,0.6031746031746031,1.2392870686386044
expert_1,1759,midogpp-expert_1-445c58818c969c6d72a3e45d,0.5132650235391858,456,0.25923820352473,0.6031746031746031,1.2385825279514877
expert_1,1760,midogpp-expert_1-2479ccebe4314a16a3536660,0.5132096372196068,456,0.2590909090909091,0.6031746031746031,1.2378787878787878
expert_1,1761,midogpp-expert_1-646b37886dcb49f2f99ee21a,0.5129327056217114,457,0.25951164111300395,0.6044973544973545,1.2398889519843521
expert_1,1762,midogpp-expert_1-ed434a54d8ffbcf73e9ef863,0.5128773193021323,457,0.2593643586833144,0.6044973544973545,1.2391852692647245
expert_1,1763,midogpp-expert_1-d2dd54b198773f576ff597e3,0.5126557740238161,457,0.25921724333522406,0.6044973544973545,1.2384823848238482
expert_1,1764,midogpp-expert_1-f05cc2f70f9bf8cea59bb43e,0.512655774023816,457,0.2590702947845805,0.6044973544973545,1.2377802973041068
expert_1,1765,midogpp-expert_1-dd61caf633033471f62d4ecd,0.512545001384658,457,0.25892351274787534,0.6044973544973545,1.23707900535096
expert_1,1766,midogpp-expert_1-663141e414d441801cf1b321,0.5123788424259208,457,0.2587768969422424,0.6044973544973545,1.2363785076129357
expert_1,1767,midogpp-expert_1-7005fe76077ba02f8cc0cafb,0.5122680697867626,458,0.2591963780418789,0.6058201058201058,1.238382695088977
expert_1,1768,midogpp-expert_1-259a137fa54136cfffcdac1d,0.5117695929105511,458,0.25904977375565613,0.6058201058201058,1.2376822523881348
expert_1,1769,midogpp-expert_1-188aeace01f5542a8c58f7f6,0.5115480476322348,458,0.2589033352176371,0.6058201058201058,1.236982601595377
expert_1,1770,midogpp-expert_1-8e2185b3e56f12203c5f5e9b,0.5114926613126558,458,0.25875706214689265,0.6058201058201058,1.236283741368487
expert_1,1771,midogpp-expert_1-6b25f835c0200ad8a3dd7424,0.5112711160343395,458,0.2586109542631282,0.6058201058201058,1.235585670368279
expert_1,1772,midogpp-expert_1-e5b5ee8d8b7c5ebfd61b960b,0.5111049570756023,459,0.2590293453724605,0.6071428571428571,1.2375846501128667
expert_1,1773,midogpp-expert_1-246f7daf62d69ccf9de3fd28,0.5109941844364442,460,0.25944726452340666,0.6084656084656085,1.2395813749451652
expert_1,1774,midogpp-expert_1-c71a7658a9a553e635904754,0.5108280254777071,461,0.25986471251409243,0.6097883597883598,1.2415758486784416
expert_1,1775,midogpp-expert_1-562c6999a88fcfa600f004f2,0.510772639158128,461,0.25971830985915495,0.6097883597883598,1.2408763693270737
expert_1,1776,midogpp-expert_1-1021c5704a7642bf4ec67a36,0.5106064801993908,461,0.25957207207207206,0.6097883597883598,1.2401776776776776
expert_1,1777,midogpp-expert_1-fa27df0e8d6b4c5468a771d6,0.5103295486014954,462,0.25998874507597075,0.6111111111111112,1.2421684486963047
expert_1,1778,midogpp-expert_1-d923b536aedde5177456deb4,0.5096095264469676,463,0.26040494938132736,0.6124338624338624,1.2441569803774528
expert_1,1779,midogpp-expert_1-15e71b168f8c087ec5ed421a,0.5095541401273885,463,0.26025857223159077,0.6124338624338624,1.2434576228842669
expert_1,1780,midogpp-expert_1-12492b91f8ae0b3a4b9ff0c8,0.5092218222099141,463,0.2601123595505618,0.6124338624338624,1.2427590511860174
expert_1,1781,midogpp-expert_1-4b8fea3f05e73b911a86039f,0.5090002769315979,463,0.25996631106120155,0.6124338624338624,1.242061263959074
expert_1,1782,midogpp-expert_1-63f894ad3d422b5c8d6a3a69,0.5087233453337026,463,0.25982042648709314,0.6124338624338624,1.2413642598827783
expert_1,1783,midogpp-expert_1-cd0f7906a5be24c213d8dad5,0.5084464137358073,463,0.2596747055524397,0.6124338624338624,1.2406680376394341
expert_1,1784,midogpp-expert_1-63497a1274b903952c0ab9c7,0.5083910274162282,463,0.2595291479820628,0.6124338624338624,1.2399725959143
expert_1,1785,midogpp-expert_1-13ab3d23215f33f0d915c3ad,0.5080033231791747,463,0.2593837535014006,0.6124338624338624,1.2392779333955806
expert_1,1786,midogpp-expert_1-89a465dd8a4de1c2b2ff01ca,0.5079479368595957,463,0.25923852183650614,0.6124338624338624,1.2385840487744182
expert_1,1787,midogpp-expert_1-8e28f24abeb03a99782b9945,0.5078371642204376,464,0.259653049804141,0.6137566137566137,1.2405645712864515
expert_1,1788,midogpp-expert_1-fcff0a2e63b60fcbe243ea76,0.5075048463029631,464,0.2595078299776286,0.6137566137566137,1.2398707432264477
expert_1,1789,midogpp-expert_1-5dc747fd817351e73bb3851a,0.5072833010246468,464,0.25936277249860257,0.6137566137566137,1.2391776908266567
expert_1,1790,midogpp-expert_1-b6ee06cac34db795cd6be477,0.5072279147050679,464,0.25921787709497207,0.6137566137566137,1.2384854127870888
expert_1,1791,midogpp-expert_1-d1b953c8341610cff2849c34,0.5071171420659097,464,0.25907314349525407,0.6137566137566137,1.2377939078106583
expert_1,1792,midogpp-expert_1-a3e47db1bfc42fa577691c41,0.5066740515092772,464,0.25892857142857145,0.6137566137566137,1.2371031746031746
expert_1,1793,midogpp-expert_1-36bd4978f394ecdcd5540f91,0.5066186651896981,464,0.2587841606246514,0.6137566137566137,1.2364132118733346
expert_1,1794,midogpp-expert_1-b0c6927cd83a54f3d83d0b0e,0.5062863472722238,464,0.25863991081382387,0.6137566137566137,1.235724018332714
expert_1,1795,midogpp-expert_1-fa3f068926a6a343f48a6a61,0.5062863472722238,464,0.2584958217270195,0.6137566137566137,1.23503559269576
expert_1,1796,midogpp-expert_1-122ec62053359000acdfdbfc,0.5061755746330656,464,0.2583518930957684,0.6137566137566137,1.2343479336797822
expert_1,1797,midogpp-expert_1-87ae0e895c65e09b8e898376,0.5058432567155913,465,0.2587646076794658,0.6150793650793651,1.2363197922463365
expert_1,1798,midogpp-expert_1-e9ab7175a55bd65fd32f2e88,0.5057324840764331,465,0.25862068965517243,0.6150793650793651,1.235632183908046
expert_1,1799,midogpp-expert_1-59157f17b4637d0e8f67aac9,0.5056770977568541,465,0.2584769316286826,0.6150793650793651,1.2349453400037058
expert_1,1800,midogpp-expert_1-35efc535fcf3ed24df8438b0,0.5055109387981169,465,0.25833333333333336,0.6150793650793651,1.2342592592592594
expert_1,1801,midogpp-expert_1-7865917b0bd8429dc51214b9,0.5054555524785378,465,0.25818989450305385,0.6150793650793651,1.2335739404034793
expert_1,1802,midogpp-expert_1-231680559691945c1bb24222,0.5050678482414843,465,0.258046614872364,0.6150793650793651,1.2328893821679614
expert_1,1803,midogpp-expert_1-be562afad52605b0e03a2643,0.5050124619219052,465,0.2579034941763727,0.6150793650793651,1.232205583287114
expert_1,1804,midogpp-expert_1-283bb313498e67869dcdc6df,0.5049016892827471,465,0.25776053215077604,0.6150793650793651,1.2315225424981522
expert_1,1805,midogpp-expert_1-2d3b1e4a833fa0da88aa63aa,0.5046247576848518,465,0.25761772853185594,0.6150793650793651,1.2308402585410894
expert_1,1806,midogpp-expert_1-02e8abf1b5b2f0f172500517,0.5044585987261148,466,0.25802879291251385,0.6164021164021164,1.2328042328042328
expert_1,1807,midogpp-expert_1-2de4de549c780d29151721d1,0.5043478260869565,466,0.25788599889319314,0.6164021164021164,1.2321219947119226
expert_1,1808,midogpp-expert_1-caf60345b748f508d2d20c76,0.5042924397673774,466,0.2577433628318584,0.6164021164021164,1.2314405113077678
expert_1,1809,midogpp-expert_1-a4d979d446fdca7867931d91,0.5041262808086402,466,0.2576008844665561,0.6164021164021164,1.2307597813402125
expert_1,1810,midogpp-expert_1-dd50e58293d3aae9cd3d5efb,0.5040708944890613,467,0.2580110497237569,0.6177248677248677,1.2327194597912827
expert_1,1811,midogpp-expert_1-7f6c435d452ef239cce8aa04,0.5037939628911658,467,0.2578685808945334,0.6177248677248677,1.2320387753849928
expert_1,1812,midogpp-expert_1-a3d4db6f9836f09225c1ee8a,0.5034062586541124,467,0.2577262693156733,0.6177248677248677,1.2313588422859945
expert_1,1813,midogpp-expert_1-9704ba0a722b6ff2a69895c1,0.5032954860149543,467,0.25758411472697185,0.6177248677248677,1.2306796592510876
expert_1,1814,midogpp-expert_1-534ca61dd3f12aa814d9b124,0.503073940736638,467,0.25744211686879825,0.6177248677248677,1.2300012250398138
expert_1,1815,midogpp-expert_1-99569345d22aa24302361f87,0.5028523954583218,468,0.2578512396694215,0.6190476190476191,1.2319559228650137
expert_1,1816,midogpp-expert_1-279675a3464289a0810c369d,0.5026308501800054,468,0.2577092511013216,0.6190476190476191,1.2312775330396475
expert_1,1817,midogpp-expert_1-d1858c25767c40bfa426af46,0.5025200775408474,468,0.25756741882223444,0.6190476190476191,1.2305998899284534
expert_1,1818,midogpp-expert_1-1354f1f0f350c01a4f1c5a50,0.5019108280254777,469,0.25797579757975797,0.6203703703703703,1.2325510328810658
expert_1,1819,midogpp-expert_1-783b5753071f1846f4a07280,0.5015785101080033,469,0.25783397471137987,0.6203703703703703,1.2318734347321483
expert_1,1820,midogpp-expert_1-c4fc6a30e2b42f67d1756219,0.5009138742730546,469,0.25769230769230766,0.6203703703703703,1.231196581196581
expert_1,1821,midogpp-expert_1-2b55910a48b449e43f58afad,0.5008031016338964,469,0.25755079626578803,0.6203703703703703,1.2305204710476538
expert_1,1822,midogpp-expert_1-5fc3b6d45c2947b173040297,0.5008031016338964,469,0.25740944017563117,0.6203703703703703,1.2298451030613489
expert_1,1823,midogpp-expert_1-10aa6113c186415931bdad6f,0.5003046247576849,469,0.25726823916620956,0.6203703703703703,1.2291704760163344
expert_1,1824,midogpp-expert_1-bbe7f72c823d7ea22d6fd64f,0.4993630573248407,469,0.2571271929824561,0.6203703703703703,1.228496588693957
expert_1,1825,midogpp-expert_1-9c8ddaf584ece059c6d90e7f,0.4991968983661036,469,0.256986301369863,0.6203703703703703,1.2278234398782342
expert_1,1826,midogpp-expert_1-2a82b9f122d5b3f2a54ebced,0.4989199667682082,470,0.2573932092004381,0.6216931216931217,1.22976755506876
expert_1,1827,midogpp-expert_1-ba4e8d83b7136aba6904e895,0.4986430351703129,470,0.25725232621784344,0.6216931216931217,1.2290944474852519
expert_1,1828,midogpp-expert_1-300cffe7aa59a26f2b02a73a,0.4981999446136804,470,0.25711159737417943,0.6216931216931217,1.2284220763433016
expert_1,1829,midogpp-expert_1-dce6c8d9984c0edc10835aab,0.4981445582941013,470,0.2569710224166211,0.6216931216931217,1.2277504404349675
expert_1,1830,midogpp-expert_1-c1244a27a27a0d4511dd3cad,0.4971476045416783,470,0.2568306010928962,0.6216931216931217,1.2270795385549484
expert_1,1831,midogpp-expert_1-e5953f294b5e14c7863e0632,0.4964829687067294,471,0.2572364827962862,0.623015873015873,1.2290187511378117
expert_1,1832,midogpp-expert_1-67feaac2395073e5d9927967,0.4963721960675713,471,0.25709606986899564,0.623015873015873,1.2283478893740902
expert_1,1833,midogpp-expert_1-eabec5166e4ce429217a634e,0.4963168097479923,471,0.2569558101472995,0.623015873015873,1.2276777595926531
expert_1,1834,midogpp-expert_1-f80bb303abb9ffc2e6512065,0.4962060371088341,471,0.2568157033805889,0.623015873015873,1.2270083605961468
expert_1,1835,midogpp-expert_1-bcea1e1e4185c3d5d640d8d4,0.4960398781500969,472,0.2572207084468665,0.6243386243386243,1.2289433848016955
expert_1,1836,midogpp-expert_1-4d71d568ad0b32466641be52,0.4959291055109388,472,0.2570806100217865,0.6243386243386243,1.2282740256596465
expert_1,1837,midogpp-expert_1-7e855cf9b01588febc080df7,0.4956521739130434,472,0.25694066412629285,0.6243386243386243,1.2276053952700658
expert_1,1838,midogpp-expert_1-8d7a946bb5086c1f1ac2812f,0.4951536970368319,472,0.25680087051142547,0.6243386243386243,1.2269374924434773
expert_1,1839,midogpp-expert_1-28d83c87e6779558e657b671,0.4950983107172528,472,0.25666122892876564,0.6243386243386243,1.2262703159929913
expert_1,1840,midogpp-expert_1-a6a6eb56fc66da664907693c,0.4950429243976738,472,0.2565217391304348,0.6243386243386243,1.2256038647342995
expert_1,1841,midogpp-expert_1-40343473fcca56bcaf14ec87,0.4948767654389365,472,0.25638240086909286,0.6243386243386243,1.2249381374856658
expert_1,1842,midogpp-expert_1-58af141b901a15c0cf319bf8,0.4948767654389365,473,0.25678610206297503,0.6256613756613757,1.2268669320786585
expert_1,1843,midogpp-expert_1-69fef2668ee0d6b3c4923c4c,0.4943229022431459,474,0.25718936516549107,0.626984126984127,1.2287936335684573
expert_1,1844,midogpp-expert_1-928fa4acbaeab4d48b067877,0.4942121296039878,474,0.25704989154013014,0.626984126984127,1.2281272595806216
expert_1,1845,midogpp-expert_1-9887807d6bd96c96de0f8a25,0.4940459706452506,475,0.25745257452574527,0.6283068783068783,1.2300511894007828
expert_1,1846,midogpp-expert_1-aab2e4c0a49971de291f1575,0.4939351980060925,475,0.2573131094257855,0.6283068783068783,1.2293848561454195
expert_1,1847,midogpp-expert_1-44ffbb7706573d5ecf22a4da,0.4937690390473553,475,0.25717379534380075,0.6283068783068783,1.2287192444203814
expert_1,1848,midogpp-expert_1-3b55302e9177878ad3f82d53,0.4937690390473552,475,0.25703463203463206,0.6283068783068783,1.228054353054353
expert_1,1849,midogpp-expert_1-e1787417d892a7b0298e534a,0.493547493769039,475,0.2568956192536506,0.6283068783068783,1.227390180878553
expert_1,1850,midogpp-expert_1-0f0d1cccbdb8a063b795fcb1,0.4929382442536693,475,0.25675675675675674,0.6283068783068783,1.2267267267267266
expert_1,1851,midogpp-expert_1-3a5c6b4a3f470f21ae6bba6e,0.4929382442536693,475,0.25661804430037816,0.6283068783068783,1.22606398943514
expert_1,1852,midogpp-expert_1-13ad82078786fb3ecdf4befb,0.4927720852949321,475,0.25647948164146867,0.6283068783068783,1.2254019678425725
expert_1,1853,midogpp-expert_1-ff3f889a67f49ee17dad069c,0.4924951536970368,475,0.25634106853750677,0.6283068783068783,1.22474066079031
expert_1,1854,midogpp-expert_1-4ea3554afce6cd960a24cd8c,0.4919412905012462,475,0.25620280474649404,0.6283068783068783,1.2240800671221381
expert_1,1855,midogpp-expert_1-c920c455ec2d5ffc49cc1e70,0.4919412905012462,475,0.2560646900269542,0.6283068783068783,1.2234201856843367
expert_1,1856,midogpp-expert_1-e13993205bad59e2e4bc993b,0.4919412905012461,475,0.25592672413793105,0.6283068783068783,1.2227610153256705
expert_1,1857,midogpp-expert_1-6397763e585d4e3d8671f9d4,0.49171974522293,475,0.25578890683898764,0.6283068783068783,1.2221025548973854
expert_1,1858,midogpp-expert_1-8f9545015242cb8a734b0b11,0.49171974522293,475,0.2556512378902045,0.6283068783068783,1.2214448032531993
expert_1,1859,midogpp-expert_1-fc976a6c8be51070cc19295e,0.4916643589033509,476,0.2560516406670253,0.6296296296296297,1.2233578387424542
expert_1,1860,midogpp-expert_1-a220684cd1deb3b2dedeb92d,0.4916089725837718,476,0.25591397849462366,0.6296296296296297,1.222700119474313
expert_1,1861,midogpp-expert_1-7e4441a5c6f1131a2cfe625c,0.4913320409858765,476,0.2557764642665234,0.6296296296296297,1.2220431070511673
expert_1,1862,midogpp-expert_1-89442aeef9ef013a0f93b0a9,0.4908889504292439,476,0.2556390977443609,0.6296296296296297,1.2213868003341686
expert_1,1863,midogpp-expert_1-ed468afeef78f34cc7c75d4c,0.4906674051509277,476,0.2555018786902845,0.6296296296296297,1.220731198186915
expert_1,1864,midogpp-expert_1-49e4ff081b78ce2fc0e86fd5,0.4903904735530323,476,0.2553648068669528,0.6296296296296297,1.220076299475441
expert_1,1865,midogpp-expert_1-805659f96ab5f34fdb4ede57,0.490113541955137,476,0.2552278820375335,0.6296296296296297,1.2194221030682155
expert_1,1866,midogpp-expert_1-44843b07374c556b55789704,0.490058155635558,476,0.25509110396570206,0.6296296296296297,1.218768607836132
expert_1,1867,midogpp-expert_1-8d6f7724a679dc4a4b60bc57,0.4896704513985046,476,0.25495447241564007,0.6296296296296297,1.2181158126525025
expert_1,1868,midogpp-expert_1-0dc1bee5df0dcc358f7b6bb0,0.4892827471614511,477,0.25535331905781583,0.6309523809523809,1.220021413276231
expert_1,1869,midogpp-expert_1-1e4c74ff2f7f33b2ae945100,0.4892827471614511,477,0.2552166934189406,0.6309523809523809,1.2193686463349382
expert_1,1870,midogpp-expert_1-670cb3749c94e9b1f0b6d0cc,0.4888950429243976,477,0.2550802139037433,0.6309523809523809,1.2187165775401068
expert_1,1871,midogpp-expert_1-ed5b2e07176947803de15b57,0.4887288839656605,477,0.25494388027792625,0.6309523809523809,1.2180652057723143
expert_1,1872,midogpp-expert_1-a755b121b60b8c480f9800c8,0.4885627250069233,478,0.2553418803418803,0.6322751322751323,1.2199667616334282
expert_1,1873,midogpp-expert_1-f2ea9dfb199e0fc565542484,0.488285793409028,478,0.25520555258942873,0.6322751322751323,1.2193154179272705
expert_1,1874,midogpp-expert_1-b186bb061ccdd383d8bb2096,0.4880642481307117,478,0.2550693703308431,0.6322751322751323,1.2186647693584725
expert_1,1875,midogpp-expert_1-799f97d8668568978b8e7a86,0.4879534754915535,478,0.25493333333333335,0.6322751322751323,1.2180148148148149
expert_1,1876,midogpp-expert_1-f86f02bad6462be1c9069090,0.4872334533370257,479,0.2553304904051173,0.6335978835978836,1.2199123430466714
expert_1,1877,midogpp-expert_1-6df26c33e3a8e066d1485a55,0.4871780670174466,479,0.2551944592434736,0.6335978835978836,1.219262416385485
expert_1,1878,midogpp-expert_1-2cdfb56d52fc33f6610c26e4,0.4866242038216561,480,0.25559105431309903,0.6349206349206349,1.2211572594959175
expert_1,1879,midogpp-expert_1-60fa3d862b2ea7785528eb49,0.4864026585433398,480,0.25545502927088876,0.6349206349206349,1.220507362072024
expert_1,1880,midogpp-expert_1-2378f04d11052b3b5b0958e6,0.4862918859041816,480,0.2553191489361702,0.6349206349206349,1.2198581560283686
expert_1,1881,midogpp-expert_1-1baca475ba111c018fcd5c08,0.4862364995846026,480,0.2551834130781499,0.6349206349206349,1.2192096402622716
expert_1,1882,midogpp-expert_1-023a71d1089ebd3c948a6f72,0.485682636388812,480,0.255047821466525,0.6349206349206349,1.218561813673397
expert_1,1883,midogpp-expert_1-016dce751cfaa14cf3622259,0.4854057047909166,481,0.25544344131704727,0.6362433862433863,1.2204519974036703
expert_1,1884,midogpp-expert_1-420e11ba5c74c88cabef4cec,0.4854057047909166,481,0.25530785562632696,0.6362433862433863,1.2198041991035622
expert_1,1885,midogpp-expert_1-7203efe9045defc79c8b7571,0.4851287731930213,481,0.25517241379310346,0.6362433862433863,1.2191570881226053
expert_1,1886,midogpp-expert_1-c29f7ae66a232336c479c38e,0.484851841595126,481,0.2550371155885472,0.6362433862433863,1.2185106633675031
expert_1,1887,midogpp-expert_1-1348f72ea7fe2cf735d5e31e,0.4845195236776516,481,0.2549019607843137,0.6362433862433863,1.2178649237472765
expert_1,1888,midogpp-expert_1-8f20f355bdf39eec0d7fadef,0.4843533647189144,481,0.2547669491525424,0.6362433862433863,1.217219868173258
expert_1,1889,midogpp-expert_1-189785d39251e4327c49c7f3,0.4842979783993353,481,0.25463208046585495,0.6362433862433863,1.2165754955590846
expert_1,1890,midogpp-expert_1-e432c228e63d6a03494c9ba1,0.4835225699252284,482,0.25502645502645505,0.6375661375661376,1.2184597295708408
expert_1,1891,midogpp-expert_1-1f55f5a877d86fea59d3378b,0.4834671836056494,482,0.2548915917503966,0.6375661375661376,1.2178153828074505
expert_1,1892,midogpp-expert_1-f9eac4aa74728071f6a57041,0.4834117972860703,482,0.2547568710359408,0.6375661375661376,1.2171717171717171
expert_1,1893,midogpp-expert_1-8fe1ffbc09230e77db5ebb3d,0.4831902520077541,482,0.25462229265715797,0.6375661375661376,1.216528731584199
expert_1,1894,midogpp-expert_1-bd4502835bda6d30b75dc1f0,0.4829133204098587,482,0.25448785638859556,0.6375661375661376,1.2158864249677344
expert_1,1895,midogpp-expert_1-710c0ef3f1c589009fef7f8d,0.4828025477707006,483,0.25488126649076515,0.6388888888888888,1.2177660510114334
expert_1,1896,midogpp-expert_1-faa20d17d6cf194786fa3475,0.4828025477707006,483,0.254746835443038,0.6388888888888888,1.2171237693389592
expert_1,1897,midogpp-expert_1-d5087296f18678fb183669b4,0.4827471614511215,484,0.2551396942540854,0.6402116402116402,1.2190007614361857
expert_1,1898,midogpp-expert_1-6a9bc247e2324ed73b93b4bd,0.4825810024923844,484,0.25500526870389884,0.6402116402116402,1.2183585060297388
expert_1,1899,midogpp-expert_1-7a04903e3917bb2a2df6c77a,0.4823594572140681,484,0.25487098472880465,0.6402116402116402,1.2177169270376222
expert_1,1900,midogpp-expert_1-f95e4daa53e166099dbeb3b2,0.4821379119357519,484,0.25473684210526315,0.6402116402116402,1.2170760233918128
expert_1,1901,midogpp-expert_1-1633af890873320e3a35e30d,0.4815286624203821,484,0.25460284061020516,0.6402116402116402,1.2164357940265358
expert_1,1902,midogpp-expert_1-d849da05258b88dfd85830fe,0.4806978676266961,484,0.2544689800210305,0.6402116402116402,1.215796237878257
expert_1,1903,midogpp-expert_1-f56e30a715652ddea148a4f1,0.480531708667959,485,0.254860746190226,0.6415343915343915,1.2176680095755241
expert_1,1904,midogpp-expert_1-5cbf2d0b6815e2bbce372d82,0.4804209360288008,485,0.2547268907563025,0.6415343915343915,1.2170284780578897
expert_1,1905,midogpp-expert_1-48c43d8983f378a1d65a5ccf,0.4803655497092218,485,0.2545931758530184,0.6415343915343915,1.2163896179644211
expert_1,1906,midogpp-expert_1-6a35d2c2172d424590f976d0,0.4801993907504847,485,0.25445960125918154,0.6415343915343915,1.2157514282383117
expert_1,1907,midogpp-expert_1-236d778309697162fe0eb66a,0.4798116865134312,486,0.2548505506030414,0.6428571428571429,1.2176192973256421
expert_1,1908,midogpp-expert_1-bcb864fb9c799eddf8b8b784,0.4794793685959568,486,0.25471698113207547,0.6428571428571429,1.2169811320754715
expert_1,1909,midogpp-expert_1-8cf98ff3155613379841cdd3,0.4794239822763777,487,0.25510738606600314,0.6441798941798942,1.218846400093126
expert_1,1910,midogpp-expert_1-5fe01d52358c637f07725f5d,0.4793685959567987,487,0.2549738219895288,0.6441798941798942,1.2182082606166373
expert_1,1911,midogpp-expert_1-fb5c243596383e437bd3bc3f,0.4792578233176405,487,0.2548403976975406,0.6441798941798942,1.2175707889993606
expert_1,1912,midogpp-expert_1-3ad36020b072641b6daaae56,0.4792024369980615,487,0.2547071129707113,0.6441798941798942,1.2169339841933984
expert_1,1913,midogpp-expert_1-478d088e447302486119875a,0.4788701190805871,487,0.2545739675901725,0.6441798941798942,1.2162978451530462
expert_1,1914,midogpp-expert_1-cfd9b03a414a1687b09ac15a,0.4787039601218499,488,0.2549634273772205,0.6455026455026455,1.2181585974689424
expert_1,1915,midogpp-expert_1-d32896444813f8a47c257a21,0.4785931874826917,489,0.25535248041775455,0.6468253968253969,1.2200174064403828
expert_1,1916,midogpp-expert_1-c0ecbe84688c163ae87759d4,0.4785378011631127,489,0.25521920668058456,0.6468253968253969,1.2193806541405707
expert_1,1917,midogpp-expert_1-d8bdf116c4b84b61b4699527,0.4782054832456384,490,0.2556077203964528,0.6481481481481481,1.2212368863386078
expert_1,1918,midogpp-expert_1-e35335387962d600d83a78f8,0.4776516200498477,491,0.25599582898852974,0.6494708994708994,1.2230911829451976
expert_1,1919,midogpp-expert_1-b5f8fc5c1e21d8de0e9d5006,0.4767654389365826,491,0.25586242834809797,0.6494708994708994,1.2224538243298013
expert_1,1920,midogpp-expert_1-197a2d2bd0c7cba0be7ad105,0.4766546662974246,491,0.2557291666666667,0.6494708994708994,1.2218171296296296
expert_1,1921,midogpp-expert_1-4519160044e70367d073c73c,0.4759900304624758,491,0.2555960437272254,0.6494708994708994,1.2211810978078546
expert_1,1922,midogpp-expert_1-57260545a30a3dbbe0a814b6,0.4758238715037386,491,0.2554630593132154,0.6494708994708994,1.2205457278298069
expert_1,1923,midogpp-expert_1-1268b16a665fa06397116df0,0.4755469399058432,491,0.25533021320852833,0.6494708994708994,1.2199110186629687
expert_1,1924,midogpp-expert_1-72fcecc3fdd96f0879c29a62,0.4749376903904735,491,0.25519750519750517,0.6494708994708994,1.2192769692769692
expert_1,1925,midogpp-expert_1-f0ae3739dc55569b1b3c1314,0.4748269177513154,492,0.2555844155844156,0.6507936507936508,1.221125541125541
expert_1,1926,midogpp-expert_1-52af18ab3ba58be0384333d0,0.474494599833841,492,0.2554517133956386,0.6507936507936508,1.22049151955694
expert_1,1927,midogpp-expert_1-063480f9afb54339d936a952,0.4740515092772085,492,0.2553191489361702,0.6507936507936508,1.2198581560283686
expert_1,1928,midogpp-expert_1-b488bff1945ffb7f81416740,0.4740515092772085,492,0.2551867219917012,0.6507936507936508,1.2192254495159058
expert_1,1929,midogpp-expert_1-99a25dae20877c49192264cf,0.4733314871226807,492,0.25505443234836706,0.6507936507936508,1.2185933989977535
expert_1,1930,midogpp-expert_1-86e00e8c0990bb054dd90fbb,0.4731099418443644,493,0.255440414507772,0.6521164021164021,1.2204375359815773
expert_1,1931,midogpp-expert_1-085c4965cec9a48926b0e858,0.4730545555247853,493,0.2553081305023304,0.6521164021164021,1.219805512400023
expert_1,1932,midogpp-expert_1-5bf3918e0515154d43466174,0.4729991692052063,493,0.255175983436853,0.6521164021164021,1.2191741430871865
expert_1,1933,midogpp-expert_1-b25b33a073c1dcd396102d83,0.4728883965660482,493,0.25504397309881016,0.6521164021164021,1.2185434270276485
expert_1,1934,midogpp-expert_1-12a1c26c973b91014ab75209,0.4728330102464692,494,0.25542916235780766,0.6534391534391535,1.2203837757095255
expert_1,1935,midogpp-expert_1-5928573823ee781c04ea64c9,0.47277762392689,494,0.255297157622739,0.6534391534391535,1.219753086419753
expert_1,1936,midogpp-expert_1-b23e6345d5bee3433bf69704,0.4726114649681529,494,0.25516528925619836,0.6534391534391535,1.2191230486685032
expert_1,1937,midogpp-expert_1-18b443327fa30444cc711f38,0.4725560786485738,494,0.2550335570469799,0.6534391534391535,1.2184936614466817
expert_1,1938,midogpp-expert_1-90678141961c626f7fc3b130,0.4725006923289948,494,0.2549019607843137,0.6534391534391535,1.2178649237472765
expert_1,1939,midogpp-expert_1-1c09a08792134042c9662069,0.4724453060094156,494,0.25477050025786485,0.6534391534391535,1.2172368345653541
expert_1,1940,midogpp-expert_1-e93e7f2d122dd5539174642f,0.4722791470506785,494,0.25463917525773194,0.6534391534391535,1.2166093928980526
expert_1,1941,midogpp-expert_1-dd7689b26df4e8ab7d4fa8e0,0.4719468291332041,495,0.2550231839258114,0.6547619047619048,1.2184441009788767
expert_1,1942,midogpp-expert_1-a412f1f4a1bb400db2bb0214,0.471836056494046,495,0.2548918640576725,0.6547619047619048,1.217816683831102
expert_1,1943,midogpp-expert_1-8ccccf179015ecbbd7d3f333,0.4711160343395182,495,0.2547606793618116,0.6547619047619048,1.2171899125064332
expert_1,1944,midogpp-expert_1-a49ddd9d00c2abc13ac85fd5,0.4708944890612019,495,0.25462962962962965,0.6547619047619048,1.2165637860082306
expert_1,1945,midogpp-expert_1-dc478a9c107ca331069b0dce,0.4707283301024647,495,0.2544987146529563,0.6547619047619048,1.2159383033419022
expert_1,1946,midogpp-expert_1-4b106b4c976a615bcabe094e,0.4706175574633066,496,0.25488180883864336,0.656084656084656,1.2177686422290739
expert_1,1947,midogpp-expert_1-824ed4ceac3756c7ae4f1546,0.4700083079479369,496,0.25475089881869545,0.656084656084656,1.2171431832448782
expert_1,1948,midogpp-expert_1-031281ff79ca551282527bd8,0.4700083079479368,497,0.2551334702258727,0.6574074074074074,1.2189710244125027
expert_1,1949,midogpp-expert_1-9d576b3600b9b01dd1898ecc,0.4699529216283578,497,0.2550025654181632,0.6574074074074074,1.2183455903312241
expert_1,1950,midogpp-expert_1-dd0043991ce556c332f86297,0.4699529216283578,498,0.2553846153846154,0.6587301587301587,1.22017094017094
expert_1,1951,midogpp-expert_1-fcac5fa6e30a58d731b036e9,0.4698975353087787,498,0.25525371604305486,0.6587301587301587,1.2195455322057065
expert_1,1952,midogpp-expert_1-466418c3f4f9b7c4c1194638,0.4698421489891996,498,0.2551229508196721,0.6587301587301587,1.2189207650273224
expert_1,1953,midogpp-expert_1-c1bc07341eef4080847c2db1,0.4697867626696206,498,0.25499231950844853,0.6587301587301587,1.2182966376514763
expert_1,1954,midogpp-expert_1-45073ebdad66d5b220281d7b,0.4697313763500416,498,0.2548618219037871,0.6587301587301587,1.2176731490958717
expert_1,1955,midogpp-expert_1-b719850de414b5386011d592,0.4696206037108834,498,0.2547314578005115,0.6587301587301587,1.2170502983802214
expert_1,1956,midogpp-expert_1-f1aba5808b3b634bcbc637a6,0.4694544447521462,498,0.254601226993865,0.6587301587301587,1.2164280845262438
expert_1,1957,midogpp-expert_1-5bdce5f79ad23bd363cf4684,0.469288285793409,498,0.25447112927950943,0.6587301587301587,1.2158065065576562
expert_1,1958,midogpp-expert_1-a56abf7afcbe8639330dec11,0.4690667405150928,498,0.254341164453524,0.6587301587301587,1.2151855635001703
expert_1,1959,midogpp-expert_1-28e8f0a305a3560af409c52b,0.4689005815563555,498,0.2542113323124043,0.6587301587301587,1.214565254381487
expert_1,1960,midogpp-expert_1-fa73ba722671b8f46e5226ac,0.467515923566879,498,0.2540816326530612,0.6587301587301587,1.2139455782312925
expert_1,1961,midogpp-expert_1-832e5ad26894d4cf42ef269f,0.4672943782885627,499,0.2544620091789903,0.66005291005291,1.2157629327440647
expert_1,1962,midogpp-expert_1-8346e6e76f9d59fc577bcd33,0.4672943782885627,499,0.2543323139653415,0.66005291005291,1.2151432778344093
expert_1,1963,midogpp-expert_1-750dd2d7b886a65ed51c667d,0.4670728330102465,500,0.2547121752419766,0.6613756613756614,1.2169581706005548
expert_1,1964,midogpp-expert_1-f17851ed7e9325ee7f820e69,0.4669066740515092,501,0.25509164969450104,0.6626984126984127,1.2187712152070604
expert_1,1965,midogpp-expert_1-9dda962fca73a9f863b1ecf6,0.4668512877319302,502,0.255470737913486,0.6640211640211641,1.2205824144755442
expert_1,1966,midogpp-expert_1-89fe89da32a5b668d80e24ac,0.466685128773193,502,0.25534079348931843,0.6640211640211641,1.2199615688934102
expert_1,1967,midogpp-expert_1-6432774b66181821e00c3004,0.4665743561340348,502,0.25521098118962887,0.6640211640211641,1.2193413545726712
expert_1,1968,midogpp-expert_1-3848c250b996d1858da3c0ac,0.4665189698144558,503,0.25558943089430897,0.6653439153439153,1.2211495031616983
expert_1,1969,midogpp-expert_1-90748ac53cdf361db43ac41f,0.4665189698144558,503,0.25545962417470797,0.6653439153439153,1.2205293155013826
expert_1,1970,midogpp-expert_1-46afc88613dc5a6cc8801d61,0.4664635834948767,504,0.25583756345177666,0.6666666666666666,1.2223350253807106
expert_1,1971,midogpp-expert_1-20d4a3427a622058aed38b21,0.4662420382165605,504,0.2557077625570776,0.6666666666666666,1.221714865550482
expert_1,1972,midogpp-expert_1-81a839a61baf479530c1b1a5,0.4661312655774023,504,0.25557809330628806,0.6666666666666666,1.2210953346855984
expert_1,1973,midogpp-expert_1-1abbe32a8b99d2993aadb7c4,0.4660758792578233,504,0.2554485554992397,0.6666666666666666,1.2204764318297008
expert_1,1974,midogpp-expert_1-112c8f110c6db4cbd8803d03,0.4660204929382442,504,0.2553191489361702,0.6666666666666666,1.2198581560283686
expert_1,1975,midogpp-expert_1-9db2be9f29c5c7c5d12f91ff,0.4659097202990861,504,0.25518987341772154,0.6666666666666666,1.2192405063291138
expert_1,1976,midogpp-expert_1-cc962ab5c3f03a0792754f74,0.465854333979507,504,0.2550607287449393,0.6666666666666666,1.2186234817813766
expert_1,1977,midogpp-expert_1-ecb7d1c705f71a3151f28060,0.4656327887011908,504,0.2549317147192716,0.6666666666666666,1.2180070814365198
expert_1,1978,midogpp-expert_1-f8235675b9c37e99280c15ee,0.4653004707837164,504,0.25480283114256824,0.6666666666666666,1.217391304347826
expert_1,1979,midogpp-expert_1-81c2f6b6a3204e625dfadf1d,0.4652450844641373,504,0.25467407781707935,0.6666666666666666,1.21677614957049
expert_1,1980,midogpp-expert_1-42e243b9c6d1e0aecb24468e,0.4651896981445582,504,0.2545454545454545,0.6666666666666666,1.216161616161616
expert_1,1981,midogpp-expert_1-ddc004e96412c715d491aa94,0.4646912212683467,504,0.254416961130742,0.6666666666666666,1.2155477031802118
expert_1,1982,midogpp-expert_1-204c37f2e28dc1bdb4ebefbf,0.464081971752977,504,0.2542885973763875,0.6666666666666666,1.2149344096871846
expert_1,1983,midogpp-expert_1-946984f2e2f3b56ea153964d,0.4635281085571863,504,0.25416036308623297,0.6666666666666666,1.2143217347453352
expert_1,1984,midogpp-expert_1-73863ea6c6ddc8959eb8dccc,0.4631957906397119,504,0.2540322580645161,0.6666666666666666,1.2137096774193548
expert_1,1985,midogpp-expert_1-07300f2c5fd1c11f2439ef34,0.4631404043201329,504,0.253904282115869,0.6666666666666666,1.2130982367758185
expert_1,1986,midogpp-expert_1-ae42d6086234331e175a379c,0.4630296316809748,504,0.2537764350453172,0.6666666666666666,1.212487411883182
expert_1,1987,midogpp-expert_1-94c0fef0ac465f854df3b924,0.4626419274439213,504,0.2536487166582788,0.6666666666666666,1.2118772018117765
expert_1,1988,midogpp-expert_1-fbc475528e6316160948718e,0.4626419274439213,504,0.2535211267605634,0.6666666666666666,1.2112676056338028
expert_1,1989,midogpp-expert_1-d746f47b2629cf5e7eaed24a,0.4621434505677098,504,0.25339366515837103,0.6666666666666666,1.2106586224233282
expert_1,1990,midogpp-expert_1-47c4bc0c4c9b62438616bff1,0.4616449736914981,504,0.25326633165829143,0.6666666666666666,1.2100502512562812
expert_1,1991,midogpp-expert_1-3a4ecc4d8a3bc2247b8d5f32,0.461478814732761,505,0.2536413862380713,0.667989417989418,1.2118421786930074
expert_1,1992,midogpp-expert_1-339491473162764633748235,0.4610357241761285,505,0.2535140562248996,0.667989417989418,1.2112338241856313
expert_1,1993,midogpp-expert_1-74bccc986cab6b2cc8fe0687,0.4609803378565494,505,0.2533868539889614,0.667989417989418,1.2106260801694821
expert_1,1994,midogpp-expert_1-d211cc926ea45fd382f7ad47,0.4607587925782332,505,0.253259779338014,0.667989417989418,1.2100189457260668
expert_1,1995,midogpp-expert_1-ab088a6a71bac21b1c010ed4,0.4607587925782331,505,0.2531328320802005,0.667989417989418,1.2094124199387355
expert_1,1996,midogpp-expert_1-da7cf7f96d19d65d9502903d,0.4607587925782331,506,0.2535070140280561,0.6693121693121693,1.2112001781340458
expert_1,1997,midogpp-expert_1-b7ddfff5b68a65a2a348f069,0.4607034062586541,506,0.25338007010515773,0.6693121693121693,1.2105936682801979
expert_1,1998,midogpp-expert_1-430bb8b62cc07c4f7b39d7ba,0.4604818609803378,506,0.25325325325325326,0.6693121693121693,1.209987765543321
expert_1,1999,midogpp-expert_1-c2ebed60b1c1697547e1dab9,0.4603710883411797,507,0.25362681340670334,0.6706349206349206,1.2117725529431382
expert_1,2000,midogpp-expert_1-50e29a15fb9d84de32e201c3,0.4602603157020216,507,0.2535,0.6706349206349206,1.2111666666666667
expert_1,2001,midogpp-expert_1-3cb75408e90286c07bfb2937,0.4595956798670728,508,0.2538730634682659,0.671957671957672,1.212949081015048
expert_1,2002,midogpp-expert_1-75d5d1e1b398f2e5706fff59,0.4595956798670728,508,0.25374625374625376,0.671957671957672,1.2123432123432123
expert_1,2003,midogpp-expert_1-7defcc07fe84eaae291d8894,0.4592079756300194,508,0.25361957064403395,0.671957671957672,1.2117379486326065
expert_1,2004,midogpp-expert_1-95bbfcd1d5cf91b41d18a1d6,0.4589864303517031,508,0.25349301397205587,0.671957671957672,1.2111332889776003
expert_1,2005,midogpp-expert_1-7de364cacb0a732069fc5011,0.458931044032124,509,0.2538653366583541,0.6732804232804233,1.2129121640343583
expert_1,2006,midogpp-expert_1-3d5be85ba7087caec2ac4256,0.458875657712545,509,0.25373878364905283,0.6732804232804233,1.212307521878808
expert_1,2007,midogpp-expert_1-2c7193482a35ad4e4f63441b,0.4588202713929659,510,0.25411061285500747,0.6746031746031746,1.2140840391961467
expert_1,2008,midogpp-expert_1-11dc14c6fe742a625b02148f,0.4585433397950706,510,0.2539840637450199,0.6746031746031746,1.2134794156706505
expert_1,2009,midogpp-expert_1-ea593ba00adf9e7dbbe45e07,0.4584879534754916,511,0.25435540069686413,0.6759259259259259,1.2152535811072396
expert_1,2010,midogpp-expert_1-ac8599bc940eae75382dafd6,0.4584325671559124,511,0.25422885572139303,0.6759259259259259,1.2146489773355444
expert_1,2011,midogpp-expert_1-bd400887d2dc86410b9d2981,0.4581002492384381,511,0.2541024365987071,0.6759259259259259,1.2140449748604896
expert_1,2012,midogpp-expert_1-0349ab11a04c9a90f7ad4143,0.458044862918859,512,0.2544731610337972,0.6772486772486772,1.215816213828142
expert_1,2013,midogpp-expert_1-57fc105fdfeffe07f8cf5e01,0.4577125450013847,512,0.25434674615002484,0.6772486772486772,1.2152122316056742
expert_1,2014,midogpp-expert_1-8035714e367b52803d95b63c,0.4570479091664359,512,0.2542204568023833,0.6772486772486772,1.2146088491669425
expert_1,2015,midogpp-expert_1-7329f331ed66def666e34816,0.4569925228468568,513,0.254590570719603,0.6785714285714286,1.2163771712158808
expert_1,2016,midogpp-expert_1-21eedc6e8703867bf4d5e1a7,0.4568263638881196,514,0.25496031746031744,0.6798941798941799,1.2181437389770722
expert_1,2017,midogpp-expert_1-550be0c4fe27bd414e3b94d6,0.4568263638881196,515,0.2553296975706495,0.6812169312169312,1.2199085550597697
expert_1,2018,midogpp-expert_1-9710484caeab1d7fa200d92d,0.4564940459706452,515,0.25520317145688803,0.6812169312169312,1.2193040414051317
expert_1,2019,midogpp-expert_1-e2e77df3f77fc0fc5e264b70,0.456327887011908,515,0.2550767706785537,0.6812169312169312,1.2187001265753121
expert_1,2020,midogpp-expert_1-1ef80815e8617dbe690410a8,0.4561617280531708,515,0.25495049504950495,0.6812169312169312,1.2180968096809681
expert_1,2021,midogpp-expert_1-d288741ec1b66d6e1b85b4aa,0.4561063417335917,515,0.25482434438396834,0.6812169312169312,1.2174940898345152
expert_1,2022,midogpp-expert_1-24cf965c92bb0eb3c9cf33ae,0.4556078648573802,515,0.25469831849653807,0.6812169312169312,1.2168919661501263
expert_1,2023,midogpp-expert_1-4b27c41c73ed4321965c03f9,0.455386319579064,515,0.254572417202175,0.6812169312169312,1.216290437743725
expert_1,2024,midogpp-expert_1-39d6aec7807a6e446c22490a,0.4553863195790639,516,0.2549407114624506,0.6825396825396826,1.2180500658761528
expert_1,2025,midogpp-expert_1-a793416073e69cead830e921,0.4550540016615896,516,0.2548148148148148,0.6825396825396826,1.2174485596707818
expert_1,2026,midogpp-expert_1-da14645dcdc5505c6db4fb14,0.4549432290224314,516,0.25468904244817375,0.6825396825396826,1.2168476472523857
expert_1,2027,midogpp-expert_1-8ba83cfefe6f0399906fc680,0.4546662974245361,516,0.25456339417858903,0.6825396825396826,1.2162473277421475
expert_1,2028,midogpp-expert_1-b1ae0c8260268c3cb8330a8c,0.4541678205483246,516,0.25443786982248523,0.6825396825396826,1.215647600262985
expert_1,2029,midogpp-expert_1-7b13c1d0b754bc2d648dfd9d,0.4541124342287455,516,0.25431246919664857,0.6825396825396826,1.2150484639395431
expert_1,2030,midogpp-expert_1-08f27dea43104782072043fb,0.4538908889504293,517,0.254679802955665,0.6838624338624338,1.2168035030103994
expert_1,2031,midogpp-expert_1-7164dc5b1eb241bd437d7a40,0.4537801163112711,517,0.25455440669620877,0.6838624338624338,1.2162043875485529
expert_1,2032,midogpp-expert_1-39a729ca64853753a3f89670,0.4528939351980061,517,0.2544291338582677,0.6838624338624338,1.215605861767279
expert_1,2033,midogpp-expert_1-a472163a598d608c2100434a,0.452783162558848,517,0.25430398425971473,0.6838624338624338,1.2150079247964147
expert_1,2034,midogpp-expert_1-7aee7d56ec470a92e0fcbdc8,0.4526170036001108,517,0.25417895771878074,0.6838624338624338,1.2144105757675079
expert_1,2035,midogpp-expert_1-a340402204eb2d688f411d84,0.4520631404043201,518,0.2545454545454545,0.6851851851851852,1.216161616161616
expert_1,2036,midogpp-expert_1-64165e8cf942d7b089108068,0.4514538908889504,518,0.2544204322200393,0.6851851851851852,1.215564287273521
expert_1,2037,midogpp-expert_1-f7c12c3f07a23cb15852fda9,0.4513431182497923,518,0.2542955326460481,0.6851851851851852,1.214967544864452
expert_1,2038,midogpp-expert_1-905e7d9eb4991a7627d7a289,0.4512323456106342,518,0.25417075564278707,0.6851851851851852,1.2143713880710938
expert_1,2039,midogpp-expert_1-46157a6e2767d068e3ee250b,0.4508446413735807,518,0.25404610102991665,0.6851851851851852,1.213775816031824
expert_1,2040,midogpp-expert_1-a9b5b41d2930e97153d860a7,0.4506784824148435,518,0.25392156862745097,0.6851851851851852,1.21318082788671
expert_1,2041,midogpp-expert_1-e28238259275ec3ca742fb9b,0.4496261423428413,518,0.253797158255757,0.6851851851851852,1.2125864227775056
expert_1,2042,midogpp-expert_1-66b7f75daadf47f1083f6af7,0.4494599833841041,519,0.2541625857002938,0.6865079365079365,1.2143323539014037
expert_1,2043,midogpp-expert_1-06a7b1554e0391b0edc9b44c,0.4488507338687344,519,0.2540381791483113,0.6865079365079365,1.2137379670419317
expert_1,2044,midogpp-expert_1-b2101df1730c917292bc458f,0.4487953475491553,519,0.25391389432485323,0.6865079365079365,1.2131441617742986
expert_1,2045,midogpp-expert_1-8b386226d011580e484c6597,0.4487399612295763,519,0.2537897310513447,0.6865079365079365,1.2125509372453136
expert_1,2046,midogpp-expert_1-8b729c87c5e5a676275f2d37,0.4487399612295763,519,0.2536656891495601,0.6865079365079365,1.2119582926034538
expert_1,2047,midogpp-expert_1-98ce9dd73c96717c53d65854,0.4486845749099972,519,0.2535417684416219,0.6865079365079365,1.21136622699886
expert_1,2048,midogpp-expert_1-a2cd7db30f6604cfb8d9d3be,0.4485184159512601,520,0.25390625,0.6878306878306878,1.2131076388888888
expert_1,2049,midogpp-expert_1-c3973d6826788724864450e9,0.4476876211575741,520,0.2537823328452904,0.6878306878306878,1.2125155902608318
expert_1,2050,midogpp-expert_1-3cc3f196ce8a5de53ff93c51,0.4469675990030463,520,0.25365853658536586,0.6878306878306878,1.2119241192411923
expert_1,2051,midogpp-expert_1-ed5ab41644afcd49a0ca46ff,0.4469675990030463,521,0.25402242808386155,0.6891534391534392,1.2136627119562273
expert_1,2052,midogpp-expert_1-92b71ea5aef73f9b18c9efca,0.4468014400443091,522,0.2543859649122807,0.6904761904761905,1.2153996101364521
expert_1,2053,midogpp-expert_1-de9c95dad8c60c9276becb21,0.4466906674051509,523,0.2547491475888943,0.6917989417989417,1.2171348162580504
expert_1,2054,midogpp-expert_1-4e5fddb6d776eeddb86d52d0,0.4463583494876765,523,0.2546251217137293,0.6917989417989417,1.2165422481878176
expert_1,2055,midogpp-expert_1-4577ba3ce939329bdb9aef77,0.4460260315702022,523,0.2545012165450122,0.6917989417989417,1.2159502568261693
expert_1,2056,midogpp-expert_1-e9db89511f83ba2d0a5148d2,0.4455829410135695,523,0.25437743190661477,0.6917989417989417,1.2153588413316039
expert_1,2057,midogpp-expert_1-944b5aa7672e43014f159fed,0.4455275546939906,523,0.2542537676227516,0.6917989417989417,1.2147680008642576
expert_1,2058,midogpp-expert_1-f7c7c20411b70984f2417223,0.4454167820548325,524,0.25461613216715256,0.6931216931216931,1.2164992981319511
expert_1,2059,midogpp-expert_1-1003c6ad9678f3ca4947ae74,0.4451952367765162,524,0.25449247207382225,0.6931216931216931,1.2159084776860396
expert_1,2060,midogpp-expert_1-de86a893a1ec85063bc259c8,0.4445859872611465,524,0.2543689320388349,0.6931216931216931,1.2153182308522112
expert_1,2061,midogpp-expert_1-622c8c935bae1f209fd9603a,0.4445306009415674,524,0.2542455118874333,0.6931216931216931,1.2147285567955144
expert_1,2062,midogpp-expert_1-648230a7a4a046aea920bbf8,0.4444198283024093,524,0.2541222114451988,0.6931216931216931,1.2141394546826165
expert_1,2063,midogpp-expert_1-8fc2f24f6c2dbae153d0e580,0.4443090556632512,524,0.2539990305380514,0.6931216931216931,1.213550923681801
expert_1,2064,midogpp-expert_1-cd0ddb4ba08cf48e3e0881e5,0.4443090556632512,524,0.25387596899224807,0.6931216931216931,1.212962962962963
expert_1,2065,midogpp-expert_1-1cd18ac7781d3e08577cbbaa,0.4440321240653558,524,0.25375302663438254,0.6931216931216931,1.2123755716976055
expert_1,2066,midogpp-expert_1-1cf72df5e7090ca1a9858169,0.4440321240653558,524,0.2536302032913843,0.6931216931216931,1.2117887490588362
expert_1,2067,midogpp-expert_1-12e2ba465d789c8c54ca45b3,0.4435336471891443,524,0.25350749879051765,0.6931216931216931,1.211202494221362
expert_1,2068,midogpp-expert_1-6ecc464f9b01330ea5c99503,0.4433674882304071,524,0.25338491295938104,0.6931216931216931,1.210616806361487
expert_1,2069,midogpp-expert_1-1da7d5ee94b647cb860b3407,0.4430905566325117,524,0.2532624456259062,0.6931216931216931,1.2100316846571075
expert_1,2070,midogpp-expert_1-e521ea6176693b03fce2529e,0.4427582387150374,525,0.2536231884057971,0.6944444444444444,1.211755233494364
expert_1,2071,midogpp-expert_1-f380b006d4b9655cb6f3e5ba,0.4419828302409305,526,0.2539835828102366,0.6957671957671958,1.2134771178711303
expert_1,2072,midogpp-expert_1-0e777f6a1ccd39cabfba8e94,0.4419274439213514,526,0.25386100386100385,0.6957671957671958,1.2128914628914629
expert_1,2073,midogpp-expert_1-32ca4ac49ecfffbb19f70fbb,0.4419274439213514,526,0.25373854317414374,0.6957671957671958,1.2123063729431311
expert_1,2074,midogpp-expert_1-d6c1f81e5df57d216b78ba35,0.4418720576017724,526,0.2536162005785921,0.6957671957671958,1.2117218472088287
expert_1,2075,midogpp-expert_1-c1e9a6989d654cfca425cb12,0.4417612849626142,526,0.25349397590361444,0.6957671957671958,1.2111378848728245
expert_1,2076,midogpp-expert_1-f47ebbe87c842a1c53262f1e,0.4413735807255607,526,0.25337186897880537,0.6957671957671958,1.2105544851209589
expert_1,2077,midogpp-expert_1-e4076952ec836a85e2ac2ec1,0.4407643312101911,526,0.2532498796340876,0.6957671957671958,1.2099716471406408
expert_1,2078,midogpp-expert_1-4cc2263fce39932cbf8185c8,0.4407089448906119,526,0.2531280076997113,0.6957671957671958,1.2093893701208427
expert_1,2079,midogpp-expert_1-55be1beb8f58d709dda38709,0.4403212406535585,526,0.253006253006253,0.6957671957671958,1.2088076532520977
expert_1,2080,midogpp-expert_1-b04f119817d827331f847fcf,0.4402658543339794,526,0.2528846153846154,0.6957671957671958,1.2082264957264957
expert_1,2081,midogpp-expert_1-18b0ca190ff9eeb0095548ab,0.4400443090556633,526,0.2527630946660259,0.6957671957671958,1.2076458967376793
expert_1,2082,midogpp-expert_1-ff7b9b94b9866cfaa01a9e73,0.4400443090556633,526,0.2526416906820365,0.6957671957671958,1.207065855480841
expert_1,2083,midogpp-expert_1-ef143878fa333e6e5a2297a1,0.4399335364165051,526,0.2525204032645223,0.6957671957671958,1.2064863711527176
expert_1,2084,midogpp-expert_1-7733b5fd275d49a5bddf4f70,0.439822763777347,526,0.2523992322456814,0.6957671957671958,1.2059074429515888
expert_1,2085,midogpp-expert_1-2dabb66e15a3cc134659b3d2,0.4397673774577679,526,0.25227817745803355,0.6957671957671958,1.2053290700772714
expert_1,2086,midogpp-expert_1-1236209638b1c2e2571aba44,0.4395458321794516,526,0.2521572387344199,0.6957671957671958,1.2047512517311174
expert_1,2087,midogpp-expert_1-1cc2c9663b75876fd14a2c43,0.4393242869011354,526,0.2520364159080019,0.6957671957671958,1.204173987116009
expert_1,2088,midogpp-expert_1-b440b5bcb8277abb1964c3f2,0.4390473553032401,526,0.25191570881226055,0.6957671957671958,1.203597275436356
expert_1,2089,midogpp-expert_1-01b7f9ed563a0118c7645e44,0.438991968983661,526,0.2517951172809957,0.6957671957671958,1.2030211158980904
expert_1,2090,midogpp-expert_1-caacc7a407b443c7859cea6b,0.4388811963445028,526,0.2516746411483254,0.6957671957671958,1.2024455077086658
expert_1,2091,midogpp-expert_1-7fa9ca0487da96eccb690b40,0.4386596510661866,526,0.2515542802486848,0.6957671957671958,1.2018704500770496
expert_1,2092,midogpp-expert_1-3abaef612b195045f1eef4df,0.4381611741899751,526,0.251434034416826,0.6957671957671958,1.2012959422137242
expert_1,2093,midogpp-expert_1-b5b9dea320e4ab1e38c5f928,0.438105787870396,526,0.2513139034878165,0.6957671957671958,1.2007219833306788
expert_1,2094,midogpp-expert_1-e39965ac2175369da3bc9bb1,0.4375519246746053,526,0.2511938872970392,0.6957671957671958,1.2001485726414094
expert_1,2095,midogpp-expert_1-b7f89f57171a5477231f4c65,0.4373857657158682,526,0.2510739856801909,0.6957671957671958,1.199575709360912
expert_1,2096,midogpp-expert_1-7812537f4fa3a78a78840dbe,0.4371088341179728,526,0.25095419847328243,0.6957671957671958,1.1990033927056827
expert_1,2097,midogpp-expert_1-bcd1a6c7e18bd6fbd1c5f5c8,0.4371088341179728,526,0.2508345255126371,0.6957671957671958,1.1984316218937103
expert_1,2098,midogpp-expert_1-14acd90fd768901ce1becda3,0.4370534477983938,526,0.25071496663489035,0.6957671957671958,1.197860396144476
expert_1,2099,midogpp-expert_1-fc5f1c428812974e4c4dece1,0.4370534477983938,526,0.25059552167698906,0.6957671957671958,1.1972897146789476
expert_1,2100,midogpp-expert_1-9c3491cfa98da5ea34005939,0.4368319025200775,526,0.25047619047619046,0.6957671957671958,1.1967195767195766
expert_1,2101,midogpp-expert_1-01c07f648b0c7f9266e23c4b,0.4366103572417613,526,0.25035697287006187,0.6957671957671958,1.1961499814902956
expert_1,2102,midogpp-expert_1-501fae7e01bd775f84cc7046,0.4365549709221822,527,0.25071360608943866,0.6970899470899471,1.1978538957606513
expert_1,2103,midogpp-expert_1-659cc0218f9d168123a6585f,0.4364995846026032,527,0.25059438896814074,0.6970899470899471,1.1972843028477835
expert_1,2104,midogpp-expert_1-acb4631df19ce999177af173,0.436444198283024,527,0.2504752851711027,0.6970899470899471,1.1967152513730461
expert_1,2105,midogpp-expert_1-3a7fd7804d3f95149d0869cb,0.4363334256438659,527,0.2503562945368171,0.6970899470899471,1.196146740564793
expert_1,2106,midogpp-expert_1-2177bbdcd9e0e594c3d9f008,0.4361672666851288,527,0.2502374169040836,0.6970899470899471,1.1955787696528437
expert_1,2107,midogpp-expert_1-c884bb628c110ed8dc6a792c,0.4352810855718637,527,0.25011865211200757,0.6970899470899471,1.1950113378684806
expert_1,2108,midogpp-expert_1-18e5086c827af517803e004a,0.4347826086956521,527,0.25,0.6970899470899471,1.1944444444444444
expert_1,2109,midogpp-expert_1-adc124fc75dae1c11fa42270,0.4347272223760731,528,0.2503556187766714,0.6984126984126984,1.1961435119329855
expert_1,2110,midogpp-expert_1-33ef24e3699c5c1238b6120c,0.4346164497369149,529,0.25071090047393363,0.6997354497354498,1.197840968931016
expert_1,2111,midogpp-expert_1-30589d72005ad8fbc7768ab8,0.4341733591802824,529,0.2505921364282331,0.6997354497354498,1.1972735407126691
expert_1,2112,midogpp-expert_1-75e89ae34d87514b10c129d5,0.433785654943229,530,0.2509469696969697,0.701058201058201,1.1989688552188553
expert_1,2113,midogpp-expert_1-245d82bcfddfad7f4f8c01f2,0.4332317917474384,530,0.2508282063416943,0.701058201058201,1.1984014302992059
expert_1,2114,midogpp-expert_1-330927594430725787a86813,0.4330102464691221,530,0.2507095553453169,0.701058201058201,1.1978345422054029
expert_1,2115,midogpp-expert_1-439a9cf53e6074f0170a76be,0.4326779285516477,530,0.25059101654846333,0.701058201058201,1.1972681901759914
expert_1,2116,midogpp-expert_1-2582976a32bddfc49be368c2,0.4325671559124896,530,0.2504725897920605,0.701058201058201,1.1967023734509556
expert_1,2117,midogpp-expert_1-5c4247faafeef21483c3d1a0,0.4322902243145943,530,0.25035427491733586,0.701058201058201,1.1961370912717157
expert_1,2118,midogpp-expert_1-6ab8c27324b5e4c2a1ef970c,0.4321794516754361,530,0.2502360717658168,0.701058201058201,1.1955723428811247
expert_1,2119,midogpp-expert_1-3071c67145fa91b34f7cc998,0.4319579063971199,530,0.25011798017932985,0.701058201058201,1.1950081275234647
expert_1,2120,midogpp-expert_1-26b4802e2209e9c23e97dea0,0.431127111603434,530,0.25,0.701058201058201,1.1944444444444444
expert_1,2121,midogpp-expert_1-01d4cf5ebfe2df131e02d890,0.4309609526446967,530,0.24988213107024987,0.701058201058201,1.1938812928911937
expert_1,2122,midogpp-expert_1-69c11bbaf70f31adff8e2854,0.4309609526446967,530,0.24976437323279924,0.701058201058201,1.193318672112263
expert_1,2123,midogpp-expert_1-f3c5ff2f1f06eb53dbb21f32,0.4306286347272223,530,0.24964672633066415,0.701058201058201,1.1927565813576175
expert_1,2124,midogpp-expert_1-2b6952d521aeb2863dde7d6b,0.4302409304901689,530,0.2495291902071563,0.701058201058201,1.1921950198786355
expert_1,2125,midogpp-expert_1-87ed5f8c041a8c3fee0f16da,0.4299086125726945,530,0.24941176470588236,0.701058201058201,1.1916339869281045
expert_1,2126,midogpp-expert_1-a250ac22d98cd1f6655a3647,0.4297978399335364,530,0.24929444967074318,0.701058201058201,1.1910734817602173
expert_1,2127,midogpp-expert_1-8e394884f7c83a5665401a7a,0.429410135696483,530,0.24917724494593324,0.701058201058201,1.1905135036305698
expert_1,2128,midogpp-expert_1-a6eca2f83eb055844266380b,0.4290224314594295,530,0.24906015037593984,0.701058201058201,1.1899540517961569
expert_1,2129,midogpp-expert_1-9299bb5d9b7d83f373cce358,0.4280254777070064,530,0.24894316580554252,0.701058201058201,1.1893951255153696
expert_1,2130,midogpp-expert_1-fd03426e43072f92a44c8f7c,0.4278039324286901,530,0.24882629107981222,0.701058201058201,1.1888367240479916
expert_1,2131,midogpp-expert_1-3a24e374fc1087d80b210b41,0.427748546109111,530,0.24870952604411076,0.701058201058201,1.1882788466551957
expert_1,2132,midogpp-expert_1-5049ff96befa702ee62570ad,0.427748546109111,531,0.24906191369606004,0.7023809523809523,1.1899624765478423
expert_1,2133,midogpp-expert_1-267a77105923a7c708f5f96a,0.4275270008307947,531,0.2489451476793249,0.7023809523809523,1.1894045944678857
expert_1,2134,midogpp-expert_1-3ba917233cf3bd09c6ce163f,0.4270839102741623,532,0.2492970946579194,0.7037037037037037,1.1910861189211706
expert_1,2135,midogpp-expert_1-165b3550315623cf2126e573,0.4267515923566879,532,0.24918032786885247,0.7037037037037037,1.190528233151184
expert_1,2136,midogpp-expert_1-193d658cc3b78ee573fbe8ad,0.4266408197175297,532,0.24906367041198502,0.7037037037037037,1.1899708697461506
expert_1,2137,midogpp-expert_1-4b6a852617a7188ee91aa6c7,0.4266408197175297,533,0.24941506785212916,0.705026455026455,1.1916497686268392
expert_1,2138,midogpp-expert_1-5aacdcd1e7411389f0ef1d32,0.4263085018000553,533,0.24929840972871842,0.705026455026455,1.1910924020372102
expert_1,2139,midogpp-expert_1-c6bef38201553207ee94b81d,0.4261977291608972,533,0.24918186068256196,0.705026455026455,1.1905355565944626
expert_1,2140,midogpp-expert_1-5388840ad3d759ac0b8a25a2,0.4261423428413182,533,0.24906542056074765,0.705026455026455,1.1899792315680164
expert_1,2141,midogpp-expert_1-14d16894d49f0bc71e59f844,0.4259761838825809,534,0.2494161606725829,0.7063492063492064,1.1916549898801183
expert_1,2142,midogpp-expert_1-9f7d7988db5052b96b3fef17,0.4255884796455275,534,0.24929971988795518,0.7063492063492064,1.1910986616868968
expert_1,2143,midogpp-expert_1-e0fdac8c118ee9720533ce31,0.4255330933259484,534,0.2491833877741484,0.7063492063492064,1.190542852698709
expert_1,2144,midogpp-expert_1-596ad3f1963376dfe048a834,0.4252561617280531,534,0.2490671641791045,0.7063492063492064,1.1899875621890548
expert_1,2145,midogpp-expert_1-b560219a41d3e7f88c7fef6b,0.425145389088895,534,0.24895104895104894,0.7063492063492064,1.1894327894327894
expert_1,2146,midogpp-expert_1-198b399f9ff4dd79277d08c5,0.4248684574909997,534,0.2488350419384902,0.7063492063492064,1.1888785337061198
expert_1,2147,midogpp-expert_1-59360f5dda7ce1841fb11064,0.4248130711714206,534,0.2487191429902189,0.7063492063492064,1.1883247942866013
expert_1,2148,midogpp-expert_1-9e48e50aba141bb3c299b02d,0.4247576848518416,534,0.24860335195530725,0.7063492063492064,1.1877715704531346
expert_1,2149,midogpp-expert_1-9719b299a5ef8edfb5967b1a,0.4245915258931044,534,0.24848766868310843,0.7063492063492064,1.1872188614859625
expert_1,2150,midogpp-expert_1-9f8fd8b7efa0d2953baba2f7,0.4241484353364719,535,0.24883720930232558,0.7076719576719577,1.1888888888888889
expert_1,2151,midogpp-expert_1-2282b1d58add5a303cc38f54,0.4237607310994185,535,0.2487215248721525,0.7076719576719577,1.188336174389173
expert_1,2152,midogpp-expert_1-6e83ef671a82be815f869809,0.4236499584602602,535,0.24860594795539034,0.7076719576719577,1.1877839735646427
expert_1,2153,midogpp-expert_1-1f20af88af8e810c08470d49,0.4232622542232069,535,0.24849047840222946,0.7076719576719577,1.1872322856995408
expert_1,2154,midogpp-expert_1-8788c92964c4bdfc37c01b96,0.4229299363057325,535,0.24837511606313833,0.7076719576719577,1.1866811100794386
expert_1,2155,midogpp-expert_1-ebae76feebdd5f75ed0d3a41,0.4228191636665743,535,0.2482598607888631,0.7076719576719577,1.1861304459912347
expert_1,2156,midogpp-expert_1-b6e7b570dadde6421880c194,0.4224868457491,536,0.24860853432282004,0.708994708994709,1.1877963306534736
expert_1,2157,midogpp-expert_1-d353f14d472b73e4aa5b59f9,0.4220437551924674,536,0.24849327770050997,0.708994708994709,1.1872456601246586
expert_1,2158,midogpp-expert_1-7202e89e0d29dccc85473cd5,0.4218222099141512,536,0.24837812789620017,0.708994708994709,1.186695499948512
expert_1,2159,midogpp-expert_1-503eeebc9e369f9830cc0f4c,0.4217114372749931,536,0.24826308476146364,0.708994708994709,1.1861458494158819
expert_1,2160,midogpp-expert_1-39920b9b841fb53683947c1e,0.4213237330379396,536,0.24814814814814815,0.708994708994709,1.18559670781893
expert_1,2161,midogpp-expert_1-01a9fa9787271ed842f3c72b,0.4210468014400443,536,0.24803331790837574,0.708994708994709,1.1850480744511285
expert_1,2162,midogpp-expert_1-acfae4c3bac2470475f003db,0.4202160066463584,537,0.24838112858464384,0.7103174603174603,1.186709836571076
expert_1,2163,midogpp-expert_1-7faead98351ae6ce5ead4b48,0.4199944613680421,537,0.24826629680998613,0.7103174603174603,1.1861611958699336
expert_1,2164,midogpp-expert_1-da3772c1d4251740e4f12153,0.4199944613680421,537,0.24815157116451017,0.7103174603174603,1.1856130622304375
expert_1,2165,midogpp-expert_1-d4ef4400b120287d7eca970a,0.419939075048463,538,0.2484988452655889,0.7116402116402116,1.1872722607133692
expert_1,2166,midogpp-expert_1-17d9eda7bd03fdaa1858c159,0.4196621434505677,539,0.24884579870729456,0.7129629629629629,1.188929927157074
expert_1,2167,midogpp-expert_1-a10226fe512fdf9e2704e186,0.4196067571309886,540,0.24919243193354867,0.7142857142857143,1.1905860636825103
expert_1,2168,midogpp-expert_1-5304f803ae57ccebac8f9283,0.4192744392135142,541,0.24953874538745388,0.7156084656084656,1.192240672406724
expert_1,2169,midogpp-expert_1-36f2b7532fcc06ee1e1167f4,0.4189975076156189,542,0.24988473951129553,0.716931216931217,1.1938937554428564
expert_1,2170,midogpp-expert_1-fd88600ef76bc83a703e9361,0.4186651896981446,542,0.24976958525345622,0.716931216931217,1.1933435739887353
expert_1,2171,midogpp-expert_1-145531f9e9265cc48af56ab5,0.4182774854610911,542,0.24965453707968677,0.716931216931217,1.1927938993807257
expert_1,2172,midogpp-expert_1-73ca151befec32c8849647ad,0.4182774854610911,542,0.24953959484346225,0.716931216931217,1.192244730918764
expert_1,2173,midogpp-expert_1-89767f2973326c1ce2f47509,0.418222099141512,542,0.24942475839852737,0.716931216931217,1.1916960679040751
expert_1,2174,midogpp-expert_1-dbbe00aaed54e132f496e6da,0.418222099141512,542,0.24931002759889603,0.716931216931217,1.19114790963917
expert_1,2175,midogpp-expert_1-c8dd775cac2eee6608fab3a8,0.4181113265023539,542,0.24919540229885057,0.716931216931217,1.1906002554278414
expert_1,2176,midogpp-expert_1-c75488cf053f1539b19d2fa3,0.4171697590695098,542,0.24908088235294118,0.716931216931217,1.1900531045751634
expert_1,2177,midogpp-expert_1-636894ad7acd23b20609d8a5,0.4168928274716145,542,0.2489664676159853,0.716931216931217,1.189506456387485
expert_1,2178,midogpp-expert_1-382926005d1308d8aa453929,0.4166712821932983,542,0.24885215794306703,0.716931216931217,1.1889603101724313
expert_1,2179,midogpp-expert_1-e36b808524989112cbc13afa,0.416449736914982,542,0.24873795318953648,0.716931216931217,1.1884146652388965
expert_1,2180,midogpp-expert_1-1ab37467996ad5f143ace98f,0.4162835779562448,542,0.2486238532110092,0.716931216931217,1.1878695208970438
expert_1,2181,midogpp-expert_1-df41a0345eafe86998154fda,0.4161728053170866,542,0.24850985786336544,0.716931216931217,1.1873248764583015
expert_1,2182,midogpp-expert_1-0895b42049866e7840468473,0.4161174189975076,542,0.24839596700274977,0.716931216931217,1.18678073123536
expert_1,2183,midogpp-expert_1-d6f55ba55fef1d6ae2b19ab6,0.4160620326779285,542,0.24828218048557033,0.716931216931217,1.1862370845421693
expert_1,2184,midogpp-expert_1-6b81babf9bf829f3eae0810a,0.4157851010800332,542,0.24816849816849818,0.716931216931217,1.1856939356939356
expert_1,2185,midogpp-expert_1-fae90b807544a27688a2d786,0.415563555801717,542,0.24805491990846681,0.716931216931217,1.1851512840071192
expert_1,2186,midogpp-expert_1-b4d6d3958affe5d0dfca30b3,0.4152866242038217,542,0.24794144556267156,0.716931216931217,1.1846091287994307
expert_1,2187,midogpp-expert_1-4464152f305d09c732c554f1,0.4151758515646635,542,0.24782807498856882,0.716931216931217,1.1840674693898288
expert_1,2188,midogpp-expert_1-2003ad262b14ccdac4c51711,0.4150650789255053,542,0.2477148080438757,0.716931216931217,1.1835263050985172
expert_1,2189,midogpp-expert_1-cb251f3c86ca3f96ff2fd9d3,0.4150650789255053,542,0.24760164458656922,0.716931216931217,1.1829856352469417
expert_1,2190,midogpp-expert_1-ac2430c8de0277886e27a28d,0.414732761008031,542,0.24748858447488584,0.716931216931217,1.1824454591577878
expert_1,2191,midogpp-expert_1-5b670dd6a5a67f057a582d2f,0.4146219883688729,542,0.24737562756732087,0.716931216931217,1.1819057761549774
expert_1,2192,midogpp-expert_1-6d3adea381dfef06bd6a7abf,0.4145112157297147,542,0.24726277372262773,0.716931216931217,1.1813665855636657
expert_1,2193,midogpp-expert_1-500972f88813e32395a7f6d2,0.4142896704513985,542,0.2471500227998176,0.716931216931217,1.1808278867102395
expert_1,2194,midogpp-expert_1-9be7d5d91a31d50b5c8587a6,0.4129050124619219,542,0.24703737465815861,0.716931216931217,1.1802896789223134
expert_1,2195,midogpp-expert_1-62b54e1b28f23c826f0cee6d,0.4125726945444475,542,0.2469248291571754,0.716931216931217,1.1797519615287269
expert_1,2196,midogpp-expert_1-0b7abadc35db9175ebacfe4c,0.4122403766269731,543,0.24726775956284153,0.7182539682539683,1.1813904068002428
expert_1,2197,midogpp-expert_1-e913bb9d0e46503a867ec86b,0.4121849903073941,543,0.24715521165225307,0.7182539682539683,1.180852677894098
expert_1,2198,midogpp-expert_1-81db46dad17896f2077ad4da,0.4117972860703406,543,0.2470427661510464,0.7182539682539683,1.1803154382772216
expert_1,2199,midogpp-expert_1-21219a8e852427dff419e455,0.4109111049570756,543,0.24693042291950887,0.7182539682539683,1.179778687282098
expert_1,2200,midogpp-expert_1-4d27cc0726353ec0e8e0e376,0.4109111049570756,543,0.24681818181818183,0.7182539682539683,1.1792424242424242
expert_1,2201,midogpp-expert_1-63004f11c318de6c67d8e6aa,0.4100803101633896,543,0.24670604270786006,0.7182539682539683,1.178706648493109
expert_1,2202,midogpp-expert_1-57a49c43a6099e2fe7643f20,0.4099141512046525,543,0.24659400544959129,0.7182539682539683,1.1781713593702694
expert_1,2203,midogpp-expert_1-56d02940e1c1e2ddeea768b2,0.4098033785654943,544,0.2469359963685883,0.7195767195767195,1.179805315983255
expert_1,2204,midogpp-expert_1-840a8db77e5dae74102db7d9,0.4091941290501246,544,0.24682395644283123,0.7195767195767195,1.179270014115749
expert_1,2205,midogpp-expert_1-6040b1a5358120b38f979a99,0.4085848795347548,544,0.24671201814058957,0.7195767195767195,1.1787351977828169
expert_1,2206,midogpp-expert_1-c5497a6608dde402f918e2e6,0.4083079479368596,544,0.24660018132366274,0.7195767195767195,1.1782008663241663
expert_1,2207,midogpp-expert_1-080cd7e6f15116a69e50e5fc,0.4079202436998062,544,0.2464884458541006,0.7195767195767195,1.1776670190807028
expert_1,2208,midogpp-expert_1-bcdddc190e0d36d537862a46,0.4077540847410689,544,0.2463768115942029,0.7195767195767195,1.1771336553945249
expert_1,2209,midogpp-expert_1-ffd220b9677659b296db2691,0.4076433121019108,544,0.2462652784065188,0.7195767195767195,1.176600774608923
expert_1,2210,midogpp-expert_1-cf4e9d70b418f6e0dc9fd4ee,0.4071448352256992,544,0.24615384615384617,0.7195767195767195,1.176068376068376
expert_1,2211,midogpp-expert_1-f8d0f1083374c193bc8fb437,0.4068125173082249,545,0.2464947987336047,0.7208994708994709,1.1776973717272223
expert_1,2212,midogpp-expert_1-b161113bbd2cafa495eb4f2d,0.4067571309886458,545,0.24638336347197107,0.7208994708994709,1.1771649588105284
expert_1,2213,midogpp-expert_1-3b7ead3963aec58de3a4e9dd,0.4057047909166436,545,0.24627202892001807,0.7208994708994709,1.1766330270623084
expert_1,2214,midogpp-expert_1-d49907e19891a8d4c4e17070,0.4057047909166436,545,0.24616079494128273,0.7208994708994709,1.176101575830573
expert_1,2215,midogpp-expert_1-237c99762ee4c6c1a08e63a1,0.4055386319579064,546,0.24650112866817156,0.7222222222222222,1.1777276147479308
expert_1,2216,midogpp-expert_1-79aa96eb88852b7b7feae44a,0.4052617003600111,546,0.2463898916967509,0.7222222222222222,1.1771961492178098
expert_1,2217,midogpp-expert_1-eac60a5152716b6377491cf9,0.4046524508446414,547,0.2467298150654037,0.7235449735449735,1.1788202275347066
expert_1,2218,midogpp-expert_1-1832b6810900e58596a9223b,0.4045970645250623,548,0.24706943192064923,0.7248677248677249,1.1804428413986574
expert_1,2219,midogpp-expert_1-4c66a15966b2080813204e63,0.4044862918859042,548,0.24695808922938262,0.7248677248677249,1.1799108707626058
expert_1,2220,midogpp-expert_1-cc29fa78ba691d12ec551615,0.4041539739684298,548,0.24684684684684685,0.7248677248677249,1.1793793793793794
expert_1,2221,midogpp-expert_1-db95275f37dbd8ad81613b8d,0.4037108834117973,548,0.24673570463755065,0.7248677248677249,1.1788483666016307
expert_1,2222,midogpp-expert_1-7dfd2089eb6df3d33969946f,0.4036554970922182,549,0.24707470747074708,0.7261904761904762,1.1804680468046804
expert_1,2223,midogpp-expert_1-de5e34ab1b4660e7ed0d98a6,0.4036554970922182,549,0.24696356275303644,0.7261904761904762,1.1799370220422851
expert_1,2224,midogpp-expert_1-ca965bde0336585750479a89,0.4028800886181113,550,0.24730215827338128,0.7275132275132276,1.181554756195044
expert_1,2225,midogpp-expert_1-e1d48572360469c05e0a9e4f,0.4026585433397951,550,0.24719101123595505,0.7275132275132276,1.181023720349563
expert_1,2226,midogpp-expert_1-a5696f0c736603f1bea7013e,0.4024369980614787,551,0.24752920035938905,0.7288359788359788,1.1826395128281921
expert_1,2227,midogpp-expert_1-0355804aba1be34f6858affe,0.4023262254223207,552,0.24786708576560396,0.7301587301587301,1.184253854213441
expert_1,2228,midogpp-expert_1-d03d71f6bb0a5f5c8de951af,0.4021600664635835,552,0.24775583482944344,0.7301587301587301,1.1837223219628963
expert_1,2229,midogpp-expert_1-361df674ee628404555a536a,0.401716975906951,552,0.24764468371467024,0.7301587301587301,1.1831912666367577
expert_1,2230,midogpp-expert_1-b6b1293b8d405cc75ba43fcd,0.4013292716698975,553,0.24798206278026905,0.7314814814814815,1.184803188839063
expert_1,2231,midogpp-expert_1-4dfbfdd9b63f0b74511d425e,0.4012738853503185,553,0.2478709099058718,0.7314814814814815,1.184272125105832
expert_1,2232,midogpp-expert_1-498627a6e52893e80e17b136,0.4009969537524231,553,0.24775985663082437,0.7314814814814815,1.1837415372361608
expert_1,2233,midogpp-expert_1-a847c03e6d882f7d0316bed4,0.4006646358349487,553,0.2476489028213166,0.7314814814814815,1.1832114245907348
expert_1,2234,midogpp-expert_1-3c10df3f0e5642674845ff2d,0.4005538631957906,554,0.24798567591763654,0.7328042328042328,1.1848204516064855
expert_1,2235,midogpp-expert_1-715f014dfd1ca3a62f83d3a5,0.4004984768762116,554,0.24787472035794184,0.7328042328042328,1.1842903305990553
expert_1,2236,midogpp-expert_1-27715b6ed0a9da0c083f45f4,0.400055386319579,554,0.24776386404293382,0.7328042328042328,1.1837606837606838
expert_1,2237,midogpp-expert_1-2fe9cfc12db6c7ee2b4f44d3,0.3997230684021047,554,0.24765310683951722,0.7328042328042328,1.1832315104554711
expert_1,2238,midogpp-expert_1-6decb662adf5c4737a38aeaf,0.3994461368042093,554,0.24754244861483468,0.7328042328042328,1.1827028100486545
expert_1,2239,midogpp-expert_1-482892c237a94958ba161fe8,0.399169205206314,554,0.2474318892362662,0.7328042328042328,1.182174581906605
expert_1,2240,midogpp-expert_1-2c0d55ce8978d6f6a32e9b7a,0.3990030462475768,554,0.24732142857142858,0.7328042328042328,1.1816468253968253
expert_1,2241,midogpp-expert_1-3928228c3c5a812b13f0302e,0.3988368872888396,554,0.24721106648817492,0.7328042328042328,1.1811195398879468
expert_1,2242,midogpp-expert_1-6cff1d5a102475d99bdc3019,0.3987261146496815,554,0.24710080285459413,0.7328042328042328,1.1805927247497274
expert_1,2243,midogpp-expert_1-385c2179d507ec8419787321,0.3986707283301025,555,0.24743646901471245,0.7341269841269841,1.1821964630702928
expert_1,2244,midogpp-expert_1-3de67238396a258650ad07fc,0.3986153420105234,555,0.24732620320855614,0.7341269841269841,1.1816696375519904
expert_1,2245,midogpp-expert_1-2cfb8757edbeec19ba435360,0.3976737745776793,555,0.24721603563474387,0.7341269841269841,1.1811432813659983
expert_1,2246,midogpp-expert_1-514de02b5014c216de8dc364,0.3976737745776793,555,0.2471059661620659,0.7341269841269841,1.1806173938854259
expert_1,2247,midogpp-expert_1-5e138327ee9e6e05ce976c10,0.3976737745776793,555,0.24699599465954605,0.7341269841269841,1.1800919744844978
expert_1,2248,midogpp-expert_1-230382a3d28b36094e7d0bbc,0.3971752977014677,555,0.24688612099644128,0.7341269841269841,1.1795670225385526
expert_1,2249,midogpp-expert_1-ca2b0d09e3f38ab364247581,0.3971752977014677,555,0.246776345042241,0.7341269841269841,1.1790425374240403
expert_1,2250,midogpp-expert_1-b6ad12972f3ed9ed5caa3d50,0.3968983661035724,555,0.24666666666666667,0.7341269841269841,1.1785185185185185
expert_1,2251,midogpp-expert_1-c3c7682c26012fc43cd7026c,0.3967875934644143,555,0.24655708573967125,0.7341269841269841,1.1779949652006514
expert_1,2252,midogpp-expert_1-3179fb891950440e42c04a24,0.3958460260315702,555,0.2464476021314387,0.7341269841269841,1.177471876850207
expert_1,2253,midogpp-expert_1-3969f627d5d47ea88c0f3f4f,0.3957906397119911,555,0.24633821571238348,0.7341269841269841,1.1769492528480543
expert_1,2254,midogpp-expert_1-74d87dba12d66ca5c1c0949c,0.395679867072833,556,0.2466725820763088,0.7354497354497355,1.178546781031253
expert_1,2255,midogpp-expert_1-69123aed5145287ff9aadaec,0.3954029354749376,556,0.2465631929046563,0.7354497354497355,1.1780241438778023
expert_1,2256,midogpp-expert_1-5bba76a42d866f40f9c2bb28,0.3953475491553586,557,0.24689716312056736,0.7367724867724867,1.179619779353822
expert_1,2257,midogpp-expert_1-e3897f515ad013031c97dbf3,0.3952921628357795,557,0.2467877713779353,0.7367724867724867,1.179097129916802
expert_1,2258,midogpp-expert_1-fc6e1dc96fd5405e789f23fb,0.3950152312378842,558,0.2471213463241807,0.7380952380952381,1.1806908768821966
expert_1,2259,midogpp-expert_1-3ecb51f33bb93d36a565ccd1,0.3949044585987261,558,0.24701195219123506,0.7380952380952381,1.1801682160247897
expert_1,2260,midogpp-expert_1-3ff1cb96924027985ad12b9b,0.3942952090833564,558,0.24690265486725663,0.7380952380952381,1.179646017699115
expert_1,2261,midogpp-expert_1-cf0423b61648063bcb3bb463,0.3942952090833564,558,0.24679345422379478,0.7380952380952381,1.179124281291464
expert_1,2262,midogpp-expert_1-4b3eb7d147bdec4f97724135,0.3931874826917751,558,0.246684350132626,0.7380952380952381,1.178603006189213
expert_1,2263,midogpp-expert_1-a3b7ed694ec2aa9704d0ccc3,0.3929659374134588,558,0.2465753424657534,0.7380952380952381,1.1780821917808217
expert_1,2264,midogpp-expert_1-16edddf8a18f5b319dfc146a,0.3928551647743007,559,0.24690812720848057,0.7394179894179894,1.1796721633294072
expert_1,2265,midogpp-expert_1-8c11f114ba52562c2a86cecc,0.3921351426197729,559,0.2467991169977925,0.7394179894179894,1.1791513367672308
expert_1,2266,midogpp-expert_1-a7e1a4141b8a1e944f713949,0.3917474383827194,559,0.24669020300088262,0.7394179894179894,1.178630969893106
expert_1,2267,midogpp-expert_1-23dd0c4feaffd30675bf063c,0.3916920520631404,559,0.24658138509042787,0.7394179894179894,1.178111062098711
expert_1,2268,midogpp-expert_1-2f746cbc04fe6bf83ef2f7c5,0.3916366657435613,559,0.2464726631393298,0.7394179894179894,1.1775916127767978
expert_1,2269,midogpp-expert_1-f30768a20f459cb6fed7ec7c,0.3915812794239822,559,0.24636403702071397,0.7394179894179894,1.1770726213211888
expert_1,2270,midogpp-expert_1-f77ae0d8c09c4700577ec206,0.3914705067848241,559,0.24625550660792953,0.7394179894179894,1.1765540871267743
expert_1,2271,midogpp-expert_1-2017ac3950e2e827cf907331,0.3910274162281916,559,0.24614707177454867,0.7394179894179894,1.1760360095895102
expert_1,2272,midogpp-expert_1-dfe6722fa50d47eb6f41a8a4,0.3908612572694544,559,0.2460387323943662,0.7394179894179894,1.1755183881064162
expert_1,2273,midogpp-expert_1-2c25c7b08bb381f38ae718fa,0.3905289393519801,559,0.24593048834139902,0.7394179894179894,1.175001222075573
expert_1,2274,midogpp-expert_1-36372b58aa3aec89972c5894,0.3904181667128219,559,0.24582233948988566,0.7394179894179894,1.1744845108961204
expert_1,2275,midogpp-expert_1-7a729b8bff384d7e28a42138,0.3903627803932428,559,0.24571428571428572,0.7394179894179894,1.1739682539682539
expert_1,2276,midogpp-expert_1-49836744d95df97bd4211019,0.3898643035170313,559,0.24560632688927944,0.7394179894179894,1.173452450693224
expert_1,2277,midogpp-expert_1-ac0edfed335788c171634d0d,0.3897535308778731,559,0.24549846288976723,0.7394179894179894,1.1729371004733322
expert_1,2278,midogpp-expert_1-9841415a9a2c8d7e89aa2fa0,0.3894765992799778,559,0.24539069359086918,0.7394179894179894,1.1724222027119304
expert_1,2279,midogpp-expert_1-acbe907f4dda01ad5343d2a8,0.3894212129603988,559,0.24528301886792453,0.7394179894179894,1.171907756813417
expert_1,2280,midogpp-expert_1-ad3e7c638c67e3716cb7f98e,0.3893658266408197,559,0.24517543859649124,0.7394179894179894,1.1713937621832358
expert_1,2281,midogpp-expert_1-5f8727cce7e2f3e86e64fcf6,0.3890335087233453,560,0.24550635686102587,0.7407407407407407,1.1729748161137903
expert_1,2282,midogpp-expert_1-7d024ef5987ea3cece610c98,0.3887011908058709,560,0.24539877300613497,0.7407407407407407,1.1724608043626448
expert_1,2283,midogpp-expert_1-c821d8b2d42be7fdb64a7520,0.3883134865688175,560,0.24529128339903636,0.7407407407407407,1.171947242906507
expert_1,2284,midogpp-expert_1-bbcf1e684f1457f78230d2d7,0.3876488507338687,560,0.24518388791593695,0.7407407407407407,1.171434131153921
expert_1,2285,midogpp-expert_1-1206950497488600af75408e,0.3874826917751315,561,0.24551422319474836,0.7420634920634921,1.173012399708242
expert_1,2286,midogpp-expert_1-160ca067be4edc09f18668fe,0.3868734422597618,561,0.24540682414698162,0.7420634920634921,1.1724992709244677
expert_1,2287,midogpp-expert_1-464649d341540bb8799c40b2,0.3868180559401827,562,0.24573677306515085,0.7433862433862434,1.1740756935334984
expert_1,2288,midogpp-expert_1-69d4687cf756334f0459154b,0.3867626696206037,563,0.24606643356643357,0.7447089947089947,1.1756507381507382
expert_1,2289,midogpp-expert_1-f62adff9d24e4aaa92178197,0.3867626696206037,563,0.24595893403232852,0.7447089947089947,1.1751371292655695
expert_1,2290,midogpp-expert_1-effbd40f705060daad83d5b2,0.3865965106618665,563,0.24585152838427948,0.7447089947089947,1.174623968947113
expert_1,2291,midogpp-expert_1-62b0d1d280ca29ab90de2a6f,0.3865411243422875,563,0.24574421649934527,0.7447089947089947,1.174111256607983
expert_1,2292,midogpp-expert_1-d9238221b1f9bef213609600,0.3865411243422874,563,0.2456369982547993,0.7447089947089947,1.1735989916618188
expert_1,2293,midogpp-expert_1-050773a9b59e111220ae364b,0.3859872611464968,563,0.24552987352812908,0.7447089947089947,1.1730871735232833
expert_1,2294,midogpp-expert_1-80fb05df3402fac2ee23d94d,0.3859318748269178,564,0.24585876198779424,0.746031746031746,1.1746585294972391
expert_1,2295,midogpp-expert_1-8a5111aade392f2f12839458,0.3855441705898643,564,0.2457516339869281,0.746031746031746,1.174146695715323
expert_1,2296,midogpp-expert_1-18a8a938afe40bc76a08245b,0.3853780116311271,564,0.2456445993031359,0.746031746031746,1.1736353077816493
expert_1,2297,midogpp-expert_1-9f3356d6934763da0842f557,0.3852672389919689,564,0.2455376578145407,0.746031746031746,1.1731243651139167
expert_1,2298,midogpp-expert_1-c94cb8638a3ff1b6651c1a1b,0.3850456937136527,564,0.2454308093994778,0.746031746031746,1.1726138671308384
expert_1,2299,midogpp-expert_1-8acb2637dccd9348b8a40ab1,0.3849903073940736,565,0.24575902566333188,0.7473544973544973,1.1741820115025856
expert_1,2300,midogpp-expert_1-1fef6513f3927c7ee4425daf,0.3845472168374411,566,0.24608695652173912,0.7486772486772487,1.1757487922705312
expert_1,2301,midogpp-expert_1-9ce472212a3ba4e5749a4de9,0.3842702852395459,566,0.2459800086918731,0.7486772486772487,1.1752378193056159
expert_1,2302,midogpp-expert_1-3f198f032302429f9ea5a8ae,0.3842702852395458,566,0.24587315377932234,0.7486772486772487,1.1747272902789845
expert_1,2303,midogpp-expert_1-a280a40f573a46309a40a7f5,0.3841595126003877,566,0.2457663916630482,0.7486772486772487,1.1742172046123414
expert_1,2304,midogpp-expert_1-76469cf649722d03b5342e91,0.3840487399612295,566,0.2456597222222222,0.7486772486772487,1.173707561728395
expert_1,2305,midogpp-expert_1-1dee723cd6f62ac54779aa35,0.3837718083633342,566,0.2455531453362256,0.7486772486772487,1.1731983610508556
expert_1,2306,midogpp-expert_1-aef3342d47dcd6c37267d46e,0.383550263085018,567,0.24588031222896792,0.75,1.1747614917606244
expert_1,2307,midogpp-expert_1-4fb459aa32320411789c0797,0.3834948767654389,568,0.24620719549198092,0.7513227513227513,1.1763232673505755
expert_1,2308,midogpp-expert_1-622d56f4e7f43d2cd04b4a3a,0.3834394904458599,568,0.24610051993067592,0.7513227513227513,1.1758135952243405
expert_1,2309,midogpp-expert_1-c6a13e3d29a9ce45c0b32e75,0.3833287178067017,569,0.24642702468601127,0.7526455026455027,1.1773735623887205
expert_1,2310,midogpp-expert_1-627dd2b56694a6688368e3d2,0.3829963998892274,569,0.24632034632034633,0.7526455026455027,1.1768638768638768
expert_1,2311,midogpp-expert_1-60a90afa6425ec1280dda85f,0.3828302409304902,569,0.2462137602769364,0.7526455026455027,1.1763546324342515
expert_1,2312,midogpp-expert_1-150d36ee6a64ef5a8d062524,0.3826640819717529,569,0.24610726643598616,0.7526455026455027,1.1758458285274893
expert_1,2313,midogpp-expert_1-ab7b9eb0fec805158445bf5a,0.3826640819717529,570,0.24643320363164722,0.753968253968254,1.17740308401787
expert_1,2314,midogpp-expert_1-3b0a32524cd66fb1b36183c3,0.3826086956521739,570,0.24632670700086431,0.753968253968254,1.1768942667819071
expert_1,2315,midogpp-expert_1-d6bd8814c4f8b42529519810,0.3823871503738577,571,0.24665226781857452,0.7552910052910053,1.1784497240220781
expert_1,2316,midogpp-expert_1-3190a19f619b1efad99325f0,0.3821656050955413,571,0.24654576856649396,0.7552910052910053,1.1779408942621377
expert_1,2317,midogpp-expert_1-2651d03e4e9de5bd473df11b,0.3815563555801716,571,0.24643936124298663,0.7552910052910053,1.1774325037164917
expert_1,2318,midogpp-expert_1-71c916474b40494a3caa09ae,0.3815563555801716,571,0.2463330457290768,0.7552910052910053,1.1769245518167002
expert_1,2319,midogpp-expert_1-daab45e76a52fac71948d7df,0.3812240376626973,571,0.24622682190599396,0.7552910052910053,1.1764170379953045
expert_1,2320,midogpp-expert_1-aab527c841521922185cfafb,0.3811686513431183,571,0.24612068965517242,0.7552910052910053,1.1759099616858237
expert_1,2321,midogpp-expert_1-fbb34fc3bf51b7d837096bd8,0.3810024923843811,571,0.24601464885825075,0.7552910052910053,1.1754033223227536
expert_1,2322,midogpp-expert_1-01afea3c408fd0870c1420bc,0.3807255607864857,571,0.2459086993970715,0.7552910052910053,1.1748971193415638
expert_1,2323,midogpp-expert_1-766c8ab3f5704dd2e09dcfb6,0.3804486291885904,571,0.2458028411536806,0.7552910052910053,1.1743913521786962
expert_1,2324,midogpp-expert_1-8dd556865b1c45de66c5c48e,0.3804486291885904,571,0.24569707401032703,0.7552910052910053,1.1738860202715624
expert_1,2325,midogpp-expert_1-1c5cf78f4459988668bd40aa,0.3801716975906951,571,0.24559139784946238,0.7552910052910053,1.1733811230585425
expert_1,2326,midogpp-expert_1-d4bb0aca3fa9cb99d3d7268a,0.380060924951537,571,0.24548581255374033,0.7552910052910053,1.1728766599789815
expert_1,2327,midogpp-expert_1-64214e2aa165369c0fe97ac8,0.3796178343949045,571,0.24538031800601634,0.7552910052910053,1.1723726304731892
expert_1,2328,midogpp-expert_1-d65c84ba241ba2311b583354,0.3796178343949045,571,0.24527491408934707,0.7552910052910053,1.171869033982436
expert_1,2329,midogpp-expert_1-4ee615c6ba118fdc91e32106,0.3790085848795348,571,0.24516960068699012,0.7552910052910053,1.1713658699489526
expert_1,2330,midogpp-expert_1-bc475f13bf3e70f49e57e3c4,0.3789531985599557,571,0.24506437768240344,0.7552910052910053,1.1708631378159275
expert_1,2331,midogpp-expert_1-5361547156b4d90bea7b69a1,0.3788424259207976,572,0.24538824538824539,0.7566137566137566,1.172410505743839
expert_1,2332,midogpp-expert_1-443f744e9b4c6e8602b73715,0.3777900858487953,572,0.24528301886792453,0.7566137566137566,1.171907756813417
expert_1,2333,midogpp-expert_1-bf7a30bebc461e8bf83dcce4,0.3772916089725837,572,0.24517788255465067,0.7566137566137566,1.17140543887222
expert_1,2334,midogpp-expert_1-f02cb13c2f556010f3c9bace,0.3767931320963722,572,0.24507283633247642,0.7566137566137566,1.1709035513662762
expert_1,2335,midogpp-expert_1-9b56e3adf9cced4679abee8f,0.3761838825810025,573,0.24539614561027837,0.7579365079365079,1.1724482512491077
expert_1,2336,midogpp-expert_1-58320d7457256ea4f662e4d0,0.3756854057047909,574,0.2457191780821918,0.7592592592592593,1.1739916286149163
expert_1,2337,midogpp-expert_1-bf82bd6caba5812158020021,0.3756300193852118,574,0.24561403508771928,0.7592592592592593,1.1734892787524365
expert_1,2338,midogpp-expert_1-ccecb6147d65d94bb9eaec32,0.3756300193852118,574,0.24550898203592814,0.7592592592592593,1.172987358616101
expert_1,2339,midogpp-expert_1-2d38b64501fb54357afa9384,0.3754638604264746,574,0.24540401881145787,0.7592592592592593,1.1724858676547432
expert_1,2340,midogpp-expert_1-81aa6af22d8f3ce030f9627f,0.3746330656327887,574,0.2452991452991453,0.7592592592592593,1.1719848053181385
expert_1,2341,midogpp-expert_1-15aec981761d48c0f42ce2f2,0.3744115203544724,575,0.24562152926099956,0.7605820105820106,1.1735250842469978
expert_1,2342,midogpp-expert_1-3ec3ecbb1738992d60902623,0.3743561340348934,575,0.24551665243381726,0.7605820105820106,1.1730240060726824
expert_1,2343,midogpp-expert_1-3ef1b6b06a6803b1af470de9,0.3743561340348933,575,0.245411865130175,0.7605820105820106,1.1725233556219472
expert_1,2344,midogpp-expert_1-5b67e327f8adb867ffdfa970,0.3743007477153143,576,0.24573378839590443,0.7619047619047619,1.174061433447099
expert_1,2345,midogpp-expert_1-de5cc5f5cbf0990d39715e06,0.3743007477153143,576,0.24562899786780384,0.7619047619047619,1.1735607675906183
expert_1,2346,midogpp-expert_1-669a7cf1123c43fe97f5c6e0,0.3738576571586818,576,0.24552429667519182,0.7619047619047619,1.1730605285592497
expert_1,2347,midogpp-expert_1-ccc9e929ca3a236c3c14c987,0.3738576571586818,576,0.2454196847038773,0.7619047619047619,1.1725607158074136
expert_1,2348,midogpp-expert_1-66f632a96937870d7d51373f,0.3734699529216283,577,0.24574105621805792,0.7632275132275133,1.1740961574862767
expert_1,2349,midogpp-expert_1-3168914b2830ed4c74388ec1,0.3734145666020493,578,0.24606215410813112,0.7645502645502645,1.1756302918499597
expert_1,2350,midogpp-expert_1-f6bfb2b3e6f37da7028f4099,0.373137635004154,578,0.24595744680851064,0.7645502645502645,1.1751300236406619
expert_1,2351,midogpp-expert_1-6ce619d845c989659243018d,0.3726945444475215,579,0.24627817949808592,0.7658730158730159,1.1766624131575216
expert_1,2352,midogpp-expert_1-7e6eae58500ce58383302f02,0.3725283854887842,579,0.2461734693877551,0.7658730158730159,1.1761621315192743
expert_1,2353,midogpp-expert_1-4b45793b977f081e2d9702a6,0.3719191359734146,579,0.24606884827879302,0.7658730158730159,1.175662275109789
expert_1,2354,midogpp-expert_1-a47d49bd6e1724b074644ab9,0.3719191359734146,579,0.245964316057774,0.7658730158730159,1.1751628433871424
expert_1,2355,midogpp-expert_1-5748c71500cc3f659e757f1f,0.3708114095818333,580,0.24628450106157113,0.7671957671957672,1.176692616183062
expert_1,2356,midogpp-expert_1-94decced4cf9c7e31a3043d6,0.3707006369426752,580,0.2461799660441426,0.7671957671957672,1.1761931710997924
expert_1,2357,midogpp-expert_1-45d17aceff4eb4fa5a587a70,0.3706452506230961,580,0.2460755197284684,0.7671957671957672,1.1756941498137934
expert_1,2358,midogpp-expert_1-2523d9c62890ff6f5af2e25d,0.370645250623096,580,0.24597116200169636,0.7671957671957672,1.1751955517858825
expert_1,2359,midogpp-expert_1-f1063eb79cd4d31a7a01688c,0.3705344779839379,580,0.24586689275116574,0.7671957671957672,1.174697376477792
expert_1,2360,midogpp-expert_1-25e2cb1ae8a5e7d789a779a5,0.3704237053447798,581,0.2461864406779661,0.7685185185185185,1.1762241054613936
expert_1,2361,midogpp-expert_1-f0b5bc959bb8b0ca2dbe678a,0.3702575463860426,582,0.24650571791613723,0.7698412698412699,1.1777495411548777
expert_1,2362,midogpp-expert_1-1d1d24ffab6cdaf239e665e4,0.3702021600664635,582,0.2464013547840813,0.7698412698412699,1.1772509173017216
expert_1,2363,midogpp-expert_1-1c40406fe6a6ff54889b27b9,0.3701467737468845,582,0.24629707998307238,0.7698412698412699,1.176752715474679
expert_1,2364,midogpp-expert_1-9345a0a02f7412aff2c35c7b,0.3699806147881473,582,0.24619289340101522,0.7698412698412699,1.1762549351381837
expert_1,2365,midogpp-expert_1-189026a2da203a21cbd2294e,0.3699252284685682,582,0.24608879492600422,0.7698412698412699,1.1757575757575756
expert_1,2366,midogpp-expert_1-08d08cd5414bafeb6522700f,0.3693713652727776,582,0.2459847844463229,0.7698412698412699,1.1752606367990983
expert_1,2367,midogpp-expert_1-dd7d38ed30255ee49033ecd9,0.3690944336748822,582,0.2458808618504436,0.7698412698412699,1.174764117729897
expert_1,2368,midogpp-expert_1-388a97905c7bcfa05e467889,0.3685959567986707,583,0.24619932432432431,0.7711640211640212,1.1762856606606606
expert_1,2369,midogpp-expert_1-0cea49186a09e9082dfe1e4d,0.3684851841595126,584,0.2465175179400591,0.7724867724867724,1.177805919046949
expert_1,2370,midogpp-expert_1-867fb8374da2e0b58df0ef50,0.3683744115203544,585,0.2468354430379747,0.7738095238095238,1.1793248945147679
expert_1,2371,midogpp-expert_1-3ae72f2484b25affad438ad5,0.367986707283301,586,0.2471530999578237,0.7751322751322751,1.18084258868738
expert_1,2372,midogpp-expert_1-c3c1c85a423466f7003a15aa,0.367931320963722,586,0.24704890387858347,0.7751322751322751,1.1803447629754542
expert_1,2373,midogpp-expert_1-a2ffda7feebdcf238adf0d78,0.3675990030462476,586,0.246944795617362,0.7751322751322751,1.1798473568385073
expert_1,2374,midogpp-expert_1-24028b856078989f00323b21,0.3672666851287732,586,0.2468407750631845,0.7751322751322751,1.179350369746326
expert_1,2375,midogpp-expert_1-43f047500a5a49090ab1d2b2,0.3670451398504569,586,0.24673684210526317,0.7751322751322751,1.1788538011695906
expert_1,2376,midogpp-expert_1-c10cd365f686795dd03fadf0,0.3668789808917197,586,0.24663299663299662,0.7751322751322751,1.1783576505798727
expert_1,2377,midogpp-expert_1-7d3d9ff42bf05f67a1a34f39,0.3666574356134034,587,0.2469499368952461,0.7764550264550265,1.1798719207217314
expert_1,2378,midogpp-expert_1-6f091038d14ec67277e6524c,0.3660481860980338,587,0.24684608915054668,0.7764550264550265,1.179375759274834
expert_1,2379,midogpp-expert_1-f9fd8667cc995fe34bab04bf,0.3659374134588756,587,0.24674232870954182,0.7764550264550265,1.1788800149455887
expert_1,2380,midogpp-expert_1-37952c87352cc4c9ea2c5753,0.3656604818609803,587,0.24663865546218489,0.7764550264550265,1.1783846872082167
expert_1,2381,midogpp-expert_1-743294077e755e0a0b5b4cf3,0.3656604818609803,587,0.24653506929861402,0.7764550264550265,1.1778897755378224
expert_1,2382,midogpp-expert_1-3276452bfb3ce53409fe25b0,0.3653281639435059,587,0.24643157010915198,0.7764550264550265,1.1773952794103928
expert_1,2383,midogpp-expert_1-27cfbcfa5dac79874ffee5d1,0.3652173913043478,587,0.2463281577843055,0.7764550264550265,1.1769011983027928
expert_1,2384,midogpp-expert_1-4089b55a018f6c738139e1a6,0.3648850733868735,587,0.2462248322147651,0.7764550264550265,1.1764075316927665
expert_1,2385,midogpp-expert_1-771334c33961fd867fbf82d1,0.3646635281085572,588,0.24654088050314465,0.7777777777777778,1.177917540181691
expert_1,2386,midogpp-expert_1-a501270270b832cfd5e96f0d,0.3641650512323456,588,0.24643755238893544,0.7777777777777778,1.1774238614138026
expert_1,2387,midogpp-expert_1-ad1f62c70bbb1fc32a4c2a1a,0.3641650512323456,589,0.24675324675324675,0.7791005291005291,1.178932178932179
expert_1,2388,midogpp-expert_1-94f5f2d1393fdd43c3d00f7a,0.363721960675713,589,0.2466499162479062,0.7791005291005291,1.1784384887399961
expert_1,2389,midogpp-expert_1-8286b3398ff49ed85dbd81be,0.3632788701190805,589,0.24654667224780244,0.7791005291005291,1.1779452118506115
expert_1,2390,midogpp-expert_1-ae0e2d5f6e30799a9f85be15,0.3627250069232899,590,0.24686192468619247,0.7804232804232805,1.1794514179451419
expert_1,2391,midogpp-expert_1-88aec744e67236dccb92b84f,0.3622819163666574,590,0.24675867837724802,0.7804232804232805,1.1789581300246295
expert_1,2392,midogpp-expert_1-3d17558b500e9c936a0387d6,0.3620603710883412,590,0.24665551839464883,0.7804232804232805,1.178465254552211
expert_1,2393,midogpp-expert_1-b6b69d9880a35fd19297a9d7,0.3616726668512877,590,0.24655244463017134,0.7804232804232805,1.1779727910108186
expert_1,2394,midogpp-expert_1-85a3e58f8b5d2d8b6e0b1d09,0.3614511215729715,590,0.24644945697577275,0.7804232804232805,1.1774807388842474
expert_1,2395,midogpp-expert_1-22e4f2c2195695a6c1d9289c,0.3613403489338134,590,0.24634655532359082,0.7804232804232805,1.176989097657156
expert_1,2396,midogpp-expert_1-c0b9d6e45b17f3b347ff7eaa,0.3611188036554971,590,0.24624373956594323,0.7804232804232805,1.176497866815062
expert_1,2397,midogpp-expert_1-f2be51131a24e209f51cb81d,0.3609526446967598,590,0.2461410095953275,0.7804232804232805,1.1760070458443423
expert_1,2398,midogpp-expert_1-20cedc0c88132cd4605d3196,0.3607864857380227,590,0.24603836530442036,0.7804232804232805,1.1755166342322305
expert_1,2399,midogpp-expert_1-a2dc6ae2215347ef2fbabe4a,0.3605095541401274,590,0.24593580658607753,0.7804232804232805,1.1750266314668147
expert_1,2400,midogpp-expert_1-a66e41e56b6c1a744935a64c,0.3603987815009692,590,0.24583333333333332,0.7804232804232805,1.174537037037037
expert_1,2401,midogpp-expert_1-c73f5aa9324e3126f8f49ac7,0.3599556909443367,590,0.24573094543940024,0.7804232804232805,1.1740478504326899
expert_1,2402,midogpp-expert_1-7a53975d8782d13e42223a6a,0.3598449183051786,590,0.2456286427976686,0.7804232804232805,1.1735590711444166
expert_1,2403,midogpp-expert_1-f4d4625e4d7ba37d6f6202e2,0.3597895319855995,590,0.2455264253017062,0.7804232804232805,1.1730706986637074
expert_1,2404,midogpp-expert_1-8234964b0a20ff62092285cc,0.3596787593464414,590,0.2454242928452579,0.7804232804232805,1.1725827324828988
expert_1,2405,midogpp-expert_1-f3cf6d749a95507834d7ef55,0.359346441428967,590,0.24532224532224534,0.7804232804232805,1.172095172095172
expert_1,2406,midogpp-expert_1-21f0e064750c785fdee45429,0.3590695098310717,591,0.2456359102244389,0.7817460317460317,1.1735937932945413
expert_1,2407,midogpp-expert_1-ae374a83dbc6f3580743376f,0.3590695098310717,591,0.24553385957623597,0.7817460317460317,1.1731062179753495
expert_1,2408,midogpp-expert_1-2e58079519cec48e31ad734e,0.3586818055940183,591,0.24543189368770765,0.7817460317460317,1.1726190476190477
expert_1,2409,midogpp-expert_1-2f22af713a7d84a28eaacde8,0.358515646635281,591,0.24533001245330013,0.7817460317460317,1.1721322817213229
expert_1,2410,midogpp-expert_1-e42b907368ccab83a06cade7,0.3582941013569648,591,0.24522821576763484,0.7817460317460317,1.1716459197786997
expert_1,2411,midogpp-expert_1-9a15ff42cff43205f78cf7fa,0.3580725560786486,591,0.24512650352550808,0.7817460317460317,1.1711599612885386
expert_1,2412,midogpp-expert_1-fa94c1a3ca09839511a7f182,0.3580725560786486,591,0.24502487562189054,0.7817460317460317,1.1706744057490326
expert_1,2413,midogpp-expert_1-4cfcca5bbe5cc42cf1ab26bb,0.3578510108003323,591,0.24492333195192706,0.7817460317460317,1.170189252659207
expert_1,2414,midogpp-expert_1-aa13f3e6e30a96f8921386b9,0.357629465522016,591,0.2448218724109362,0.7817460317460317,1.1697045015189174
expert_1,2415,midogpp-expert_1-90487b4fe3ff754a8d9d4e9d,0.3575186928828579,592,0.24513457556935817,0.783068783068783,1.1711985277202668
expert_1,2416,midogpp-expert_1-9e9c427645226e996b641f57,0.3570756023262254,592,0.24503311258278146,0.783068783068783,1.1707137601177335
expert_1,2417,midogpp-expert_1-d973738ad68d1c2151ff6615,0.3570202160066464,592,0.24493173355399256,0.783068783068783,1.1702293936468533
expert_1,2418,midogpp-expert_1-67e6bfd8a055839d58e46c25,0.3569648296870673,592,0.24483043837882548,0.783068783068783,1.169745427809944
expert_1,2419,midogpp-expert_1-ff0581ae92304cb7cc06ece1,0.3569094433674882,592,0.24472922695328647,0.783068783068783,1.1692618621101465
expert_1,2420,midogpp-expert_1-de9fc3decaddd435833d2f19,0.3568540570479092,593,0.2450413223140496,0.7843915343915344,1.170752984389348
expert_1,2421,midogpp-expert_1-218da626a299e64975a452c7,0.35679867072833,593,0.244940107393639,0.7843915343915344,1.1702694019918307
expert_1,2422,midogpp-expert_1-11756aa17eb375fe9eaa3172,0.3565771254500138,594,0.24525185796862098,0.7857142857142857,1.171758876961189
expert_1,2423,midogpp-expert_1-e98a26c9280a2981048a3428,0.3565217391304348,594,0.2451506397028477,0.7857142857142857,1.1712752785802722
expert_1,2424,midogpp-expert_1-642d0903bdd85fe4ecd8e56e,0.3563555801716975,595,0.24546204620462045,0.7870370370370371,1.1727631096442976
expert_1,2425,midogpp-expert_1-a5cdb8f579ba5aa822ee795e,0.3563001938521185,595,0.24536082474226803,0.7870370370370371,1.172279495990836
expert_1,2426,midogpp-expert_1-cd20af83790d2adb1c7fd00d,0.3561894212129604,595,0.24525968672712284,0.7870370370370371,1.1717962810295868
expert_1,2427,midogpp-expert_1-0a40c634384d6386923c3cdb,0.3560232622542232,595,0.24515863205603625,0.7870370370370371,1.1713134642677288
expert_1,2428,midogpp-expert_1-21f9e04808cb7907ac70d6f8,0.3557463306563279,595,0.24505766062602966,0.7870370370370371,1.1708310452132527
expert_1,2429,midogpp-expert_1-0654acfcdf749412da3aeb20,0.3553586264192744,596,0.2453684643886373,0.7883597883597884,1.1723159965234893
expert_1,2430,midogpp-expert_1-f6a06f03e9907f10a6d34c3e,0.3551370811409582,596,0.24526748971193416,0.7883597883597884,1.1718335619570186
expert_1,2431,midogpp-expert_1-5553535a15cd06544ab98651,0.3550263085018,596,0.24516659810777458,0.7883597883597884,1.1713515242927006
expert_1,2432,midogpp-expert_1-53a5d491c9b9df4ae95c4860,0.3546939905843257,596,0.2450657894736842,0.7883597883597884,1.1708698830409356
expert_1,2433,midogpp-expert_1-90d806d2d1c39903fafa9e44,0.3545832179451675,596,0.24496506370735718,0.7883597883597884,1.1703886377129287
expert_1,2434,midogpp-expert_1-f998a44ba72aab95ca7d71a1,0.3545278316255885,596,0.2448644207066557,0.7883597883597884,1.1699077878206883
expert_1,2435,midogpp-expert_1-932366443f19d59a0329914e,0.3544170589864304,596,0.24476386036960984,0.7883597883597884,1.1694273328770248
expert_1,2436,midogpp-expert_1-b1395e2d1bc88c9f848f27b2,0.3544170589864303,596,0.24466338259441708,0.7883597883597884,1.1689472723955483
expert_1,2437,midogpp-expert_1-0c24108a111cf0b3f568c3d5,0.3542509000276931,596,0.24456298727944192,0.7883597883597884,1.168467605890667
expert_1,2438,midogpp-expert_1-1a3804a50de93c0fb6ac6665,0.3540293547493769,597,0.24487284659557013,0.7896825396825397,1.1699480448455017
expert_1,2439,midogpp-expert_1-61d02492a091a03a60c1b9a7,0.3540293547493769,597,0.24477244772447723,0.7896825396825397,1.16946836135028
expert_1,2440,midogpp-expert_1-0a5e0ec8269dd5cf317b9e80,0.3538631957906397,597,0.244672131147541,0.7896825396825397,1.1689890710382513
expert_1,2441,midogpp-expert_1-60f6476f83887b2251c9b4d5,0.3535862641927444,597,0.24457189676362145,0.7896825396825397,1.1685101734261913
expert_1,2442,midogpp-expert_1-f114da7873f524785b629e39,0.3535308778731654,597,0.24447174447174447,0.7896825396825397,1.168031668031668
expert_1,2443,midogpp-expert_1-b00be5a2625013f8c002ed7f,0.3535308778731653,597,0.24437167417110112,0.7896825396825397,1.1675535543730386
expert_1,2444,midogpp-expert_1-b9e7e185966fb5538ad0ef1a,0.3534201052340072,597,0.24427168576104746,0.7896825396825397,1.167075831969449
expert_1,2445,midogpp-expert_1-16863d6cf5f0a699f10e4a8a,0.3531431736361119,597,0.2441717791411043,0.7896825396825397,1.1665985003408317
expert_1,2446,midogpp-expert_1-2e0e632d8050354b2ec357d3,0.3530324009969537,597,0.24407195421095668,0.7896825396825397,1.1661215590079042
expert_1,2447,midogpp-expert_1-aebbdd587b312ca17ed9eafb,0.3528662420382166,597,0.24397221087045362,0.7896825396825397,1.1656450074921672
expert_1,2448,midogpp-expert_1-3cf29d21417e36cb8ae1bcef,0.3528662420382165,597,0.24387254901960784,0.7896825396825397,1.1651688453159041
expert_1,2449,midogpp-expert_1-6017962f7ca62c0259d0ef29,0.3527554693990584,597,0.24377296855859534,0.7896825396825397,1.1646930720021778
expert_1,2450,midogpp-expert_1-cff56c6381f875437288a5ad,0.3524785378011631,597,0.2436734693877551,0.7896825396825397,1.16421768707483
expert_1,2451,midogpp-expert_1-a8ee4daed5b7c91561833571,0.352478537801163,597,0.24357405140758873,0.7896825396825397,1.1637426900584793
expert_1,2452,midogpp-expert_1-a8ac3286d9349ac33e5c9816,0.352423151481584,597,0.24347471451876018,0.7896825396825397,1.1632680804785207
expert_1,2453,midogpp-expert_1-1b12b259ebceb96c07d50520,0.3522016062032678,597,0.2433754586220954,0.7896825396825397,1.1627938578611223
expert_1,2454,midogpp-expert_1-ad7804473043d8a83100d7fe,0.3519800609249516,597,0.24327628361858192,0.7896825396825397,1.1623200217332246
expert_1,2455,midogpp-expert_1-9a64764c366c49ec42235d98,0.3518139019662143,597,0.24317718940936864,0.7896825396825397,1.161846571622539
expert_1,2456,midogpp-expert_1-1ec423e25bc40bafe9e44987,0.3517031293270562,597,0.24307817589576547,0.7896825396825397,1.1613735070575462
expert_1,2457,midogpp-expert_1-f7aebf84c0e07ad5e0a55837,0.3513708114095818,597,0.24297924297924298,0.7896825396825397,1.1609008275674941
expert_1,2458,midogpp-expert_1-b16a632c255a87a2261752de,0.3513154250900028,597,0.24288039056143207,0.7896825396825397,1.1604285326823975
expert_1,2459,midogpp-expert_1-e8e915dab624986b20004a8f,0.3510938798116865,597,0.24278161854412364,0.7896825396825397,1.159956621933035
expert_1,2460,midogpp-expert_1-9a2692dec255a985b0e5dec8,0.3510384934921075,598,0.24308943089430896,0.791005291005291,1.1614272809394761
expert_1,2461,midogpp-expert_1-054aee7f1bb53e53fedd21c5,0.3508723345333702,598,0.24299065420560748,0.791005291005291,1.1609553478712356
expert_1,2462,midogpp-expert_1-c222f838959beedd84bf18b4,0.3507615618942121,599,0.24329813160032493,0.7923280423280423,1.1624244065348857
expert_1,2463,midogpp-expert_1-c868e1a6ac899ba4defa6579,0.3507615618942121,600,0.243605359317905,0.7936507936507936,1.1638922722966571
expert_1,2464,midogpp-expert_1-bb2ea3af4df4e23090e67a92,0.350706175574633,600,0.2435064935064935,0.7936507936507936,1.1634199134199132
expert_1,2465,midogpp-expert_1-ec3800c3323b129dbe300a9e,0.350706175574633,601,0.2438133874239351,0.794973544973545,1.164886184358801
expert_1,2466,midogpp-expert_1-0bb1d7275be8c895474c33b6,0.3505954029354749,601,0.24371451743714517,0.794973544973545,1.1644138055330269
expert_1,2467,midogpp-expert_1-953bce47c2336e1dff93cd7a,0.3504292439767377,601,0.24361572760437777,0.794973544973545,1.1639418096653604
expert_1,2468,midogpp-expert_1-24570fbecc4ab96d4124216a,0.3503738576571586,601,0.24351701782820098,0.794973544973545,1.1634701962902936
expert_1,2469,midogpp-expert_1-374e9b344d135ec74d814b0f,0.3503738576571586,602,0.24382341028756582,0.7962962962962963,1.1649340713739256
expert_1,2470,midogpp-expert_1-ca2215dd9854de534fd9187b,0.3500415397396843,603,0.24412955465587044,0.7976190476190477,1.1663967611336032
expert_1,2471,midogpp-expert_1-2355d4baf4bd3c21c0d7c77c,0.3498199944613681,603,0.24403075677863215,0.7976190476190477,1.1659247268312425
expert_1,2472,midogpp-expert_1-2f25031fc7998700b59316a6,0.3492661312655774,603,0.24393203883495146,0.7976190476190477,1.1654530744336569
expert_1,2473,midogpp-expert_1-0a9da8e5bfd4d5157ad76ed6,0.3492107449459983,603,0.2438334007278609,0.7976190476190477,1.1649818034775574
expert_1,2474,midogpp-expert_1-32982e040d8fd993d5a34439,0.3491553586264193,604,0.24413904607922393,0.798941798941799,1.1664421090451809
expert_1,2475,midogpp-expert_1-83e3c38d5dc32d2ea58078a4,0.3491553586264193,604,0.24404040404040403,0.798941798941799,1.1659708193041525
expert_1,2476,midogpp-expert_1-3a6c9304a837c138251d34f8,0.3490999723068402,604,0.24394184168012925,0.798941798941799,1.1654999102495063
expert_1,2477,midogpp-expert_1-4b87b3835cda1c3a3d94e847,0.3488230407089449,604,0.24384335890189746,0.798941798941799,1.1650293814201766
expert_1,2478,midogpp-expert_1-d67b9479a7f5c01683d4564e,0.3487122680697868,605,0.24414850686037126,0.8002645502645502,1.166487310555107
expert_1,2479,midogpp-expert_1-003c2875618ea822510a8280,0.3483245638327333,606,0.2444534086325131,0.8015873015873016,1.1679440634664515
expert_1,2480,midogpp-expert_1-23690cc513964931b880f55d,0.3481584048739961,606,0.24435483870967742,0.8015873015873016,1.16747311827957
expert_1,2481,midogpp-expert_1-c6e366df76321660a883dd24,0.348047632234838,607,0.24465941152760984,0.8029100529100529,1.1689282995208026
expert_1,2482,midogpp-expert_1-b0de29ff94a834378955859c,0.3475491553586264,607,0.24456083803384368,0.8029100529100529,1.1684573372728086
expert_1,2483,midogpp-expert_1-4b2d0ce634dc812171c2dd5f,0.3470506784824149,607,0.24446234393878372,0.8029100529100529,1.1679867543741889
expert_1,2484,midogpp-expert_1-f0050ec55a084099f21bdbaf,0.3469399058432567,607,0.24436392914653784,0.8029100529100529,1.167516550366792
expert_1,2485,midogpp-expert_1-0c4ee7c26ce4dfdf18c7bd47,0.3462752700083079,607,0.2442655935613682,0.8029100529100529,1.1670467247932035
expert_1,2486,midogpp-expert_1-48ae64240c56a8655d31379d,0.3458321794516754,607,0.24416733708769106,0.8029100529100529,1.1665772771967462
expert_1,2487,midogpp-expert_1-f28aa49748aff47db9162066,0.3452783162558848,607,0.2440691596300764,0.8029100529100529,1.1661082071214761
expert_1,2488,midogpp-expert_1-24817602a4e944fc27975719,0.3450013846579894,607,0.2439710610932476,0.8029100529100529,1.165639514112183
expert_1,2489,midogpp-expert_1-2e2865e01004c7137f7d319f,0.3448906120188313,607,0.24387304138208116,0.8029100529100529,1.1651711977143877
expert_1,2490,midogpp-expert_1-9d4713881cac8e12be03c577,0.3443921351426198,607,0.24377510040160644,0.8029100529100529,1.164703257474342
expert_1,2491,midogpp-expert_1-dddb474eada4592acb07a298,0.3443367488230407,607,0.24367723805700522,0.8029100529100529,1.164235692939025
expert_1,2492,midogpp-expert_1-73999fd7b33ec6cc473dbda7,0.3443367488230406,608,0.24398073836276082,0.8042328042328042,1.1656857499554127
expert_1,2493,midogpp-expert_1-4023f9df16a2add7b00cf683,0.3442259761838825,608,0.2438828720417168,0.8042328042328042,1.1652181664215358
expert_1,2494,midogpp-expert_1-7745282bc6b1c5db6cf79a26,0.3441705898643035,608,0.243785084202085,0.8042328042328042,1.164750957854406
expert_1,2495,midogpp-expert_1-14bad7f6b5d8c407d75a830f,0.3440044309055663,608,0.243687374749499,0.8042328042328042,1.1642841238031618
expert_1,2496,midogpp-expert_1-9090a79cf1ee37bbdbedd8cc,0.3436721129880919,608,0.24358974358974358,0.8042328042328042,1.1638176638176638
expert_1,2497,midogpp-expert_1-416152853dc539322bdcbcff,0.342841318194406,608,0.24349219062875452,0.8042328042328042,1.1633515774484937
expert_1,2498,midogpp-expert_1-281e29fd01106559a5f0aad0,0.3426751592356688,609,0.24379503602882305,0.8055555555555556,1.1647985054710435
expert_1,2499,midogpp-expert_1-5b2e905eace630b065418b01,0.3423982276377735,610,0.24409763905562226,0.8068783068783069,1.166244275487973
expert_1,2500,midogpp-expert_1-789a0a212c9acf3c58456e97,0.3422320686790363,610,0.244,0.8068783068783069,1.1657777777777778
expert_1,2501,midogpp-expert_1-6b993b2d514dea6d5055d644,0.3416782054832457,610,0.24390243902439024,0.8068783068783069,1.165311653116531
expert_1,2502,midogpp-expert_1-2b2af8d219fc5dbf877848b7,0.3414566602049294,610,0.24380495603517185,0.8068783068783069,1.164845901056932
expert_1,2503,midogpp-expert_1-f787bc3f5497f789f36f7ca5,0.3410135696482969,610,0.24370755093887336,0.8068783068783069,1.164380521152395
expert_1,2504,midogpp-expert_1-42b81cdf0a21c65a30808218,0.3410135696482968,610,0.24361022364217252,0.8068783068783069,1.1639155129570464
expert_1,2505,midogpp-expert_1-423b9174a02a67a986455d41,0.3404043201329271,610,0.2435129740518962,0.8068783068783069,1.1634508760257263
expert_1,2506,midogpp-expert_1-06c84d5328f82b56b0778f91,0.3401273885350319,610,0.24341580207501995,0.8068783068783069,1.162986609913984
expert_1,2507,midogpp-expert_1-504756c50be0b9712c129b7e,0.3401273885350318,610,0.24331870761866772,0.8068783068783069,1.162522714178079
expert_1,2508,midogpp-expert_1-a90810ddbdeaaaaece8c1113,0.3397950706175574,610,0.24322169059011164,0.8068783068783069,1.1620591883749778
expert_1,2509,midogpp-expert_1-14c5df131a60dd16d2179e36,0.3396842979783993,610,0.24312475089677163,0.8068783068783069,1.1615960320623533
expert_1,2510,midogpp-expert_1-5877fedc72772dfceaf500ee,0.3395181390196621,610,0.24302788844621515,0.8068783068783069,1.1611332447985834
expert_1,2511,midogpp-expert_1-220759c223dd7d922a8f7dcf,0.3394627527000831,610,0.2429311031461569,0.8068783068783069,1.1606708261427496
expert_1,2512,midogpp-expert_1-543400c3ecda3f00bf757ed4,0.3394627527000831,610,0.2428343949044586,0.8068783068783069,1.1602087756546355
expert_1,2513,midogpp-expert_1-3e8367f72a7426c9f9757edb,0.3393519800609249,610,0.24273776362912852,0.8068783068783069,1.159747092894725
expert_1,2514,midogpp-expert_1-ff38820d26b44d706b48c734,0.3391304347826087,611,0.24303898170246618,0.8082010582010583,1.1611862459117828
expert_1,2515,midogpp-expert_1-07b70547f60788e84c73a317,0.3389088895042924,611,0.24294234592445327,0.8082010582010583,1.1607245416390544
expert_1,2516,midogpp-expert_1-6d4a6b53500e79e3cc66d9fc,0.3382442536693437,611,0.24284578696343403,0.8082010582010583,1.1602632043808514
expert_1,2517,midogpp-expert_1-f0dddd16c788bea5d22d111a,0.337690390473553,612,0.2431466030989273,0.8095238095238095,1.1617004370282082
expert_1,2518,midogpp-expert_1-f44319da413dbc09cac45d49,0.3371919135973414,612,0.24305003971405878,0.8095238095238095,1.1612390786338362
expert_1,2519,midogpp-expert_1-87c4effb2fd66565f4a67c16,0.3369703683190251,612,0.24295355299722113,0.8095238095238095,1.1607780865422788
expert_1,2520,midogpp-expert_1-6457fc8f203e97df613bcccd,0.3363611188036555,612,0.24285714285714285,0.8095238095238095,1.1603174603174602
expert_1,2521,midogpp-expert_1-d665f44018d1c1441534b602,0.335973414566602,612,0.24276080920269735,0.8095238095238095,1.1598571995239984
expert_1,2522,midogpp-expert_1-5b5cf7d67f211c935189646a,0.3356964829687067,612,0.24266455194290246,0.8095238095238095,1.1593973037272005
expert_1,2523,midogpp-expert_1-17d3efbfd589f4bda2a61e41,0.3355303240099695,613,0.24296472453428458,0.8108465608465608,1.160831461663804
expert_1,2524,midogpp-expert_1-89405e50142d0055de52ef5c,0.3352533924120742,613,0.24286846275752774,0.8108465608465608,1.160371544285966
expert_1,2525,midogpp-expert_1-8259a30ffa44da9881a34611,0.335031847133758,613,0.24277227722772277,0.8108465608465608,1.1599119911991198
expert_1,2526,midogpp-expert_1-3e40a73339f26c31f7c7b3c7,0.3349764608141788,613,0.24267616785431512,0.8108465608465608,1.1594528019706165
expert_1,2527,midogpp-expert_1-326c5419847a2a7d33d74cad,0.3338687344225977,613,0.24258013454689356,0.8108465608465608,1.1589939761684913
expert_1,2528,midogpp-expert_1-1858de35e985cdc684d7ac6f,0.3338133481030185,614,0.24287974683544303,0.8121693121693122,1.1604254571026722
expert_1,2529,midogpp-expert_1-c4ca1de4ae49579c332bd45b,0.3329825533093326,614,0.24278370897587978,0.8121693121693122,1.1599666095514256
expert_1,2530,midogpp-expert_1-3dc976d25bd3318da5631fe0,0.3326502353918582,615,0.24308300395256918,0.8134920634920635,1.1613965744400527
expert_1,2531,midogpp-expert_1-27835450da3417543e90e419,0.3325394627527001,615,0.24298696167522718,0.8134920634920635,1.160937705781641
expert_1,2532,midogpp-expert_1-061c45437edddad4237cd432,0.3322625311548048,616,0.24328593996840442,0.8148148148148148,1.1623661576268212
expert_1,2533,midogpp-expert_1-957eecbf90ac7f9ea43c1ce1,0.3317640542785932,617,0.24358468219502566,0.8161375661375662,1.1637934815984559
expert_1,2534,midogpp-expert_1-07933d1e5daf44e76423ece1,0.3312101910828025,617,0.24348855564325178,0.8161375661375662,1.1633342102955362
expert_1,2535,midogpp-expert_1-ebc3aa38717fdf01436e9c0b,0.3311548047632234,617,0.24339250493096648,0.8161375661375662,1.1628753013368398
expert_1,2536,midogpp-expert_1-cb5f9d1ff71442f2499a0c10,0.3310994184436444,617,0.24329652996845424,0.8161375661375662,1.1624167542937258
expert_1,2537,midogpp-expert_1-ebb2abf221ec687cb079105b,0.3309886458044863,617,0.24320063066614112,0.8161375661375662,1.1619585687382297
expert_1,2538,midogpp-expert_1-8dfa5b3f1352b052c7eda7b1,0.3298255330933259,617,0.24310480693459416,0.8161375661375662,1.161500744243061
expert_1,2539,midogpp-expert_1-d1c9913278dbdc518fc701ff,0.3296593741345887,618,0.2434029145332808,0.8174603174603174,1.1629250361034527
expert_1,2540,midogpp-expert_1-12556b6cc267ca8fd05339c7,0.329050124619219,618,0.24330708661417322,0.8174603174603174,1.1624671916010498
expert_1,2541,midogpp-expert_1-41063871e484a8bbc6039fc1,0.3287178067017446,618,0.24321133412042503,0.8174603174603174,1.1620097074642528
expert_1,2542,midogpp-expert_1-411cdabb15bfbf0a77fefb3d,0.3284408751038493,619,0.24350904799370574,0.8187830687830688,1.1634321181921496
expert_1,2543,midogpp-expert_1-abb0dbb3eefe284f2d67f4a5,0.3282747161451121,620,0.2438065277231616,0.8201058201058201,1.1648534102328831
expert_1,2544,midogpp-expert_1-c719e188b9e341413bfe40b2,0.3280531708667959,621,0.24410377358490565,0.8214285714285714,1.1662735849056602
expert_1,2545,midogpp-expert_1-2c66c8f4083aca942a3270bf,0.3277762392689006,621,0.24400785854616897,0.8214285714285714,1.1658153241650295
expert_1,2546,midogpp-expert_1-f8d770a6e922c4fb98fa562e,0.3277762392689006,621,0.2439120188531029,0.8214285714285714,1.1653574234092694
expert_1,2547,midogpp-expert_1-7874eacde4022b2daea4362d,0.3277208529493215,621,0.24381625441696114,0.8214285714285714,1.16489988221437
expert_1,2548,midogpp-expert_1-3cb182705bb887271fe7b1a3,0.3277208529493214,621,0.24372056514913656,0.8214285714285714,1.1644427001569857
expert_1,2549,midogpp-expert_1-2dc48611de9bc5944af248f4,0.3276654666297425,621,0.24362495096116124,0.8214285714285714,1.1639858768144369
expert_1,2550,midogpp-expert_1-7b86142adea4448726718ffa,0.3276100803101633,621,0.24352941176470588,0.8214285714285714,1.163529411764706
expert_1,2551,midogpp-expert_1-8b383f8f578e1829d688014d,0.3276100803101633,621,0.24343394747157976,0.8214285714285714,1.1630733045864365
expert_1,2552,midogpp-expert_1-d51c84ebe974b4b1aaed6cd6,0.3274439213514262,622,0.24373040752351097,0.8227513227513228,1.1644897248345523
expert_1,2553,midogpp-expert_1-47c32492e9d52cdf0a432d4d,0.3270008307947937,623,0.24402663533098315,0.8240740740740741,1.1659050354702527
expert_1,2554,midogpp-expert_1-204616df33191b01c41fdf1c,0.3268346718360565,623,0.24393108848864525,0.8240740740740741,1.1654485338901939
expert_1,2555,midogpp-expert_1-43f48eca5315178db298bc5e,0.326502353918582,623,0.24383561643835616,0.8240740740740741,1.164992389649924
expert_1,2556,midogpp-expert_1-b9bede6e6c472489e7af73bf,0.3262254223206868,623,0.24374021909233176,0.8240740740740741,1.1645366023300294
expert_1,2557,midogpp-expert_1-c56b7c1e2ae49c1ffc56218d,0.3262254223206868,623,0.2436448963629253,0.8240740740740741,1.164081171511754
expert_1,2558,midogpp-expert_1-9cad28ec5a76986ff6a47c3d,0.3261700360011077,624,0.2439405785770133,0.8253968253968254,1.1654938754235078
expert_1,2559,midogpp-expert_1-f50a259c0a8daee71be8857d,0.3260038770423705,624,0.24384525205158264,0.8253968253968254,1.1650384264686726
expert_1,2560,midogpp-expert_1-10d255a8bbe5fffc250d81c0,0.3252284685682636,624,0.24375,0.8253968253968254,1.1645833333333333
expert_1,2561,midogpp-expert_1-2c97a0b34cf54b68bc1dbdee,0.3245084464137358,625,0.24404529480671613,0.8267195767195767,1.1659941862987548
expert_1,2562,midogpp-expert_1-c3b0d3f0c0a661b4e4a56931,0.3241207421766823,625,0.24395003903200624,0.8267195767195767,1.165539075375141
expert_1,2563,midogpp-expert_1-b78c0518d5620e85a2702d0a,0.3239545832179452,625,0.24385485758876316,0.8267195767195767,1.1650843195907572
expert_1,2564,midogpp-expert_1-5540fa5ab8cd3a684eb71c2a,0.3237330379396289,625,0.2437597503900156,0.8267195767195767,1.1646299185300746
expert_1,2565,midogpp-expert_1-9cd3f3a7b7cd3396887305db,0.3236222653004708,625,0.24366471734892786,0.8267195767195767,1.164175871778211
expert_1,2566,midogpp-expert_1-270e414f6770098444bdf888,0.3233453337025754,625,0.24356975837879968,0.8267195767195767,1.1637221789209318
expert_1,2567,midogpp-expert_1-c7a8b9616349c2e59b4e2a79,0.3231237884242592,626,0.24386443319049475,0.828042328042328,1.1651300696879192
expert_1,2568,midogpp-expert_1-22f88ce625734d8f260c4fcf,0.3224037662697314,626,0.24376947040498442,0.828042328042328,1.1646763586015922
expert_1,2569,midogpp-expert_1-6e0e0f8fba873b395067df65,0.3221822209914151,626,0.24367458154924096,0.828042328042328,1.1642230007352623
expert_1,2570,midogpp-expert_1-d539cf32568778945c4eabc7,0.3219052893935198,626,0.24357976653696498,0.828042328042328,1.1637699956766103
expert_1,2571,midogpp-expert_1-e34381706c6883e99df742ea,0.3217945167543616,627,0.24387397899649943,0.8293650793650794,1.1651756774277195
expert_1,2572,midogpp-expert_1-6a8771af0a6c93100f4875f0,0.3212960398781501,628,0.24416796267496113,0.8306878306878307,1.166580266113703
expert_1,2573,midogpp-expert_1-5327d46c9a6aeb8af4a777ba,0.3209083356410966,628,0.24407306645938592,0.8306878306878307,1.1661268730837326
expert_1,2574,midogpp-expert_1-f0da9e92b5ef25d039a6ca40,0.3202990861257269,628,0.24397824397824397,0.8306878306878307,1.165673832340499
expert_1,2575,midogpp-expert_1-949a54268e1955e2b6a41e40,0.3198006092495153,628,0.24388349514563107,0.8306878306878307,1.1652211434735706
expert_1,2576,midogpp-expert_1-647a2bcbb5e20410d7400cb0,0.3195790639711991,628,0.24378881987577639,0.8306878306878307,1.1647688060731538
expert_1,2577,midogpp-expert_1-a8c056159ff8092c309b78a4,0.3192467460537247,628,0.24369421808304229,0.8306878306878307,1.1643168197300908
expert_1,2578,midogpp-expert_1-57c393aa73be1d7e27a1657d,0.3190805870949875,628,0.24359968968192397,0.8306878306878307,1.163865184035859
expert_1,2579,midogpp-expert_1-4a3e687540030822a31fbdef,0.3182497923013015,628,0.24350523458704926,0.8306878306878307,1.1634138985825686
expert_1,2580,midogpp-expert_1-bd5a6f8e2d83586b00b37e8d,0.3182497923013015,628,0.2434108527131783,0.8306878306878307,1.162962962962963
expert_1,2581,midogpp-expert_1-bf62d2b99b02fa172e417dc2,0.3178067017446691,629,0.24370399070127857,0.832010582010582,1.1643635111283308
expert_1,2582,midogpp-expert_1-64e348e86a289ae692e7705f,0.3176959291055109,630,0.243996901626646,0.8333333333333334,1.1657629744384197
expert_1,2583,midogpp-expert_1-7fdc2c1b62787b8b3084b97e,0.3176959291055109,631,0.2442895857530004,0.8346560846560847,1.167161354153224
expert_1,2584,midogpp-expert_1-8c6d0b0d5406be48fd168da1,0.3173636111880366,631,0.24419504643962847,0.8346560846560847,1.1667096663226693
expert_1,2585,midogpp-expert_1-a42fd2a15f669647d82b8657,0.3173082248684574,631,0.24410058027079304,0.8346560846560847,1.1662583279604555
expert_1,2586,midogpp-expert_1-8482377b1fc1b224c9cae2c7,0.3170866795901412,631,0.2440061871616396,0.8346560846560847,1.165807338661167
expert_1,2587,midogpp-expert_1-e6e3d992a58f2c4e36e1e9b8,0.3168097479922459,631,0.2439118670274449,0.8346560846560847,1.1653566980200145
expert_1,2588,midogpp-expert_1-66c2e49bb78a21f2fccf9fb3,0.3165328163943506,632,0.24420401854714066,0.8359788359788359,1.1667525330585609
expert_1,2589,midogpp-expert_1-bbaee54267e5e167de87117b,0.3156466352810855,633,0.24449594438006952,0.8373015873015873,1.1681472898158876
expert_1,2590,midogpp-expert_1-5579b202effd1fbe8429fb89,0.3147050678482415,633,0.2444015444015444,0.8373015873015873,1.1676962676962677
expert_1,2591,midogpp-expert_1-7f898a1d3daa091e2b1c4064,0.3146496815286624,633,0.24430721729062138,0.8373015873015873,1.1672455937218575
expert_1,2592,midogpp-expert_1-f30e499ae417a3dda7bbaea3,0.3140958183328718,633,0.24421296296296297,0.8373015873015873,1.166795267489712
expert_1,2593,midogpp-expert_1-6b542f2c47aa20b33b24ecb3,0.3137635004153973,633,0.24411878133436174,0.8373015873015873,1.166345288597506
expert_1,2594,midogpp-expert_1-3efe38826dee9d5f767bb3c1,0.3135973414566602,634,0.24441017733230533,0.8386243386243386,1.1677375139210142
expert_1,2595,midogpp-expert_1-8de7c20ed696ec86f19db4a7,0.3135419551370811,634,0.2443159922928709,0.8386243386243386,1.1672875187326053
expert_1,2596,midogpp-expert_1-a68cf41485de8e311dc7b86c,0.3134865688175021,634,0.24422187981510016,0.8386243386243386,1.1668378702277007
expert_1,2597,midogpp-expert_1-f0e9c868a2be6eafd2321f13,0.313431182497923,634,0.24412783981517136,0.8386243386243386,1.1663885680058186
expert_1,2598,midogpp-expert_1-f21d58ef84eab68f399da48e,0.3131542509000276,634,0.24403387220939185,0.8386243386243386,1.1659396116670944
expert_1,2599,midogpp-expert_1-543d85867c113bb24eacc835,0.3130988645804486,634,0.24393997691419778,0.8386243386243386,1.1654910008122783
expert_1,2600,midogpp-expert_1-55e852312ce7ee0fd724270a,0.3119911381888673,634,0.24384615384615385,0.8386243386243386,1.165042735042735
expert_1,2601,midogpp-expert_1-b4dff31401bdedf4074b1968,0.311769592910551,634,0.2437524029219531,0.8386243386243386,1.1645948139604425
expert_1,2602,midogpp-expert_1-e8d4c991a243603748ca5595,0.3116588202713929,634,0.2436587240584166,0.8386243386243386,1.1641472371679904
expert_1,2603,midogpp-expert_1-cf56705150f8b7dea1ac97f6,0.3114372749930767,634,0.24356511717249327,0.8386243386243386,1.1637000042685788
expert_1,2604,midogpp-expert_1-cae95ae7c316a8e79fbd0cd4,0.3113265023539185,634,0.2434715821812596,0.8386243386243386,1.1632531148660181
expert_1,2605,midogpp-expert_1-9b7cda95137c64b616c9dc93,0.3112711160343395,634,0.24337811900191939,0.8386243386243386,1.162806568564726
expert_1,2606,midogpp-expert_1-ee4ee614466a17925210ea5c,0.3112157297147604,634,0.24328472755180353,0.8386243386243386,1.1623603649697278
expert_1,2607,midogpp-expert_1-155d3ea471ac951e1fa08bf5,0.3109387981168651,634,0.24319140774836978,0.8386243386243386,1.1619145036866556
expert_1,2608,midogpp-expert_1-356f3082e6a042c26ea0c762,0.3106618665189698,634,0.24309815950920247,0.8386243386243386,1.161468984321745
expert_1,2609,midogpp-expert_1-9b523a2c3a32dbc18a9c862f,0.3105510938798116,634,0.24300498275201227,0.8386243386243386,1.1610238064818363
expert_1,2610,midogpp-expert_1-90accce9e13a2921a31281a1,0.3096649127665466,634,0.24291187739463602,0.8386243386243386,1.160578969774372
expert_1,2611,midogpp-expert_1-c7b02bba2fe648d6d6029b2b,0.3093325948490723,634,0.2428188433550364,0.8386243386243386,1.160134473807396
expert_1,2612,midogpp-expert_1-7d77e7c09b5907e24e1078c3,0.3090556632511769,634,0.24272588055130168,0.8386243386243386,1.1596903181895524
expert_1,2613,midogpp-expert_1-08b0812d5942fd59452a1e9e,0.3088895042924398,634,0.2426329889016456,0.8386243386243386,1.1592465025300844
expert_1,2614,midogpp-expert_1-50869afc3c9795264ea8e4ba,0.3088341179728607,634,0.24254016832440703,0.8386243386243386,1.1588030264388336
expert_1,2615,midogpp-expert_1-8ffc7144e47ac32dc035a839,0.3086125726945444,634,0.2424474187380497,0.8386243386243386,1.1583598895262375
expert_1,2616,midogpp-expert_1-b070187fc58a2177eb66f4c0,0.3086125726945444,634,0.2423547400611621,0.8386243386243386,1.1579170914033299
expert_1,2617,midogpp-expert_1-39c283c476100bbc9cfc25aa,0.3083910274162281,634,0.24226213221245702,0.8386243386243386,1.157474631681739
expert_1,2618,midogpp-expert_1-343e78fbdb084f7737ae4539,0.3083356410966491,634,0.24216959511077157,0.8386243386243386,1.1570325099736865
expert_1,2619,midogpp-expert_1-d8460bb2296e5406e46dde54,0.308335641096649,634,0.2420771286750668,0.8386243386243386,1.1565907258919859
expert_1,2620,midogpp-expert_1-a4aec25e18a8bdc58a69127c,0.3080033231791748,634,0.24198473282442748,0.8386243386243386,1.1561492790500423
expert_1,2621,midogpp-expert_1-7fc5485ee2a1d59212cb2a8e,0.3078371642204375,634,0.24189240747806182,0.8386243386243386,1.155708169061851
expert_1,2622,midogpp-expert_1-46c4a62e6e6e088e9f1f334e,0.3074494599833841,635,0.2421815408085431,0.83994708994709,1.157089583863039
expert_1,2623,midogpp-expert_1-d2b7e6d0ab571615c2016947,0.307394073663805,635,0.24208921082729698,0.83994708994709,1.1566484517304187
expert_1,2624,midogpp-expert_1-c0fcb869b5f1453d7a642e60,0.3071725283854888,635,0.2419969512195122,0.83994708994709,1.1562076558265582
expert_1,2625,midogpp-expert_1-10d0e076542fe5c29b2afa48,0.3071725283854887,635,0.2419047619047619,0.83994708994709,1.1557671957671958
expert_1,2626,midogpp-expert_1-df3cf71d8978c826340840fb,0.3068955967875935,635,0.2418126428027418,0.83994708994709,1.1553270711686552
expert_1,2627,midogpp-expert_1-a62c9bd2a4c84fec8b659e9c,0.3067294378288562,635,0.24172059383326988,0.83994708994709,1.1548872816478448
expert_1,2628,midogpp-expert_1-482a515157a4dae180fca636,0.3065632788701191,635,0.24162861491628615,0.83994708994709,1.154447826822256
expert_1,2629,midogpp-expert_1-dc264dc2edb38552c89e3064,0.30650789255054,636,0.24191707873716242,0.8412698412698413,1.1558260428553315
expert_1,2630,midogpp-expert_1-62be6f6e4a7d025897d158bb,0.306452506230961,636,0.24182509505703423,0.8412698412698413,1.1553865652724968
expert_1,2631,midogpp-expert_1-1d600e734b4b51f8430c748f,0.3062309609526447,636,0.24173318129988597,0.8412698412698413,1.1549474217661218
expert_1,2632,midogpp-expert_1-199b059b965d776cab10e6c2,0.3061201883134865,636,0.24164133738601823,0.8412698412698413,1.1545086119554204
expert_1,2633,midogpp-expert_1-97748a769dc515ea146a3990,0.3060648019939075,637,0.24192935814660083,0.8425925925925926,1.1558847111448705
expert_1,2634,midogpp-expert_1-32022e367db39c0617d160e4,0.3059540293547493,637,0.24183750949126803,0.8425925925925926,1.1554458786805029
expert_1,2635,midogpp-expert_1-b0e1b363922b77138ff5417b,0.3058432567155912,637,0.24174573055028464,0.8425925925925926,1.1550073792958044
expert_1,2636,midogpp-expert_1-154e6602d720a08998d89ead,0.3057878703960122,637,0.24165402124430957,0.8425925925925926,1.1545692126117013
expert_1,2637,midogpp-expert_1-a32f32404e543665419aae00,0.3057878703960122,637,0.2415623814941221,0.8425925925925926,1.1541313782496945
expert_1,2638,midogpp-expert_1-e4a499c7a73ea71fb8df3174,0.3057324840764331,637,0.2414708112206217,0.8425925925925926,1.1536938758318591
expert_1,2639,midogpp-expert_1-0ebe61ae93fcfc4a43a6a89a,0.3056770977568541,637,0.2413793103448276,0.8425925925925926,1.1532567049808429
expert_1,2640,midogpp-expert_1-5edd5bf2703dd407433d2afb,0.3050124619219053,637,0.2412878787878788,0.8425925925925926,1.1528198653198654
expert_1,2641,midogpp-expert_1-f1a037070840be0908f58cdc,0.3050124619219052,637,0.2411965164710337,0.8425925925925926,1.1523833564727166
expert_1,2642,midogpp-expert_1-1b3c66e2975a2b4e97e062d9,0.3046801440044309,637,0.24110522331566994,0.8425925925925926,1.1519471780637562
expert_1,2643,midogpp-expert_1-2f1610265289b4b43c789c30,0.3046247576848518,637,0.24101399924328415,0.8425925925925926,1.1515113297179131
expert_1,2644,midogpp-expert_1-d5401b4f9904c08dd9fada15,0.3044585987261147,638,0.24130105900151286,0.843915343915344,1.1528828374516724
expert_1,2645,midogpp-expert_1-def70736e4fe7ed2ff374458,0.3044032124065355,638,0.24120982986767486,0.843915343915344,1.1524469649233353
expert_1,2646,midogpp-expert_1-f82a832e916c12e292b389d9,0.3042924397673774,639,0.24149659863945577,0.8452380952380952,1.1538170823885108
expert_1,2647,midogpp-expert_1-33331f355c20bf39a77185a9,0.3038493492107449,639,0.24140536456365697,0.8452380952380952,1.1533811862485832
expert_1,2648,midogpp-expert_1-5a3cce4991c0e5b2c311741a,0.303073940736638,639,0.2413141993957704,0.8452380952380952,1.1529456193353473
expert_1,2649,midogpp-expert_1-61f8cad8d80e6a0ca1f0f812,0.303073940736638,639,0.24122310305775765,0.8452380952380952,1.1525103812759532
expert_1,2650,midogpp-expert_1-d98d42a4c607ec5661286d69,0.3019662143450567,639,0.24113207547169813,0.8452380952380952,1.1520754716981132
expert_1,2651,midogpp-expert_1-fc631dd41b4fbfb21a416a1c,0.3019662143450567,639,0.24104111655978877,0.8452380952380952,1.1516408902301019
expert_1,2652,midogpp-expert_1-84c591b204ccbf0340aa57eb,0.3019108280254777,639,0.2409502262443439,0.8452380952380952,1.151206636500754
expert_1,2653,midogpp-expert_1-33d436828045c8af1efa897b,0.3016892827471614,639,0.24085940444779494,0.8452380952380952,1.1507727101394647
expert_1,2654,midogpp-expert_1-d850142f1c24de9ad76b6e0d,0.3016892827471614,640,0.24114544084400905,0.8465608465608465,1.1521393284769321
expert_1,2655,midogpp-expert_1-a7f4e62ea0af37a269c17cd6,0.301301578510108,640,0.24105461393596986,0.8465608465608465,1.1517053776940782
expert_1,2656,midogpp-expert_1-1f3567e5e2359fc81516979e,0.3011908058709499,640,0.24096385542168675,0.8465608465608465,1.1512717536813921
expert_1,2657,midogpp-expert_1-2e3c303aa50828fe0b12c81c,0.3007477153143173,640,0.24087316522393676,0.8465608465608465,1.15083845606992
expert_1,2658,midogpp-expert_1-7a232e6e0d525cef1345d768,0.3007477153143173,640,0.24078254326561324,0.8465608465608465,1.1504054844912632
expert_1,2659,midogpp-expert_1-dc6d586489350a97e0cd2c33,0.3005261700360011,641,0.2410680707032719,0.8478835978835979,1.1517696711378547
expert_1,2660,midogpp-expert_1-8b1fc57ac454d552eb825dfe,0.300470783716422,641,0.24097744360902257,0.8478835978835979,1.1513366750208855
expert_1,2661,midogpp-expert_1-808d65e13e4555448f1099d4,0.3001384657989476,641,0.2408868846298384,0.8478835978835979,1.1509040043425611
expert_1,2662,midogpp-expert_1-79452cd7a0e5c7009e38c74a,0.2998061478814732,642,0.24117205108940645,0.8492063492063492,1.152266466316053
expert_1,2663,midogpp-expert_1-d93f18c80d37a3e0a7aa4ae1,0.2992522846856826,642,0.24108148704468643,0.8492063492063492,1.151833771435724
expert_1,2664,midogpp-expert_1-22cb2c2c438c713d69dc84c2,0.2990307394073663,642,0.240990990990991,0.8492063492063492,1.1514014014014013
expert_1,2665,midogpp-expert_1-da8bc148a5a4a15b4908e2eb,0.2983107172528385,643,0.24127579737335836,0.8505291005291006,1.1527621430060455
expert_1,2666,midogpp-expert_1-76053457738908216464a0a2,0.2980891719745223,643,0.24118529632408103,0.8505291005291006,1.1523297491039426
expert_1,2667,midogpp-expert_1-6f833e3440941d168fcf0f33,0.2977014677374688,643,0.24109486314210724,0.8505291005291006,1.1518976794567346
expert_1,2668,midogpp-expert_1-9dcbb05d4700d8bb5ac3fb36,0.2975906950983107,644,0.2413793103448276,0.8518518518518519,1.1532567049808429
expert_1,2669,midogpp-expert_1-2b095e71c71b3b5c4a0e260c,0.2972583771808363,644,0.2412888722367928,0.8518518518518519,1.1528246117980099
expert_1,2670,midogpp-expert_1-b511d3bc6cc40ab1480a00c0,0.2971476045416782,644,0.24119850187265918,0.8518518518518519,1.1523928422804828
expert_1,2671,midogpp-expert_1-62b40d547cdb44c6099c3964,0.2970922182220991,644,0.24110819917633844,0.8518518518518519,1.1519613960647281
expert_1,2672,midogpp-expert_1-69f3e312b61f99196d7a6818,0.2969260592633619,644,0.2410179640718563,0.8518518518518519,1.1515302727877579
expert_1,2673,midogpp-expert_1-40945c905dbfe9441fd85b74,0.2967599003046247,644,0.24092779648335205,0.8518518518518519,1.1510994720871264
expert_1,2674,midogpp-expert_1-9e532a5340bd50f48fef8224,0.2963721960675713,645,0.2412116679132386,0.8531746031746031,1.1524557466965843
expert_1,2675,midogpp-expert_1-1d19a0f8645fec096ab73210,0.2959291055109388,645,0.2411214953271028,0.8531746031746031,1.15202492211838
expert_1,2676,midogpp-expert_1-aed0f650c0e59643d119547c,0.2957075602326225,646,0.2414050822122571,0.8544973544973545,1.1533798372363393
expert_1,2677,midogpp-expert_1-f4d9b6534fd70c3440de912a,0.2957075602326225,646,0.24131490474411654,0.8544973544973545,1.1529489893330012
expert_1,2678,midogpp-expert_1-3c86803089774b4383bde690,0.2955967875934644,646,0.24122479462285287,0.8544973544973545,1.1525184631980747
expert_1,2679,midogpp-expert_1-a8b903d00aa92ffbad0f5d6d,0.2954306286347272,646,0.24113475177304963,0.8544973544973545,1.152088258471237
expert_1,2680,midogpp-expert_1-2468d03007c40cca2c38b9cc,0.295209083356411,646,0.24104477611940298,0.8544973544973545,1.151658374792703
expert_1,2681,midogpp-expert_1-5a5da85c3e56cb06b37f7b23,0.2950429243976737,646,0.24095486758672138,0.8544973544973545,1.1512288118032243
expert_1,2682,midogpp-expert_1-8b52fded759730aece7a748c,0.2950429243976737,646,0.24086502609992544,0.8544973544973545,1.1507995691440882
expert_1,2683,midogpp-expert_1-7a16cbe4bd13dd6dcf6a7525,0.2949875380780947,646,0.2407752515840477,0.8544973544973545,1.1503706464571166
expert_1,2684,midogpp-expert_1-1d61bd17d444464477e6cee9,0.2948213791193575,646,0.2406855439642325,0.8544973544973545,1.1499420433846663
expert_1,2685,midogpp-expert_1-6541b36f39edabed91da1c6a,0.2944336748823041,646,0.24059590316573556,0.8544973544973545,1.1495137595696254
expert_1,2686,midogpp-expert_1-3abad418b4dd7ed53296f2de,0.2943782885627249,646,0.24050632911392406,0.8544973544973545,1.149085794655415
expert_1,2687,midogpp-expert_1-991704372e542dafdec66645,0.2942121296039878,646,0.24041682173427614,0.8544973544973545,1.148658148285986
expert_1,2688,midogpp-expert_1-13d13059799375aaf82c50a7,0.2941013569648297,647,0.24069940476190477,0.8558201058201058,1.1500082671957672
expert_1,2689,midogpp-expert_1-b487b87238b7adfb3597071c,0.2940459706452506,647,0.24060989215321682,0.8558201058201058,1.1495805958431469
expert_1,2690,midogpp-expert_1-379e1cd8469b1acfd4dc16df,0.2937136527277763,647,0.24052044609665427,0.8558201058201058,1.1491532424617925
expert_1,2691,midogpp-expert_1-158de8cf0f07c0cc9e2b9cef,0.2931597895319855,648,0.2408026755852843,0.8571428571428571,1.1505016722408026
expert_1,2692,midogpp-expert_1-61a8ff07376f68f4e265301a,0.2927720852949321,648,0.24071322436849926,0.8571428571428571,1.150074294205052
expert_1,2693,midogpp-expert_1-c2f9871b45bef061eb87e9b5,0.2925505400166159,648,0.24062383958410694,0.8571428571428571,1.1496472335685108
expert_1,2694,midogpp-expert_1-15334e37df1d4bcc850c413a,0.2923843810578787,648,0.24053452115812918,0.8571428571428571,1.1492204899777283
expert_1,2695,midogpp-expert_1-c3e0b6f7959a415f783e6e12,0.2923289947382996,648,0.24044526901669758,0.8571428571428571,1.1487940630797773
expert_1,2696,midogpp-expert_1-b5ae7cb4716560e4fe4257f5,0.2922736084187206,648,0.2403560830860534,0.8571428571428571,1.1483679525222552
expert_1,2697,midogpp-expert_1-b44fa3fd66c72a60673d46ec,0.2922182220991415,648,0.24026696329254726,0.8571428571428571,1.1479421579532814
expert_1,2698,midogpp-expert_1-02db9ff40799403f39fb03ae,0.2921074494599833,648,0.24017790956263899,0.8571428571428571,1.1475166790214972
expert_1,2699,midogpp-expert_1-03fa2b2981691c4009b84547,0.2918859041816671,648,0.24008892182289737,0.8571428571428571,1.1470915153760652
expert_1,2700,midogpp-expert_1-abdb402d445e266be3ccc829,0.291775131542509,649,0.24037037037037037,0.8584656084656085,1.1484362139917694
expert_1,2701,midogpp-expert_1-c59ffe92d2075b9101cdb26c,0.2915535862641927,649,0.24028137726767865,0.8584656084656085,1.1480110247233535
expert_1,2702,midogpp-expert_1-8f2b68aea22f25c0e09257b5,0.2913874273054555,649,0.24019245003700962,0.8584656084656085,1.1475861501768236
expert_1,2703,midogpp-expert_1-d02403eca747333741987a97,0.2912766546662974,650,0.24047354790972994,0.8597883597883598,1.1489291733464875
expert_1,2704,midogpp-expert_1-dcfa384fe330ebe1f7f30630,0.2912212683467183,650,0.2403846153846154,0.8597883597883598,1.1485042735042734
expert_1,2705,midogpp-expert_1-cd415b8e53c539c0f805bea0,0.2907781777900858,650,0.24029574861367836,0.8597883597883598,1.1480796878209076
expert_1,2706,midogpp-expert_1-0ae1822c01e0e4e0fdf0f8f7,0.2905012461921905,650,0.2402069475240207,0.8597883597883598,1.1476554159480987
expert_1,2707,midogpp-expert_1-1da90b12d37580a71424107c,0.2904458598726114,651,0.24048762467676393,0.8611111111111112,1.1489964290112054
expert_1,2708,midogpp-expert_1-8b8f3a3b5b869c2412c9be67,0.2903904735530324,651,0.24039881831610044,0.8611111111111112,1.148572131954702
expert_1,2709,midogpp-expert_1-9d04e602e48fa6b16febeaf0,0.2902797009138743,651,0.24031007751937986,0.8611111111111112,1.1481481481481481
expert_1,2710,midogpp-expert_1-448f3380d30ecaef4d3780b7,0.2900027693159789,651,0.24022140221402213,0.8611111111111112,1.1477244772447723
expert_1,2711,midogpp-expert_1-ec8a9a5557f88b66a681687f,0.2893381334810302,651,0.2401327923275544,0.8611111111111112,1.1473011188983155
expert_1,2712,midogpp-expert_1-61e0511eb4db2863aab7f2ea,0.2888396566048186,651,0.24004424778761063,0.8611111111111112,1.1468780727630286
expert_1,2713,midogpp-expert_1-5a934ec5c38e63cd14be4e7a,0.2886181113265024,651,0.23995576852193143,0.8611111111111112,1.1464553384936724
expert_1,2714,midogpp-expert_1-b1fbd21fe47dfaa552c3d85d,0.2886181113265023,651,0.23986735445836405,0.8611111111111112,1.1460329157455171
expert_1,2715,midogpp-expert_1-bf36d5dd2efff4ff14638577,0.2885073386873442,651,0.23977900552486187,0.8611111111111112,1.14561080417434
expert_1,2716,midogpp-expert_1-fcfec2d72ccaaa7eb5ebb763,0.2878427028523954,651,0.23969072164948454,0.8611111111111112,1.145189003436426
expert_1,2717,midogpp-expert_1-2c6811defc7c0689453ebc29,0.2873442259761838,651,0.2396025027603975,0.8611111111111112,1.1447675131885657
expert_1,2718,midogpp-expert_1-a11f69d64522963f7c3ad11e,0.2867903627803932,651,0.23951434878587197,0.8611111111111112,1.144346333088055
expert_1,2719,midogpp-expert_1-9e49126eb5131f472868a62b,0.286624203821656,651,0.23942625965428466,0.8611111111111112,1.1439254627926934
expert_1,2720,midogpp-expert_1-44e9598830ad65fba625d826,0.286568817502077,651,0.23933823529411766,0.8611111111111112,1.1435049019607844
expert_1,2721,midogpp-expert_1-ba998303094308abea85d813,0.2864580448629188,651,0.2392502756339581,0.8611111111111112,1.1430846502511331
expert_1,2722,midogpp-expert_1-63f8286c76acc78492332c60,0.2864026585433398,651,0.23916238060249817,0.8611111111111112,1.1426647073230467
expert_1,2723,midogpp-expert_1-28b8d43673d8644954aaf9ce,0.2863472722237607,651,0.2390745501285347,0.8611111111111112,1.1422450728363325
expert_1,2724,midogpp-expert_1-d0462d754e2d3c27376908e7,0.2858487953475491,651,0.23898678414096916,0.8611111111111112,1.141825746451297
expert_1,2725,midogpp-expert_1-dd6457aaf38fbfa79a55bd09,0.2857934090279701,651,0.23889908256880735,0.8611111111111112,1.141406727828746
expert_1,2726,midogpp-expert_1-b9009ee2ee1725e554497ace,0.28579340902797,651,0.2388114453411592,0.8611111111111112,1.1409880166299828
expert_1,2727,midogpp-expert_1-2c490d9a49151e942c29a6fe,0.285682636388812,651,0.23872387238723872,0.8611111111111112,1.1405696125168072
expert_1,2728,midogpp-expert_1-efea9432111799206779a426,0.2855718637496538,652,0.23900293255131966,0.8624338624338624,1.1419028999674161
expert_1,2729,midogpp-expert_1-b6dcdc4ffe2cf9a6ea24102b,0.2855164774300748,652,0.23891535360938074,0.8624338624338624,1.141484467244819
expert_1,2730,midogpp-expert_1-e79c1bb13b3bdd5b580f9276,0.2855164774300748,652,0.23882783882783884,0.8624338624338624,1.141066341066341
expert_1,2731,midogpp-expert_1-9079699f0bbeb77d0fe85a85,0.2851841595126004,653,0.23910655437568656,0.8637566137566137,1.142397982017169
expert_1,2732,midogpp-expert_1-048bf74b6ccc7c94e5d16b8a,0.2839102741622819,654,0.23938506588579794,0.8650793650793651,1.1437286481210345
expert_1,2733,midogpp-expert_1-59a1322096d8d4a348295224,0.2837995015231238,655,0.23966337358214415,0.8664021164021164,1.145058340448022
expert_1,2734,midogpp-expert_1-d8cf1ce21c6367871e6acf01,0.2837995015231238,655,0.239575713240673,0.8664021164021164,1.1446395188165488
expert_1,2735,midogpp-expert_1-c968054a509f358e43b8fd6b,0.2835225699252284,655,0.23948811700182815,0.8664021164021164,1.1442210034531788
expert_1,2736,midogpp-expert_1-d91cb0051e2acc160595e505,0.2831902520077541,655,0.23940058479532164,0.8664021164021164,1.1438027940220923
expert_1,2737,midogpp-expert_1-dde5fed58c28c39272052ebc,0.2831902520077541,655,0.2393131165509682,0.8664021164021164,1.143384890187959
expert_1,2738,midogpp-expert_1-6e52b2497ce9d648b9c30db4,0.2828025477707006,655,0.23922571219868516,0.8664021164021164,1.1429672916159401
expert_1,2739,midogpp-expert_1-522c079bb1ead9c3e8a993cf,0.2824148435336472,655,0.23913837166849214,0.8664021164021164,1.1425499979716847
expert_1,2740,midogpp-expert_1-df3f51081df4ba751aea9b19,0.282304070894489,656,0.23941605839416058,0.8677248677248677,1.1438767234387672
expert_1,2741,midogpp-expert_1-3458fb06c89e1e170a25cc46,0.2818055940182775,657,0.23969354250273622,0.8690476190476191,1.1452024808464063
expert_1,2742,midogpp-expert_1-6cb94d3799dd1fe9f879b110,0.2816948213791194,657,0.23960612691466082,0.8690476190476191,1.1447848285922684
expert_1,2743,midogpp-expert_1-4969be8deb442d90beedffab,0.2813625034616449,657,0.23951877506379876,0.8690476190476191,1.1443674808603719
expert_1,2744,midogpp-expert_1-9162a41926f668bd18c020bb,0.2812517308224869,657,0.23943148688046648,0.8690476190476191,1.1439504373177842
expert_1,2745,midogpp-expert_1-dfd2c8325ebfc9ad9b5a5cb7,0.2809747992245915,657,0.23934426229508196,0.8690476190476191,1.1435336976320583
expert_1,2746,midogpp-expert_1-a9f4b97d2f66a4126002ba84,0.2808640265854334,657,0.2392571012381646,0.8690476190476191,1.1431172614712308
expert_1,2747,midogpp-expert_1-7a33098161f7718dd4b305eb,0.2808086402658543,657,0.23917000364033492,0.8690476190476191,1.1427011285038222
expert_1,2748,midogpp-expert_1-7d6d09a68d20d6cbebeefdd1,0.2803101633896427,657,0.2390829694323144,0.8690476190476191,1.1422852983988354
expert_1,2749,midogpp-expert_1-b684e1f7db57e8a45050a1e5,0.279700913874273,657,0.23899599854492543,0.8690476190476191,1.1418697708257548
expert_1,2750,midogpp-expert_1-e2e3d8daf13c0ec15febe76a,0.2795901412351149,657,0.2389090909090909,0.8690476190476191,1.1414545454545453
expert_1,2751,midogpp-expert_1-3cdcbbeacfceae3927a5feba,0.2787593464414289,658,0.23918575063613232,0.8703703703703703,1.1427763641504098
expert_1,2752,midogpp-expert_1-21bf0baf816f4692d15ee358,0.2782054832456383,658,0.23909883720930233,0.8703703703703703,1.1423611111111112
expert_1,2753,midogpp-expert_1-e743dfd8d8d9ba9521f55202,0.277928551647743,658,0.23901198692335635,0.8703703703703703,1.1419461597449247
expert_1,2754,midogpp-expert_1-4b3944241fab878cfc5dcfc7,0.2778177790085849,658,0.23892519970951343,0.8703703703703703,1.1415315097232308
expert_1,2755,midogpp-expert_1-bc18560165d97811e22e5000,0.2776516200498476,658,0.23883847549909257,0.8703703703703703,1.1411171607178867
expert_1,2756,midogpp-expert_1-d1eaf3c2d05dc55074328b73,0.2775962337302686,658,0.23875181422351233,0.8703703703703703,1.1407031124012255
expert_1,2757,midogpp-expert_1-0304a05ac9ec0e6efb831f90,0.2774854610911105,658,0.2386652158142909,0.8703703703703703,1.1402893644460566
expert_1,2758,midogpp-expert_1-24ea915561fe479316b245e0,0.2755469399058432,658,0.23857868020304568,0.8703703703703703,1.1398759165256627
expert_1,2759,midogpp-expert_1-d06758653477281a50a432d1,0.275380780947106,658,0.2384922073214933,0.8703703703703703,1.1394627683138012
expert_1,2760,midogpp-expert_1-50dd8ef59e9e24a0ed4e3f0a,0.2751038493492107,658,0.23840579710144927,0.8703703703703703,1.139049919484702
expert_1,2761,midogpp-expert_1-cbd44044e045b9f81374c75d,0.2749376903904735,658,0.23831944947482797,0.8703703703703703,1.138637369713067
expert_1,2762,midogpp-expert_1-86509ba43c29ea1cacdc31ee,0.2747161451121573,658,0.23823316437364228,0.8703703703703703,1.1382251186740686
expert_1,2763,midogpp-expert_1-f31b13df6bbd83308a3a03d4,0.2746607587925782,658,0.23814694173000361,0.8703703703703703,1.1378131660433506
expert_1,2764,midogpp-expert_1-d7defdf6d3c471e256ef37fc,0.274494599833841,658,0.23806078147612156,0.8703703703703703,1.137401511497025
expert_1,2765,midogpp-expert_1-783c8a3f31dd22868b40c842,0.2744392135142619,658,0.2379746835443038,0.8703703703703703,1.1369901547116736
expert_1,2766,midogpp-expert_1-9d0ecdaae16607ebf3081b5c,0.2742730545555247,658,0.2378886478669559,0.8703703703703703,1.1365790953643449
expert_1,2767,midogpp-expert_1-7345b12634e3b3117a90141e,0.2741068955967876,658,0.23780267437658115,0.8703703703703703,1.1361683331325543
expert_1,2768,midogpp-expert_1-d0ad13e44786a6308586734f,0.2739961229576295,658,0.23771676300578035,0.8703703703703703,1.1357578676942839
expert_1,2769,midogpp-expert_1-785a54650fdf797058892d6d,0.2739961229576294,658,0.23763091368725173,0.8703703703703703,1.1353476987279805
expert_1,2770,midogpp-expert_1-4762922ea7cb4f3bf4019412,0.2733314871226807,658,0.2375451263537906,0.8703703703703703,1.134937825912555
expert_1,2771,midogpp-expert_1-2123068a71aaadefa5ea4338,0.2731653281639435,658,0.23745940093828943,0.8703703703703703,1.1345282489273827
expert_1,2772,midogpp-expert_1-9b8a7b616372e5e98333a837,0.2731099418443644,658,0.23737373737373738,0.8703703703703703,1.1341189674523007
expert_1,2773,midogpp-expert_1-64fad1ddf0bac21e90dbc534,0.2728883965660482,658,0.23728813559322035,0.8703703703703703,1.1337099811676083
expert_1,2774,midogpp-expert_1-5c0e7130c92062ea7fb91efb,0.2726114649681528,658,0.23720259552992068,0.8703703703703703,1.1333012897540653
expert_1,2775,midogpp-expert_1-f462a2460fbf0acd969143d0,0.2715037385765716,658,0.2371171171171171,0.8703703703703703,1.1328928928928927
expert_1,2776,midogpp-expert_1-432047982be91986e9c79561,0.27100526170036,659,0.23739193083573487,0.8716931216931217,1.1342058917707332
expert_1,2777,midogpp-expert_1-6843bd145cba8ae9bd043a37,0.2707837164220438,659,0.23730644580482535,0.8716931216931217,1.133797463289721
expert_1,2778,midogpp-expert_1-eb7f303bddb2c5caa2e387cf,0.2707283301024646,660,0.23758099352051837,0.873015873015873,1.135109191264699
expert_1,2779,midogpp-expert_1-4e7221584edbd514db0405f6,0.2705621711437275,660,0.2374955019791292,0.873015873015873,1.1347007316780617
expert_1,2780,midogpp-expert_1-8d37be08b844b8ef10fa829a,0.2705621711437275,660,0.23741007194244604,0.873015873015873,1.134292565947242
expert_1,2781,midogpp-expert_1-b56bce2ff2a8a56885084a04,0.2702852395458321,660,0.2373247033441208,0.873015873015873,1.1338846937552438
expert_1,2782,midogpp-expert_1-ac218c8eb24061f66f06979a,0.270119080587095,660,0.2372393961179008,0.873015873015873,1.133477114785526
expert_1,2783,midogpp-expert_1-ad2ec0e9f5d693cacbe8f292,0.270119080587095,660,0.23715415019762845,0.873015873015873,1.1330698287220025
expert_1,2784,midogpp-expert_1-e1d0d5e47bbc37f5b51fc8ba,0.2697313763500416,660,0.23706896551724138,0.873015873015873,1.132662835249042
expert_1,2785,midogpp-expert_1-1a955bab3f739ef4a45cec92,0.2693436721129881,661,0.23734290843806105,0.8743386243386243,1.133971673648514
expert_1,2786,midogpp-expert_1-6244505da1551080ad542267,0.2692882857934091,661,0.23725771715721464,0.8743386243386243,1.1335646486400255
expert_1,2787,midogpp-expert_1-3a1520dd90001c48acac613d,0.26923289947383,661,0.23717258701112306,0.8743386243386243,1.1331579157198102
expert_1,2788,midogpp-expert_1-0056562616414b64855f1318,0.2692328994738299,662,0.2374461979913917,0.8756613756613757,1.1344651681810936
expert_1,2789,midogpp-expert_1-918a12eb70d8e2bb69aa8f01,0.2691221268346718,663,0.2377196127644317,0.876984126984127,1.1357714832078403
expert_1,2790,midogpp-expert_1-8746903d126a325e7cefb47a,0.2690113541955137,663,0.23763440860215054,0.876984126984127,1.135364396654719
expert_1,2791,midogpp-expert_1-f0e5520945d925ab0a9a8f73,0.268457490999723,663,0.23754926549623792,0.876984126984127,1.1349576018153589
expert_1,2792,midogpp-expert_1-0f4a19fa00bf47cfdb1dd7ea,0.268402104680144,664,0.23782234957020057,0.8783068783068783,1.1362623368354026
expert_1,2793,midogpp-expert_1-ab041bc033aeeb87fcfeb441,0.2683467183605649,664,0.23773720014321517,0.8783068783068783,1.1358555117953613
expert_1,2794,midogpp-expert_1-27bfcc77470757ea2af0415b,0.2681805594018278,664,0.2376521116678597,0.8783068783068783,1.135448977968663
expert_1,2795,midogpp-expert_1-48fa6250e905ec985f032763,0.2680144004430905,664,0.237567084078712,0.8783068783068783,1.135042735042735
expert_1,2796,midogpp-expert_1-27a178c50fa0814fbb92145b,0.2678482414843534,664,0.2374821173104435,0.8783068783068783,1.1346367827054522
expert_1,2797,midogpp-expert_1-7f9ee7d4c099fae1c429ba51,0.2678482414843534,664,0.2373972112978191,0.8783068783068783,1.1342311206451356
expert_1,2798,midogpp-expert_1-f5a296da766481083c6a157e,0.2677928551647743,664,0.23731236597569694,0.8783068783068783,1.133825748550552
expert_1,2799,midogpp-expert_1-658c24f7cfba8953196b005e,0.2674605372472999,664,0.23722758127902824,0.8783068783068783,1.1334206661109125
expert_1,2800,midogpp-expert_1-72b16f8fce3679a183798017,0.2671836056494046,664,0.23714285714285716,0.8783068783068783,1.133015873015873
expert_1,2801,midogpp-expert_1-297120225b6368aabadac179,0.2670728330102465,664,0.2370581935023206,0.8783068783068783,1.1326113689555317
expert_1,2802,midogpp-expert_1-d44c8beb982899a3f3f83388,0.2670728330102465,664,0.2369735902926481,0.8783068783068783,1.13220715362043
expert_1,2803,midogpp-expert_1-e517c79fb594f1ffcb5614fb,0.2669620603710883,664,0.23688904744916162,0.8783068783068783,1.1318032267015499
expert_1,2804,midogpp-expert_1-0d16409c453a5d818205810a,0.2665189698144558,665,0.23716119828815976,0.8796296296296297,1.1331035029323189
expert_1,2805,midogpp-expert_1-221fe3454f98fa5ff367a416,0.2664081971752977,666,0.2374331550802139,0.8809523809523809,1.1344028520499108
expert_1,2806,midogpp-expert_1-79d5ca14009864a0c03467f0,0.2662974245361396,666,0.23734853884533144,0.8809523809523809,1.1339985744832501
expert_1,2807,midogpp-expert_1-485a49354d9522d88ada665f,0.2660758792578233,666,0.23726398289989312,0.8809523809523809,1.133594584966156
expert_1,2808,midogpp-expert_1-37241e725c12fd2a05d83981,0.2659651066186652,666,0.23717948717948717,0.8809523809523809,1.133190883190883
expert_1,2809,midogpp-expert_1-6d953e856de20e5ee1cf62bc,0.2659097202990861,666,0.23709505161979352,0.8809523809523809,1.1327874688501245
expert_1,2810,midogpp-expert_1-d56e664b8f00046cc9b8acf8,0.2659097202990861,666,0.23701067615658364,0.8809523809523809,1.1323843416370107
expert_1,2811,midogpp-expert_1-a7b95d858b5662eadd0ed02d,0.2655220160620327,666,0.23692636072572038,0.8809523809523809,1.1319815012451084
expert_1,2812,midogpp-expert_1-0def4605336707d8f11536c5,0.2654666297424536,666,0.23684210526315788,0.8809523809523809,1.131578947368421
expert_1,2813,midogpp-expert_1-5f9731111cf07991161e53ec,0.2653004707837164,666,0.23675790970494134,0.8809523809523809,1.1311766797013865
expert_1,2814,midogpp-expert_1-fdf3c90e8cabaf9bd0465810,0.2650789255054002,666,0.23667377398720682,0.8809523809523809,1.1307746979388769
expert_1,2815,midogpp-expert_1-1ab54179ecf4cdc8a4c6936e,0.2648019939075048,666,0.23658969804618118,0.8809523809523809,1.130373001776199
expert_1,2816,midogpp-expert_1-dec8250b605581ff7490ecfc,0.2646358349487676,666,0.23650568181818182,0.8809523809523809,1.1299715909090908
expert_1,2817,midogpp-expert_1-bc16cf03a63f1fa2fc699750,0.2643035170312932,667,0.23677671281505147,0.8822751322751323,1.1312665167830236
expert_1,2818,midogpp-expert_1-e0b4efaeb2752d8d37cb0f52,0.2641373580725561,667,0.23669268985095812,0.8822751322751323,1.1308650737323553
expert_1,2819,midogpp-expert_1-4f0d83ed8e296053293878e5,0.2635834948767654,667,0.23660872649875841,0.8822751322751323,1.1304639154940679
expert_1,2820,midogpp-expert_1-8660f6e46e1f3840b9373bb5,0.2628080864026585,667,0.23652482269503547,0.8822751322751323,1.1300630417651694
expert_1,2821,midogpp-expert_1-92408948ca7c46aca8f502ba,0.2628080864026585,668,0.23679546260191423,0.8835978835978836,1.1313560990980345
expert_1,2822,midogpp-expert_1-16e8ccc4e51a599bf72f4c36,0.2620326779285516,668,0.23671155209071582,0.8835978835978836,1.1309551933223088
expert_1,2823,midogpp-expert_1-8cc3d63916007a3b1acc65f9,0.2619772916089726,668,0.23662770102727596,0.8835978835978836,1.130554571574763
expert_1,2824,midogpp-expert_1-54ce5c753b44515a2c8cdb4a,0.2614234284131819,668,0.23654390934844194,0.8835978835978836,1.130154233553667
expert_1,2825,midogpp-expert_1-c87f6e72fc57e858e2add4bd,0.2608141788978122,668,0.23646017699115043,0.8835978835978836,1.1297541789577186
expert_1,2826,midogpp-expert_1-2497b16eaeae29c2545305e5,0.2604818609803379,668,0.23637650389242745,0.8835978835978836,1.1293544074860422
expert_1,2827,midogpp-expert_1-1839b6d6f33901216fe102e0,0.2603157020216006,668,0.23629288998938805,0.8835978835978836,1.1289549188381873
expert_1,2828,midogpp-expert_1-51471f72dcab5f294f7bf115,0.2602049293824425,668,0.2362093352192362,0.8835978835978836,1.1285557127141286
expert_1,2829,midogpp-expert_1-6a14f9c5a43f66877646abd3,0.2601495430628635,668,0.23612583951926475,0.8835978835978836,1.1281567888142647
expert_1,2830,midogpp-expert_1-874ee425a38b9607c8f73847,0.2598172251453891,668,0.23604240282685512,0.8835978835978836,1.1277581468394189
expert_1,2831,midogpp-expert_1-545c94b5e4ed43df2538926e,0.2595956798670728,668,0.23595902507947722,0.8835978835978836,1.1273597864908356
expert_1,2832,midogpp-expert_1-320a79d4b21ec32522ca03ec,0.2595402935474937,669,0.23622881355932204,0.8849206349206349,1.1286487758945385
expert_1,2833,midogpp-expert_1-5bfdd5caf537dfb7af6e7e0a,0.2593741345887566,669,0.23614542887398518,0.8849206349206349,1.128250382397929
expert_1,2834,midogpp-expert_1-a9bb903b29e6bf1f800c7f30,0.2593741345887566,670,0.2364149611856034,0.8862433862433863,1.1295381478867716
expert_1,2835,midogpp-expert_1-6e7b4db437d6d22d6eeead5c,0.2591525893104403,670,0.23633156966490299,0.8862433862433863,1.1291397217323142
expert_1,2836,midogpp-expert_1-061b048de86b219e334132a2,0.2590418166712822,670,0.23624823695345556,0.8862433862433863,1.1287415765553988
expert_1,2837,midogpp-expert_1-79d89c0908c4381777bb7143,0.2590418166712822,670,0.23616496298907297,0.8862433862433863,1.1283437120589042
expert_1,2838,midogpp-expert_1-424fd9b0c3d866ae0349aa18,0.258875657712545,670,0.23608174770965468,0.8862433862433863,1.1279461279461278
expert_1,2839,midogpp-expert_1-b2d97402958995437e017678,0.2581002492384381,670,0.23599859105318774,0.8862433862433863,1.1275488239207858
expert_1,2840,midogpp-expert_1-02764783701bb72790ad4c69,0.258044862918859,670,0.23591549295774647,0.8862433862433863,1.1271517996870108
expert_1,2841,midogpp-expert_1-894fdc08af7b642b56ea143c,0.258044862918859,671,0.23618444209785286,0.8875661375661376,1.1284367789119636
expert_1,2842,midogpp-expert_1-2f94743b6ee60a2370ac1ee0,0.2578787039601218,671,0.23610133708655875,0.8875661375661376,1.1280397216357807
expert_1,2843,midogpp-expert_1-eb515df23f9c79926aace874,0.2576017723622265,672,0.23637003165670067,0.8888888888888888,1.1293234845820144
expert_1,2844,midogpp-expert_1-7a66c39c3ed6813833c30b51,0.2575463860426475,672,0.23628691983122363,0.8888888888888888,1.1289263947491794
expert_1,2845,midogpp-expert_1-7087df5bf4d76ca617bd6666,0.2572140681251731,672,0.23620386643233743,0.8888888888888888,1.128529584065612
expert_1,2846,midogpp-expert_1-3e15a0c8cb9fc5d2eec6c3a2,0.2566602049293824,672,0.23612087139845397,0.8888888888888888,1.1281330522370578
expert_1,2847,midogpp-expert_1-a2034ac8458c059eff566b27,0.2564940459706452,672,0.23603793466807166,0.8888888888888888,1.1277367989696756
expert_1,2848,midogpp-expert_1-120952a7fa9622fc81f32ce8,0.2559955690944336,673,0.2363061797752809,0.8902116402116402,1.1290184144818975
expert_1,2849,midogpp-expert_1-62e74494510415ba02759db7,0.2558847964552755,673,0.2362232362232362,0.8902116402116402,1.1286221286221285
expert_1,2850,midogpp-expert_1-636ed19447c919bcb4c8187e,0.2557186374965383,673,0.23614035087719298,0.8902116402116402,1.1282261208576998
expert_1,2851,midogpp-expert_1-615737be64bd08f451f902ae,0.2556078648573802,673,0.23605752367590319,0.8902116402116402,1.127830390895982
expert_1,2852,midogpp-expert_1-91e11122e78e638cd7d547e8,0.2555524785378011,674,0.23632538569424966,0.8915343915343915,1.1291101760947484
expert_1,2853,midogpp-expert_1-38ae482ad0127be4d77d8420,0.2554970922182221,674,0.23624255169996494,0.8915343915343915,1.1287144136776102
expert_1,2854,midogpp-expert_1-82305c7107d902ada7f8b5eb,0.255441705898643,674,0.23615977575332867,0.8915343915343915,1.128318928599237
expert_1,2855,midogpp-expert_1-0879722b18e6baccd190b0be,0.2551647743007477,674,0.236077057793345,0.8915343915343915,1.1279237205682038
expert_1,2856,midogpp-expert_1-29ca11108c7054aae2ed79c8,0.2551093879811686,674,0.23599439775910364,0.8915343915343915,1.127528789293495
expert_1,2857,midogpp-expert_1-e02d4002593becac1728eec4,0.2549986153420105,674,0.23591179558977948,0.8915343915343915,1.1271341344845018
expert_1,2858,midogpp-expert_1-7d83eed92cb197f673b8625b,0.2543893658266408,674,0.2358292512246326,0.8915343915343915,1.1267397558510224
expert_1,2859,midogpp-expert_1-c5154c69f814cec7ba15a719,0.2534477983937967,674,0.23574676460300806,0.8915343915343915,1.1263456531032607
expert_1,2860,midogpp-expert_1-b87eb4dd5a7f8207178434e2,0.2533370257546386,674,0.23566433566433567,0.8915343915343915,1.125951825951826
expert_1,2861,midogpp-expert_1-5135eed763863af37a2fa54c,0.2532262531154804,674,0.23558196434813003,0.8915343915343915,1.1255582741077323
expert_1,2862,midogpp-expert_1-0c86e7781478e7295b035c06,0.2530047078371642,674,0.23549965059399022,0.8915343915343915,1.1251649972823976
expert_1,2863,midogpp-expert_1-8f0ecf1a930372dd3358f723,0.252838548878427,674,0.23541739434159972,0.8915343915343915,1.1247719951876431
expert_1,2864,midogpp-expert_1-ed5b1064f51222b051b25daa,0.252783162558848,674,0.23533519553072627,0.8915343915343915,1.124379267535692
expert_1,2865,midogpp-expert_1-bf91f20adb4dd6dd499407f8,0.2522292993630573,674,0.23525305410122163,0.8915343915343915,1.12398681403917
expert_1,2866,midogpp-expert_1-0f5bf4ada6749a29df39c705,0.2520631404043201,674,0.23517096999302164,0.8915343915343915,1.1235946344111034
expert_1,2867,midogpp-expert_1-a3689582599af85c33f07553,0.2520077540847411,674,0.23508894314614578,0.8915343915343915,1.1232027283649186
expert_1,2868,midogpp-expert_1-d28ee8fc185a4b3c420ae660,0.2515646635281086,674,0.23500697350069735,0.8915343915343915,1.1228110956144428
expert_1,2869,midogpp-expert_1-04a2b54f6eef78713a3cfa54,0.2513985045693714,674,0.23492506099686303,0.8915343915343915,1.122419735873901
expert_1,2870,midogpp-expert_1-15ad09ea95d9dbf3e3cf5ad9,0.2513985045693714,675,0.23519163763066203,0.8928571428571429,1.1236933797909407
expert_1,2871,midogpp-expert_1-1c8c26783b271807b2cc86a4,0.2511215729714761,675,0.23510971786833856,0.8928571428571429,1.123301985370951
expert_1,2872,midogpp-expert_1-b506a4daae0a8521c8b895ab,0.2509000276931598,675,0.23502785515320335,0.8928571428571429,1.1229108635097493
expert_1,2873,midogpp-expert_1-71cb6b66d20a27478a2246a3,0.2507892550540017,675,0.23494604942568745,0.8928571428571429,1.122520013922729
expert_1,2874,midogpp-expert_1-7f2ffb5a640b4462a5855800,0.2506230960952644,676,0.23521224773834376,0.8941798941798942,1.12379185030542
expert_1,2875,midogpp-expert_1-4746212f14a0392504815768,0.2504569371365273,676,0.2351304347826087,0.8941798941798942,1.1234009661835749
expert_1,2876,midogpp-expert_1-a4af863d985b4e0dcda13a52,0.2501246192190529,676,0.23504867872044508,0.8941798941798942,1.1230103538865708
expert_1,2877,midogpp-expert_1-d6949fdfc12c54d5e2fe342d,0.2498476876211576,676,0.23496697949252693,0.8941798941798942,1.1226200131309618
expert_1,2878,midogpp-expert_1-7f8103a5e8aee8b30d0a6768,0.2497923013015784,676,0.23488533703961084,0.8941798941798942,1.1222299436336962
expert_1,2879,midogpp-expert_1-9db472aa02439e28583578a2,0.2491276654666297,676,0.2348037513025356,0.8941798941798942,1.1218401451121145
expert_1,2880,midogpp-expert_1-4a1a59e1a2fda1eae20eeb4b,0.2490168928274716,676,0.23472222222222222,0.8941798941798942,1.1214506172839505
expert_1,2881,midogpp-expert_1-0a305c23e175628b879b1267,0.2489061201883134,676,0.23464074973967372,0.8941798941798942,1.12106135986733
expert_1,2882,midogpp-expert_1-af2d4393c05e37d817376500,0.2488507338687344,676,0.23455933379597502,0.8941798941798942,1.1206723725807695
expert_1,2883,midogpp-expert_1-f9b7605ee4a537d0110174d1,0.248463029631681,676,0.23447797433229275,0.8941798941798942,1.1202836551431765
expert_1,2884,midogpp-expert_1-58cd753bd4db9b821a9f70ad,0.2484076433121019,676,0.23439667128987518,0.8941798941798942,1.119895207273848
expert_1,2885,midogpp-expert_1-8f4c47cca15f18478fd89b43,0.2479645527554694,676,0.234315424610052,0.8941798941798942,1.1195070286924707
expert_1,2886,midogpp-expert_1-1b53ccc143f846e618cc3cd2,0.2475768485184159,676,0.23423423423423423,0.8941798941798942,1.119119119119119
expert_1,2887,midogpp-expert_1-7c6e3a26dda0fcef7813b0ed,0.2470783716422043,676,0.2341531001039141,0.8941798941798942,1.1187314782742561
expert_1,2888,midogpp-expert_1-dcdaf094463796b4eebac28a,0.2468568263638881,676,0.23407202216066483,0.8941798941798942,1.118344105878732
expert_1,2889,midogpp-expert_1-d0fa1441d3b007dbfdbdc05c,0.246801440044309,676,0.23399100034614054,0.8941798941798942,1.1179570016537825
expert_1,2890,midogpp-expert_1-97df240f40d8a829a63a0024,0.2465798947659928,676,0.23391003460207613,0.8941798941798942,1.1175701653210304
expert_1,2891,midogpp-expert_1-aac8d93c2acff1f4da5d1e9b,0.2465798947659928,676,0.2338291248702871,0.8941798941798942,1.1171835966024828
expert_1,2892,midogpp-expert_1-8f7b25d094d6bdfd155816e6,0.2464691221268346,676,0.23374827109266944,0.8941798941798942,1.1167972952205316
expert_1,2893,midogpp-expert_1-423412d6df75b520051796ac,0.2462475768485184,676,0.23366747321119943,0.8941798941798942,1.1164112608979528
expert_1,2894,midogpp-expert_1-6dfa382afde3237e809e3eb6,0.2460260315702021,676,0.23358673116793366,0.8941798941798942,1.1160254933579052
expert_1,2895,midogpp-expert_1-b94011b7a653785609f57e36,0.2453060094156743,676,0.23350604490500865,0.8941798941798942,1.1156399923239302
expert_1,2896,midogpp-expert_1-77d5a5b06b8d1f61e3b3b2dd,0.2451952367765162,676,0.23342541436464087,0.8941798941798942,1.1152547575199507
expert_1,2897,midogpp-expert_1-3b9cf89ac745f6198ca44884,0.245084464137358,676,0.23334483948912668,0.8941798941798942,1.1148697886702719
expert_1,2898,midogpp-expert_1-8738b1e84004aaf02a4106d0,0.245029077817779,677,0.23360938578329882,0.8955026455026455,1.116133732075761
expert_1,2899,midogpp-expert_1-b3762d2283868bf932d6eeda,0.2449736914981999,677,0.2335288030355295,0.8955026455026455,1.1157487256141965
expert_1,2900,midogpp-expert_1-3346a75c0504a04ddea0fd2a,0.2445306009415674,678,0.23379310344827586,0.8968253968253969,1.1170114942528735
expert_1,2901,midogpp-expert_1-737bbe6e7e9f903dbfc9bfd0,0.2443090556632511,679,0.23405722164770768,0.8981481481481481,1.1182733923168255
expert_1,2902,midogpp-expert_1-c1a79d7abe85a17994853c59,0.2442536693436721,679,0.23397656788421778,0.8981481481481481,1.1178880465579293
expert_1,2903,midogpp-expert_1-187549c0b768dfd7eb223939,0.244198283024093,679,0.23389596968653117,0.8981481481481481,1.1175029662800933
expert_1,2904,midogpp-expert_1-834bf3e0f938cf28c81a7136,0.2435336471891442,679,0.23381542699724517,0.8981481481481481,1.1171181512090602
expert_1,2905,midogpp-expert_1-9370880d6eabd2cd3a977ab2,0.2428690113541955,680,0.23407917383820998,0.8994708994708994,1.118378275004781
expert_1,2906,midogpp-expert_1-74a401809c69ead6c655f608,0.2425920797563002,680,0.2339986235375086,0.8994708994708994,1.1179934235680966
expert_1,2907,midogpp-expert_1-b380059ddca24d0b86861d4e,0.2424813071171421,680,0.23391812865497075,0.8994708994708994,1.1176088369070825
expert_1,2908,midogpp-expert_1-f6dafe174c1b0aca7eeb77d1,0.242481307117142,680,0.23383768913342504,0.8994708994708994,1.1172245147485862
expert_1,2909,midogpp-expert_1-49ccdd98033faec28d0cb882,0.2422597618388258,680,0.23375730491577862,0.8994708994708994,1.1168404568198311
expert_1,2910,midogpp-expert_1-b8a7b12230ba4fc52cd4ed34,0.2421489891996676,680,0.23367697594501718,0.8994708994708994,1.1164566628484154
expert_1,2911,midogpp-expert_1-0bdeb09b9710ed7c12ad7098,0.2414843533647189,680,0.23359670216420475,0.8994708994708994,1.1160731325623114
expert_1,2912,midogpp-expert_1-15535521dd934dd2fcddca3e,0.2412628080864026,680,0.23351648351648352,0.8994708994708994,1.1156898656898657
expert_1,2913,midogpp-expert_1-440553e7822a460d960b3bb0,0.2412074217668236,680,0.2334363199450738,0.8994708994708994,1.115306861959797
expert_1,2914,midogpp-expert_1-0ccda5b81ffbd5389c4b7d98,0.2412074217668235,680,0.23335621139327384,0.8994708994708994,1.114924121101197
expert_1,2915,midogpp-expert_1-28ab2440b4b97a01411c35b9,0.2408197175297701,680,0.2332761578044597,0.8994708994708994,1.1145416428435297
expert_1,2916,midogpp-expert_1-7ab30aa68ce2a50ede242969,0.2401550816948214,680,0.23319615912208505,0.8994708994708994,1.1141594269166286
expert_1,2917,midogpp-expert_1-08739a10ac90756619a8b377,0.2400443090556632,680,0.23311621528968118,0.8994708994708994,1.1137774730506989
expert_1,2918,midogpp-expert_1-2ef67f4d341c67eea63eec0b,0.2400443090556632,680,0.23303632625085674,0.8994708994708994,1.1133957809763155
expert_1,2919,midogpp-expert_1-511c316fb5ce991392ee0a83,0.2399335364165051,680,0.2329564919492977,0.8994708994708994,1.1130143504244223
expert_1,2920,midogpp-expert_1-1818f02a69af52ce54dafff9,0.239878150096926,680,0.2328767123287671,0.8994708994708994,1.1126331811263317
expert_1,2921,midogpp-expert_1-73f5dd26cbdb5292ce514830,0.2397119911381888,680,0.2327969873331051,0.8994708994708994,1.1122522728137243
expert_1,2922,midogpp-expert_1-8fa031ee3ed12150261624fa,0.2396566048186098,680,0.2327173169062286,0.8994708994708994,1.1118716252186478
expert_1,2923,midogpp-expert_1-b0af0950499547c953d83963,0.2394350595402935,680,0.23263770099213138,0.8994708994708994,1.1114912380735165
expert_1,2924,midogpp-expert_1-14cce46d284ce51d20038a50,0.2386042647466076,680,0.23255813953488372,0.8994708994708994,1.111111111111111
expert_1,2925,midogpp-expert_1-6ce88d82ea9cfb3606e1d32c,0.2376073109941844,680,0.23247863247863249,0.8994708994708994,1.1107312440645773
expert_1,2926,midogpp-expert_1-a5d93661691692815ee77915,0.2369980614788147,680,0.23239917976760083,0.8994708994708994,1.1103516366674262
expert_1,2927,midogpp-expert_1-dff91326f7032e956ac96613,0.2366657435613403,681,0.2326614280833618,0.9007936507936508,1.1116046008427285
expert_1,2928,midogpp-expert_1-06be5aa9ebef43947fbeaa0c,0.2366103572417612,682,0.23292349726775957,0.9021164021164021,1.1128567091681845
expert_1,2929,midogpp-expert_1-027210cb6f02f6ed9e4201c2,0.2362226530047078,682,0.23284397405257767,0.9021164021164021,1.112476764917871
expert_1,2930,midogpp-expert_1-2344dd24f2569e88fb2e2d35,0.2358903350872334,682,0.23276450511945393,0.9021164021164021,1.1120970800151688
expert_1,2931,midogpp-expert_1-bbb720fe38624dc09da667b8,0.2356134034893381,682,0.2326850904128284,0.9021164021164021,1.1117176541946245
expert_1,2932,midogpp-expert_1-e0c32de1d6b1020d6ea96425,0.2356134034893381,682,0.23260572987721692,0.9021164021164021,1.1113384871911474
expert_1,2933,midogpp-expert_1-7bdcbcba360a1b399f90b785,0.2350595402935475,682,0.23252642345721106,0.9021164021164021,1.1109595787400084
expert_1,2934,midogpp-expert_1-a9dea0a577c87fa0dc1d222c,0.2348379950152312,682,0.23244717109747784,0.9021164021164021,1.1105809285768384
expert_1,2935,midogpp-expert_1-74227d35516012edda34f773,0.2347826086956521,682,0.2323679727427598,0.9021164021164021,1.1102025364376302
expert_1,2936,midogpp-expert_1-0d14af5b9e90a7c4b29bc89d,0.2347272223760731,682,0.23228882833787465,0.9021164021164021,1.1098244020587344
expert_1,2937,midogpp-expert_1-45c5a05b3ddb41f36c5c6f8f,0.2343949044585987,682,0.23220973782771537,0.9021164021164021,1.1094465251768622
expert_1,2938,midogpp-expert_1-d8af16aec10aad2aec8e3e92,0.2341179728607034,682,0.23213070115724982,0.9021164021164021,1.1090689055290823
expert_1,2939,midogpp-expert_1-3d12c2bfebbda062d9172d7b,0.2339518139019662,682,0.23205171827152093,0.9021164021164021,1.1086915428528221
expert_1,2940,midogpp-expert_1-db7e0c07f9e1e2de15a60c9f,0.2336194959844918,682,0.23197278911564626,0.9021164021164021,1.1083144368858653
expert_1,2941,midogpp-expert_1-5696009f668d83ba55eaa68e,0.2334533370257546,682,0.2318939136348181,0.9021164021164021,1.107937587366353
expert_1,2942,midogpp-expert_1-401f4aefcf970c85d481eddd,0.2326225422320686,682,0.2318150917743032,0.9021164021164021,1.107560994032782
expert_1,2943,midogpp-expert_1-030ef7056a58ef645b7f4d30,0.2325671559124896,682,0.23173632347944276,0.9021164021164021,1.1071846566240042
expert_1,2944,midogpp-expert_1-7fcae3822a4faa0552224e1d,0.2318471337579618,682,0.23165760869565216,0.9021164021164021,1.106808574879227
expert_1,2945,midogpp-expert_1-43b4f82a303bd87aca16f2d1,0.2317917474383827,682,0.23157894736842105,0.9021164021164021,1.1064327485380117
expert_1,2946,midogpp-expert_1-79713323fc68e53ea4859c70,0.231182497923013,682,0.23150033944331297,0.9021164021164021,1.106057177340273
expert_1,2947,midogpp-expert_1-b6168f3d6050010359459217,0.231182497923013,682,0.2314217848659654,0.9021164021164021,1.105681861026279
expert_1,2948,midogpp-expert_1-0142d2d6e345c6e9026534e2,0.2306286347272224,682,0.23134328358208955,0.9021164021164021,1.10530679933665
expert_1,2949,midogpp-expert_1-ce6611f040ddad7857407fc4,0.2304624757684852,682,0.23126483553747032,0.9021164021164021,1.1049319920123581
expert_1,2950,midogpp-expert_1-e87d356d08dd4fc233163c28,0.2286901135419551,682,0.2311864406779661,0.9021164021164021,1.1045574387947268
expert_1,2951,midogpp-expert_1-134b24f5549edacc305e2c7d,0.2284685682636388,682,0.23110809894950865,0.9021164021164021,1.1041831394254302
expert_1,2952,midogpp-expert_1-b7fbc6d695fc375f69ac3094,0.2284131819440598,682,0.231029810298103,0.9021164021164021,1.103809093646492
expert_1,2953,midogpp-expert_1-b554bb5952078869f3feffea,0.2281362503461645,682,0.2309515746698273,0.9021164021164021,1.103435301200286
expert_1,2954,midogpp-expert_1-dba0f80a8cbe31500b00ce0d,0.2280254777070063,682,0.23087339201083276,0.9021164021164021,1.1030617618295342
expert_1,2955,midogpp-expert_1-b346136320384fac52cddfde,0.2279147050678482,682,0.23079526226734348,0.9021164021164021,1.1026884752773076
expert_1,2956,midogpp-expert_1-a563f4aef1de480bb4a44f16,0.2278593187482692,682,0.2307171853856563,0.9021164021164021,1.1023154412870244
expert_1,2957,midogpp-expert_1-998e1a1d4164e33038845ba2,0.227748546109111,683,0.2309773419005749,0.9034391534391535,1.1035584113027466
expert_1,2958,midogpp-expert_1-bd731d19f5e274c3ff7c988b,0.2261977291608972,684,0.23123732251521298,0.9047619047619048,1.1048005409060175
expert_1,2959,midogpp-expert_1-54009c2644e7b7d46bafb865,0.2260869565217391,685,0.23149712740790807,0.906084656084656,1.106041830948894
expert_1,2960,midogpp-expert_1-e7b8a6df1414bc7262f3c65b,0.2257546386042647,685,0.23141891891891891,0.906084656084656,1.1056681681681682
expert_1,2961,midogpp-expert_1-55e582c849fec8718edffbf4,0.2254777070063694,685,0.23134076325565686,0.906084656084656,1.1052947577770271
expert_1,2962,midogpp-expert_1-b9a26536e6820b17e6cdcf95,0.2252561617280531,685,0.2312626603646185,0.906084656084656,1.104921599519844
expert_1,2963,midogpp-expert_1-5c7f6f41da5cd2ac7865fc34,0.2250346164497369,686,0.23152210597367534,0.9074074074074074,1.1061611729853378
expert_1,2964,midogpp-expert_1-3b02781aa9bef0873f03d528,0.2247022985322625,686,0.23144399460188933,0.9074074074074074,1.1057879742090266
expert_1,2965,midogpp-expert_1-b6d73913c1852d367823517d,0.22425920797563,686,0.23136593591905566,0.9074074074074074,1.1054150271688215
expert_1,2966,midogpp-expert_1-2ef9a1f0f32fd2cb06ee70a5,0.2241484353364718,686,0.23128792987188132,0.9074074074074074,1.1050423316100997
expert_1,2967,midogpp-expert_1-4d73a9d8baccb0855959332c,0.2239822763777346,686,0.23120997640714527,0.9074074074074074,1.104669887278583
expert_1,2968,midogpp-expert_1-8f54f1890e0750f8562453a4,0.2239268900581556,686,0.23113207547169812,0.9074074074074074,1.1042976939203355
expert_1,2969,midogpp-expert_1-c60fc18aa15d2f72d6e04b07,0.2233176405427859,686,0.23105422701246212,0.9074074074074074,1.1039257512817633
expert_1,2970,midogpp-expert_1-af072ae253ce7541338f3944,0.2232068679036278,686,0.23097643097643097,0.9074074074074074,1.1035540591096147
expert_1,2971,midogpp-expert_1-1433f059d7d3a497c25ced5f,0.2227637773469952,687,0.23123527431841132,0.9087301587301587,1.104790755076854
expert_1,2972,midogpp-expert_1-d8ecf5f34458993622d822b1,0.2224314594295209,687,0.23115746971736204,0.9087301587301587,1.104419021982952
expert_1,2973,midogpp-expert_1-e3922a5eef1dbdab25f8f12e,0.2220991415120465,687,0.23107971745711403,0.9087301587301587,1.104047538961767
expert_1,2974,midogpp-expert_1-e94754011252af69a2236953,0.2219883688728884,687,0.23100201748486887,0.9087301587301587,1.1036763057610401
expert_1,2975,midogpp-expert_1-3c7d09365df13b668c59a4dd,0.2217668235945721,687,0.23092436974789915,0.9087301587301587,1.1033053221288514
expert_1,2976,midogpp-expert_1-7e339d30d307d8d67e82f55b,0.221711437274993,688,0.23118279569892472,0.91005291005291,1.1045400238948624
expert_1,2977,midogpp-expert_1-836c67a444adf04ee603a2d5,0.2208806424813071,688,0.23110513940208263,0.91005291005291,1.104168999365506
expert_1,2978,midogpp-expert_1-5c388b7a129a69276eb31dee,0.2205483245638327,688,0.2310275352585628,0.91005291005291,1.1037982240131332
expert_1,2979,midogpp-expert_1-d8ff58975ee4c0fbb40e95e4,0.2205483245638327,688,0.23094998321584426,0.91005291005291,1.1034276975868114
expert_1,2980,midogpp-expert_1-46e7a3ea2ba8aceffb368b2c,0.2201606203267792,689,0.23120805369127517,0.9113756613756614,1.1046607009694258
expert_1,2981,midogpp-expert_1-e6701c7369ec9a6a8751dda0,0.2194405981722514,689,0.23113049312311304,0.9113756613756614,1.104290133810429
expert_1,2982,midogpp-expert_1-137d52ab6ca7c2a2d0a1493c,0.2188313486568817,690,0.23138832997987926,0.9126984126984127,1.1055220210149788
expert_1,2983,midogpp-expert_1-38b99ab79e37cb34cda70eaf,0.2188313486568817,690,0.23131076097888031,0.9126984126984127,1.1051514135657614
expert_1,2984,midogpp-expert_1-0aac85734c9328a51650962c,0.2186651896981445,690,0.2312332439678284,0.9126984126984127,1.104781054512958
expert_1,2985,midogpp-expert_1-5c904f19548311e8ebdcd920,0.2186651896981445,690,0.23115577889447236,0.9126984126984127,1.1044109436069234
expert_1,2986,midogpp-expert_1-e3f459f771e83e47151df758,0.2183882581002492,690,0.23107836570663096,0.9126984126984127,1.1040410805983478
expert_1,2987,midogpp-expert_1-2d0367e5a0e67515e2fe40ff,0.218166712821933,690,0.23100100435219284,0.9126984126984127,1.1036714652382547
expert_1,2988,midogpp-expert_1-b0d2277e280d2c833f986a37,0.218166712821933,690,0.23092369477911648,0.9126984126984127,1.103302097278001
expert_1,2989,midogpp-expert_1-d5a87969ac39d4af00f4778a,0.2179451675436167,690,0.23084643693542992,0.9126984126984127,1.1029329764692761
expert_1,2990,midogpp-expert_1-92718afc2ed6f569a4a7d62b,0.2176128496261423,690,0.23076923076923078,0.9126984126984127,1.1025641025641026
expert_1,2991,midogpp-expert_1-c133e8022a1cbd909b5ff9eb,0.2175020769869842,690,0.23069207622868607,0.9126984126984127,1.1021954753148333
expert_1,2992,midogpp-expert_1-466f8aeb10375f1a34ece506,0.2174466906674051,690,0.2306149732620321,0.9126984126984127,1.1018270944741533
expert_1,2993,midogpp-expert_1-e0e58068de2bd3bba936a102,0.2173913043478261,691,0.23087203474774473,0.9140211640211641,1.1030552771281137
expert_1,2994,midogpp-expert_1-272a0e2bef61e1683333b491,0.2169482137911935,691,0.23079492317969272,0.9140211640211641,1.1026868551918652
expert_1,2995,midogpp-expert_1-a6262a04c2003f63f5235c06,0.2168928274716145,691,0.23071786310517528,0.9140211640211641,1.102318679280282
expert_1,2996,midogpp-expert_1-ef6ec6ed5b625f6ad64e7e05,0.2165605095541401,691,0.23064085447263016,0.9140211640211641,1.1019507491470106
expert_1,2997,midogpp-expert_1-527c319aa8e0c56e31dbefe2,0.2163943505954029,691,0.2305638972305639,0.9140211640211641,1.1015830645460274
expert_1,2998,midogpp-expert_1-0a86d165ca4088718f9bb387,0.2158958737191913,691,0.2304869913275517,0.9140211640211641,1.1012156252316359
expert_1,2999,midogpp-expert_1-cadebde2633587b036f20b33,0.2158958737191913,691,0.23041013671223742,0.9140211640211641,1.1008484309584676
expert_1,3000,midogpp-expert_1-da94b913b48e884719ce61c8,0.2155081694821379,691,0.23033333333333333,0.9140211640211641,1.1004814814814814
expert_1,3001,midogpp-expert_1-e0cefc623f0a4d0182ab77f6,0.2154527831625588,691,0.23025658113962014,0.9140211640211641,1.100114776555963
expert_1,3002,midogpp-expert_1-7f9ee247435caa8c67d12895,0.2150650789255054,691,0.2301798800799467,0.9140211640211641,1.099748315937523
expert_1,3003,midogpp-expert_1-b41a857e2b106a6f51b52ae4,0.2149543062863472,691,0.2301032301032301,0.9140211640211641,1.0993820993820993
expert_1,3004,midogpp-expert_1-d7da5b51ef31baa891e506f2,0.2146219883688729,691,0.2300266311584554,0.9140211640211641,1.0990161266459535
expert_1,3005,midogpp-expert_1-86298b22f5df86d549dafc6b,0.2144558294101356,692,0.2302828618968386,0.9153439153439153,1.1002403401737844
expert_1,3006,midogpp-expert_1-68ee449c0dae6f869ae1d6c2,0.2136804209360288,692,0.23020625415834997,0.9153439153439153,1.0998743254232275
expert_1,3007,midogpp-expert_1-55eff1a484f3e265e0a5f549,0.2134034893381334,692,0.23012969737279682,0.9153439153439153,1.0995085541144736
expert_1,3008,midogpp-expert_1-a37f027efe0c9f05e908a35c,0.2129050124619219,692,0.2300531914893617,0.9153439153439153,1.0991430260047281
expert_1,3009,midogpp-expert_1-92f10d2bd99795e43b14521a,0.2128496261423428,692,0.22997673645729477,0.9153439153439153,1.0987777408515194
expert_1,3010,midogpp-expert_1-6a9aa5567198147de2620598,0.2124619219052894,692,0.22990033222591363,0.9153439153439153,1.0984126984126985
expert_1,3011,midogpp-expert_1-370a6f1896834f3d7986cb9d,0.2119634450290778,692,0.2298239787446031,0.9153439153439153,1.098047898446437
expert_1,3012,midogpp-expert_1-5b85e2bd629cd436aa9285e6,0.2118526723899197,692,0.2297476759628154,0.9153439153439153,1.097683340711229
expert_1,3013,midogpp-expert_1-e07fc730c6a238583b52ebd1,0.2117972860703406,692,0.2296714238300697,0.9153439153439153,1.0973190249658884
expert_1,3014,midogpp-expert_1-a1e1175d0df058a579d941cb,0.2115203544724453,692,0.22959522229595222,0.9153439153439153,1.0969549509695495
expert_1,3015,midogpp-expert_1-7b2cbe8f2f723a7b69e33345,0.2113541955137081,693,0.2298507462686567,0.9166666666666666,1.0981757877280265
expert_1,3016,midogpp-expert_1-118de6b2674ac76e8d828ee9,0.2111326502353918,693,0.22977453580901858,0.9166666666666666,1.0978116710875332
expert_1,3017,midogpp-expert_1-52cad2b9f1fabebad9063fc1,0.2109664912766546,693,0.2296983758700696,0.9166666666666666,1.097447795823666
expert_1,3018,midogpp-expert_1-68f1112f3c9b0be56a1cc3a7,0.2106895596787593,693,0.22962226640159045,0.9166666666666666,1.0970841616964877
expert_1,3019,midogpp-expert_1-bdc220a28cb0e6d95af4cf9c,0.2106895596787593,693,0.2295462073534283,0.9166666666666666,1.0967207684663796
expert_1,3020,midogpp-expert_1-fe96b82429439e167ffedb6b,0.2106895596787593,694,0.22980132450331126,0.917989417989418,1.0979396615158203
expert_1,3021,midogpp-expert_1-97f46a3fd8dd7de6cb5ac3f4,0.2106341733591802,695,0.23005627275736512,0.9193121693121693,1.0991577476185221
expert_1,3022,midogpp-expert_1-934ce5fff92c3b6aac399d0a,0.210412628080864,695,0.2299801455989411,0.9193121693121693,1.0987940289727185
expert_1,3023,midogpp-expert_1-65fef3c9165bb9c9cc65e93a,0.2097479922459152,695,0.22990406880582204,0.9193121693121693,1.0984305509611496
expert_1,3024,midogpp-expert_1-436cfce11e2f115603caafcb,0.2096926059263362,696,0.23015873015873015,0.9206349206349206,1.099647266313933
expert_1,3025,midogpp-expert_1-d48aa1fbf2c1882760ad4b15,0.2096926059263362,696,0.2300826446280992,0.9206349206349206,1.0992837465564738
expert_1,3026,midogpp-expert_1-b942dd2ba8ba257186279fd4,0.2093049016892827,697,0.2303370786516854,0.921957671957672,1.1004993757802746
expert_1,3027,midogpp-expert_1-02cae1820ba4cff2c1fa88de,0.2091387427305455,697,0.23026098447307566,0.921957671957672,1.1001358147046947
expert_1,3028,midogpp-expert_1-9eaf4fe448181c44110d0fe0,0.2089171974522293,697,0.23018494055482167,0.921957671957672,1.0997724937619258
expert_1,3029,midogpp-expert_1-5875e6a610150dee9a4409ef,0.2088064248130711,698,0.23043908880818753,0.9232804232804233,1.1009867576391181
expert_1,3030,midogpp-expert_1-fcfa55d79e808d77d55d6d3e,0.2085294932151758,698,0.23036303630363036,0.9232804232804233,1.1006233956729006
expert_1,3031,midogpp-expert_1-e769cc1bca2c86b98717149a,0.2084187205760177,698,0.2302870339821841,0.9232804232804233,1.100260273470435
expert_1,3032,midogpp-expert_1-d842285c34b8fe2435138539,0.2081971752977014,698,0.23021108179419525,0.9232804232804233,1.0998973907944884
expert_1,3033,midogpp-expert_1-4effb06eb27d876f388ce0eb,0.207809471060648,698,0.23013517969007583,0.9232804232804233,1.09953474740814
expert_1,3034,midogpp-expert_1-ddc9144eb4e981ffa7819bd9,0.207809471060648,698,0.23005932762030323,0.9232804232804233,1.099172343074782
expert_1,3035,midogpp-expert_1-d9f07063bd035668ea203add,0.2072556078648573,698,0.2299835255354201,0.9232804232804233,1.098810177558118
expert_1,3036,midogpp-expert_1-3a03cd1b5c1e4f8f4b8d955a,0.206978676266962,698,0.22990777338603424,0.9232804232804233,1.0984482506221636
expert_1,3037,midogpp-expert_1-b8cf8672da6001f35cd759e8,0.2059263361949598,698,0.22983207112281856,0.9232804232804233,1.098086562031244
expert_1,3038,midogpp-expert_1-475957c8af5b10026abf3b17,0.2057047909166435,698,0.22975641869651087,0.9232804232804233,1.0977251115499964
expert_1,3039,midogpp-expert_1-d8ba51260f865b90713c131e,0.2050401550816948,698,0.2296808160579138,0.9232804232804233,1.0973638989433658
expert_1,3040,midogpp-expert_1-404120709230b18ea9e3c76b,0.2049847687621157,698,0.22960526315789473,0.9232804232804233,1.0970029239766081
expert_1,3041,midogpp-expert_1-42693dcfb01cdbeefa792178,0.2046524508446413,699,0.22985859914501808,0.9246031746031746,1.0982133070261975
expert_1,3042,midogpp-expert_1-d098d65b76eee39635c19c39,0.2044862918859041,699,0.22978303747534518,0.9246031746031746,1.0978522901599825
expert_1,3043,midogpp-expert_1-9f60913eed34d0e2811902b2,0.2040985876488507,699,0.22970752546828788,0.9246031746031746,1.0974915105707086
expert_1,3044,midogpp-expert_1-e2c30de745b0d5fe93017308,0.2038216560509554,699,0.22963206307490144,0.9246031746031746,1.0971309680245291
expert_1,3045,midogpp-expert_1-ed020491720b8cf1d4d80dd9,0.2037108834117972,700,0.22988505747126436,0.9259259259259259,1.0983397190293742
expert_1,3046,midogpp-expert_1-002503e30032ecc5b55dea58,0.2032677928551647,700,0.2298095863427446,0.9259259259259259,1.0979791347486685
expert_1,3047,midogpp-expert_1-3c6e8abbaa8105f22d28464e,0.2029354749376904,700,0.22973416475221528,0.9259259259259259,1.097618787149473
expert_1,3048,midogpp-expert_1-f174fc4cb4494435d3c01b06,0.2027139296593741,700,0.22965879265091863,0.9259259259259259,1.0972586759988334
expert_1,3049,midogpp-expert_1-e9924fef43736b2f54ae6e1d,0.2024369980614788,701,0.22991144637586095,0.9272486772486772,1.0984657993513356
expert_1,3050,midogpp-expert_1-aea08a7a5437bcfa37ddcc69,0.2020492938244253,701,0.22983606557377048,0.9272486772486772,1.0981056466302368
expert_1,3051,midogpp-expert_1-03619894577e3d3d9d76c620,0.2019385211852672,701,0.22976073418551296,0.9272486772486772,1.0977457299974507
expert_1,3052,midogpp-expert_1-73f963019c20e12b0fe5acb6,0.2019385211852672,701,0.22968545216251637,0.9272486772486772,1.0973860492209115
expert_1,3053,midogpp-expert_1-bc33594187ead5f49b21c1df,0.2018831348656881,701,0.22961021945627252,0.9272486772486772,1.0970266040688577
expert_1,3054,midogpp-expert_1-da74a41330e270bf782deba0,0.2018277485461091,701,0.2295350360183366,0.9272486772486772,1.0966673943098304
expert_1,3055,midogpp-expert_1-21927d3f397967ded532c332,0.2015508169482138,701,0.22945990180032733,0.9272486772486772,1.096308419712675
expert_1,3056,midogpp-expert_1-62148ff169e49fe779b4a348,0.2014954306286347,702,0.22971204188481675,0.9285714285714286,1.0975130890052356
expert_1,3057,midogpp-expert_1-53a4dfbdf3be9fa38986c234,0.2008307947936859,702,0.2296368989205103,0.9285714285714286,1.0971540726202158
expert_1,3058,midogpp-expert_1-27526c5781d242d90a4522a8,0.2002769315978952,702,0.22956180510137345,0.9285714285714286,1.0967952910398953
expert_1,3059,midogpp-expert_1-ce0a7085dfb00924ba0d1879,0.2001661589587371,702,0.2294867603792089,0.9285714285714286,1.096436744033998
expert_1,3060,midogpp-expert_1-7b9a1ffdf1d7da402d5ab472,0.1997784547216837,702,0.22941176470588234,0.9285714285714286,1.096078431372549
expert_1,3061,midogpp-expert_1-b8876a3346f31af889fb86b6,0.1996122957629465,702,0.22933681803332245,0.9285714285714286,1.0957203528258739
expert_1,3062,midogpp-expert_1-b88a41924568e6cf7a19b4f8,0.1995015231237884,703,0.22958850424559113,0.9298941798941799,1.0969228536178242
expert_1,3063,midogpp-expert_1-e6b11208edb8fe6ae96e6c33,0.199113818886735,703,0.2295135488083578,0.9298941798941799,1.0965647331954873
expert_1,3064,midogpp-expert_1-c57f6ce418f056cf33821261,0.1990584325671559,703,0.22943864229765012,0.9298941798941799,1.0962068465332173
expert_1,3065,midogpp-expert_1-538403d20a4d51992dc4ebb9,0.1988368872888396,703,0.2293637846655791,0.9298941798941799,1.0958491934022112
expert_1,3066,midogpp-expert_1-7cd6158cfb916d9af06b598b,0.198338410412628,703,0.22928897586431832,0.9298941798941799,1.0954917735739653
expert_1,3067,midogpp-expert_1-021351b2a1da9a607465c2d3,0.1977291608972584,703,0.22921421584610369,0.9298941798941799,1.095134586820273
expert_1,3068,midogpp-expert_1-6e8f0314894c04eb82e6e04d,0.1968983661035724,703,0.22913950456323337,0.9298941798941799,1.094777632913226
expert_1,3069,midogpp-expert_1-af6be63ceca4547d9691c9fa,0.1962891165882027,703,0.22906484196806778,0.9298941798941799,1.0944209116252126
expert_1,3070,midogpp-expert_1-9d1763a98b7ab0143a1e4fc2,0.1957906397119911,703,0.22899022801302932,0.9298941798941799,1.0940644227289178
expert_1,3071,midogpp-expert_1-7b17654e99de8be3c602b02f,0.195679867072833,703,0.2289156626506024,0.9298941798941799,1.0937081659973225
expert_1,3072,midogpp-expert_1-d59943ae6d4cbc580ffe07b2,0.1950152312378842,703,0.22884114583333334,0.9298941798941799,1.0933521412037037
expert_1,3073,midogpp-expert_1-0218c50542f94a1a23df0a5f,0.1942952090833564,704,0.22909209241783274,0.9312169312169312,1.0945511082185342
expert_1,3074,midogpp-expert_1-6a1de45f326c2ef03a847545,0.1936859595679867,704,0.22901756668835394,0.9312169312169312,1.0941950408443577
expert_1,3075,midogpp-expert_1-6765285905692deea4574a7a,0.1931874826917751,704,0.2289430894308943,0.9312169312169312,1.0938392050587171
expert_1,3076,midogpp-expert_1-05c2995a3d06cd170ae8247f,0.1930213237330379,704,0.22886866059817945,0.9312169312169312,1.0934836006357462
expert_1,3077,midogpp-expert_1-5ed1d3c0c9f9b9fcf3af4974,0.1929659374134588,704,0.22879428014299644,0.9312169312169312,1.093128227349872
expert_1,3078,midogpp-expert_1-73f9a0dad676d82078a63d99,0.1928551647743007,704,0.22871994801819362,0.9312169312169312,1.092773084975814
expert_1,3079,midogpp-expert_1-d882da910d794909f150d41b,0.1924674605372473,705,0.22897044494965899,0.9325396825396826,1.0939699036483705
expert_1,3080,midogpp-expert_1-8b356bf23bbdc49899780009,0.1919135973414566,705,0.2288961038961039,0.9325396825396826,1.0936147186147185
expert_1,3081,midogpp-expert_1-9584875e32df25c10568fd0a,0.1909720299086125,705,0.22882181110029212,0.9325396825396826,1.0932597641458401
expert_1,3082,midogpp-expert_1-006b3fc08e4dd6c681118aca,0.1909166435890335,705,0.22874756651524983,0.9325396825396826,1.0929050400173046
expert_1,3083,midogpp-expert_1-c296db4bf4eeac925f57f51a,0.1909166435890335,705,0.22867337009406422,0.9325396825396826,1.0925505460049734
expert_1,3084,midogpp-expert_1-caf835e5cf998545c7927214,0.1908612572694544,705,0.22859922178988326,0.9325396825396826,1.0921962818849977
expert_1,3085,midogpp-expert_1-8d1311b72cb080213ecc182d,0.1908058709498754,705,0.22852512155591573,0.9325396825396826,1.0918422474338196
expert_1,3086,midogpp-expert_1-71d7929cce2d1ef3caa7a01f,0.1905843256715591,706,0.2287751134154245,0.9338624338624338,1.093036652984806
expert_1,3087,midogpp-expert_1-ac6c0375d405b4fdc13a9048,0.1901966214345056,706,0.2287010042112083,0.9338624338624338,1.0926825756757728
expert_1,3088,midogpp-expert_1-b1c7446cf30ff21890638670,0.1898089171974522,706,0.22862694300518135,0.9338624338624338,1.092328727691422
expert_1,3089,midogpp-expert_1-eb53ce00e72f380c891b872a,0.1894212129603988,706,0.22855292975072838,0.9338624338624338,1.0919751088090355
expert_1,3090,midogpp-expert_1-c9ba9a7f146e271e75882cb5,0.1892550540016616,706,0.2284789644012945,0.9338624338624338,1.0916217188061847
expert_1,3091,midogpp-expert_1-495436333a370deea7de6aa4,0.1889227360841872,707,0.22872856680685863,0.9351851851851852,1.092814263632769
expert_1,3092,midogpp-expert_1-96933c8a6e7a0a22d78c4bd1,0.1889227360841872,707,0.22865459249676584,0.9351851851851852,1.0924608308178811
expert_1,3093,midogpp-expert_1-7d6814e2cd19f70e647e0175,0.1887011908058709,707,0.22858066602004526,0.9351851851851852,1.092107626540216
expert_1,3094,midogpp-expert_1-1399c139521435726a417e47,0.1885350318471337,707,0.22850678733031674,0.9351851851851852,1.0917546505781799
expert_1,3095,midogpp-expert_1-02f9c6f6bd7121279608325a,0.1883134865688175,707,0.2284329563812601,0.9351851851851852,1.0914019027104649
expert_1,3096,midogpp-expert_1-50a489278d987a59254e6dd9,0.1878150096926059,707,0.228359173126615,0.9351851851851852,1.0910493827160495
expert_1,3097,midogpp-expert_1-7e2fde5f4591d943f1bcc39a,0.1863749653835502,707,0.22828543752018082,0.9351851851851852,1.0906970903741973
expert_1,3098,midogpp-expert_1-44b2ceb7a34dafab573387bf,0.1862641927443921,707,0.22821174951581666,0.9351851851851852,1.0903450254644573
expert_1,3099,midogpp-expert_1-9f9b93527c6d85ce2b037af4,0.1858211021877596,707,0.2281381090674411,0.9351851851851852,1.089993187766663
expert_1,3100,midogpp-expert_1-d7ca29417541f32343f4b3a9,0.1858211021877596,707,0.22806451612903225,0.9351851851851852,1.0896415770609318
expert_1,3101,midogpp-expert_1-da7e9bc5c2a52cdb026f26a4,0.1855441705898643,707,0.22799097065462753,0.9351851851851852,1.0892901931276648
expert_1,3102,midogpp-expert_1-5e80d2a2f5cdc43df76702b3,0.1851564663528108,707,0.22791747259832365,0.9351851851851852,1.0889390357475464
expert_1,3103,midogpp-expert_1-60d7954bd7ff79fc93b5e237,0.1851564663528108,707,0.2278440219142765,0.9351851851851852,1.088588104701543
expert_1,3104,midogpp-expert_1-3e67b22fe57c45752dba81bd,0.1849349210744946,708,0.22809278350515463,0.9365079365079365,1.0897766323024054
expert_1,3105,midogpp-expert_1-5f3eaf7c2dbaeb9e346f2eb2,0.1846026031570202,708,0.22801932367149758,0.9365079365079365,1.0894256575415995
expert_1,3106,midogpp-expert_1-10d65a40a98f23d5a9c8a145,0.1844918305178621,708,0.22794591113972956,0.9365079365079365,1.089074908778708
expert_1,3107,midogpp-expert_1-d1976cf1498a5bc8ad0dfbf9,0.184491830517862,708,0.22787254586417766,0.9365079365079365,1.0887243857955153
expert_1,3108,midogpp-expert_1-3287a50cb12e1d439ad502cb,0.1841041262808086,708,0.2277992277992278,0.9365079365079365,1.0883740883740882
expert_1,3109,midogpp-expert_1-343f68827da201259eff23e2,0.1839933536416505,708,0.22772595689932454,0.9365079365079365,1.0880240162967727
expert_1,3110,midogpp-expert_1-616b777f0b1b040f56c24714,0.1839933536416505,708,0.22765273311897105,0.9365079365079365,1.0876741693461949
expert_1,3111,midogpp-expert_1-d7fd55027e3c1188e7323e09,0.1837718083633342,708,0.22757955641272903,0.9365079365079365,1.0873245473052608
expert_1,3112,midogpp-expert_1-292927e3d2f428e46bc618e2,0.1831071725283855,709,0.22782776349614395,0.9378306878306878,1.0885104255926876
expert_1,3113,midogpp-expert_1-4f16761e8ca1fa541af52f10,0.182719468291332,709,0.22775457757789913,0.9378306878306878,1.0881607595388514
expert_1,3114,midogpp-expert_1-0a0f79e8ad63ded944aff758,0.1824979230130158,709,0.22768143866409762,0.9378306878306878,1.0878113180617996
expert_1,3115,midogpp-expert_1-444ed39f61f3da1437f5fc78,0.1818886734976461,709,0.2276083467094703,0.9378306878306878,1.087462100945247
expert_1,3116,midogpp-expert_1-8738d226c2b9432d861323e9,0.1814455829410136,709,0.22753530166880617,0.9378306878306878,1.087113107973185
expert_1,3117,midogpp-expert_1-8ffe949fde04287c7d01ce78,0.1814455829410135,709,0.2274623034969522,0.9378306878306878,1.0867643389298827
expert_1,3118,midogpp-expert_1-c7e413b3d68f5543870f73d2,0.1813348103018554,709,0.22738935214881334,0.9378306878306878,1.086415793599886
expert_1,3119,midogpp-expert_1-9138dee2422c214223302d77,0.1806701744669066,709,0.22731644757935235,0.9378306878306878,1.0860674717680168
expert_1,3120,midogpp-expert_1-264c61b861b70b585867a592,0.1805594018277485,709,0.22724358974358974,0.9378306878306878,1.085719373219373
expert_1,3121,midogpp-expert_1-bf63c1a02298fa4851724c29,0.1805594018277485,709,0.22717077859660365,0.9378306878306878,1.0853714977393285
expert_1,3122,midogpp-expert_1-63f1c98c0b3eb30a65f88e91,0.1805040155081695,709,0.22709801409352978,0.9378306878306878,1.0850238451135312
expert_1,3123,midogpp-expert_1-caa034e7129e187782d10f04,0.1798947659927997,709,0.22702529618956133,0.9378306878306878,1.084676415127904
expert_1,3124,midogpp-expert_1-f372071b7a6bf615a96d98e2,0.1798393796732207,709,0.2269526248399488,0.9378306878306878,1.0843292075686441
expert_1,3125,midogpp-expert_1-192d44d96ea1718e5e7e829e,0.1796732207144835,709,0.22688,0.9378306878306878,1.0839822222222222
expert_1,3126,midogpp-expert_1-0eb77ecf0d8371aa5e564fc0,0.1793409027970091,709,0.22680742162507997,0.9378306878306878,1.083635458875382
expert_1,3127,midogpp-expert_1-76333301b66b5a7a84269fe1,0.1793409027970091,709,0.2267348896706108,0.9378306878306878,1.0832889173151405
expert_1,3128,midogpp-expert_1-91197d7b81dc27b9b94cf890,0.1791747438382719,709,0.2266624040920716,0.9378306878306878,1.0829425973287865
expert_1,3129,midogpp-expert_1-a2e83d00bca0e8a949b93f94,0.1791747438382719,709,0.2265899648449984,0.9378306878306878,1.0825964987038812
expert_1,3130,midogpp-expert_1-0dfdb2b35d2da47c52665079,0.1791193575186928,709,0.22651757188498403,0.9378306878306878,1.082250621228257
expert_1,3131,midogpp-expert_1-f999011ae4c0340ec7261c23,0.1790639711991138,709,0.22644522516767807,0.9378306878306878,1.0819049646900174
expert_1,3132,midogpp-expert_1-4d1aabec13eaeaafae2d38de,0.1787870396012185,709,0.22637292464878672,0.9378306878306878,1.0815595288775366
expert_1,3133,midogpp-expert_1-de7375e35d49c998849f43b8,0.1785654943229022,709,0.22630067028407277,0.9378306878306878,1.0812143135794587
expert_1,3134,midogpp-expert_1-e58a26e6edc804a78bacdb30,0.178343949044586,709,0.22622846202935545,0.9378306878306878,1.0808693185846983
expert_1,3135,midogpp-expert_1-220e56539f85a86d7f49bbb7,0.1781777900858488,709,0.22615629984051036,0.9378306878306878,1.0805245436824384
expert_1,3136,midogpp-expert_1-49d3d55d01b69f87c0bb257d,0.1781777900858488,709,0.22608418367346939,0.9378306878306878,1.0801799886621315
expert_1,3137,midogpp-expert_1-e5603f37bfec035600b1a0a8,0.1780670174466906,710,0.2263308893847625,0.9391534391534392,1.0813586937271986
expert_1,3138,midogpp-expert_1-17f9736df64c8b4b76d95798,0.1778454721683744,710,0.22625876354365837,0.9391534391534392,1.0810140924863678
expert_1,3139,midogpp-expert_1-f735390ebdacdac76564e3d6,0.1775131542509,710,0.22618668365721567,0.9391534391534392,1.080669710806697
expert_1,3140,midogpp-expert_1-0d3c4fb89fe967b160bb818e,0.1773469952921628,710,0.22611464968152867,0.9391534391534392,1.0803255484784147
expert_1,3141,midogpp-expert_1-b8c8ee6c2d2180785230d14e,0.1773469952921628,710,0.22604266157274752,0.9391534391534392,1.079981605292016
expert_1,3142,midogpp-expert_1-57f2ba932d90a79e1525a809,0.1771808363334256,711,0.2262889879057925,0.9404761904761905,1.0811584977721196
expert_1,3143,midogpp-expert_1-411695be94a5609ddaf02eb1,0.1770700636942675,712,0.22653515749284123,0.9417989417989417,1.0823346413546857
expert_1,3144,midogpp-expert_1-43f92962c9852cb4ce41cf8f,0.1767377457767931,712,0.22646310432569974,0.9417989417989417,1.0819903873338987
expert_1,3145,midogpp-expert_1-5ca961c6f947ab7c30a1dacd,0.176682359457214,712,0.22639109697933227,0.9417989417989417,1.0816463522345874
expert_1,3146,midogpp-expert_1-af3cc37e7690a138c54636c9,0.1762946552201606,712,0.2263191354100445,0.9417989417989417,1.0813025358479904
expert_1,3147,midogpp-expert_1-b666cb218a3af01094278e7a,0.1757407920243699,712,0.22624721957419766,0.9417989417989417,1.080958937965611
expert_1,3148,midogpp-expert_1-416c30e3890d37297354a0b4,0.1754638604264747,712,0.22617534942820838,0.9417989417989417,1.0806155583792179
expert_1,3149,midogpp-expert_1-9ac6a83c505358b204b1d329,0.1754638604264746,712,0.22610352492854874,0.9417989417989417,1.0802723968808439
expert_1,3150,midogpp-expert_1-a9e068746107c2f52bfe9df5,0.1752977014677374,712,0.22603174603174603,0.9417989417989417,1.0799294532627866
expert_1,3151,midogpp-expert_1-1a8ec7073c1acef466a69532,0.1751869288285793,712,0.22596001269438273,0.9417989417989417,1.0795867273176063
expert_1,3152,midogpp-expert_1-e88f361d3b47acc955a3eaac,0.1750761561894212,712,0.22588832487309646,0.9417989417989417,1.0792442188381275
expert_1,3153,midogpp-expert_1-a9c493d16167e4066a7bb6fa,0.1744669066740515,712,0.22581668252457976,0.9417989417989417,1.0789019276174365
expert_1,3154,midogpp-expert_1-506ee636261c72d00b3a4374,0.1742453613957352,712,0.2257450856055802,0.9417989417989417,1.0785598534488832
expert_1,3155,midogpp-expert_1-fa8bfda38d624a09749d9e0f,0.1729160897258377,712,0.22567353407290017,0.9417989417989417,1.0782179961260785
expert_1,3156,midogpp-expert_1-b1f39b89434569a70ad5073b,0.1720299086125727,712,0.2256020278833967,0.9417989417989417,1.0778763554428954
expert_1,3157,midogpp-expert_1-ccf96ba9b8ef0a105a444217,0.1710329548601495,712,0.22553056699398163,0.9417989417989417,1.0775349311934677
expert_1,3158,midogpp-expert_1-bc9b04cfc420a3cd27298219,0.1706452506230961,712,0.22545915136162129,0.9417989417989417,1.0771937231721904
expert_1,3159,midogpp-expert_1-cb6d73275446090ee192c0e9,0.170589864303517,712,0.2253877809433365,0.9417989417989417,1.0768527311737188
expert_1,3160,midogpp-expert_1-5787e15995ff9bd24f84f436,0.1702021600664636,713,0.22563291139240507,0.9431216931216931,1.0780239099859352
expert_1,3161,midogpp-expert_1-d06253ee82ba4a8084815f5b,0.1702021600664636,713,0.22556153116102498,0.9431216931216931,1.077682871102675
expert_1,3162,midogpp-expert_1-c81eb50b71e85feb3ee70cc5,0.1698698421489892,713,0.22549019607843138,0.9431216931216931,1.077342047930283
expert_1,3163,midogpp-expert_1-d15b09fff9e74ef0591ed6ce,0.169759069509831,713,0.2254189061018021,0.9431216931216931,1.0770014402641654
expert_1,3164,midogpp-expert_1-4891a84f9f91756abb66adda,0.1692052063140404,713,0.22534766118836916,0.9431216931216931,1.0766610478999858
expert_1,3165,midogpp-expert_1-2e72f2a81fd1a7cbbb25829a,0.1690944336748823,713,0.22527646129541865,0.9431216931216931,1.0763208706336669
expert_1,3166,midogpp-expert_1-141fa4225c173e1caaa3ba4e,0.1690390473553032,714,0.2255211623499684,0.9444444444444444,1.0774899978942936
expert_1,3167,midogpp-expert_1-4970ad4d8999547998cc07df,0.1686513431182497,714,0.22544995263656456,0.9444444444444444,1.0771497737080307
expert_1,3168,midogpp-expert_1-72e67102f5c90f7504ba639e,0.1685405704790916,714,0.22537878787878787,0.9444444444444444,1.0768097643097643
expert_1,3169,midogpp-expert_1-29aae1c2535543cb56b57cc0,0.1683190252007754,714,0.22530766803408014,0.9444444444444444,1.0764699694961606
expert_1,3170,midogpp-expert_1-3ba01436a3328235e7734a5c,0.1681528662420382,714,0.2252365930599369,0.9444444444444444,1.076130389064143
expert_1,3171,midogpp-expert_1-1a3076daf00230bf9cacf72c,0.16804209360288,715,0.22548092084515925,0.9457671957671958,1.0772977329268718
expert_1,3172,midogpp-expert_1-7dbbb3923cc247c62f50e666,0.1679313209637219,715,0.22540983606557377,0.9457671957671958,1.0769581056466302
expert_1,3173,midogpp-expert_1-690672dd51a896df3ab026a4,0.1672666851287731,715,0.22533879609202648,0.9457671957671958,1.0766186924396821
expert_1,3174,midogpp-expert_1-f2b73f930676b913e8a093a6,0.1669897535308779,715,0.2252678008821676,0.9457671957671958,1.0762794931036896
expert_1,3175,midogpp-expert_1-600d1f773e0aaa163631d94e,0.1668789808917197,715,0.2251968503937008,0.9457671957671958,1.0759405074365704
expert_1,3176,midogpp-expert_1-7fc852be19feb1e83eef94dc,0.1659927997784547,715,0.22512594458438287,0.9457671957671958,1.075601735236496
expert_1,3177,midogpp-expert_1-94a86e3438292a0f2de4bdef,0.1655497092218222,715,0.22505508341202393,0.9457671957671958,1.075263176301892
expert_1,3178,midogpp-expert_1-a382dc6e2db2f5875c41a619,0.1653281639435059,715,0.2249842668344871,0.9457671957671958,1.0749248304314383
expert_1,3179,midogpp-expert_1-a6f767cd10867ad09579afab,0.1647189144281362,715,0.22491349480968859,0.9457671957671958,1.0745866974240676
expert_1,3180,midogpp-expert_1-d86beedc632faf1fb848d859,0.1647189144281362,715,0.2248427672955975,0.9457671957671958,1.0742487770789657
expert_1,3181,midogpp-expert_1-ecb26c4fb9495e7758d7af76,0.1647189144281362,715,0.2247720842502358,0.9457671957671958,1.0739110691955709
expert_1,3182,midogpp-expert_1-c2276bb3aeb142a659fc5913,0.1646635281085571,715,0.22470144563167818,0.9457671957671958,1.0735735735735734
expert_1,3183,midogpp-expert_1-1ab23cd1d0b5f2f9cd919173,0.1638881196344503,715,0.22463085139805214,0.9457671957671958,1.0732362900129158
expert_1,3184,midogpp-expert_1-0486cc9f7d23ac51d10375e6,0.1635004153973968,715,0.2245603015075377,0.9457671957671958,1.072899218313791
expert_1,3185,midogpp-expert_1-2f08f4a712ab89601b2b5823,0.1635004153973968,715,0.22448979591836735,0.9457671957671958,1.072562358276644
expert_1,3186,midogpp-expert_1-44e2787edfd800bd43eb2884,0.1630019385211852,715,0.22441933458882612,0.9457671957671958,1.0722257097021692
expert_1,3187,midogpp-expert_1-76475ebde0a8ab5d4d6423a5,0.1626696206037108,716,0.22466269218700974,0.9470899470899471,1.0733884182268243
expert_1,3188,midogpp-expert_1-f7e7f454f2937d9485bb52b2,0.1623373026862364,716,0.2245922208281054,0.9470899470899471,1.0730517217342812
expert_1,3189,midogpp-expert_1-c72868eeef41ad1bc6c5725b,0.1621157574079202,716,0.22452179366572594,0.9470899470899471,1.0727152364029129
expert_1,3190,midogpp-expert_1-9a4f4aa2036cdad75aa5c103,0.1617280531708668,716,0.2244514106583072,0.9470899470899471,1.0723789620341344
expert_1,3191,midogpp-expert_1-995241d1b079ec99b7980f3c,0.1608972583771808,716,0.2243810717643372,0.9470899470899471,1.0720428984296109
expert_1,3192,midogpp-expert_1-3a102623d6b2478282cda064,0.1607864857380227,716,0.22431077694235588,0.9470899470899471,1.0717070453912558
expert_1,3193,midogpp-expert_1-13bfb0d391e88ad56092f5b6,0.1607310994184436,716,0.22424052615095522,0.9470899470899471,1.0713714027212304
expert_1,3194,midogpp-expert_1-fd0b35555585468500713465,0.1595126003877042,716,0.22417031934877896,0.9470899470899471,1.0710359702219439
expert_1,3195,midogpp-expert_1-df0b91108a2bfbe5cb154060,0.159346441428967,716,0.2241001564945227,0.9470899470899471,1.0707007476960528
expert_1,3196,midogpp-expert_1-0c73a73afd08c59eb4a84690,0.1589587371919136,716,0.22403003754693368,0.9470899470899471,1.0703657349464608
expert_1,3197,midogpp-expert_1-a7f6f9ddb551020f2f3bd0f1,0.1588479645527555,716,0.22395996246481076,0.9470899470899471,1.070030931776318
expert_1,3198,midogpp-expert_1-766a7939aa10c9bdb7fa84a3,0.1585156466352811,716,0.22388993120700437,0.9470899470899471,1.0696963379890208
expert_1,3199,midogpp-expert_1-8c15125239d448084227bd4f,0.1585156466352811,716,0.22381994373241637,0.9470899470899471,1.0693619533882115
expert_1,3200,midogpp-expert_1-92bbfe315510fa8b9adf51b6,0.1582387150373857,716,0.22375,0.9470899470899471,1.0690277777777777
expert_1,3201,midogpp-expert_1-daa391b6415c37835e76a249,0.1580171697590695,716,0.22368009996875976,0.9470899470899471,1.0686938109618522
expert_1,3202,midogpp-expert_1-293dfa0971aac81423f5b91e,0.1578510108003323,716,0.22361024359775142,0.9470899470899471,1.0683600527448123
expert_1,3203,midogpp-expert_1-adfcc95da69b8bd5b879a7f4,0.1577402381611741,716,0.2235404308460818,0.9470899470899471,1.0680265029312797
expert_1,3204,midogpp-expert_1-938b5e776c98febffb35252e,0.1567986707283301,716,0.22347066167290885,0.9470899470899471,1.06769316132612
expert_1,3205,midogpp-expert_1-039951ef50300d886fa14fe6,0.1563555801716976,716,0.2234009360374415,0.9470899470899471,1.0673600277344426
expert_1,3206,midogpp-expert_1-4a38d8bc4d6ad7cd5bc62430,0.1563001938521185,716,0.22333125389893949,0.9470899470899471,1.0670271019615998
expert_1,3207,midogpp-expert_1-b7571ecaaa67871a47a85780,0.1562448075325394,716,0.22326161521671345,0.9470899470899471,1.0666943838131864
expert_1,3208,midogpp-expert_1-379bc93d1626e1ea2156d0ef,0.1561340348933813,716,0.2231920199501247,0.9470899470899471,1.0663618730950402
expert_1,3209,midogpp-expert_1-374344382fdb4ad507ebdf7f,0.155857103295486,716,0.22312246805858524,0.9470899470899471,1.0660295696132405
expert_1,3210,midogpp-expert_1-55757b51b62d06141496f197,0.1554140127388535,716,0.22305295950155762,0.9470899470899471,1.0656974731741087
expert_1,3211,midogpp-expert_1-44e3b930cf48d8dc3506bd18,0.1552478537801163,716,0.22298349423855496,0.9470899470899471,1.0653655835842069
expert_1,3212,midogpp-expert_1-20b9b0f1e936eae0cfefc036,0.1550816948213791,716,0.22291407222914073,0.9470899470899471,1.0650339006503389
expert_1,3213,midogpp-expert_1-b3c969ddb493a9a4e224c065,0.1549155358626419,716,0.22284469343292873,0.9470899470899471,1.0647024241795484
expert_1,3214,midogpp-expert_1-795364b10d1a25825133855d,0.1544170589864303,716,0.22277535780958307,0.9470899470899471,1.064371153979119
expert_1,3215,midogpp-expert_1-334d2f0c565d2fb7fe9d6346,0.1541955137081141,717,0.2230171073094868,0.9484126984126984,1.065526179367548
expert_1,3216,midogpp-expert_1-17b2a93f22f4c1d67e065a3f,0.154140127388535,717,0.22294776119402984,0.9484126984126984,1.0651948590381426
expert_1,3217,midogpp-expert_1-8b72d9f3d0f95ecfa7104c70,0.1540847410689559,717,0.22287845819086105,0.9484126984126984,1.0648637446896694
expert_1,3218,midogpp-expert_1-4b2cd521c14f45c0e3199f31,0.1540293547493769,718,0.22311995027967682,0.9497354497354498,1.0660175402251226
expert_1,3219,midogpp-expert_1-aeeaf4e6cbbf14cd92c295bb,0.1540293547493769,718,0.2230506368437403,0.9497354497354498,1.0656863760312036
expert_1,3220,midogpp-expert_1-9d27406cb165f6ebbaebc221,0.1537524231514815,718,0.22298136645962732,0.9497354497354498,1.0653554175293305
expert_1,3221,midogpp-expert_1-be0f17dc1ee4ce90aa3ab10a,0.1536970368319025,718,0.22291213908723997,0.9497354497354498,1.0650246645279242
expert_1,3222,midogpp-expert_1-e37014a719d1144f04d72080,0.1531985599556909,718,0.2228429546865301,0.9497354497354498,1.0646941168356436
expert_1,3223,midogpp-expert_1-b98f085efae4c3df1715fbf9,0.1529216283577956,718,0.22277381321749923,0.9497354497354498,1.0643637742613852
expert_1,3224,midogpp-expert_1-aabc3b020198331304cb1693,0.1525339241207421,719,0.223014888337469,0.951058201058201,1.0655155776123517
expert_1,3225,midogpp-expert_1-d49220c7476aaa5f78fbf963,0.1519800609249515,719,0.22294573643410853,0.951058201058201,1.0651851851851852
expert_1,3226,midogpp-expert_1-61e6d666f9d6bf7e51df56ca,0.1514815840487399,719,0.22287662740235586,0.951058201058201,1.0648549975890336
expert_1,3227,midogpp-expert_1-90fef80be21905ccb0200587,0.1511492661312655,719,0.22280756120235512,0.951058201058201,1.0645250146334744
expert_1,3228,midogpp-expert_1-aba8ae410913eba7781638dd,0.1508169482137912,719,0.22273853779429986,0.951058201058201,1.0641952361283216
expert_1,3229,midogpp-expert_1-fd8ee36ac536f73500fe6b9e,0.1502630850180005,719,0.22266955713843295,0.951058201058201,1.063865661883624
expert_1,3230,midogpp-expert_1-c97ed1bb8b7ba5ef995bba62,0.1502076986984215,719,0.22260061919504645,0.951058201058201,1.0635362917096662
expert_1,3231,midogpp-expert_1-f67667cc7ce3c0cd674543c6,0.149764608141789,719,0.2225317239244816,0.951058201058201,1.0632071254169675
expert_1,3232,midogpp-expert_1-197999ceda68b4e0be28ceba,0.1496538355026308,719,0.22246287128712872,0.951058201058201,1.0628781628162816
expert_1,3233,midogpp-expert_1-be04c24c342eba8a56a4cc84,0.1493769039047355,719,0.22239406124342717,0.951058201058201,1.0625494037185965
expert_1,3234,midogpp-expert_1-e286444f2f31143097b24994,0.1483799501523123,719,0.22232529375386517,0.951058201058201,1.0622208479351336
expert_1,3235,midogpp-expert_1-fb9f11070cc868cb2f6640b6,0.1481584048739961,719,0.2222565687789799,0.951058201058201,1.0618924952773483
expert_1,3236,midogpp-expert_1-460c651669d65b2412bfd934,0.1479922459152589,719,0.22218788627935723,0.951058201058201,1.061564345556929
expert_1,3237,midogpp-expert_1-665bfc037548a7452b1c74dc,0.1470506784824148,719,0.22211924621563175,0.951058201058201,1.0612363985857962
expert_1,3238,midogpp-expert_1-3492cb97fe055f077d4dc928,0.1466075879257823,719,0.22205064854848672,0.951058201058201,1.0609086541761032
expert_1,3239,midogpp-expert_1-46b8d06acde2dbc3c793b7b8,0.146386042647466,719,0.2219820932386539,0.951058201058201,1.0605811121402353
expert_1,3240,midogpp-expert_1-8f8df9ba41e3920eff7f7fc4,0.1462752700083079,719,0.22191358024691357,0.951058201058201,1.0602537722908092
expert_1,3241,midogpp-expert_1-b505810ba16bf5ef32d51374,0.1460537247299916,719,0.22184510953409442,0.951058201058201,1.0599266344406733
expert_1,3242,midogpp-expert_1-72b4bb8f6f79ce0951d32a4b,0.1453337025754638,719,0.2217766810610734,0.951058201058201,1.0595996984029061
expert_1,3243,midogpp-expert_1-4f25ceb80a48c7243b63f818,0.1452229299363057,719,0.22170829478877582,0.951058201058201,1.0592729639908178
expert_1,3244,midogpp-expert_1-ef3ebdcde2506150bad9fa9c,0.1448906120188313,719,0.2216399506781751,0.951058201058201,1.0589464310179477
expert_1,3245,midogpp-expert_1-400cc6d5cdc072b5817b60c9,0.1448352256992522,719,0.22157164869029275,0.951058201058201,1.0586200992980652
expert_1,3246,midogpp-expert_1-a4305b88c00b4f0f3fe15553,0.1443921351426197,720,0.22181146025878004,0.9523809523809523,1.059765865680838
expert_1,3247,midogpp-expert_1-5aad569339411b5b22320532,0.1443367488230407,721,0.2220511241145673,0.9537037037037037,1.0609109263251548
expert_1,3248,midogpp-expert_1-45923c3f7982169209249464,0.1436721129880919,721,0.22198275862068967,0.9537037037037037,1.0605842911877394
expert_1,3249,midogpp-expert_1-024dd2941eed9e76592b64f5,0.1436167266685128,722,0.2222222222222222,0.955026455026455,1.0617283950617282
expert_1,3250,midogpp-expert_1-51be38e91bbf8a20582257c0,0.1436167266685128,722,0.22215384615384615,0.955026455026455,1.0614017094017094
expert_1,3251,midogpp-expert_1-30764ce435a256105f1170a8,0.1434505677097756,722,0.22208551215010766,0.955026455026455,1.061075224717181
expert_1,3252,midogpp-expert_1-cb649fa6b779da4efd7e5e5c,0.1433951813901966,722,0.2220172201722017,0.955026455026455,1.0607489408227415
expert_1,3253,midogpp-expert_1-61add8c2a16183852b808174,0.1432290224314594,722,0.22194897018137105,0.955026455026455,1.0604228575332173
expert_1,3254,midogpp-expert_1-eb125314c2e37ea2e0f19e28,0.1426751592356687,722,0.22188076213890595,0.955026455026455,1.0600969746636617
expert_1,3255,midogpp-expert_1-668032eca3ee661523695c90,0.1423428413181944,722,0.2218125960061444,0.955026455026455,1.0597712920293565
expert_1,3256,midogpp-expert_1-7067737f2196408a211a6b5f,0.1423428413181944,722,0.22174447174447173,0.955026455026455,1.0594458094458092
expert_1,3257,midogpp-expert_1-291392b61c3b2474bdaef65a,0.1422874549986153,722,0.22167638931532085,0.955026455026455,1.0591205267287551
expert_1,3258,midogpp-expert_1-7285e8af4a4db48359f31c83,0.1422874549986153,723,0.22191528545119704,0.9563492063492064,1.0602619193779415
expert_1,3259,midogpp-expert_1-d823a4fd6b3fbd456bea41c3,0.1421766823594572,723,0.2218471923903038,0.9563492063492064,1.0599365858647847
expert_1,3260,midogpp-expert_1-f6c0cec7600538367623214c,0.1420659097202991,723,0.22177914110429447,0.9563492063492064,1.0596114519427402
expert_1,3261,midogpp-expert_1-5974e46ba37f034331f25582,0.1415120465245084,723,0.22171113155473782,0.9563492063492064,1.0592865174281918
expert_1,3262,midogpp-expert_1-ca4ed2d8fa372f81d162aa64,0.1413458875657712,723,0.22164316370324955,0.9563492063492064,1.0589617821377477
expert_1,3263,midogpp-expert_1-2d21981248f823bb146734f3,0.1412351149266131,723,0.2215752375114925,0.9563492063492064,1.0586372458882418
expert_1,3264,midogpp-expert_1-da99bb3d4644a2e9a493c262,0.1408474106895597,724,0.22181372549019607,0.9576719576719577,1.059776688453159
expert_1,3265,midogpp-expert_1-298f1d7c48c210c1f7c60d83,0.1407920243699806,724,0.2217457886676876,0.9576719576719577,1.059452101412285
expert_1,3266,midogpp-expert_1-01fe9ad07635d89295b1b687,0.1405150927720853,724,0.22167789344764238,0.9576719576719577,1.0591277131387358
expert_1,3267,midogpp-expert_1-e3da89f7d1cf01a029cb4784,0.1395181390196621,724,0.22161003979185798,0.9576719576719577,1.058803523449988
expert_1,3268,midogpp-expert_1-67a880763eba8f89e9c65189,0.139462752700083,724,0.2215422276621787,0.9576719576719577,1.0584795321637426
expert_1,3269,midogpp-expert_1-0b8ef1b8268998ce1663d749,0.1390750484630296,724,0.22147445702049556,0.9576719576719577,1.0581557390979233
expert_1,3270,midogpp-expert_1-0db25a3cdbb7b48f53162198,0.1390750484630296,725,0.2217125382262997,0.958994708994709,1.0592932381923206
expert_1,3271,midogpp-expert_1-7f9f06cccebffc72053eaee5,0.1390196621434505,725,0.2216447569550596,0.958994708994709,1.0589693943408403
expert_1,3272,midogpp-expert_1-3fc9f7363af1cd243ebd17a9,0.1382442536693436,725,0.22157701711491443,0.958994708994709,1.0586457484379244
expert_1,3273,midogpp-expert_1-1480522f153f549ad4c998cc,0.1381334810301855,725,0.22150931866788878,0.958994708994709,1.0583223003021351
expert_1,3274,midogpp-expert_1-1b8b486fb735630004613c53,0.1363611188036554,725,0.22144166157605374,0.958994708994709,1.0579990497522567
expert_1,3275,midogpp-expert_1-6b5c34259bbeaee3a5d13ca4,0.1360841872057601,725,0.22137404580152673,0.958994708994709,1.0576759966072944
expert_1,3276,midogpp-expert_1-40946eb039d3481527545442,0.1356410966491276,725,0.2213064713064713,0.958994708994709,1.057353140686474
expert_1,3277,midogpp-expert_1-7e6cd7b1ec186496330a5d86,0.1353641650512323,726,0.22154409520903265,0.9603174603174603,1.0584884548876003
expert_1,3278,midogpp-expert_1-01df6874ee5ec789ec4077c4,0.1353087787316532,726,0.2214765100671141,0.9603174603174603,1.058165548098434
expert_1,3279,midogpp-expert_1-dd490eaff2cfa2d6077e36cf,0.1353087787316532,726,0.22140896614821592,0.9603174603174603,1.0578428382636982
expert_1,3280,midogpp-expert_1-7ccc991929492a3d2b68770f,0.1352533924120742,726,0.22134146341463415,0.9603174603174603,1.057520325203252
expert_1,3281,midogpp-expert_1-62b127470f307535dd42974a,0.134201052340072,726,0.22127400182871076,0.9603174603174603,1.0571980087371735
expert_1,3282,midogpp-expert_1-4e738023022ebe2a6078da00,0.1341456660204929,726,0.22120658135283364,0.9603174603174603,1.0568758886857605
expert_1,3283,midogpp-expert_1-4f82f8afb4d5955210645d37,0.1340348933813348,726,0.22113920194943648,0.9603174603174603,1.05655396486953
expert_1,3284,midogpp-expert_1-21fb58c2eb55e8e3ea367fc2,0.1334810301855442,726,0.22107186358099878,0.9603174603174603,1.0562322371092163
expert_1,3285,midogpp-expert_1-b4dd5b02996e6362fb46f7e4,0.1334810301855442,726,0.22100456621004566,0.9603174603174603,1.0559107052257737
expert_1,3286,midogpp-expert_1-0f329034ed696cae1170c10f,0.1332040985876488,726,0.2209373097991479,0.9603174603174603,1.0555893690403733
expert_1,3287,midogpp-expert_1-f6e66e05b2a9191ba3ed4c8d,0.1328717806701744,727,0.2211743230909644,0.9616402116402116,1.0567217658790522
expert_1,3288,midogpp-expert_1-fae64c95d6b2e545567c180f,0.1320409858764885,727,0.22110705596107055,0.9616402116402116,1.0564003784806704
expert_1,3289,midogpp-expert_1-4b79e7f8cc015b6264b72d9e,0.1309332594849072,727,0.22103982973548192,0.9616402116402116,1.0560791865139691
expert_1,3290,midogpp-expert_1-81a2f1b22358709b32a294b4,0.1309332594849072,727,0.2209726443768997,0.9616402116402116,1.0557581898007429
expert_1,3291,midogpp-expert_1-86cff88d0ef7396c183c0c8f,0.1306009415674328,727,0.2209054998480705,0.9616402116402116,1.0554373881630035
expert_1,3292,midogpp-expert_1-1bfcdc341b6e78b2021276e4,0.1305455552478537,727,0.22083839611178616,0.9616402116402116,1.0551167814229783
expert_1,3293,midogpp-expert_1-ce16d1bc841dbac97a60e9d7,0.1304347826086956,727,0.22077133313088368,0.9616402116402116,1.0547963694031108
expert_1,3294,midogpp-expert_1-715f015188cc48dce1de0741,0.1296039878150097,727,0.2207043108682453,0.9616402116402116,1.0544761519260608
expert_1,3295,midogpp-expert_1-7d1348b6c5676376a669b50a,0.1292716698975353,727,0.2206373292867982,0.9616402116402116,1.0541561288147023
expert_1,3296,midogpp-expert_1-e0ae73f7851d966c0ab9bcfc,0.1284962614234284,727,0.22057038834951456,0.9616402116402116,1.0538362998921251
expert_1,3297,midogpp-expert_1-0383f8d7178a7d19331a993e,0.1284408751038493,727,0.22050348801941158,0.9616402116402116,1.053516664981633
expert_1,3298,midogpp-expert_1-7c3adfbdb60e429c4b5f8893,0.1284408751038493,727,0.22043662825955124,0.9616402116402116,1.0531972239067446
expert_1,3299,midogpp-expert_1-1027f753d011e084c9637cb3,0.128163943505954,728,0.22067293119127007,0.9629629629629629,1.0543262268027347
expert_1,3300,midogpp-expert_1-4e3ce1bab523bff50e891874,0.1279977845472168,729,0.22090909090909092,0.9642857142857143,1.0554545454545454
expert_1,3301,midogpp-expert_1-2d8970c00418650a25e3ed07,0.1278316255884796,729,0.22084216903968495,0.9642857142857143,1.0551348076340503
expert_1,3302,midogpp-expert_1-e06b7ac53c354a770a2c293e,0.1277762392689005,730,0.22107813446396124,0.9656084656084656,1.0562621979944815
expert_1,3303,midogpp-expert_1-2e044ef6e71d93428bcfd447,0.1270562171143727,731,0.2213139570087799,0.966931216931217,1.057388905708615
expert_1,3304,midogpp-expert_1-b72650668ed22ac389a2c0c7,0.1266685128773193,731,0.22124697336561744,0.966931216931217,1.057068872746839
expert_1,3305,midogpp-expert_1-d5760ee5d8bb361304275f94,0.1265577402381612,732,0.22148260211800302,0.9682539682539683,1.0581946545637921
expert_1,3306,midogpp-expert_1-90cd6385dd803f17a1d440dc,0.1265577402381611,733,0.22171808832425893,0.9695767195767195,1.0593197553270148
expert_1,3307,midogpp-expert_1-805becb66bb8d470b492f368,0.1256161728053171,733,0.2216510432416087,0.9695767195767195,1.0589994288210194
expert_1,3308,midogpp-expert_1-fe9a8e4907e88a8fe09b7c55,0.1249515369703683,733,0.22158403869407498,0.9695767195767195,1.0586792959828026
expert_1,3309,midogpp-expert_1-e6c2761abe8d3b116050347d,0.1248407643312101,733,0.22151707464490783,0.9695767195767195,1.0583593566367817
expert_1,3310,midogpp-expert_1-cf7e49542cae40569f4ff56e,0.1242869011354195,733,0.22145015105740182,0.9695767195767195,1.0580396106075864
expert_1,3311,midogpp-expert_1-2208fd1b8d365541accdccc9,0.1230684021046801,733,0.2213832678948958,0.9695767195767195,1.0577200577200576
expert_1,3312,midogpp-expert_1-145ba2f8909a79efc9a3f9a6,0.123013015785101,733,0.22131642512077296,0.9695767195767195,1.0574006977992485
expert_1,3313,midogpp-expert_1-36943f38fdefdc29dd5c225b,0.1224591525893104,733,0.2212496226984606,0.9695767195767195,1.0570815306704229
expert_1,3314,midogpp-expert_1-8c8fd609049648618d031de5,0.1220160620326779,733,0.2211828605914303,0.9695767195767195,1.056762556159056
expert_1,3315,midogpp-expert_1-f83d8e21818eec3b76f50131,0.1217391304347826,733,0.22111613876319758,0.9695767195767195,1.0564437740908328
expert_1,3316,midogpp-expert_1-75d96418c86786b3fe46cafe,0.1213514261977291,733,0.22104945717732208,0.9695767195767195,1.05612518429165
expert_1,3317,midogpp-expert_1-a6438fd29e9a55981f387106,0.1206314040432013,733,0.2209828157974073,0.9695767195767195,1.0558067865876126
expert_1,3318,midogpp-expert_1-738eefb0cea0ddc4aa0c9330,0.1191913597341456,733,0.22091621458710067,0.9695767195767195,1.0554885808050365
expert_1,3319,midogpp-expert_1-cd7013d24f7b6ac6e3198588,0.1189698144558294,733,0.2208496535100934,0.9695767195767195,1.055170566770446
expert_1,3320,midogpp-expert_1-0314d5b3b9831cccd23c0fdf,0.1188036554970922,734,0.22108433734939759,0.9708994708994709,1.0562918340026772
expert_1,3321,midogpp-expert_1-8caef160b7ae6a17e9399989,0.118637496538355,734,0.22101776573321288,0.9708994708994709,1.0559737696142393
expert_1,3322,midogpp-expert_1-b453580cd908a9a34a42acf9,0.118637496538355,734,0.2209512341962673,0.9708994708994709,1.0556558967154992
expert_1,3323,midogpp-expert_1-f49f9154210ca64b13dce1d2,0.1185267238991969,734,0.22088474270237737,0.9708994708994709,1.0553382151335808
expert_1,3324,midogpp-expert_1-023d40bde946884f56c2f957,0.1181944059817225,735,0.22111913357400723,0.9722222222222222,1.0564580826313679
expert_1,3325,midogpp-expert_1-411a26e7579de75e667a33fd,0.1180282470229853,735,0.22105263157894736,0.9722222222222222,1.056140350877193
expert_1,3326,midogpp-expert_1-235cab60d1b5e5495d2229e3,0.1179174743838272,735,0.22098616957306072,0.9722222222222222,1.0558228101824012
expert_1,3327,midogpp-expert_1-47495ff4b733deeb10a1d0b6,0.11775131542509,735,0.22091974752028856,0.9722222222222222,1.055505460374712
expert_1,3328,midogpp-expert_1-62dd4f9588a55844d603f52c,0.1175851564663528,735,0.2208533653846154,0.9722222222222222,1.0551883012820513
expert_1,3329,midogpp-expert_1-73123b795e6e25bbdf28c25d,0.1172528385488784,735,0.2207870231300691,0.9722222222222222,1.0548713327325523
expert_1,3330,midogpp-expert_1-beff8bb85c760ee46c022b84,0.1171974522292993,735,0.22072072072072071,0.9722222222222222,1.0545545545545545
expert_1,3331,midogpp-expert_1-a8931b8c1322678873fa9ac2,0.1171420659097203,735,0.2206544581206845,0.9722222222222222,1.0542379665766035
expert_1,3332,midogpp-expert_1-c66a05b9e92090f163d5573e,0.1169759069509831,735,0.22058823529411764,0.9722222222222222,1.0539215686274508
expert_1,3333,midogpp-expert_1-3b61427a0f485bc66f3e6a2e,0.1168097479922459,735,0.22052205220522053,0.9722222222222222,1.0536053605360536
expert_1,3334,midogpp-expert_1-8a1cefaec2bd14a7f27d52a1,0.1162558847964552,736,0.22075584883023394,0.9735449735449735,1.0547223888555621
expert_1,3335,midogpp-expert_1-63b7b2f9b1aea63a51bab8ea,0.1162004984768762,736,0.2206896551724138,0.9735449735449735,1.054406130268199
expert_1,3336,midogpp-expert_1-9e44b74bdcc26cbd3f7056f7,0.1159789531985599,736,0.22062350119904076,0.9735449735449735,1.0540900612843058
expert_1,3337,midogpp-expert_1-56b7d57dece6e3c9c8cec77b,0.1158127942398227,736,0.22055738687443813,0.9735449735449735,1.0537741817334265
expert_1,3338,midogpp-expert_1-27a2a4b56ad1f50f37cc7606,0.1157020216006646,736,0.22049131216297185,0.9735449735449735,1.05345849144531
expert_1,3339,midogpp-expert_1-aa215f4210e2ef8fd059d0f5,0.1155912489615065,736,0.22042527702905063,0.9735449735449735,1.0531429902499085
expert_1,3340,midogpp-expert_1-936034835f7d0d035322fb82,0.1152589310440321,736,0.22035928143712574,0.9735449735449735,1.0528276779773784
expert_1,3341,midogpp-expert_1-e909fff8f835bfdac13ec287,0.1149266131265577,736,0.2202933253516911,0.9735449735449735,1.0525125544580796
expert_1,3342,midogpp-expert_1-fdb910925803d62fc6cd0a36,0.1140958183328717,736,0.22022740873728305,0.9735449735449735,1.0521976195225746
expert_1,3343,midogpp-expert_1-6e4787d7bbd7872c39aced05,0.1135419551370811,736,0.2201615315584804,0.9735449735449735,1.0518828730016285
expert_1,3344,midogpp-expert_1-33084c8e28536b0c60b5b775,0.113431182497923,736,0.22009569377990432,0.9735449735449735,1.0515683147262094
expert_1,3345,midogpp-expert_1-be4e91d3b454c32878101590,0.1113818886734976,736,0.22002989536621823,0.9735449735449735,1.051253944527487
expert_1,3346,midogpp-expert_1-eed4137928df9c55f9b5aa18,0.1112157297147604,736,0.2199641362821279,0.9735449735449735,1.0509397622368333
expert_1,3347,midogpp-expert_1-48198dd58f9ce68d91f63cbe,0.1109941844364442,736,0.21989841649238123,0.9735449735449735,1.0506257676858215
expert_1,3348,midogpp-expert_1-7686998cb9982371c5e05c61,0.1109941844364442,736,0.21983273596176822,0.9735449735449735,1.050311960706226
expert_1,3349,midogpp-expert_1-1d285948227f82b0a7758508,0.110828025477707,736,0.21976709465512093,0.9735449735449735,1.0499983411300222
expert_1,3350,midogpp-expert_1-822e8c3b9b21cc9ec7042962,0.110828025477707,736,0.21970149253731344,0.9735449735449735,1.0496849087893865
expert_1,3351,midogpp-expert_1-b9720b1e3e6cc201726f0adf,0.1105510938798116,736,0.21963592957326172,0.9735449735449735,1.0493716635166948
expert_1,3352,midogpp-expert_1-dc1ec29e0d0d48fef8bd3c32,0.1101633896427582,736,0.21957040572792363,0.9735449735449735,1.0490586051445239
expert_1,3353,midogpp-expert_1-594430255cb9834ce230aa23,0.1100526170036001,736,0.21950492096629884,0.9735449735449735,1.04874573350565
expert_1,3354,midogpp-expert_1-7ce4ebb3ae2623a1972b5977,0.1098310717252838,736,0.21943947525342875,0.9735449735449735,1.0484330484330484
expert_1,3355,midogpp-expert_1-a520e5259e2b9b0d9c5c879d,0.1097756854057047,736,0.21937406855439642,0.9735449735449735,1.048120549759894
expert_1,3356,midogpp-expert_1-5d1c6214990ba650fd6d9e7d,0.1096649127665466,736,0.21930870083432658,0.9735449735449735,1.0478082373195603
expert_1,3357,midogpp-expert_1-2bd9952faa6e1e7f725a8fe1,0.1094433674882304,736,0.21924337205838546,0.9735449735449735,1.0474961109456193
expert_1,3358,midogpp-expert_1-bda76911c54110c000452897,0.1087233453337025,736,0.2191780821917808,0.9735449735449735,1.0471841704718416
expert_1,3359,midogpp-expert_1-870bcc1d7bcbccc9eb9a9f9a,0.1086679590141235,736,0.21911283119976183,0.9735449735449735,1.0468724157321954
expert_1,3360,midogpp-expert_1-816b60172d9e5d9952082356,0.1077263915812794,737,0.2193452380952381,0.9748677248677249,1.047982804232804
expert_1,3361,midogpp-expert_1-de248c01c904b5d617d6a7a0,0.107394073663805,737,0.21927997619756026,0.9748677248677249,1.0476709973883434
expert_1,3362,midogpp-expert_1-00f63b6aced2e17a5c947690,0.1071171420659097,737,0.21921475312314098,0.9748677248677249,1.0473593760327846
expert_1,3363,midogpp-expert_1-1271df45aa2d64fbd0e8436b,0.1070063694267516,737,0.2191495688373476,0.9748677248677249,1.0470479400006607
expert_1,3364,midogpp-expert_1-75cf0224ddfdfd2a253788b8,0.1060648019939075,737,0.21908442330558858,0.9748677248677249,1.046736689126701
expert_1,3365,midogpp-expert_1-2c98e5bc114ba5004e2309fc,0.1060094156743284,737,0.21901931649331352,0.9748677248677249,1.046425623245831
expert_1,3366,midogpp-expert_1-8774b7c6c4ad8e014c8c2224,0.1057878703960121,737,0.21895424836601307,0.9748677248677249,1.0461147421931736
expert_1,3367,midogpp-expert_1-1ab8c6a72da2f3e7a17fe04b,0.1053447798393796,737,0.2188892188892189,0.9748677248677249,1.0458040458040458
expert_1,3368,midogpp-expert_1-ee1436fc37eea2eb65006650,0.1040155081694821,737,0.21882422802850357,0.9748677248677249,1.0454935339139615
expert_1,3369,midogpp-expert_1-12267a96ffc6a8dd9d211611,0.103904735530324,737,0.21875927574948056,0.9748677248677249,1.0451832063586293
expert_1,3370,midogpp-expert_1-caa11aad5005cbe50e6b6f83,0.1035724176128496,737,0.21869436201780415,0.9748677248677249,1.044873062973953
expert_1,3371,midogpp-expert_1-1e3e3a918bd96e06e5aace69,0.1032400996953752,737,0.21862948679916938,0.9748677248677249,1.0445631035960314
expert_1,3372,midogpp-expert_1-fc8b376cca4ee4546a7a8573,0.1032400996953752,737,0.21856465005931197,0.9748677248677249,1.0442533280611572
expert_1,3373,midogpp-expert_1-e5ec8411f83989f078c92865,0.1031293270562171,737,0.2184998517640083,0.9748677248677249,1.0439437362058173
expert_1,3374,midogpp-expert_1-6b6f4d0465bd8bc56d67ea63,0.103073940736638,737,0.21843509187907528,0.9748677248677249,1.0436343278666929
expert_1,3375,midogpp-expert_1-1bab5145fe74b9ffb09b116e,0.1027970091387427,737,0.21837037037037038,0.9748677248677249,1.0433251028806585
expert_1,3376,midogpp-expert_1-46dd4275164c0319ba24168d,0.1020769869842149,737,0.21830568720379148,0.9748677248677249,1.0430160610847814
expert_1,3377,midogpp-expert_1-c5ed20e60768058ea3465ba2,0.1020216006646358,737,0.2182410423452769,0.9748677248677249,1.0427072023163229
expert_1,3378,midogpp-expert_1-b9711d5c0076f8aee07d5e75,0.1018554417058986,737,0.2181764357608052,0.9748677248677249,1.042398526412736
expert_1,3379,midogpp-expert_1-eac4736ece95096b381af02c,0.1016892827471614,738,0.2184078129624149,0.9761904761904762,1.0435039952648713
expert_1,3380,midogpp-expert_1-037fa2815b2b3f66baad1f55,0.1010246469122126,738,0.2183431952662722,0.9761904761904762,1.0431952662721893
expert_1,3381,midogpp-expert_1-0e81dae93e72129889ac11bc,0.1008031016338964,738,0.21827861579414373,0.9761904761904762,1.0428867199053533
expert_1,3382,midogpp-expert_1-7dcb9c6a7ffc18df9a4e4f5a,0.1006923289947382,738,0.218214074512123,0.9761904761904762,1.0425783560023654
expert_1,3383,midogpp-expert_1-537fcfe4bb9b36e375f5bbc8,0.1003600110772639,738,0.21814957138634347,0.9761904761904762,1.0422701744014187
expert_1,3384,midogpp-expert_1-01ce7b516068629548caff50,0.1001384657989476,738,0.21808510638297873,0.9761904761904762,1.0419621749408983
expert_1,3385,midogpp-expert_1-d242d269e07a94840df07be9,0.0996953752423151,739,0.21831610044313146,0.9775132275132276,1.0430658132282946
expert_1,3386,midogpp-expert_1-7f2ab896bb00d31a675a2c10,0.099584602603157,740,0.21854695806261076,0.9788359788359788,1.0441687996324736
expert_1,3387,midogpp-expert_1-639ae5a2cef5e889cc749f15,0.0993076710052617,740,0.21848243283141422,0.9788359788359788,1.0438605124167568
expert_1,3388,midogpp-expert_1-53c352ae634188601393636a,0.0990307394073664,740,0.21841794569067297,0.9788359788359788,1.0435524071887707
expert_1,3389,midogpp-expert_1-cabee484ac45d43c85208587,0.098753807809471,740,0.21835349660666864,0.9788359788359788,1.0432444837874169
expert_1,3390,midogpp-expert_1-f82b3acc4cff4afcf5b27d2b,0.0983107172528385,740,0.2182890855457227,0.9788359788359788,1.0429367420517863
expert_1,3391,midogpp-expert_1-e822f95236a06c21112761a1,0.0977568540570479,741,0.21851961073429665,0.9801587301587301,1.0440381401749728
expert_1,3392,midogpp-expert_1-46f9d87d0ff6e64333e82072,0.0975353087787316,742,0.21875,0.9814814814814815,1.0451388888888888
expert_1,3393,midogpp-expert_1-e3791d991d2636965581e91c,0.0974799224591526,743,0.2189802534630121,0.9828042328042328,1.0462389887677244
expert_1,3394,midogpp-expert_1-524be2d96b13af79db151e84,0.0974245361395735,743,0.21891573364761344,0.9828042328042328,1.0459307274274863
expert_1,3395,midogpp-expert_1-6677dcc300cd60c0b0d17efd,0.0974245361395735,743,0.21885125184094256,0.9828042328042328,1.0456226476845032
expert_1,3396,midogpp-expert_1-1031b67908db6c9c8b0d84da,0.0969260592633619,743,0.21878680800942285,0.9828042328042328,1.0453147493783537
expert_1,3397,midogpp-expert_1-c3d840caca182d34fd3c75d9,0.0969260592633619,743,0.2187224021195172,0.9828042328042328,1.0450070323488043
expert_1,3398,midogpp-expert_1-1be403a5bb135190b9da85a8,0.0963168097479922,743,0.21865803413772808,0.9828042328042328,1.0446994964358118
expert_1,3399,midogpp-expert_1-351a98cba07205bc6c0d7fae,0.0962060371088341,743,0.21859370403059725,0.9828042328042328,1.04439214147952
expert_1,3400,midogpp-expert_1-7724b82e356ded44758ac3d9,0.0960398781500969,743,0.2185294117647059,0.9828042328042328,1.0440849673202615
expert_1,3401,midogpp-expert_1-78632fafcb98c1af49155500,0.0954860149543062,743,0.2184651573066745,0.9828042328042328,1.043777973798556
expert_1,3402,midogpp-expert_1-381ae74b7d649f7bf3b29d3a,0.0953752423151481,743,0.21840094062316284,0.9828042328042328,1.0434711607551113
expert_1,3403,midogpp-expert_1-5c95396ebf38eac381a42554,0.0951536970368319,743,0.21833676168086982,0.9828042328042328,1.0431645280308224
expert_1,3404,midogpp-expert_1-03ef2670f87f3a2843507a3a,0.0950429243976737,743,0.21827262044653348,0.9828042328042328,1.042858075466771
expert_1,3405,midogpp-expert_1-87a35ff50ba88423b2d83ba3,0.0948767654389365,743,0.218208516886931,0.9828042328042328,1.0425518029042258
expert_1,3406,midogpp-expert_1-7e5a3e028d1c579121e3dd43,0.0947106064801993,743,0.21814445096887844,0.9828042328042328,1.0422457101846414
expert_1,3407,midogpp-expert_1-3ff049dd204fa8254579e5a2,0.0945444475214622,743,0.218080422659231,0.9828042328042328,1.0419397971496591
expert_1,3408,midogpp-expert_1-b282c518b8f7fc48f63bf28e,0.0937690390473553,743,0.21801643192488263,0.9828042328042328,1.041634063641106
expert_1,3409,midogpp-expert_1-9d0b33929b0ce2bbac0e5a7f,0.0932705621711437,743,0.2179524787327662,0.9828042328042328,1.041328509500994
expert_1,3410,midogpp-expert_1-5b231806e9cb65912555c35f,0.0931597895319856,743,0.21788856304985338,0.9828042328042328,1.0410231345715217
expert_1,3411,midogpp-expert_1-744abae01b30cec2debabbb4,0.0928828579340902,743,0.2178246848431545,0.9828042328042328,1.0407179386950716
expert_1,3412,midogpp-expert_1-d5c1c3d346c5a4dc6b2fd224,0.0925505400166158,743,0.21776084407971863,0.9828042328042328,1.040412921714211
expert_1,3413,midogpp-expert_1-2e53eaf26bc962ef284fbc81,0.0922182220991415,743,0.21769704072663346,0.9828042328042328,1.0401080834716931
expert_1,3414,midogpp-expert_1-690aa7ed42850f5c9c8c2fe4,0.0916643589033508,743,0.2176332747510252,0.9828042328042328,1.0398034238104537
expert_1,3415,midogpp-expert_1-4e719c782a15549b3f6d42b2,0.0910551093879811,743,0.21756954612005858,0.9828042328042328,1.0394989425736132
expert_1,3416,midogpp-expert_1-96bba30f5a79a1786547d90e,0.0910551093879811,743,0.21750585480093676,0.9828042328042328,1.0391946396044756
expert_1,3417,midogpp-expert_1-498b49050d8db4d6239518c3,0.0902797009138742,743,0.21744220076090137,0.9828042328042328,1.0388905147465288
expert_1,3418,midogpp-expert_1-0d0b803455f33df9679a2122,0.0894489061201883,743,0.2173785839672323,0.9828042328042328,1.0385865678434432
expert_1,3419,midogpp-expert_1-9702f22a94955aa7570d42ec,0.0887842702852395,743,0.21731500438724774,0.9828042328042328,1.0382827987390726
expert_1,3420,midogpp-expert_1-622c43044510afa788620598,0.0887288839656604,743,0.21725146198830408,0.9828042328042328,1.0379792072774527
expert_1,3421,midogpp-expert_1-fe7015385a3cc855c2261b87,0.0887288839656604,743,0.21718795673779598,0.9828042328042328,1.037675793302803
expert_1,3422,midogpp-expert_1-31da76c0d276615027560ee2,0.0886181113265023,743,0.21712448860315606,0.9828042328042328,1.0373725566595233
expert_1,3423,midogpp-expert_1-4327a752001b69bdb29849f7,0.0882304070894489,743,0.2170610575518551,0.9828042328042328,1.0370694971921965
expert_1,3424,midogpp-expert_1-94f1fcb12712c04b9bee2d97,0.0881750207698698,743,0.21699766355140188,0.9828042328042328,1.0367666147455867
expert_1,3425,midogpp-expert_1-25174d0bf6f7be4882132984,0.0877873165328164,743,0.21693430656934307,0.9828042328042328,1.036463909164639
expert_1,3426,midogpp-expert_1-77f84323c1e5fa06edacea30,0.0877319302132373,744,0.2171628721541156,0.9841269841269841,1.03755594473633
expert_1,3427,midogpp-expert_1-e6c52787f1a8d1245e9d677e,0.0870672943782885,744,0.21709950393930552,0.9841269841269841,1.0372531854877929
expert_1,3428,midogpp-expert_1-18f7557bd12372b74f06ab3f,0.0869011354195513,744,0.21703617269544925,0.9841269841269841,1.0369506028782576
expert_1,3429,midogpp-expert_1-cafe353f360059db99a69bb1,0.086624203821656,745,0.21726450860309127,0.9854497354497355,1.0380415411036583
expert_1,3430,midogpp-expert_1-b24cc876255dc7e835341dc1,0.0865134311824979,745,0.21720116618075802,0.9854497354497355,1.0377389050858439
expert_1,3431,midogpp-expert_1-eb10b2f8e6a8b03cc8294dd5,0.0862364995846026,745,0.2171378606820169,0.9854497354497355,1.0374364454807474
expert_1,3432,midogpp-expert_1-527334bbfaa11395ce986691,0.0858487953475491,745,0.21707459207459207,0.9854497354497355,1.037134162134162
expert_1,3433,midogpp-expert_1-8f7e4ea8039575e491361eac,0.0858487953475491,745,0.21701136032624527,0.9854497354497355,1.0368320548920607
expert_1,3434,midogpp-expert_1-11ab95df12cd1e4bc295a73b,0.0853503184713375,745,0.21694816540477577,0.9854497354497355,1.0365301236005953
expert_1,3435,midogpp-expert_1-e3ec42601a1ecf57cf7961e9,0.0853503184713375,745,0.21688500727802038,0.9854497354497355,1.0362283681060973
expert_1,3436,midogpp-expert_1-301cc6af027e7000562ece66,0.0852949321517585,745,0.21682188591385332,0.9854497354497355,1.035926788255077
expert_1,3437,midogpp-expert_1-5635f2fd09632b081df0e434,0.0850180005538631,745,0.2167588012801862,0.9854497354497355,1.0356253838942229
expert_1,3438,midogpp-expert_1-8100f5750872f500dff9342b,0.0845195236776516,745,0.21669575334496802,0.9854497354497355,1.0353241548704026
expert_1,3439,midogpp-expert_1-043acce1a87cb0e73f626465,0.0836887288839656,745,0.21663274207618494,0.9854497354497355,1.0350231010306614
expert_1,3440,midogpp-expert_1-813aa1d389ac50e7be3d31d9,0.0835225699252284,745,0.21656976744186046,0.9854497354497355,1.034722222222222
expert_1,3441,midogpp-expert_1-ac98bbd016163799f4d12ecd,0.0829687067294378,745,0.21650682941005522,0.9854497354497355,1.034421518292486
expert_1,3442,midogpp-expert_1-f92162643c6e84d5d39b7ac4,0.0828025477707006,745,0.21644392794886694,0.9854497354497355,1.0341209890890308
expert_1,3443,midogpp-expert_1-33b756eb305e27be245bba5a,0.0803655497092218,746,0.21667150740633168,0.9867724867724867,1.0352083131635845
expert_1,3444,midogpp-expert_1-cb8946c0f480e5bd2cb63641,0.0800332317917474,746,0.21660859465737514,0.9867724867724867,1.0349077300296812
expert_1,3445,midogpp-expert_1-95e956dc241f4199a56589a3,0.0798116865134311,746,0.2165457184325109,0.9867724867724867,1.0346073213997742
expert_1,3446,midogpp-expert_1-c1d9b1c3feeae51ba750ba9e,0.0794239822763777,747,0.2167730702263494,0.9880952380952381,1.0356935577481137
expert_1,3447,midogpp-expert_1-35a81b5c5f50c14c002d2827,0.0791470506784824,747,0.21671018276762402,0.9880952380952381,1.0353930954453148
expert_1,3448,midogpp-expert_1-7bb7fb3e8d2086daf0f39d8e,0.0787593464414289,747,0.2166473317865429,0.9880952380952381,1.0350928074245938
expert_1,3449,midogpp-expert_1-7bdaddf810ddc34f17a49d30,0.0785378011631127,747,0.2165845172513772,0.9880952380952381,1.0347926935343577
expert_1,3450,midogpp-expert_1-9a1ac3d503f1c5ef9f22ced2,0.0785378011631127,747,0.2165217391304348,0.9880952380952381,1.0344927536231885
expert_1,3451,midogpp-expert_1-8b5c2e74802281f09870b4e9,0.0784824148435336,747,0.21645899739206026,0.9880952380952381,1.0341929875398435
expert_1,3452,midogpp-expert_1-4f81cd76701a9a208ce3488e,0.0781500969260592,747,0.216396292004635,0.9880952380952381,1.033893395133256
expert_1,3453,midogpp-expert_1-809928b73639e035305e82c5,0.0777623926890058,747,0.2163336229365769,0.9880952380952381,1.0335939762525341
expert_1,3454,midogpp-expert_1-7b6b540cc2945d8acc2f742c,0.0777070063694267,747,0.21627099015634046,0.9880952380952381,1.03329473074696
expert_1,3455,midogpp-expert_1-ebce18170134c281cfa23cf8,0.0776516200498476,747,0.21620839363241678,0.9880952380952381,1.0329956584659912
expert_1,3456,midogpp-expert_1-fdea301ad88af990418a1592,0.0775408474106895,747,0.21614583333333334,0.9880952380952381,1.0326967592592593
expert_1,3457,midogpp-expert_1-4145b1d5ae586007788163d8,0.0774854610911105,747,0.21608330922765404,0.9880952380952381,1.0323980329765692
expert_1,3458,midogpp-expert_1-a6f03d78161fa3c3eae167a5,0.0773746884519523,747,0.21602082128397918,0.9880952380952381,1.0320994794679004
expert_1,3459,midogpp-expert_1-9049e286cd4e70d81ce3890f,0.0769869842148989,747,0.21595836947094535,0.9880952380952381,1.0318010985834054
expert_1,3460,midogpp-expert_1-84fcb67ca28e046f7e374aa4,0.0761561894212129,747,0.21589595375722542,0.9880952380952381,1.0315028901734102
expert_1,3461,midogpp-expert_1-197a0d754ad933b3574c54bc,0.0760454167820548,747,0.21583357411152845,0.9880952380952381,1.0312048540884136
expert_1,3462,midogpp-expert_1-2d3cf5f3dd0d41c9598ef39b,0.0751038493492107,748,0.21606008087810513,0.9894179894179894,1.03228705308428
expert_1,3463,midogpp-expert_1-3c7e3f6f75d2811f7593edaf,0.0747715314317363,748,0.21599768986427953,0.9894179894179894,1.031988962684891
expert_1,3464,midogpp-expert_1-8df798b3eea5e7eb748f6299,0.0743838271946829,749,0.21622401847575057,0.9907407407407407,1.0330703104952526
expert_1,3465,midogpp-expert_1-063a3409c62bbb8d637d00b6,0.0743284408751038,749,0.21616161616161617,0.9907407407407407,1.0327721661054994
expert_1,3466,midogpp-expert_1-1470dadfdbc4db801d83383a,0.0740515092772085,749,0.2160992498557415,0.9907407407407407,1.0324741937552093
expert_1,3467,midogpp-expert_1-c1792c90b7187e9de18845e6,0.0739961229576294,749,0.21603691952696857,0.9907407407407407,1.0321763932955164
expert_1,3468,midogpp-expert_1-e7705c82087bc434813efde9,0.0737745776793132,749,0.21597462514417531,0.9907407407407407,1.0318787645777265
expert_1,3469,midogpp-expert_1-e4cc6dcf5344ca9ec9eac4ac,0.073663805040155,749,0.21591236667627559,0.9907407407407407,1.0315813074533167
expert_1,3470,midogpp-expert_1-515b5c640a9142df951b8635,0.0734976460814178,749,0.21585014409221903,0.9907407407407407,1.0312840217739354
expert_1,3471,midogpp-expert_1-3f4112e4bfb09aaee0b9cc88,0.0724453060094156,749,0.21578795736099107,0.9907407407407407,1.0309869073914018
expert_1,3472,midogpp-expert_1-0b2d1aeff2db0d284ec151a7,0.0714483522569925,749,0.2157258064516129,0.9907407407407407,1.030689964157706
expert_1,3473,midogpp-expert_1-c82906c48c3a741a7665bd41,0.0708944890612018,749,0.21566369133314137,0.9907407407407407,1.0303931919250087
expert_1,3474,midogpp-expert_1-ea0cb8433478df0a757a4d64,0.0708391027416228,749,0.21560161197466898,0.9907407407407407,1.0300965905456407
expert_1,3475,midogpp-expert_1-7d2b82ca908a5849548ca1b6,0.0707837164220437,749,0.21553956834532373,0.9907407407407407,1.0298001598721023
expert_1,3476,midogpp-expert_1-61b091e5c5c74e59c1b36424,0.070174466906674,749,0.21547756041426927,0.9907407407407407,1.0295038997570642
expert_1,3477,midogpp-expert_1-6300b0c45cde0846486b6540,0.0698975353087787,749,0.21541558815070463,0.9907407407407407,1.0292078100533666
expert_1,3478,midogpp-expert_1-9a8f835ced6f803d955725b8,0.0697313763500415,749,0.2153536515238643,0.9907407407407407,1.0289118906140182
expert_1,3479,midogpp-expert_1-19b8bd0c0f61a444e0b36d81,0.0696206037108834,749,0.2152917505030181,0.9907407407407407,1.0286161412921975
expert_1,3480,midogpp-expert_1-8b9d0c4c42be76dac2ac1c3f,0.0687898089171974,749,0.21522988505747126,0.9907407407407407,1.0283205619412514
expert_1,3481,midogpp-expert_1-1f2441626c819467670d2c2e,0.0687344225976183,750,0.21545532892846883,0.9920634920634921,1.0293976826582398
expert_1,3482,midogpp-expert_1-177f8f70a3a0e5ee43021ec6,0.0679036278039324,750,0.21539345203905802,0.9920634920634921,1.029102048631055
expert_1,3483,midogpp-expert_1-e434b6de899ecd9dab6a17a9,0.0676266962060371,750,0.2153316106804479,0.9920634920634921,1.02880658436214
expert_1,3484,midogpp-expert_1-ede672535bcff975cc7644b0,0.0671282193298255,750,0.21526980482204364,0.9920634920634921,1.0285112897053195
expert_1,3485,midogpp-expert_1-56f66412fe4aeb45776f527d,0.0662974245361395,750,0.2152080344332855,0.9920634920634921,1.0282161645145862
expert_1,3486,midogpp-expert_1-c1594fb28c486f328a68d069,0.0661866518969814,750,0.21514629948364888,0.9920634920634921,1.0279212086441
expert_1,3487,midogpp-expert_1-caf108a17a98140549d66a4b,0.0650789255054001,750,0.21508459994264412,0.9920634920634921,1.0276264219481885
expert_1,3488,midogpp-expert_1-dea33fee94b33e3f784202a8,0.0646912212683467,750,0.21502293577981652,0.9920634920634921,1.0273318042813455
expert_1,3489,midogpp-expert_1-5a6c1d21190fcd49a9f80d2f,0.064137358072556,750,0.21496130696474636,0.9920634920634921,1.0270373554982326
expert_1,3490,midogpp-expert_1-5f2717d9479ff72e1834d2e4,0.0635834948767654,751,0.2151862464183381,0.9933862433862434,1.0281120662209486
expert_1,3491,midogpp-expert_1-d4f4e4ea3b87aa9f06e8c4d4,0.0635281085571863,751,0.2151246061300487,0.9933862433862434,1.0278175626213437
expert_1,3492,midogpp-expert_1-68597c73ee29ee3394826e8f,0.0623096095264469,751,0.21506300114547539,0.9933862433862434,1.027523227695049
expert_1,3493,midogpp-expert_1-1ed0fd8ba07ee06969e3f96f,0.0622542232068679,751,0.21500143143429717,0.9933862433862434,1.0272290612971975
expert_1,3494,midogpp-expert_1-74aa6270eb9fd364017b99ef,0.0621988368872888,751,0.2149398969662278,0.9933862433862434,1.0269350632830885
expert_1,3495,midogpp-expert_1-4707d3564fa6a546a33d50f7,0.0608141788978122,751,0.21487839771101575,0.9933862433862434,1.0266412335081863
expert_1,3496,midogpp-expert_1-e4816f5ddefc9decba2055b6,0.0607034062586541,751,0.21481693363844392,0.9933862433862434,1.026347571828121
expert_1,3497,midogpp-expert_1-c4e9d11fd81ac5cfcb62c265,0.0604264746607587,751,0.21475550471833,0.9933862433862434,1.0260540780986878
expert_1,3498,midogpp-expert_1-11d8f7a2c19b2b26271026b0,0.0602049293824425,751,0.214694110920526,0.9933862433862434,1.0257607521758465
expert_1,3499,midogpp-expert_1-0ec9d7f721053010a98e410c,0.0600387704237053,751,0.21463275221491854,0.9933862433862434,1.0254675939157218
expert_1,3500,midogpp-expert_1-bdd5f2a63220ab5771e26260,0.0590972029908612,751,0.21457142857142858,0.9933862433862434,1.0251746031746032
expert_1,3501,midogpp-expert_1-45a254437ce9ce62905558e6,0.0586541124342287,751,0.21451013996001142,0.9933862433862434,1.0248817798089433
expert_1,3502,midogpp-expert_1-99cc1e6adcc4b1a0501c218f,0.0583771808363334,751,0.21444888635065676,0.9933862433862434,1.02458912367536
expert_1,3503,midogpp-expert_1-89b67d1d5f8c8b8cbf11dc44,0.058044862918859,751,0.21438766771338852,0.9933862433862434,1.024296634630634
expert_1,3504,midogpp-expert_1-f947d0f943c12da4972849fe,0.0579894765992799,751,0.21432648401826485,0.9933862433862434,1.0240043125317098
expert_1,3505,midogpp-expert_1-a3f221e77c63dbafc75a6f25,0.0577679313209637,751,0.21426533523537802,0.9933862433862434,1.0237121572356949
expert_1,3506,midogpp-expert_1-82987a10f05aef6405c1638e,0.0577125450013846,751,0.21420422133485453,0.9933862433862434,1.0234201685998605
expert_1,3507,midogpp-expert_1-123200e4b922788a1e9285db,0.0576017723622265,751,0.21414314228685485,0.9933862433862434,1.0231283464816399
expert_1,3508,midogpp-expert_1-c2c2724407ab0b1b5fc20cae,0.0576017723622265,751,0.21408209806157355,0.9933862433862434,1.022836690738629
expert_1,3509,midogpp-expert_1-04d88645319f7ba03a053073,0.0561063417335918,751,0.2140210886292391,0.9933862433862434,1.0225452012285867
expert_1,3510,midogpp-expert_1-df3fae2bfa8bd6a5e93bd318,0.0549432290224314,751,0.21396011396011397,0.9933862433862434,1.0222538778094334
expert_1,3511,midogpp-expert_1-5618dbaaab14a572e6295d54,0.0541678205483245,751,0.21389917402449446,0.9933862433862434,1.0219627203392512
expert_1,3512,midogpp-expert_1-b5fb8622904d308c136ff81d,0.0540570479091664,751,0.2138382687927107,0.9933862433862434,1.0216717286762844
expert_1,3513,midogpp-expert_1-cb413d15c22de797591ec8b7,0.0538908889504292,751,0.21377739823512668,0.9933862433862434,1.0213809026789384
expert_1,3514,midogpp-expert_1-43b4c35af9128c6f94c21d09,0.0531154804763223,752,0.21400113830392714,0.9947089947089947,1.0224498830076518
expert_1,3515,midogpp-expert_1-8899b25a9f88d957886a6d05,0.0520631404043201,752,0.2139402560455192,0.9947089947089947,1.0221590011063695
expert_1,3516,midogpp-expert_1-fdb726cf0abbb123961119f4,0.0513431182497923,753,0.21416382252559726,0.996031746031746,1.0232271520667424
expert_1,3517,midogpp-expert_1-892406518277d815cc180018,0.051121572971476,753,0.2141029286323571,0.996031746031746,1.0229362145768173
expert_1,3518,midogpp-expert_1-94671333862aafd8969a6e50,0.0509554140127388,753,0.21404206935758954,0.996031746031746,1.022645442486261
expert_1,3519,midogpp-expert_1-1f38838f2879874c163cc3d6,0.0507892550540016,753,0.21398124467178176,0.996031746031746,1.0223548356540684
expert_1,3520,midogpp-expert_1-4f6239bf87de01dabb5d2559,0.0503461644973691,753,0.21392045454545455,0.996031746031746,1.0220643939393939
expert_1,3521,midogpp-expert_1-7fa49bad38d7834bab8a87ee,0.0485738022708391,753,0.21385969894916218,0.996031746031746,1.0217741172015526
expert_1,3522,midogpp-expert_1-6788a9433a93a0d376d66820,0.0484630296316809,753,0.21379897785349233,0.996031746031746,1.021484005300019
expert_1,3523,midogpp-expert_1-a6fae6636b4e4058b5a91efd,0.0484630296316809,753,0.21373829122906612,0.996031746031746,1.021194058094427
expert_1,3524,midogpp-expert_1-d8e8911283733aceb2d30991,0.0479645527554694,753,0.21367763904653803,0.996031746031746,1.0209042754445705
expert_1,3525,midogpp-expert_1-13ff331f59c9adecef2030e7,0.0477430074771531,753,0.21361702127659574,0.996031746031746,1.0206146572104018
expert_1,3526,midogpp-expert_1-375220e843d257f1b630bb8d,0.047687621157574,753,0.2135564378899603,0.996031746031746,1.0203252032520325
expert_1,3527,midogpp-expert_1-029bf5b1831584c2695cbc3f,0.047632234837995,753,0.21349588885738588,0.996031746031746,1.0200359134297325
expert_1,3528,midogpp-expert_1-aa3612a81a8a3ae4e5d067b6,0.0464137358072556,753,0.21343537414965985,0.996031746031746,1.0197467876039303
expert_1,3529,midogpp-expert_1-fab3ff54c123cf8cae38b3a5,0.0463583494876765,753,0.2133748937376027,0.996031746031746,1.019457825635213
expert_1,3530,midogpp-expert_1-b18ee1fe306e7e647fff7fac,0.0460260315702021,753,0.213314447592068,0.996031746031746,1.0191690273843248
expert_1,3531,midogpp-expert_1-a92925d00379765ab836fa23,0.045970645250623,754,0.21353724157462475,0.9973544973544973,1.020233487523207
expert_1,3532,midogpp-expert_1-9955cb9ad61d53fc4fcf25cd,0.045915258931044,754,0.21347678369195924,0.9973544973544973,1.0199446331949162
expert_1,3533,midogpp-expert_1-4d7d5361cbaf194b1df4b16b,0.0440321240653558,754,0.21341636003396547,0.9973544973544973,1.0196559423845015
expert_1,3534,midogpp-expert_1-9a109aaf7724bbb34c858741,0.043367488230407,754,0.21335597057159025,0.9973544973544973,1.0193674149531533
expert_1,3535,midogpp-expert_1-b71fff5bcb0be7d95c2d8623,0.0429243976737745,754,0.21329561527581328,0.9973544973544973,1.019079050762219
expert_1,3536,midogpp-expert_1-bec7844b4ce0e40d35974e6a,0.0427582387150373,754,0.21323529411764705,0.9973544973544973,1.0187908496732025
expert_1,3537,midogpp-expert_1-68f8b5020827e28c5e7b6630,0.042425920797563,754,0.21317500706813683,0.9973544973544973,1.0185028115477648
expert_1,3538,midogpp-expert_1-1820ff82ca2f5f0235cba6f8,0.0419274439213514,754,0.21311475409836064,0.9973544973544973,1.018214936247723
expert_1,3539,midogpp-expert_1-63748f7416541954cda40b9d,0.0417058986430351,754,0.2130545351794292,0.9973544973544973,1.0179272236350507
expert_1,3540,midogpp-expert_1-e5852bfea24fbf94ddc96506,0.0414289670451398,754,0.21299435028248587,0.9973544973544973,1.017639673571877
expert_1,3541,midogpp-expert_1-e133f6a3dea64ab642fe11bc,0.0412074217668235,754,0.21293419937870658,0.9973544973544973,1.0173522859204869
expert_1,3542,midogpp-expert_1-feec11853d7b6ec0126eea11,0.0391581279423982,754,0.21287408243929984,0.9973544973544973,1.0170650605433214
expert_1,3543,midogpp-expert_1-05b3debba2024623218ba67c,0.0389365826640819,754,0.21281399943550663,0.9973544973544973,1.016777997302976
expert_1,3544,midogpp-expert_1-3b4bb3bd23766fef3558b384,0.03727499307671,754,0.21275395033860045,0.9973544973544973,1.016491096062202
expert_1,3545,midogpp-expert_1-4fc597441bbd57ef1d4353e4,0.03727499307671,754,0.21269393511988716,0.9973544973544973,1.0162043566839052
expert_1,3546,midogpp-expert_1-2da1cf00194c789afc3d550c,0.0371642204375519,754,0.212633953750705,0.9973544973544973,1.0159177790311462
expert_1,3547,midogpp-expert_1-a2adf9678d1673f76fa9d3f8,0.0371088341179728,754,0.2125740062024246,0.9973544973544973,1.0156313629671396
expert_1,3548,midogpp-expert_1-3325a3608da2932e01e0b86f,0.0369426751592356,754,0.2125140924464487,0.9973544973544973,1.015345108355255
expert_1,3549,midogpp-expert_1-95862df060feda3ff6e11003,0.0369426751592356,754,0.21245421245421245,0.9973544973544973,1.015059015059015
expert_1,3550,midogpp-expert_1-41a9b19082fe16e790f1877a,0.0368319025200775,754,0.2123943661971831,0.9973544973544973,1.014773082942097
expert_1,3551,midogpp-expert_1-9e6658ed5861e7cff777256c,0.0348933813348103,754,0.21233455364686005,0.9973544973544973,1.0144873118683313
expert_1,3552,midogpp-expert_1-70131ba5c3b821b049c7ab5d,0.0337302686236499,754,0.21227477477477477,0.9973544973544973,1.0142017017017015
expert_1,3553,midogpp-expert_1-9a0f53e84925689bcdfe9389,0.0331764054278593,754,0.21221502955249086,0.9973544973544973,1.0139162523063452
expert_1,3554,midogpp-expert_1-aa2927d221ac4b1bf9e3cf4a,0.032899473829964,754,0.21215531795160383,0.9973544973544973,1.0136309635465517
expert_1,3555,midogpp-expert_1-21c4f351695f5f1543fe1446,0.0324563832733314,754,0.2120956399437412,0.9973544973544973,1.0133458352867635
expert_1,3556,midogpp-expert_1-834039e04fd66eaabd851c00,0.0319025200775408,754,0.21203599550056243,0.9973544973544973,1.013060867391576
expert_1,3557,midogpp-expert_1-5fb9327ded8aece6bc23b0dc,0.0311271116034339,754,0.21197638459375878,0.9973544973544973,1.0127760597257363
expert_1,3558,midogpp-expert_1-d8a3322959cacffa35a3a6be,0.0311271116034339,755,0.21219786396852164,0.9986772486772487,1.0138342389607145
expert_1,3559,midogpp-expert_1-0daa960b2f57ff13dba8749c,0.0307394073663805,755,0.21213824107895476,0.9986772486772487,1.013549374043895
expert_1,3560,midogpp-expert_1-7b641c3f23f2bf8d782290d1,0.0299639988922736,755,0.21207865168539325,0.9986772486772487,1.0132646691635454
expert_1,3561,midogpp-expert_1-d52c372325a131533275796a,0.0295762946552201,755,0.21201909575961808,0.9986772486772487,1.012980124184842
expert_1,3562,midogpp-expert_1-893b23218ddafe14e9da7cc7,0.0293547493769039,755,0.2119595732734419,0.9986772486772487,1.0126957389731113
expert_1,3563,midogpp-expert_1-15f4b45edca1e4659bdc2a8e,0.027748546109111,755,0.21190008419870895,0.9986772486772487,1.0124115133938316
expert_1,3564,midogpp-expert_1-fccc6443395545b69e5b01ee,0.0271946829133204,755,0.21184062850729518,0.9986772486772487,1.0121274473126325
expert_1,3565,midogpp-expert_1-3771e353035dab9c52273d8b,0.0269731376350041,755,0.211781206171108,0.9986772486772487,1.0118435405952937
expert_1,3566,midogpp-expert_1-e3fec95b15c2f58b83e6734c,0.0264192744392135,756,0.21200224340998317,1.0,1.0128996074032528
expert_1,3567,midogpp-expert_1-f6d0079d22a64456c93d5247,0.0261977291608972,756,0.21194280908326324,1.0,1.0126156433978133
expert_1,3568,midogpp-expert_1-42629b43f5db460b43932767,0.0258654112434228,756,0.21188340807174888,1.0,1.0123318385650224
expert_1,3569,midogpp-expert_1-b39d2eb05cd53532b75b3894,0.0214345056770977,756,0.21182404034743627,1.0,1.0120481927710843
expert_1,3570,midogpp-expert_1-0052d61cf44158d1ad76924d,0.0212683467183605,756,0.21176470588235294,1.0,1.011764705882353
expert_1,3571,midogpp-expert_1-81171c87cefab234d0db7591,0.0206037108834118,756,0.21170540464855783,1.0,1.0114813777653318
expert_1,3572,midogpp-expert_1-0d16fcd48eed72c8943fb42d,0.0197729160897258,756,0.2116461366181411,1.0,1.0111982082866742
expert_1,3573,midogpp-expert_1-c36506757373069d2d6601f8,0.0196621434505677,756,0.21158690176322417,1.0,1.010915197313182
expert_1,3574,midogpp-expert_1-1892597ec7f498c44582571e,0.0179451675436167,756,0.21152770005595972,1.0,1.0106323447118075
expert_1,3575,midogpp-expert_1-f434b74e6a88563b1dc9aa93,0.0178897812240376,756,0.21146853146853148,1.0,1.0103496503496503
expert_1,3576,midogpp-expert_1-398940ebd803a68ed3caa30c,0.0166158958737191,756,0.21140939597315436,1.0,1.0100671140939597
expert_1,3577,midogpp-expert_1-a3816f9b1df0ff0b4f401724,0.0160066463583494,756,0.21135029354207435,1.0,1.009784735812133
expert_1,3578,midogpp-expert_1-dbb4cdde66ee27419639271d,0.0158958737191913,756,0.21129122414756848,1.0,1.009502515371716
expert_1,3579,midogpp-expert_1-c85b13bd2ba1478432594b8b,0.0152312378842425,756,0.2112321877619447,1.0,1.0092204526404023
expert_1,3580,midogpp-expert_1-e639db6875321d56258699b7,0.0151758515646635,756,0.2111731843575419,1.0,1.0089385474860335
expert_1,3581,midogpp-expert_1-4dd64a61e1cdce67c8a7fe9d,0.0145112157297147,756,0.21111421390672996,1.0,1.0086567997765987
expert_1,3582,midogpp-expert_1-bb679e1521259cfebb5292e4,0.0141788978122403,756,0.21105527638190955,1.0,1.0083752093802345
expert_1,3583,midogpp-expert_1-7f37aeda172bd96d11d90356,0.0137911935751869,756,0.21099637175551214,1.0,1.0080937761652247
expert_1,3584,midogpp-expert_1-bede306fcdc6a5c9cd1038d9,0.0132373303793962,756,0.2109375,1.0,1.0078125
expert_1,3585,midogpp-expert_1-be6bdb5b567d61065756c19a,0.0129603987815009,756,0.2108786610878661,1.0,1.0075313807531379
expert_1,3586,midogpp-expert_1-715d9048cb3d17954269af61,0.0126280808640265,756,0.21081985499163414,1.0,1.007250418293363
expert_1,3587,midogpp-expert_1-30e6ddf812d9357d45a0b69e,0.0125726945444475,756,0.21076108168385838,1.0,1.0069696124895455
expert_1,3588,midogpp-expert_1-634318c869f5a63adb284550,0.0099695375242315,756,0.21070234113712374,1.0,1.0066889632107023
expert_1,3589,midogpp-expert_1-022015609f2ebee943c84f1e,0.0099141512046524,756,0.2106436333240457,1.0,1.0064084703259961
expert_1,3590,midogpp-expert_1-e60f42d708eabe230be51ac4,0.0098587648850733,756,0.2105849582172702,1.0,1.0061281337047352
expert_1,3591,midogpp-expert_1-82b61af698468d079ae5c02f,0.0093602880088618,756,0.21052631578947367,1.0,1.0058479532163742
expert_1,3592,midogpp-expert_1-1e9ddd4054429d765f6a969d,0.0086402658543339,756,0.21046770601336304,1.0,1.0055679287305122
expert_1,3593,midogpp-expert_1-28f2011a50c9e075103e155f,0.0072002215452783,756,0.21040912886167548,1.0,1.0052880601168939
expert_1,3594,midogpp-expert_1-72b85ccfdf1abb45dd936856,0.0069232899473829,756,0.21035058430717862,1.0,1.005008347245409
expert_1,3595,midogpp-expert_1-ae5a6f02a53e8821a707bd70,0.0069232899473829,756,0.2102920723226704,1.0,1.0047287899860917
expert_1,3596,midogpp-expert_1-e464d08faf1353e5f476f673,0.0068679036278039,756,0.21023359288097887,1.0,1.0044493882091212
expert_1,3597,midogpp-expert_1-c50f5e11ef7606148f5ecd4d,0.0067017446690667,756,0.21017514595496248,1.0,1.0041701417848208
expert_1,3598,midogpp-expert_1-34a75d3bbfbda5354f63a874,0.0065355857103295,756,0.21011673151750973,1.0,1.0038910505836576
expert_1,3599,midogpp-expert_1-68bd2d7db3799d1e5d710ff3,0.0065355857103295,756,0.21005834954153932,1.0,1.0036121144762433
expert_1,3600,midogpp-expert_1-2cacc2533b7cd9b4562b2dc3,0.0063140404320132,756,0.21,1.0,1.0033333333333332
expert_1,3601,midogpp-expert_1-6fb835898436ef86c5e78e73,0.0058155635558017,756,0.2099416828658706,1.0,1.003054707025826
expert_1,3602,midogpp-expert_1-283a757d93397f01d251a9f8,0.005206314040432,756,0.20988339811215992,1.0,1.002776235424764
expert_1,3603,midogpp-expert_1-bafcc3edc6077faa64533e9a,0.0048186098033785,756,0.20982514571190675,1.0,1.0024979184013323
expert_1,3604,midogpp-expert_1-18f0d6844094ce061e0a66c3,0.0036554970922182,756,0.2097669256381798,1.0,1.002219755826859
expert_1,3605,midogpp-expert_1-c516c84e27285ef0c37156b4,0.0030462475768485,756,0.20970873786407768,1.0,1.0019417475728156
expert_1,3606,midogpp-expert_1-cbc530c5a6a1ef233d62b449,0.0028800886181113,756,0.2096505823627288,1.0,1.0016638935108153
expert_1,3607,midogpp-expert_1-249e006629688dc2d3f1dc63,0.0027139296593741,756,0.20959245910729138,1.0,1.0013861935126143
expert_1,3608,midogpp-expert_1-ab4a36b65fe962f6124808e2,0.0023816117418997,756,0.20953436807095344,1.0,1.0011086474501107
expert_1,3609,midogpp-expert_1-9cf566dae0379d0c9b3d0ef2,0.0020492938244253,756,0.20947630922693267,1.0,1.0008312551953449
expert_1,3610,midogpp-expert_1-c6e81889918dd5837d2d0083,0.0012184990307394,756,0.20941828254847644,1.0,1.0005540166204985
expert_1,3611,midogpp-expert_1-6a39117aa91dcd08fd79838b,0.0010523400720022,756,0.2093602880088618,1.0,1.0002769315978952
expert_1,3612,midogpp-expert_1-1e074c81cefb8c72de80fabf,0.0007200221545278,756,0.20930232558139536,1.0,1.0
expert_2,1,midogpp-expert_2-90cd6385dd803f17a1d440dc,0.9975630019385212,1,1.0,0.0013227513227513227,4.777777777777778
expert_2,2,midogpp-expert_2-b732e2bd6142618b1e2d283e,0.9969537524231514,1,0.5,0.0013227513227513227,2.388888888888889
expert_2,3,midogpp-expert_2-77f84323c1e5fa06edacea30,0.993907504846303,2,0.6666666666666666,0.0026455026455026454,3.1851851851851847
expert_2,4,midogpp-expert_2-d242d269e07a94840df07be9,0.992965937413459,3,0.75,0.003968253968253968,3.583333333333333
expert_2,5,midogpp-expert_2-2ed7c594df7867bdffd146c2,0.9926336194959846,3,0.6,0.003968253968253968,2.8666666666666663
expert_2,6,midogpp-expert_2-df3dd93ee1ccacfb75000e8b,0.9917474383827194,3,0.5,0.003968253968253968,2.388888888888889
expert_2,7,midogpp-expert_2-df74b59f3788f67e6995e00a,0.991304347826087,3,0.42857142857142855,0.003968253968253968,2.0476190476190474
expert_2,8,midogpp-expert_2-9cbea7db03bdd46fca6d056f,0.9898643035170313,3,0.375,0.003968253968253968,1.7916666666666665
expert_2,9,midogpp-expert_2-5c02cb935feecf8ea23648e9,0.989587371919136,3,0.3333333333333333,0.003968253968253968,1.5925925925925923
expert_2,10,midogpp-expert_2-c3c0a443f627c5185bd8a8c4,0.9891996676820825,3,0.3,0.003968253968253968,1.4333333333333331
expert_2,11,midogpp-expert_2-31e24124909971eeb63a47c0,0.9890335087233454,3,0.2727272727272727,0.003968253968253968,1.3030303030303028
expert_2,12,midogpp-expert_2-ac446d60f6a402af188b698e,0.9884242592079756,3,0.25,0.003968253968253968,1.1944444444444444
expert_2,13,midogpp-expert_2-2d3cf5f3dd0d41c9598ef39b,0.9880919412905012,4,0.3076923076923077,0.005291005291005291,1.4700854700854702
expert_2,14,midogpp-expert_2-478f4627135aab1eac5a58e9,0.9874273054555524,4,0.2857142857142857,0.005291005291005291,1.365079365079365
expert_2,15,midogpp-expert_2-cb00eefe598be1526f8b3118,0.9867072833010246,4,0.26666666666666666,0.005291005291005291,1.274074074074074
expert_2,16,midogpp-expert_2-fdb726cf0abbb123961119f4,0.9846026031570204,5,0.3125,0.006613756613756613,1.4930555555555556
expert_2,17,midogpp-expert_2-76475ebde0a8ab5d4d6423a5,0.9842148989199668,6,0.35294117647058826,0.007936507936507936,1.6862745098039216
expert_2,18,midogpp-expert_2-01e70d4ae6fdd2554dd74b0c,0.9839933536416504,6,0.3333333333333333,0.007936507936507936,1.5925925925925923
expert_2,19,midogpp-expert_2-5465ffa04206a66633207a74,0.983494876765439,6,0.3157894736842105,0.007936507936507936,1.5087719298245612
expert_2,20,midogpp-expert_2-0579cdf751c0ed39cf78a2c5,0.9834948767654388,6,0.3,0.007936507936507936,1.4333333333333331
expert_2,21,midogpp-expert_2-ef0d8d1258be25cb978624f6,0.9819994461368042,6,0.2857142857142857,0.007936507936507936,1.365079365079365
expert_2,22,midogpp-expert_2-9e125e7ed6ee0e8d97a5ddc1,0.9814455829410136,6,0.2727272727272727,0.007936507936507936,1.3030303030303028
expert_2,23,midogpp-expert_2-f453b830079ef1e74d566fac,0.9807255607864858,6,0.2608695652173913,0.007936507936507936,1.2463768115942029
expert_2,24,midogpp-expert_2-ebd3007f9baf43960f0d3c18,0.9803932428690114,6,0.25,0.007936507936507936,1.1944444444444444
expert_2,25,midogpp-expert_2-54009c2644e7b7d46bafb865,0.9803932428690112,7,0.28,0.009259259259259259,1.3377777777777777
expert_2,26,midogpp-expert_2-8c6b6920b676c839113dbfae,0.980116311271116,7,0.2692307692307692,0.009259259259259259,1.2863247863247862
expert_2,27,midogpp-expert_2-d148cd0a078c662fffc85900,0.9799501523123788,7,0.25925925925925924,0.009259259259259259,1.2386831275720163
expert_2,28,midogpp-expert_2-3346a75c0504a04ddea0fd2a,0.9796732207144836,8,0.2857142857142857,0.010582010582010581,1.365079365079365
expert_2,29,midogpp-expert_2-923e6b44643584fc56c8187e,0.9796732207144836,8,0.27586206896551724,0.010582010582010581,1.318007662835249
expert_2,30,midogpp-expert_2-8d1886a5f246530b71a41d26,0.979230130157851,8,0.26666666666666666,0.010582010582010581,1.274074074074074
expert_2,31,midogpp-expert_2-314476388a18ae2681bf7d12,0.9788978122403766,8,0.25806451612903225,0.010582010582010581,1.232974910394265
expert_2,32,midogpp-expert_2-0298c82ac4e15d009200fdc7,0.9786762669620604,8,0.25,0.010582010582010581,1.1944444444444444
expert_2,33,midogpp-expert_2-8eccfe7e5789c7ca71db2efb,0.9780116311271116,8,0.24242424242424243,0.010582010582010581,1.1582491582491583
expert_2,34,midogpp-expert_2-4fc0c6f8f62095b5c70f6646,0.9771808363334256,8,0.23529411764705882,0.010582010582010581,1.1241830065359477
expert_2,35,midogpp-expert_2-c6bd4a54913d1e827b71ec8c,0.9771254500138468,8,0.22857142857142856,0.010582010582010581,1.092063492063492
expert_2,36,midogpp-expert_2-d50bfc0e417370f7b478975f,0.9767931320963722,8,0.2222222222222222,0.010582010582010581,1.0617283950617282
expert_2,37,midogpp-expert_2-212efaefca84ac7a236661e3,0.9762946552201606,8,0.21621621621621623,0.010582010582010581,1.033033033033033
expert_2,38,midogpp-expert_2-7c379b6d40d781d3183a0deb,0.9762392689005815,8,0.21052631578947367,0.010582010582010581,1.0058479532163742
expert_2,39,midogpp-expert_2-023d40bde946884f56c2f957,0.9760731099418444,9,0.23076923076923078,0.011904761904761904,1.1025641025641026
expert_2,40,midogpp-expert_2-334d2f0c565d2fb7fe9d6346,0.9760731099418444,10,0.25,0.013227513227513227,1.1944444444444444
expert_2,41,midogpp-expert_2-473d38624f8d7bc12774903c,0.975796178343949,10,0.24390243902439024,0.013227513227513227,1.165311653116531
expert_2,42,midogpp-expert_2-46f9d87d0ff6e64333e82072,0.9753530877873168,11,0.2619047619047619,0.01455026455026455,1.2513227513227514
expert_2,43,midogpp-expert_2-461abf50049435824a05d64a,0.9750761561894212,11,0.2558139534883721,0.01455026455026455,1.222222222222222
expert_2,44,midogpp-expert_2-7afffe2ed27d88fff61fc9dc,0.9747992245915258,11,0.25,0.01455026455026455,1.1944444444444444
expert_2,45,midogpp-expert_2-3cb75408e90286c07bfb2937,0.9733591802824704,12,0.26666666666666666,0.015873015873015872,1.274074074074074
expert_2,46,midogpp-expert_2-374e9b344d135ec74d814b0f,0.973248407643312,13,0.2826086956521739,0.017195767195767195,1.3502415458937196
expert_2,47,midogpp-expert_2-3cdcbbeacfceae3927a5feba,0.9731930213237332,14,0.2978723404255319,0.018518518518518517,1.4231678486997634
expert_2,48,midogpp-expert_2-0314d5b3b9831cccd23c0fdf,0.972417612849626,15,0.3125,0.01984126984126984,1.4930555555555556
expert_2,49,midogpp-expert_2-0b7abadc35db9175ebacfe4c,0.972417612849626,16,0.32653061224489793,0.021164021164021163,1.5600907029478457
expert_2,50,midogpp-expert_2-de1cf5ec097916db7a0be9f9,0.9717529770146772,16,0.32,0.021164021164021163,1.5288888888888887
expert_2,51,midogpp-expert_2-5f2717d9479ff72e1834d2e4,0.971476045416782,17,0.3333333333333333,0.022486772486772486,1.5925925925925923
expert_2,52,midogpp-expert_2-33b756eb305e27be245bba5a,0.9708667959014124,18,0.34615384615384615,0.023809523809523808,1.6538461538461537
expert_2,53,midogpp-expert_2-1bc3d353eae39b26ac0affb3,0.970645250623096,18,0.33962264150943394,0.023809523809523808,1.6226415094339621
expert_2,54,midogpp-expert_2-81552dc28521fab3f0c24c3b,0.970534477983938,18,0.3333333333333333,0.023809523809523808,1.5925925925925923
expert_2,55,midogpp-expert_2-9c93dbce231bca77a0f793c5,0.9703683190252008,18,0.32727272727272727,0.023809523809523808,1.5636363636363635
expert_2,56,midogpp-expert_2-141fa4225c173e1caaa3ba4e,0.9702021600664636,19,0.3392857142857143,0.02513227513227513,1.621031746031746
expert_2,57,midogpp-expert_2-178003b24a1b692e35a03b86,0.9701467737468844,19,0.3333333333333333,0.02513227513227513,1.5925925925925923
expert_2,58,midogpp-expert_2-922f0fca2873e435c023da62,0.9700913874273056,19,0.3275862068965517,0.02513227513227513,1.5651340996168581
expert_2,59,midogpp-expert_2-efea9432111799206779a426,0.9697590695098312,20,0.3389830508474576,0.026455026455026454,1.6195856873822974
expert_2,60,midogpp-expert_2-5b1e574ce4938c8b7e9dc598,0.9693159789531988,20,0.3333333333333333,0.026455026455026454,1.5925925925925923
expert_2,61,midogpp-expert_2-ce157464a18287bea75bf5ca,0.9692605926336196,20,0.32786885245901637,0.026455026455026454,1.5664845173041893
expert_2,62,midogpp-expert_2-31208bc6e335ff6156143365,0.9692605926336194,20,0.3225806451612903,0.026455026455026454,1.5412186379928314
expert_2,63,midogpp-expert_2-9f4f8b22f0e6b4eea44e22c5,0.9690390473553032,20,0.31746031746031744,0.026455026455026454,1.5167548500881833
expert_2,64,midogpp-expert_2-fbf3a1da6ab2849b29143266,0.968983661035724,20,0.3125,0.026455026455026454,1.4930555555555556
expert_2,65,midogpp-expert_2-aab8c48cef173c98fc41b0d0,0.968817502076987,20,0.3076923076923077,0.026455026455026454,1.4700854700854702
expert_2,66,midogpp-expert_2-8738b1e84004aaf02a4106d0,0.9687067294378288,21,0.3181818181818182,0.027777777777777776,1.52020202020202
expert_2,67,midogpp-expert_2-bd238843961185d5028ea9bc,0.9684297978399334,21,0.31343283582089554,0.027777777777777776,1.4975124378109452
expert_2,68,midogpp-expert_2-0f7b8f303d2a91c9341b74a5,0.9674328440875104,21,0.3088235294117647,0.027777777777777776,1.4754901960784315
expert_2,69,midogpp-expert_2-eec39dbb18b4b52d471e5a93,0.966989753530878,21,0.30434782608695654,0.027777777777777776,1.4541062801932367
expert_2,70,midogpp-expert_2-816b60172d9e5d9952082356,0.9668789808917198,22,0.3142857142857143,0.0291005291005291,1.5015873015873016
expert_2,71,midogpp-expert_2-eac4736ece95096b381af02c,0.9666020492938244,23,0.323943661971831,0.03042328042328042,1.5477308294209702
expert_2,72,midogpp-expert_2-59f3bc6441743b5a8ed36f2a,0.9663251176959292,23,0.3194444444444444,0.03042328042328042,1.5262345679012344
expert_2,73,midogpp-expert_2-aabc3b020198331304cb1693,0.9662143450567712,24,0.3287671232876712,0.031746031746031744,1.5707762557077625
expert_2,74,midogpp-expert_2-020151eb4e665d3cda1abb29,0.9657712545001386,24,0.32432432432432434,0.031746031746031744,1.5495495495495495
expert_2,75,midogpp-expert_2-e2824f1ec7985b3cf31ea538,0.9657158681805592,24,0.32,0.031746031746031744,1.5288888888888887
expert_2,76,midogpp-expert_2-a7dcbb3af56ba5d9fc13318d,0.9654943229022432,24,0.3157894736842105,0.031746031746031744,1.5087719298245612
expert_2,77,midogpp-expert_2-0e65ad37f7ef482cb8945fde,0.9649958460260316,24,0.3116883116883117,0.031746031746031744,1.4891774891774892
expert_2,78,midogpp-expert_2-a92925d00379765ab836fa23,0.9646635281085572,25,0.32051282051282054,0.03306878306878307,1.5313390313390314
expert_2,79,midogpp-expert_2-ce9a8e7db6a20d235b7135e9,0.9632234837995016,25,0.31645569620253167,0.03306878306878307,1.5119549929676512
expert_2,80,midogpp-expert_2-0714fae3679c4c9e6a81fba7,0.9630019385211852,25,0.3125,0.03306878306878307,1.4930555555555556
expert_2,81,midogpp-expert_2-12fb681b22cf9f10fe5e3d2b,0.9621711437274992,25,0.30864197530864196,0.03306878306878307,1.4746227709190671
expert_2,82,midogpp-expert_2-88eb02717cf0abaa57a2f082,0.9620049847687622,25,0.3048780487804878,0.03306878306878307,1.456639566395664
expert_2,83,midogpp-expert_2-1ffa5602378ad4417b882978,0.9612295762946552,25,0.30120481927710846,0.03306878306878307,1.4390896921017404
expert_2,84,midogpp-expert_2-608c9d89360bb01a8933e861,0.961063417335918,25,0.2976190476190476,0.03306878306878307,1.4219576719576719
expert_2,85,midogpp-expert_2-db7272052412b1e5fd929bf1,0.9597895319855996,25,0.29411764705882354,0.03306878306878307,1.4052287581699345
expert_2,86,midogpp-expert_2-09b6004390fcf38051b45520,0.9589033508723344,25,0.29069767441860467,0.03306878306878307,1.3888888888888888
expert_2,87,midogpp-expert_2-1b536d247f5f67d6a61320b5,0.9587925782331764,25,0.28735632183908044,0.03306878306878307,1.3729246487867175
expert_2,88,midogpp-expert_2-a561caf0af1381c6fc266ecb,0.9571309886458044,25,0.2840909090909091,0.03306878306878307,1.3573232323232323
expert_2,89,midogpp-expert_2-73999fd7b33ec6cc473dbda7,0.9570756023262252,26,0.29213483146067415,0.03439153439153439,1.3957553058676653
expert_2,90,midogpp-expert_2-bf192322119e0d22bfcd1705,0.9570202160066464,26,0.28888888888888886,0.03439153439153439,1.3802469135802466
expert_2,91,midogpp-expert_2-6ff9c6ea782039cf9d5d076d,0.9565771254500138,26,0.2857142857142857,0.03439153439153439,1.365079365079365
expert_2,92,midogpp-expert_2-dd3bf7652665b4d99c7a5fe7,0.9563001938521184,26,0.2826086956521739,0.03439153439153439,1.3502415458937196
expert_2,93,midogpp-expert_2-8faae8b9c2d0ad69991dbf93,0.9560786485738022,26,0.27956989247311825,0.03439153439153439,1.3357228195937871
expert_2,94,midogpp-expert_2-43b4c35af9128c6f94c21d09,0.9560232622542232,27,0.2872340425531915,0.03571428571428571,1.372340425531915
expert_2,95,midogpp-expert_2-a7a2c362604dfe7310c21796,0.9548601495430628,27,0.28421052631578947,0.03571428571428571,1.3578947368421053
expert_2,96,midogpp-expert_2-c84854aa63a9e7d67b743679,0.9536416505123236,27,0.28125,0.03571428571428571,1.34375
expert_2,97,midogpp-expert_2-2137c8fd8eecc3e19e4db025,0.951703129327056,27,0.27835051546391754,0.03571428571428571,1.3298969072164948
expert_2,98,midogpp-expert_2-2f3e588e6d1f86368336fb4c,0.9513154250900028,27,0.2755102040816326,0.03571428571428571,1.3163265306122447
expert_2,99,midogpp-expert_2-426df7d831d13accd79b4b8b,0.9510384934921076,27,0.2727272727272727,0.03571428571428571,1.3030303030303028
expert_2,100,midogpp-expert_2-55f21626489ef4d158f734d0,0.9500415397396844,27,0.27,0.03571428571428571,1.29
expert_2,101,midogpp-expert_2-a6711a1dfbfb985ad10babe4,0.9500415397396842,27,0.26732673267326734,0.03571428571428571,1.2772277227722773
expert_2,102,midogpp-expert_2-e3791d991d2636965581e91c,0.949764608141789,28,0.27450980392156865,0.037037037037037035,1.3115468409586057
expert_2,103,midogpp-expert_2-3e67b22fe57c45752dba81bd,0.948933813348103,29,0.2815533980582524,0.03835978835978836,1.3451995685005393
expert_2,104,midogpp-expert_2-7825f87f5790d6dc5b53434e,0.9482137911935752,29,0.27884615384615385,0.03835978835978836,1.3322649572649572
expert_2,105,midogpp-expert_2-c7185af534c182f840814947,0.9477153143173636,29,0.2761904761904762,0.03835978835978836,1.3195767195767196
expert_2,106,midogpp-expert_2-3cd385b1deda72257f389d55,0.9469399058432568,29,0.27358490566037735,0.03835978835978836,1.3071278825995807
expert_2,107,midogpp-expert_2-8026f9eb7fc02470ecf500c8,0.9466629742453614,29,0.27102803738317754,0.03835978835978836,1.2949117341640703
expert_2,108,midogpp-expert_2-d9312c6723cda63a7a9567e4,0.9464968152866242,30,0.2777777777777778,0.03968253968253968,1.3271604938271604
expert_2,109,midogpp-expert_2-498e99d45668e4494f7f3983,0.9459983384104128,30,0.27522935779816515,0.03968253968253968,1.3149847094801224
expert_2,110,midogpp-expert_2-c0e27a6ee8d7209510795604,0.9451121572971476,30,0.2727272727272727,0.03968253968253968,1.3030303030303028
expert_2,111,midogpp-expert_2-cfd9b03a414a1687b09ac15a,0.9451121572971476,31,0.27927927927927926,0.041005291005291,1.3343343343343341
expert_2,112,midogpp-expert_2-53422d94171d237f5e58614a,0.9450567709775684,31,0.2767857142857143,0.041005291005291,1.3224206349206349
expert_2,113,midogpp-expert_2-eda547a95745f023f75506ce,0.9450013846579894,31,0.2743362831858407,0.041005291005291,1.310717797443461
expert_2,114,midogpp-expert_2-d0d7cd1d2b0348220df1444c,0.9448906120188314,31,0.2719298245614035,0.041005291005291,1.2992202729044835
expert_2,115,midogpp-expert_2-e62dfab0d225af4923724abe,0.9448352256992524,31,0.26956521739130435,0.041005291005291,1.2879227053140097
expert_2,116,midogpp-expert_2-a2cd7db30f6604cfb8d9d3be,0.9442259761838828,32,0.27586206896551724,0.042328042328042326,1.318007662835249
expert_2,117,midogpp-expert_2-ea77b768ab6b87e20185f077,0.9441705898643036,32,0.27350427350427353,0.042328042328042326,1.3067426400759734
expert_2,118,midogpp-expert_2-02c187105d129d20ca4ded0b,0.9436721129880918,32,0.2711864406779661,0.042328042328042326,1.295668549905838
expert_2,119,midogpp-expert_2-98e69b2142271b1d83923fc2,0.9435059540293548,32,0.2689075630252101,0.042328042328042326,1.2847805788982258
expert_2,120,midogpp-expert_2-2b36dfce9b198381ce2602f2,0.9425090002769316,32,0.26666666666666666,0.042328042328042326,1.274074074074074
expert_2,121,midogpp-expert_2-048bf74b6ccc7c94e5d16b8a,0.9412905012461922,33,0.2727272727272727,0.04365079365079365,1.3030303030303028
expert_2,122,midogpp-expert_2-8345e44b021d1ed0cb45b7d3,0.9406812517308224,33,0.27049180327868855,0.04365079365079365,1.2923497267759563
expert_2,123,midogpp-expert_2-d3ba57e0bdc0bd752192cfa6,0.9404597064525062,33,0.2682926829268293,0.04365079365079365,1.2818428184281843
expert_2,124,midogpp-expert_2-624d3ebf20c4241accfacda8,0.9404043201329272,33,0.2661290322580645,0.04365079365079365,1.2715053763440858
expert_2,125,midogpp-expert_2-3a012753e8a046f60c552926,0.9399612295762948,33,0.264,0.04365079365079365,1.2613333333333334
expert_2,126,midogpp-expert_2-fe8e685b47f673cb7a6bad60,0.9399058432567156,33,0.2619047619047619,0.04365079365079365,1.2513227513227514
expert_2,127,midogpp-expert_2-1f2441626c819467670d2c2e,0.9397950706175576,34,0.2677165354330709,0.04497354497354497,1.279090113735783
expert_2,128,midogpp-expert_2-3d82237dd96e8843763c9018,0.9393519800609248,34,0.265625,0.04497354497354497,1.269097222222222
expert_2,129,midogpp-expert_2-9710484caeab1d7fa200d92d,0.9392412074217668,34,0.26356589147286824,0.04497354497354497,1.2592592592592593
expert_2,130,midogpp-expert_2-76ba76ae1a152b22abbb3cbc,0.9391304347826088,35,0.2692307692307692,0.046296296296296294,1.2863247863247862
expert_2,131,midogpp-expert_2-4e3ce1bab523bff50e891874,0.9380780947106064,36,0.2748091603053435,0.047619047619047616,1.3129770992366412
expert_2,132,midogpp-expert_2-66ca2d2e9065b3aa33accb96,0.9380227083910276,36,0.2727272727272727,0.047619047619047616,1.3030303030303028
expert_2,133,midogpp-expert_2-f80912450739fd4f91056249,0.9379673220714484,36,0.2706766917293233,0.047619047619047616,1.2932330827067668
expert_2,134,midogpp-expert_2-74d87dba12d66ca5c1c0949c,0.936804209360288,37,0.27611940298507465,0.04894179894179894,1.3192371475953566
expert_2,135,midogpp-expert_2-9c46d6da02397955b9c103ff,0.935031847133758,37,0.2740740740740741,0.04894179894179894,1.3094650205761316
expert_2,136,midogpp-expert_2-004485a9f6d9598b99660dc3,0.9348103018554416,38,0.27941176470588236,0.05026455026455026,1.3349673202614378
expert_2,137,midogpp-expert_2-f8cb4bb8bdd5d7df795bb71d,0.9347549155358628,38,0.2773722627737226,0.05026455026455026,1.3252230332522303
expert_2,138,midogpp-expert_2-ab51178b941439af03862aea,0.9345887565771254,38,0.2753623188405797,0.05026455026455026,1.3156199677938807
expert_2,139,midogpp-expert_2-436cfce11e2f115603caafcb,0.9344225976183882,39,0.2805755395683453,0.051587301587301584,1.3405275779376498
expert_2,140,midogpp-expert_2-095ec3122b0d1d0f68165567,0.934145666020493,39,0.2785714285714286,0.051587301587301584,1.3309523809523809
expert_2,141,midogpp-expert_2-7d14484631ab0e8b420da9ee,0.9338687344225975,39,0.2765957446808511,0.051587301587301584,1.3215130023640662
expert_2,142,midogpp-expert_2-95d15204b2f0fc421aea504b,0.9334810301855442,39,0.2746478873239437,0.051587301587301584,1.312206572769953
expert_2,143,midogpp-expert_2-bfd5260e0e60b2baaaa275e8,0.9330379396289116,39,0.2727272727272727,0.051587301587301584,1.3030303030303028
expert_2,144,midogpp-expert_2-c6a13e3d29a9ce45c0b32e75,0.9328163943505954,40,0.2777777777777778,0.05291005291005291,1.3271604938271604
expert_2,145,midogpp-expert_2-43f1f40bf40a81b2f4ddf405,0.9315425090002768,40,0.27586206896551724,0.05291005291005291,1.318007662835249
expert_2,146,midogpp-expert_2-b88a41924568e6cf7a19b4f8,0.9314317363611188,41,0.2808219178082192,0.05423280423280423,1.3417047184170472
expert_2,147,midogpp-expert_2-a772d95190269ab754f79644,0.9313763500415396,41,0.2789115646258503,0.05423280423280423,1.332577475434618
expert_2,148,midogpp-expert_2-7f7f2198e125b5fc359620e7,0.9311548047632234,41,0.27702702702702703,0.05423280423280423,1.3235735735735734
expert_2,149,midogpp-expert_2-fbd7ed876bd11ee489455b7c,0.9308224868457492,41,0.2751677852348993,0.05423280423280423,1.31469052945563
expert_2,150,midogpp-expert_2-e3192de98bdf40a96528e0c7,0.9304347826086956,41,0.2733333333333333,0.05423280423280423,1.3059259259259257
expert_2,151,midogpp-expert_2-032ae4ff9f92701b49923cfe,0.9302686236499584,41,0.271523178807947,0.05423280423280423,1.2972774098601911
expert_2,152,midogpp-expert_2-3c744f0a793e68613ebcf8a2,0.9297701467737468,41,0.26973684210526316,0.05423280423280423,1.2887426900584795
expert_2,153,midogpp-expert_2-221fe3454f98fa5ff367a416,0.929105510938798,42,0.27450980392156865,0.05555555555555555,1.3115468409586057
expert_2,154,midogpp-expert_2-e3fec95b15c2f58b83e6734c,0.9288839656604818,43,0.2792207792207792,0.056878306878306875,1.334054834054834
expert_2,155,midogpp-expert_2-f853be93a91fb056aa776cb0,0.9284408751038492,43,0.27741935483870966,0.056878306878306875,1.325448028673835
expert_2,156,midogpp-expert_2-17d9eda7bd03fdaa1858c159,0.9261146496815288,44,0.28205128205128205,0.0582010582010582,1.3475783475783476
expert_2,157,midogpp-expert_2-f1f01145ac29d8c2f462952c,0.925560786485738,44,0.2802547770700637,0.0582010582010582,1.3389950460014153
expert_2,158,midogpp-expert_2-7fdc2c1b62787b8b3084b97e,0.9253946275270007,45,0.2848101265822785,0.05952380952380952,1.360759493670886
expert_2,159,midogpp-expert_2-9abd188e5debcd5af7a14429,0.9250623096095264,45,0.2830188679245283,0.05952380952380952,1.3522012578616351
expert_2,160,midogpp-expert_2-6eba7ca4fea032e76cdf3ec0,0.9250069232899474,46,0.2875,0.06084656084656084,1.373611111111111
expert_2,161,midogpp-expert_2-527fe126e4b7d33a2f2659d3,0.9241761284962616,46,0.2857142857142857,0.06084656084656084,1.365079365079365
expert_2,162,midogpp-expert_2-71d53466988223f3233750de,0.9240099695375242,46,0.2839506172839506,0.06084656084656084,1.3566529492455417
expert_2,163,midogpp-expert_2-698bc0ec2e70ccf086258269,0.9227914705067848,46,0.2822085889570552,0.06084656084656084,1.3483299250170415
expert_2,164,midogpp-expert_2-42693dcfb01cdbeefa792178,0.922071448352257,47,0.2865853658536585,0.062169312169312166,1.3692411924119239
expert_2,165,midogpp-expert_2-ef234adb3e96732b9de0fc68,0.9219606757130988,47,0.28484848484848485,0.062169312169312166,1.360942760942761
expert_2,166,midogpp-expert_2-aed0f650c0e59643d119547c,0.9218499030739408,48,0.2891566265060241,0.06349206349206349,1.3815261044176705
expert_2,167,midogpp-expert_2-5b2e905eace630b065418b01,0.9215729714760454,49,0.2934131736526946,0.06481481481481481,1.4018629407850962
expert_2,168,midogpp-expert_2-7f2ab896bb00d31a675a2c10,0.9213514261977293,50,0.2976190476190476,0.06613756613756613,1.4219576719576719
expert_2,169,midogpp-expert_2-7df74fe555a75e58dc17ab80,0.9210191082802548,51,0.30177514792899407,0.06746031746031746,1.4418145956607493
expert_2,170,midogpp-expert_2-c8f5ddb88cd79419f929d43c,0.9210191082802548,51,0.3,0.06746031746031746,1.4333333333333331
expert_2,171,midogpp-expert_2-87f09ce39c22b973de7593c9,0.920354472445306,51,0.2982456140350877,0.06746031746031746,1.42495126705653
expert_2,172,midogpp-expert_2-4b2cd521c14f45c0e3199f31,0.9198006092495156,52,0.3023255813953488,0.06878306878306878,1.4444444444444442
expert_2,173,midogpp-expert_2-0dc1bee5df0dcc358f7b6bb0,0.91952367765162,53,0.3063583815028902,0.0701058201058201,1.4637122671804752
expert_2,174,midogpp-expert_2-79b50cef3c4197f6c72e16be,0.91952367765162,53,0.3045977011494253,0.0701058201058201,1.4553001277139208
expert_2,175,midogpp-expert_2-7285e8af4a4db48359f31c83,0.919412905012462,54,0.30857142857142855,0.07142857142857142,1.4742857142857142
expert_2,176,midogpp-expert_2-4f66d69810bce8596b8216cf,0.9188590418166712,54,0.3068181818181818,0.07142857142857142,1.4659090909090908
expert_2,177,midogpp-expert_2-3507fea697fd40f14d275cd7,0.9183051786208808,54,0.3050847457627119,0.07142857142857142,1.457627118644068
expert_2,178,midogpp-expert_2-4c2f1aafeb721a9a123b0a1c,0.917806701744669,54,0.30337078651685395,0.07142857142857142,1.449438202247191
expert_2,179,midogpp-expert_2-1a7928434dfd3932e5e564c2,0.91775131542509,54,0.3016759776536313,0.07142857142857142,1.441340782122905
expert_2,180,midogpp-expert_2-281e29fd01106559a5f0aad0,0.91775131542509,55,0.3055555555555556,0.07275132275132275,1.4598765432098766
expert_2,181,midogpp-expert_2-d8a3322959cacffa35a3a6be,0.91775131542509,56,0.30939226519337015,0.07407407407407407,1.4782074892572128
expert_2,182,midogpp-expert_2-66f632a96937870d7d51373f,0.9174189975076156,57,0.3131868131868132,0.07539682539682539,1.4963369963369964
expert_2,183,midogpp-expert_2-dc3d5b676dbd9f6162ae74a9,0.916754361672667,58,0.31693989071038253,0.07671957671957672,1.514268366727383
expert_2,184,midogpp-expert_2-7de364cacb0a732069fc5011,0.9161451121572972,59,0.32065217391304346,0.07804232804232804,1.5320048309178742
expert_2,185,midogpp-expert_2-b635df47a35c2a12d37a909d,0.91597895319856,59,0.31891891891891894,0.07804232804232804,1.5237237237237238
expert_2,186,midogpp-expert_2-a5c26ae46e24aeae431d84e1,0.9154804763223484,59,0.3172043010752688,0.07804232804232804,1.515531660692951
expert_2,187,midogpp-expert_2-3f946eb3177143f500a70dc0,0.9153697036831904,59,0.3155080213903743,0.07804232804232804,1.507427213309566
expert_2,188,midogpp-expert_2-89843e1cc5fc19f84700fbb3,0.9152035447244532,59,0.31382978723404253,0.07804232804232804,1.4994089834515365
expert_2,189,midogpp-expert_2-a21b1d2a602d701cac636099,0.9152035447244532,59,0.31216931216931215,0.07804232804232804,1.4914756025867135
expert_2,190,midogpp-expert_2-5b67e327f8adb867ffdfa970,0.9149266131265577,60,0.3157894736842105,0.07936507936507936,1.5087719298245612
expert_2,191,midogpp-expert_2-7219462491bac8df3f348fb9,0.9148158404873996,60,0.31413612565445026,0.07936507936507936,1.50087260034904
expert_2,192,midogpp-expert_2-9ef387261b6a0af17b37e903,0.9143727499307672,60,0.3125,0.07936507936507936,1.4930555555555556
expert_2,193,midogpp-expert_2-b56f969d52fef6f842171cfa,0.9143727499307672,60,0.31088082901554404,0.07936507936507936,1.4853195164075992
expert_2,194,midogpp-expert_2-dc6d586489350a97e0cd2c33,0.9143727499307672,61,0.31443298969072164,0.08068783068783068,1.502290950744559
expert_2,195,midogpp-expert_2-3671cff28d91c3ab38afda9b,0.9140958183328718,61,0.3128205128205128,0.08068783068783068,1.4945868945868945
expert_2,196,midogpp-expert_2-aed86a0b14af6dacde8566e0,0.9138742730545556,61,0.3112244897959184,0.08068783068783068,1.4869614512471656
expert_2,197,midogpp-expert_2-6db643b5e67d78ab31998956,0.9137635004153972,61,0.3096446700507614,0.08068783068783068,1.47941342357586
expert_2,198,midogpp-expert_2-e06b7ac53c354a770a2c293e,0.9127665466629742,62,0.31313131313131315,0.082010582010582,1.4960718294051627
expert_2,199,midogpp-expert_2-96cd09ebc1ba6ccbc3063284,0.9127111603433952,62,0.31155778894472363,0.082010582010582,1.4885538805136795
expert_2,200,midogpp-expert_2-7a880e8c69c65f91d7440fb3,0.9124342287454998,62,0.31,0.082010582010582,1.481111111111111
expert_2,201,midogpp-expert_2-9a69c3c9f44e7595611e6c36,0.9118249792301302,62,0.30845771144278605,0.082010582010582,1.4737423991155334
expert_2,202,midogpp-expert_2-f0ae3739dc55569b1b3c1314,0.9113818886734976,63,0.3118811881188119,0.08333333333333333,1.49009900990099
expert_2,203,midogpp-expert_2-eda32c7e2c76f38940dc54cb,0.9111049570756022,63,0.3103448275862069,0.08333333333333333,1.4827586206896552
expert_2,204,midogpp-expert_2-11756aa17eb375fe9eaa3172,0.910828025477707,64,0.3137254901960784,0.08465608465608465,1.4989106753812635
expert_2,205,midogpp-expert_2-1767c8f8783c90058fcd3229,0.9094433674882304,64,0.3121951219512195,0.08465608465608465,1.4915989159891598
expert_2,206,midogpp-expert_2-0cea49186a09e9082dfe1e4d,0.9075048463029632,65,0.3155339805825243,0.08597883597883597,1.5075512405609492
expert_2,207,midogpp-expert_2-75522a70ea6f95aef977cd5a,0.9070617557463306,65,0.3140096618357488,0.08597883597883597,1.5002683843263553
expert_2,208,midogpp-expert_2-2e5467edbd8097bf769eed9a,0.9067848241484354,66,0.3173076923076923,0.0873015873015873,1.516025641025641
expert_2,209,midogpp-expert_2-1a955bab3f739ef4a45cec92,0.906452506230961,67,0.32057416267942584,0.08862433862433862,1.531632110579479
expert_2,210,midogpp-expert_2-1354f1f0f350c01a4f1c5a50,0.9058986430351704,68,0.3238095238095238,0.08994708994708994,1.547089947089947
expert_2,211,midogpp-expert_2-9a2692dec255a985b0e5dec8,0.9058432567155912,69,0.32701421800947866,0.09126984126984126,1.5624012638230647
expert_2,212,midogpp-expert_2-432047982be91986e9c79561,0.905677097756854,70,0.330188679245283,0.09259259259259259,1.5775681341719077
expert_2,213,midogpp-expert_2-ab7b9eb0fec805158445bf5a,0.905566325117696,71,0.3333333333333333,0.09391534391534391,1.5925925925925923
expert_2,214,midogpp-expert_2-fe96b82429439e167ffedb6b,0.9051786208806424,72,0.3364485981308411,0.09523809523809523,1.6074766355140184
expert_2,215,midogpp-expert_2-9162a41926f668bd18c020bb,0.9050678482414842,72,0.33488372093023255,0.09523809523809523,1.5999999999999999
expert_2,216,midogpp-expert_2-aa1c1a13af26272117c6c4eb,0.9049016892827472,72,0.3333333333333333,0.09523809523809523,1.5925925925925923
expert_2,217,midogpp-expert_2-f9409b5eac5e7b5e367b0b04,0.9049016892827472,72,0.3317972350230415,0.09523809523809523,1.5852534562211982
expert_2,218,midogpp-expert_2-cb7eebecf10f5fac2b978324,0.9045693713652728,72,0.3302752293577982,0.09523809523809523,1.5779816513761469
expert_2,219,midogpp-expert_2-dd349f20dd2d77bb6f6b6d7b,0.9041262808086404,72,0.3287671232876712,0.09523809523809523,1.5707762557077625
expert_2,220,midogpp-expert_2-c1d4f128213225af9378f60e,0.904015508169482,72,0.32727272727272727,0.09523809523809523,1.5636363636363635
expert_2,221,midogpp-expert_2-b2f77a4cfed044aea1fde300,0.903960121849903,72,0.3257918552036199,0.09523809523809523,1.5565610859728507
expert_2,222,midogpp-expert_2-199645adf15ace62583ca9ef,0.903849349210745,72,0.32432432432432434,0.09523809523809523,1.5495495495495495
expert_2,223,midogpp-expert_2-0ca089f61157580372d9445b,0.9035170312932704,72,0.32286995515695066,0.09523809523809523,1.5426008968609863
expert_2,224,midogpp-expert_2-7fcc8dec4e91ca63d254d076,0.9027970091387428,72,0.32142857142857145,0.09523809523809523,1.5357142857142858
expert_2,225,midogpp-expert_2-f0068ea4873666b76eb8a08f,0.9027416228191636,72,0.32,0.09523809523809523,1.5288888888888887
expert_2,226,midogpp-expert_2-bba66339a829e9a7c35625c1,0.9026862364995848,72,0.3185840707964602,0.09523809523809523,1.5221238938053097
expert_2,227,midogpp-expert_2-2f27a9810e73f2e32706e6db,0.9025200775408476,72,0.31718061674008813,0.09523809523809523,1.5154185022026432
expert_2,228,midogpp-expert_2-1a6a2a3adaaa73f76d1bcaf1,0.9021877596233728,72,0.3157894736842105,0.09523809523809523,1.5087719298245612
expert_2,229,midogpp-expert_2-7e6cd7b1ec186496330a5d86,0.9017446690667406,73,0.31877729257641924,0.09656084656084656,1.5230470645317806
expert_2,230,midogpp-expert_2-f0e0a6a1ed4a69d5857d4deb,0.9017446690667406,73,0.3173913043478261,0.09656084656084656,1.5164251207729469
expert_2,231,midogpp-expert_2-5e4d2c0366b3edc33d69a298,0.901301578510108,73,0.31601731601731603,0.09656084656084656,1.5098605098605098
expert_2,232,midogpp-expert_2-270ea4f609a120a88ad74872,0.9007477153143172,73,0.3146551724137931,0.09656084656084656,1.503352490421456
expert_2,233,midogpp-expert_2-e5953f294b5e14c7863e0632,0.9003046247576849,74,0.31759656652360513,0.09788359788359788,1.5174058178350023
expert_2,234,midogpp-expert_2-053df47dedcd4fd5bc3752a9,0.9000276931597895,74,0.3162393162393162,0.09788359788359788,1.5109211775878442
expert_2,235,midogpp-expert_2-179312562cc58a2ec49358f8,0.8996399889227361,74,0.3148936170212766,0.09788359788359788,1.5044917257683215
expert_2,236,midogpp-expert_2-3d219e158c9952a3eedafa21,0.8991968983661036,74,0.3135593220338983,0.09788359788359788,1.4981167608286252
expert_2,237,midogpp-expert_2-49d64f5c6cdb4771c896ab86,0.8991968983661036,74,0.31223628691983124,0.09788359788359788,1.491795593061416
expert_2,238,midogpp-expert_2-c76d2b7141c5c8c169261af6,0.898698421489892,74,0.31092436974789917,0.09788359788359788,1.4855275443510738
expert_2,239,midogpp-expert_2-ea4a0c106a04adbdd36d8635,0.898698421489892,74,0.30962343096234307,0.09788359788359788,1.4793119479311947
expert_2,240,midogpp-expert_2-bc9ee6e65ae19870e096024b,0.8984214898919967,74,0.30833333333333335,0.09788359788359788,1.473148148148148
expert_2,241,midogpp-expert_2-5049ff96befa702ee62570ad,0.8981999446136805,75,0.3112033195020747,0.0992063492063492,1.4868603042876902
expert_2,242,midogpp-expert_2-87c91b8c8550e9c9b1e98bc7,0.8981445582941014,75,0.30991735537190085,0.0992063492063492,1.4807162534435263
expert_2,243,midogpp-expert_2-4a47a0c4c2cb0b53314c4c83,0.8976460814178898,75,0.30864197530864196,0.0992063492063492,1.4746227709190671
expert_2,244,midogpp-expert_2-c222f838959beedd84bf18b4,0.8976460814178897,76,0.3114754098360656,0.10052910052910052,1.48816029143898
expert_2,245,midogpp-expert_2-6cd363faae3475a2eb522f51,0.8974799224591525,76,0.31020408163265306,0.10052910052910052,1.4820861678004535
expert_2,246,midogpp-expert_2-939401bfad3bbb0dbaa3bda1,0.8974799224591525,76,0.3089430894308943,0.10052910052910052,1.4760614272809394
expert_2,247,midogpp-expert_2-280b02a18404ac1cdad79417,0.8970368319025201,76,0.3076923076923077,0.10052910052910052,1.4700854700854702
expert_2,248,midogpp-expert_2-c66ba60ba7fafd340ed44828,0.896926059263362,76,0.3064516129032258,0.10052910052910052,1.4641577060931898
expert_2,249,midogpp-expert_2-9dda962fca73a9f863b1ecf6,0.8965383550263084,77,0.3092369477911647,0.10185185185185185,1.4774654172244535
expert_2,250,midogpp-expert_2-ed020491720b8cf1d4d80dd9,0.8964829687067294,78,0.312,0.10317460317460317,1.4906666666666666
expert_2,251,midogpp-expert_2-e249b004a493a2c11e4a0fa9,0.8960398781500969,78,0.3107569721115538,0.10317460317460317,1.4847277556440903
expert_2,252,midogpp-expert_2-fbc475528e6316160948718e,0.8960398781500969,78,0.30952380952380953,0.10317460317460317,1.4788359788359788
expert_2,253,midogpp-expert_2-621e1a449d3277344e70e563,0.8957629465522017,78,0.308300395256917,0.10317460317460317,1.4729907773386033
expert_2,254,midogpp-expert_2-b4583bd53e07a525a25a1b96,0.89526446967599,78,0.30708661417322836,0.10317460317460317,1.4671916010498687
expert_2,255,midogpp-expert_2-6221099314d23cf454bcbb91,0.8950983107172529,79,0.30980392156862746,0.10449735449735449,1.4801742919389977
expert_2,256,midogpp-expert_2-c719e188b9e341413bfe40b2,0.8950983107172528,80,0.3125,0.10582010582010581,1.4930555555555556
expert_2,257,midogpp-expert_2-fa79a4e91514ae37a8a163ab,0.8947659927997784,80,0.311284046692607,0.10582010582010581,1.487246000864678
expert_2,258,midogpp-expert_2-b33980182ea0ea1a913e8902,0.8947106064801994,80,0.31007751937984496,0.10582010582010581,1.4814814814814814
expert_2,259,midogpp-expert_2-57f2ba932d90a79e1525a809,0.8938798116865134,81,0.3127413127413127,0.10714285714285714,1.494208494208494
expert_2,260,midogpp-expert_2-69d4687cf756334f0459154b,0.8936582664081971,82,0.3153846153846154,0.10846560846560846,1.5068376068376068
expert_2,261,midogpp-expert_2-5748c71500cc3f659e757f1f,0.8933813348103018,83,0.31800766283524906,0.10978835978835978,1.519369944657301
expert_2,262,midogpp-expert_2-750dd2d7b886a65ed51c667d,0.8932705621711436,84,0.32061068702290074,0.1111111111111111,1.5318066157760812
expert_2,263,midogpp-expert_2-5f9d2a14054df0a58bc10422,0.8932151758515647,84,0.3193916349809886,0.1111111111111111,1.5259822560202787
expert_2,264,midogpp-expert_2-1f62ecd74cc683a455b8437f,0.8927720852949321,85,0.32196969696969696,0.11243386243386243,1.5382996632996633
expert_2,265,midogpp-expert_2-44f53eb40490561f21803a4e,0.8924951536970369,85,0.32075471698113206,0.11243386243386243,1.532494758909853
expert_2,266,midogpp-expert_2-23d6d78f9584c8fc4564d271,0.8922736084187206,85,0.31954887218045114,0.11243386243386243,1.526733500417711
expert_2,267,midogpp-expert_2-96cf827afc67cf990e55cdd7,0.8918859041816671,85,0.31835205992509363,0.11243386243386243,1.5210153974198917
expert_2,268,midogpp-expert_2-f12f4921c318f4283549a3ea,0.8918859041816671,85,0.31716417910447764,0.11243386243386243,1.5153399668325043
expert_2,269,midogpp-expert_2-5aad569339411b5b22320532,0.8907781777900858,86,0.31970260223048325,0.11375661375661375,1.527467988434531
expert_2,270,midogpp-expert_2-0f3a6b3c3cc75367b8fd39e8,0.8905012461921905,86,0.31851851851851853,0.11375661375661375,1.5218106995884773
expert_2,271,midogpp-expert_2-07ff0c7c3a5d5ad63347c0d8,0.8901689282747162,86,0.3173431734317343,0.11375661375661375,1.5161951619516194
expert_2,272,midogpp-expert_2-7da7e391521f2b19290b7ceb,0.890058155635558,86,0.3161764705882353,0.11375661375661375,1.5106209150326797
expert_2,273,midogpp-expert_2-678ac297ca43518a3394d8f5,0.8897812240376627,86,0.315018315018315,0.11375661375661375,1.505087505087505
expert_2,274,midogpp-expert_2-fbc4ed9dd5f11d9adf32d3b2,0.8894489061201885,86,0.31386861313868614,0.11375661375661375,1.4995944849959448
expert_2,275,midogpp-expert_2-3dadde841a5c2e31aed0f895,0.8887842702852395,86,0.31272727272727274,0.11375661375661375,1.4941414141414142
expert_2,276,midogpp-expert_2-d02403eca747333741987a97,0.8886734976460814,87,0.31521739130434784,0.11507936507936507,1.5060386473429952
expert_2,277,midogpp-expert_2-f82a832e916c12e292b389d9,0.8876211575740791,88,0.3176895306859206,0.1164021164021164,1.5178499799438427
expert_2,278,midogpp-expert_2-867fb8374da2e0b58df0ef50,0.8872334533370257,89,0.32014388489208634,0.11772486772486772,1.5295763389288568
expert_2,279,midogpp-expert_2-7c56f9a6b9681149f28e3a61,0.8866242038216561,89,0.31899641577060933,0.11772486772486772,1.524093986459578
expert_2,280,midogpp-expert_2-59864e8c17eb0c4dd92d7773,0.8864580448629189,89,0.31785714285714284,0.11772486772486772,1.5186507936507936
expert_2,281,midogpp-expert_2-365a4fedcc479153ca3d73cf,0.8861257269454446,89,0.3167259786476868,0.11772486772486772,1.5132463424278368
expert_2,282,midogpp-expert_2-e09d39fb3c6850beed517301,0.8860149543062863,89,0.31560283687943264,0.11772486772486772,1.507880220646178
expert_2,283,midogpp-expert_2-2e044ef6e71d93428bcfd447,0.885682636388812,90,0.31802120141342755,0.11904761904761904,1.519434628975265
expert_2,284,midogpp-expert_2-38662d4948f81e38dcd2826e,0.885682636388812,90,0.31690140845070425,0.11904761904761904,1.5140845070422535
expert_2,285,midogpp-expert_2-9a3b089ab0749948ddee7b00,0.8855164774300748,90,0.3157894736842105,0.11904761904761904,1.5087719298245612
expert_2,286,midogpp-expert_2-0a77b450618c62b616c80999,0.8851287731930213,90,0.3146853146853147,0.11904761904761904,1.5034965034965033
expert_2,287,midogpp-expert_2-36f820f2b355ecc28274bd2b,0.8842425920797563,90,0.313588850174216,0.11904761904761904,1.4982578397212543
expert_2,288,midogpp-expert_2-6bb79ffac9213154a5b0a8aa,0.88402104680144,90,0.3125,0.11904761904761904,1.4930555555555556
expert_2,289,midogpp-expert_2-47c32492e9d52cdf0a432d4d,0.8837995015231238,91,0.314878892733564,0.12037037037037036,1.5044213763936947
expert_2,290,midogpp-expert_2-b276101386bf507ae8673f2c,0.8835779562448076,91,0.3137931034482759,0.12037037037037036,1.4992337164750957
expert_2,291,midogpp-expert_2-7b2cbe8f2f723a7b69e33345,0.8834117972860703,92,0.3161512027491409,0.12169312169312169,1.510500190912562
expert_2,292,midogpp-expert_2-476565d3de97ab2e9fb9a79f,0.8833564109664912,92,0.3150684931506849,0.12169312169312169,1.5053272450532722
expert_2,293,midogpp-expert_2-4b6332b16da9c0cbc1a456d7,0.8828579340902797,92,0.31399317406143346,0.12169312169312169,1.5001896094046265
expert_2,294,midogpp-expert_2-6ef4a9284774c0c3dc96cae7,0.8825810024923844,92,0.3129251700680272,0.12169312169312169,1.4950869236583522
expert_2,295,midogpp-expert_2-16edddf8a18f5b319dfc146a,0.8816948213791194,93,0.3152542372881356,0.12301587301587301,1.5062146892655368
expert_2,296,midogpp-expert_2-3b57ab61435c3d1b973d74b1,0.8816948213791194,93,0.3141891891891892,0.12301587301587301,1.5011261261261262
expert_2,297,midogpp-expert_2-998e1a1d4164e33038845ba2,0.8816394350595402,94,0.3164983164983165,0.12433862433862433,1.5121586232697344
expert_2,298,midogpp-expert_2-c0ecbe84688c163ae87759d4,0.8808640265854334,94,0.31543624161073824,0.12433862433862433,1.507084265473527
expert_2,299,midogpp-expert_2-a3af72443550dfa790f574cd,0.8807532539462752,94,0.31438127090301005,0.12433862433862433,1.5020438498699369
expert_2,300,midogpp-expert_2-710c0ef3f1c589009fef7f8d,0.8801440044309056,95,0.31666666666666665,0.12566137566137567,1.5129629629629628
expert_2,301,midogpp-expert_2-e5eb66a1440c8e86013af2cf,0.8800886181113264,95,0.31561461794019935,0.12566137566137567,1.507936507936508
expert_2,302,midogpp-expert_2-db4180ebc47e59e8c3d655bb,0.8799224591525894,95,0.31456953642384106,0.12566137566137567,1.502943340691685
expert_2,303,midogpp-expert_2-745965e7990a05ae05189878,0.8798670728330102,96,0.31683168316831684,0.12698412698412698,1.5137513751375138
expert_2,304,midogpp-expert_2-0154b6af4148ac0a9dc137c9,0.8797009138742731,96,0.3157894736842105,0.12698412698412698,1.5087719298245612
expert_2,305,midogpp-expert_2-ef95358f555529a053b76409,0.8793132096372196,96,0.31475409836065577,0.12698412698412698,1.5038251366120219
expert_2,306,midogpp-expert_2-0a101ebcae37cbefe2c920b0,0.8789808917197452,96,0.3137254901960784,0.12698412698412698,1.4989106753812635
expert_2,307,midogpp-expert_2-646b37886dcb49f2f99ee21a,0.8785378011631128,97,0.31596091205211724,0.1283068783068783,1.5095910242490045
expert_2,308,midogpp-expert_2-42d8161b19fa65fe507c6253,0.8783162558847964,97,0.31493506493506496,0.1283068783068783,1.5046897546897546
expert_2,309,midogpp-expert_2-64c312ff11f2afa610f4c356,0.8782608695652173,97,0.313915857605178,0.1283068783068783,1.4998202085580725
expert_2,310,midogpp-expert_2-de5e34ab1b4660e7ed0d98a6,0.877097756854057,97,0.31290322580645163,0.1283068783068783,1.4949820788530466
expert_2,311,midogpp-expert_2-0db25a3cdbb7b48f53162198,0.8768762115757408,98,0.31511254019292606,0.12962962962962962,1.505537692032869
expert_2,312,midogpp-expert_2-385c2179d507ec8419787321,0.8764885073386873,99,0.3173076923076923,0.13095238095238096,1.516025641025641
expert_2,313,midogpp-expert_2-65f88a9b79157479d5f93cd8,0.8763777346995292,100,0.3194888178913738,0.13227513227513227,1.526446574369897
expert_2,314,midogpp-expert_2-f5afa1eeadb349dac78a8718,0.8759346441428968,100,0.3184713375796178,0.13227513227513227,1.5215852795470628
expert_2,315,midogpp-expert_2-d51c84ebe974b4b1aaed6cd6,0.8758792578233177,101,0.32063492063492066,0.1335978835978836,1.5319223985890653
expert_2,316,midogpp-expert_2-1fef6513f3927c7ee4425daf,0.8755469399058433,102,0.3227848101265823,0.1349206349206349,1.5421940928270041
expert_2,317,midogpp-expert_2-1027f753d011e084c9637cb3,0.875325394627527,103,0.3249211356466877,0.13624338624338625,1.5524009814230633
expert_2,318,midogpp-expert_2-28b8d43673d8644954aaf9ce,0.8751038493492107,103,0.3238993710691824,0.13624338624338625,1.5475192173305379
expert_2,319,midogpp-expert_2-9e532a5340bd50f48fef8224,0.8750484630296317,104,0.32601880877742945,0.13756613756613756,1.557645419714385
expert_2,320,midogpp-expert_2-642d0903bdd85fe4ecd8e56e,0.8738299639988922,105,0.328125,0.1388888888888889,1.5677083333333333
expert_2,321,midogpp-expert_2-e56c84a7ede99122f2a101e9,0.8731099418443644,105,0.32710280373831774,0.1388888888888889,1.5628245067497402
expert_2,322,midogpp-expert_2-00c6eb915e41702a148d6360,0.8725560786485738,105,0.32608695652173914,0.1388888888888889,1.5579710144927537
expert_2,323,midogpp-expert_2-12297e16f360937b784b5f85,0.8725560786485738,105,0.32507739938080493,0.1388888888888889,1.5531475748194012
expert_2,324,midogpp-expert_2-c7b153bab80d818412b17a72,0.8723899196898367,105,0.32407407407407407,0.1388888888888889,1.5483539094650205
expert_2,325,midogpp-expert_2-a280a40f573a46309a40a7f5,0.8722791470506784,105,0.3230769230769231,0.1388888888888889,1.5435897435897437
expert_2,326,midogpp-expert_2-e0e58068de2bd3bba936a102,0.8721683744115203,106,0.32515337423312884,0.1402116402116402,1.5535105657805044
expert_2,327,midogpp-expert_2-3dc976d25bd3318da5631fe0,0.8721129880919413,107,0.327217125382263,0.14153439153439154,1.563370710159701
expert_2,328,midogpp-expert_2-0b3d7adc466de1f4fe1ed134,0.8710052617003601,107,0.32621951219512196,0.14153439153439154,1.5586043360433603
expert_2,329,midogpp-expert_2-505034dec727bd26343b5690,0.8707283301024646,107,0.3252279635258359,0.14153439153439154,1.5538669368456604
expert_2,330,midogpp-expert_2-b779cdd2c254bb9d390ee65c,0.8705621711437275,107,0.3242424242424242,0.14153439153439154,1.549158249158249
expert_2,331,midogpp-expert_2-92408948ca7c46aca8f502ba,0.8702852395458321,108,0.32628398791540786,0.14285714285714285,1.5589123867069485
expert_2,332,midogpp-expert_2-f26b18ac5797a3b5c5cbd143,0.8700083079479368,108,0.3253012048192771,0.14285714285714285,1.5542168674698793
expert_2,333,midogpp-expert_2-411cdabb15bfbf0a77fefb3d,0.8699529216283579,109,0.32732732732732733,0.14417989417989419,1.5638972305638972
expert_2,334,midogpp-expert_2-1a3804a50de93c0fb6ac6665,0.8694544447521462,110,0.32934131736526945,0.1455026455026455,1.5735196274118428
expert_2,335,midogpp-expert_2-2138db0c518d522990981e20,0.8693436721129881,110,0.3283582089552239,0.1455026455026455,1.5688225538971807
expert_2,336,midogpp-expert_2-8d61eb696418e6cde3646e05,0.8687344225976183,110,0.3273809523809524,0.1455026455026455,1.564153439153439
expert_2,337,midogpp-expert_2-091aecc2d17283f3bda6f777,0.8686790362780392,110,0.3264094955489614,0.1455026455026455,1.5595120342894824
expert_2,338,midogpp-expert_2-ec4d677133cdc7fb0fa0b2e3,0.868402104680144,110,0.3254437869822485,0.1455026455026455,1.5548980933596317
expert_2,339,midogpp-expert_2-f2a79f3fbc11c1992e254c30,0.8662974245361396,110,0.32448377581120946,0.1455026455026455,1.550311373320223
expert_2,340,midogpp-expert_2-fd5fd0d84a9091945a90b3e8,0.8659651066186651,110,0.3235294117647059,0.1455026455026455,1.5457516339869282
expert_2,341,midogpp-expert_2-c1afd30949a22cb890d4bdcc,0.8655220160620327,110,0.3225806451612903,0.1455026455026455,1.5412186379928314
expert_2,342,midogpp-expert_2-270afa15b54ca842da313f88,0.8648019939075049,110,0.3216374269005848,0.1455026455026455,1.5367121507472383
expert_2,343,midogpp-expert_2-fe40f3ea53b7cd6462089cd4,0.8643589033508723,110,0.3206997084548105,0.1455026455026455,1.5322319403952056
expert_2,344,midogpp-expert_2-4ec8ed8d09fe8017da4747d0,0.8636942675159236,111,0.3226744186046512,0.14682539682539683,1.5416666666666667
expert_2,345,midogpp-expert_2-8e0eb8591c7d4d51b1c28f6c,0.8635281085571864,111,0.3217391304347826,0.14682539682539683,1.53719806763285
expert_2,346,midogpp-expert_2-547736dc9dedc349e8f8fd19,0.8634727222376073,112,0.3236994219653179,0.14814814814814814,1.5465639049454079
expert_2,347,midogpp-expert_2-bc1ab0e40e3e1c0f3b9e5f8b,0.8630850180005538,112,0.3227665706051873,0.14814814814814814,1.542106948447006
expert_2,348,midogpp-expert_2-fcfec2d72ccaaa7eb5ebb763,0.8627527000830795,112,0.3218390804597701,0.14814814814814814,1.5376756066411237
expert_2,349,midogpp-expert_2-ba7916b478c425f08a3f152b,0.8624203821656051,112,0.3209169054441261,0.14814814814814814,1.533269659344158
expert_2,350,midogpp-expert_2-766c8ab3f5704dd2e09dcfb6,0.8619772916089725,112,0.32,0.14814814814814814,1.5288888888888887
expert_2,351,midogpp-expert_2-3610310953f932f60b2897e8,0.8616449736914982,112,0.3190883190883191,0.14814814814814814,1.5245330800886356
expert_2,352,midogpp-expert_2-317956dd439906a99c3f6534,0.861478814732761,112,0.3181818181818182,0.14814814814814814,1.52020202020202
expert_2,353,midogpp-expert_2-9b4b06de6d26a607bec4134a,0.8611464968152867,112,0.31728045325779036,0.14814814814814814,1.5158954988983318
expert_2,354,midogpp-expert_2-eb7f303bddb2c5caa2e387cf,0.860592633619496,113,0.3192090395480226,0.14947089947089948,1.52510985561833
expert_2,355,midogpp-expert_2-20837401574235267eb13ab6,0.8602603157020217,113,0.3183098591549296,0.14947089947089948,1.5208137715179968
expert_2,356,midogpp-expert_2-96e2edf13fdc06e5a24a9a1c,0.8601495430628635,114,0.3202247191011236,0.15079365079365079,1.5299625468164793
expert_2,357,midogpp-expert_2-0b7985d8f2f4dcc610860f30,0.8599833841041262,114,0.31932773109243695,0.15079365079365079,1.5256769374416432
expert_2,358,midogpp-expert_2-45073ebdad66d5b220281d7b,0.8599279977845472,114,0.31843575418994413,0.15079365079365079,1.5214152700186219
expert_2,359,midogpp-expert_2-1b4c1b8cc4acb21f53f76562,0.8597064525062309,114,0.31754874651810583,0.15079365079365079,1.5171773444753944
expert_2,360,midogpp-expert_2-61c67fa920f186585d935366,0.8596510661866519,114,0.31666666666666665,0.15079365079365079,1.5129629629629628
expert_2,361,midogpp-expert_2-aa8b9ca7306e093a3b28a0ba,0.8595402935474937,114,0.3157894736842105,0.15079365079365079,1.5087719298245612
expert_2,362,midogpp-expert_2-60c06e8de9962fdfea9886bf,0.8593187482691775,114,0.3149171270718232,0.15079365079365079,1.5046040515653774
expert_2,363,midogpp-expert_2-967085d8b89c52e4061775e0,0.8588756577125449,114,0.3140495867768595,0.15079365079365079,1.500459136822773
expert_2,364,midogpp-expert_2-0f201ec2c395487b990f2100,0.8583771808363334,115,0.3159340659340659,0.15211640211640212,1.5094627594627594
expert_2,365,midogpp-expert_2-60fa3d862b2ea7785528eb49,0.8581002492384381,115,0.3150684931506849,0.15211640211640212,1.5053272450532722
expert_2,366,midogpp-expert_2-daa41973b57bc0d205676e16,0.8579894765992799,115,0.31420765027322406,0.15211640211640212,1.5012143290831816
expert_2,367,midogpp-expert_2-8df5e2c415ff7922d5e2cd3b,0.8568817502076987,115,0.3133514986376022,0.15211640211640212,1.4971238268240994
expert_2,368,midogpp-expert_2-300cffe7aa59a26f2b02a73a,0.8567709775685406,115,0.3125,0.15211640211640212,1.4930555555555556
expert_2,369,midogpp-expert_2-d78215bf9a5162a45c495b10,0.8561617280531708,115,0.3116531165311653,0.15211640211640212,1.4890093345377897
expert_2,370,midogpp-expert_2-605bfd61e46b2ac782683da3,0.8558847964552756,116,0.31351351351351353,0.15343915343915343,1.4978978978978978
expert_2,371,midogpp-expert_2-12492b91f8ae0b3a4b9ff0c8,0.8558294101356965,116,0.31266846361185985,0.15343915343915343,1.4938604372566637
expert_2,372,midogpp-expert_2-ea80179c911dc86f1507dbd0,0.8548878427028523,117,0.31451612903225806,0.15476190476190477,1.5026881720430108
expert_2,373,midogpp-expert_2-98dc9ba7186193f1fb8661cf,0.8543339795070618,117,0.3136729222520107,0.15476190476190477,1.4986595174262733
expert_2,374,midogpp-expert_2-d29c3ccac73c8c9415125aae,0.8541124342287455,117,0.31283422459893045,0.15476190476190477,1.494652406417112
expert_2,375,midogpp-expert_2-ca5034cfa583ada87de4bbfb,0.8540570479091665,117,0.312,0.15476190476190477,1.4906666666666666
expert_2,376,midogpp-expert_2-869201068259a8fc303d327e,0.8538908889504293,117,0.31117021276595747,0.15476190476190477,1.4867021276595744
expert_2,377,midogpp-expert_2-63fba828525f800a467e8ec7,0.853669343672113,117,0.3103448275862069,0.15476190476190477,1.4827586206896552
expert_2,378,midogpp-expert_2-928ff40d5c56b3d173b987de,0.8533924120742177,118,0.31216931216931215,0.15608465608465608,1.4914756025867135
expert_2,379,midogpp-expert_2-33cb9b506e3b6c97ad7a0316,0.8526170036001108,118,0.3113456464379947,0.15608465608465608,1.4875403107593081
expert_2,380,midogpp-expert_2-860646b6d6d7a6a2404c76c1,0.8526170036001108,118,0.3105263157894737,0.15608465608465608,1.483625730994152
expert_2,381,midogpp-expert_2-0cc18567815f071c544d59e8,0.852007754084741,118,0.30971128608923887,0.15608465608465608,1.4797317002041412
expert_2,382,midogpp-expert_2-2454f9893182cea7fce713d3,0.851952367765162,118,0.3089005235602094,0.15608465608465608,1.4758580570098894
expert_2,383,midogpp-expert_2-171bb7303c5969f4be4866ba,0.8515092772085295,118,0.30809399477806787,0.15608465608465608,1.4720046417174353
expert_2,384,midogpp-expert_2-90365017f6f7ef7c686f142a,0.8512323456106342,118,0.3072916666666667,0.15608465608465608,1.4681712962962963
expert_2,385,midogpp-expert_2-1efb890f362913b725106f4a,0.8511769592910551,118,0.3064935064935065,0.15608465608465608,1.4643578643578643
expert_2,386,midogpp-expert_2-70d77df73b24a667d0858434,0.8507892550540017,118,0.30569948186528495,0.15608465608465608,1.4605641911341392
expert_2,387,midogpp-expert_2-f3c5ff2f1f06eb53dbb21f32,0.8507892550540016,118,0.3049095607235142,0.15608465608465608,1.4567901234567902
expert_2,388,midogpp-expert_2-f9aa61d0166281a8065e5856,0.8506784824148436,118,0.30412371134020616,0.15608465608465608,1.4530355097365404
expert_2,389,midogpp-expert_2-a98a63bcb6e521e1921cc3d3,0.8502353918582111,118,0.3033419023136247,0.15608465608465608,1.4493001999428734
expert_2,390,midogpp-expert_2-542209df8d3d35de4afc9e28,0.8501246192190529,118,0.30256410256410254,0.15608465608465608,1.4455840455840454
expert_2,391,midogpp-expert_2-735445e21b937ee178970a3e,0.8499030739407367,118,0.30179028132992325,0.15608465608465608,1.441886899687411
expert_2,392,midogpp-expert_2-e93fe52f6a6ba7ba2f0dd47c,0.8498476876211576,118,0.3010204081632653,0.15608465608465608,1.4382086167800452
expert_2,393,midogpp-expert_2-eac60a5152716b6377491cf9,0.8498476876211576,119,0.30279898218829515,0.1574074074074074,1.4467062482329656
expert_2,394,midogpp-expert_2-9b4cc1e16b20ae144cd4808d,0.8493492107449461,120,0.30456852791878175,0.15873015873015872,1.455160744500846
expert_2,395,midogpp-expert_2-5330d88236eed113e4e034dc,0.8491276654666298,121,0.30632911392405066,0.16005291005291006,1.4635724331926865
expert_2,396,midogpp-expert_2-79452cd7a0e5c7009e38c74a,0.8485738022708391,122,0.30808080808080807,0.16137566137566137,1.471941638608305
expert_2,397,midogpp-expert_2-b7f3f4dd0f1914ee1f08db77,0.848463029631681,122,0.30730478589420657,0.16137566137566137,1.468233977050098
expert_2,398,midogpp-expert_2-a7986c1cfb02807e79520beb,0.8482968706729437,122,0.3065326633165829,0.16137566137566137,1.464544946957007
expert_2,399,midogpp-expert_2-0e244dea42c063d19d8b974c,0.8477430074771531,122,0.3057644110275689,0.16137566137566137,1.460874408242829
expert_2,400,midogpp-expert_2-6b83692c7ec2db9b77949441,0.8473553032400997,122,0.305,0.16137566137566137,1.4572222222222222
expert_2,401,midogpp-expert_2-3d61a6573f467b8feb263cbe,0.8472445306009415,122,0.30423940149625933,0.16137566137566137,1.453588251593239
expert_2,402,midogpp-expert_2-73636b6feb776dbbea9ddef2,0.846856826363888,122,0.3034825870646766,0.16137566137566137,1.4499723604201216
expert_2,403,midogpp-expert_2-4313c195bd12c2766115f5d8,0.84674605372473,122,0.3027295285359802,0.16137566137566137,1.4463744141163497
expert_2,404,midogpp-expert_2-1832b6810900e58596a9223b,0.8466352810855717,123,0.30445544554455445,0.1626984126984127,1.4546204620462044
expert_2,405,midogpp-expert_2-a568063fe7284cb1831dfd29,0.8462475768485185,124,0.30617283950617286,0.164021164021164,1.4628257887517147
expert_2,406,midogpp-expert_2-bbf1c4276a8c0d67b549f9e6,0.8460260315702022,124,0.3054187192118227,0.164021164021164,1.4592227695675972
expert_2,407,midogpp-expert_2-b543031b24ded52259e08921,0.8459706452506232,124,0.3046683046683047,0.164021164021164,1.4556374556374556
expert_2,408,midogpp-expert_2-59a1322096d8d4a348295224,0.845859872611465,125,0.30637254901960786,0.16534391534391535,1.4637799564270153
expert_2,409,midogpp-expert_2-14e1d63b55dbf55ee212faa4,0.8455829410135697,125,0.3056234718826406,0.16534391534391535,1.4602010323281718
expert_2,410,midogpp-expert_2-505112aeb7289ce6c930b125,0.8449736914981999,125,0.3048780487804878,0.16534391534391535,1.456639566395664
expert_2,411,midogpp-expert_2-bd1846267d24c39a6c5effa1,0.8448629188590417,125,0.30413625304136255,0.16534391534391535,1.453095431197621
expert_2,412,midogpp-expert_2-3c10df3f0e5642674845ff2d,0.8448075325394627,126,0.3058252427184466,0.16666666666666666,1.4611650485436891
expert_2,413,midogpp-expert_2-4c6d461623c2c16872109247,0.8447521462198837,126,0.3050847457627119,0.16666666666666666,1.457627118644068
expert_2,414,midogpp-expert_2-9f8fd8b7efa0d2953baba2f7,0.8444752146219884,127,0.30676328502415456,0.167989417989418,1.4656468062265162
expert_2,415,midogpp-expert_2-0e2b7c88d086a6e0e38bc7ac,0.8442536693436721,127,0.3060240963855422,0.167989417989418,1.462115127175368
expert_2,416,midogpp-expert_2-650130703782556b2db36351,0.844198283024093,127,0.30528846153846156,0.167989417989418,1.4586004273504274
expert_2,417,midogpp-expert_2-43819b3a955edbbd69450abe,0.8440321240653559,127,0.30455635491606714,0.167989417989418,1.4551025845989873
expert_2,418,midogpp-expert_2-f43b8d1bc317dc4358e1c376,0.8436998061478815,127,0.3038277511961722,0.167989417989418,1.4516214779372671
expert_2,419,midogpp-expert_2-55383eef27c09ec4f1124788,0.8436998061478814,127,0.3031026252983294,0.167989417989418,1.4481569875364626
expert_2,420,midogpp-expert_2-eb1cd13a77f943cac861b1a3,0.8433674882304072,127,0.30238095238095236,0.167989417989418,1.4447089947089946
expert_2,421,midogpp-expert_2-9d3ec54d6be28a57664e064a,0.8430905566325118,127,0.3016627078384798,0.167989417989418,1.4412773818949591
expert_2,422,midogpp-expert_2-f8c4a5fb3cb9474d466738df,0.8430351703129326,128,0.3033175355450237,0.1693121693121693,1.4491837809373356
expert_2,423,midogpp-expert_2-7005fe76077ba02f8cc0cafb,0.8428690113541955,129,0.3049645390070922,0.17063492063492064,1.4570527974783294
expert_2,424,midogpp-expert_2-31d0328abd9133037be44abc,0.8426474660758793,129,0.30424528301886794,0.17063492063492064,1.453616352201258
expert_2,425,midogpp-expert_2-fa4957d2011f60d43cb824a5,0.8421489891996676,129,0.3035294117647059,0.17063492063492064,1.4501960784313725
expert_2,426,midogpp-expert_2-f380b006d4b9655cb6f3e5ba,0.8418720576017724,130,0.3051643192488263,0.17195767195767195,1.4580073030777256
expert_2,427,midogpp-expert_2-137d52ab6ca7c2a2d0a1493c,0.8418166712821933,131,0.30679156908665106,0.17328042328042328,1.4657819411917772
expert_2,428,midogpp-expert_2-17d3efbfd589f4bda2a61e41,0.8418166712821933,132,0.308411214953271,0.1746031746031746,1.4735202492211836
expert_2,429,midogpp-expert_2-1c45939c750fc58a531f1e83,0.8415397396842981,132,0.3076923076923077,0.1746031746031746,1.4700854700854702
expert_2,430,midogpp-expert_2-1f55f5a877d86fea59d3378b,0.8413735807255608,132,0.30697674418604654,0.1746031746031746,1.4666666666666668
expert_2,431,midogpp-expert_2-e432c228e63d6a03494c9ba1,0.8408197175297701,133,0.308584686774942,0.17592592592592593,1.474349059035834
expert_2,432,midogpp-expert_2-97fd070df4d74a60a9c94972,0.8402104680144005,133,0.30787037037037035,0.17592592592592593,1.4709362139917694
expert_2,433,midogpp-expert_2-c2f736913b5cd3b5956a0809,0.8391581279423982,133,0.3071593533487298,0.17592592592592593,1.4675391326661533
expert_2,434,midogpp-expert_2-333afcbd717d52e2d8d2c346,0.83904735530324,133,0.3064516129032258,0.17592592592592593,1.4641577060931898
expert_2,435,midogpp-expert_2-058f253a13e03e2f0d2d0b6e,0.8386596510661866,133,0.3057471264367816,0.17592592592592593,1.4607918263090676
expert_2,436,midogpp-expert_2-d38483390ccaa07955eca694,0.8383273331487123,133,0.30504587155963303,0.17592592592592593,1.457441386340469
expert_2,437,midogpp-expert_2-46cf415f3b88b1c93f6d420d,0.8378288562725007,133,0.30434782608695654,0.17592592592592593,1.4541062801932367
expert_2,438,midogpp-expert_2-c868e1a6ac899ba4defa6579,0.8376626973137635,134,0.3059360730593607,0.17724867724867724,1.4616945712836122
expert_2,439,midogpp-expert_2-efc279d4985a88d4523677c5,0.8373303793962891,134,0.3052391799544419,0.17724867724867724,1.4583649708934445
expert_2,440,midogpp-expert_2-58990926dcd3cc117ebcff96,0.8364995846026031,134,0.30454545454545456,0.17724867724867724,1.4550505050505051
expert_2,441,midogpp-expert_2-5a01f014ee809bc795258fd1,0.8363888119634451,134,0.30385487528344673,0.17724867724867724,1.4517510707986898
expert_2,442,midogpp-expert_2-7c6be8ccb33711105d7cefb2,0.8363888119634451,134,0.3031674208144796,0.17724867724867724,1.4484665661136247
expert_2,443,midogpp-expert_2-e34381706c6883e99df742ea,0.8362226530047079,135,0.3047404063205418,0.17857142857142858,1.4559819413092552
expert_2,444,midogpp-expert_2-9f0531a6d17748ce0de9ef5e,0.8359457214068124,135,0.30405405405405406,0.17857142857142858,1.4527027027027026
expert_2,445,midogpp-expert_2-aef764a3fe70e8889fab361c,0.8358903350872335,136,0.3056179775280899,0.17989417989417988,1.460174781523096
expert_2,446,midogpp-expert_2-3560114ccfef4459606d4fd9,0.8356687898089172,136,0.30493273542600896,0.17989417989417988,1.4569008470353761
expert_2,447,midogpp-expert_2-fadaea301f633a298c33a0e6,0.8354472445306009,136,0.3042505592841163,0.17989417989417988,1.4536415610241111
expert_2,448,midogpp-expert_2-5875e6a610150dee9a4409ef,0.8353918582110218,137,0.30580357142857145,0.18121693121693122,1.461061507936508
expert_2,449,midogpp-expert_2-8c823dd3d81762deff12a2ad,0.8350595402935475,137,0.3051224944320713,0.18121693121693122,1.4578074733976738
expert_2,450,midogpp-expert_2-d67b9479a7f5c01683d4564e,0.8348379950152313,138,0.30666666666666664,0.18253968253968253,1.465185185185185
expert_2,451,midogpp-expert_2-570334a5f567894da29aa14b,0.8342841318194406,138,0.30598669623059865,0.18253968253968253,1.4619364375461934
expert_2,452,midogpp-expert_2-5d58c362eb75d70ae361ec7a,0.8337856549432291,138,0.3053097345132743,0.18253968253968253,1.458702064896755
expert_2,453,midogpp-expert_2-f0dddd16c788bea5d22d111a,0.8319579063971199,139,0.3068432671081678,0.18386243386243387,1.466028942850135
expert_2,454,midogpp-expert_2-40343473fcca56bcaf14ec87,0.831902520077541,139,0.30616740088105726,0.18386243386243387,1.4627998042094956
expert_2,455,midogpp-expert_2-635bc523e00693a9d541ffae,0.8313486568817503,139,0.3054945054945055,0.18386243386243387,1.4595848595848597
expert_2,456,midogpp-expert_2-8e19451ea680c188c05b8f3d,0.8312932705621712,139,0.3048245614035088,0.18386243386243387,1.4563840155945418
expert_2,457,midogpp-expert_2-02859b6ff58c318316c86d40,0.8308501800055386,139,0.3041575492341357,0.18386243386243387,1.4531971796742038
expert_2,458,midogpp-expert_2-3bbb95cea42592d92d51e3b8,0.8308501800055386,140,0.3056768558951965,0.18518518518518517,1.46045608927705
expert_2,459,midogpp-expert_2-6a8771af0a6c93100f4875f0,0.8307394073663805,141,0.30718954248366015,0.1865079365079365,1.467683369644154
expert_2,460,midogpp-expert_2-ec3800c3323b129dbe300a9e,0.8307394073663805,142,0.30869565217391304,0.18783068783068782,1.47487922705314
expert_2,461,midogpp-expert_2-14d16894d49f0bc71e59f844,0.8299086125726947,143,0.31019522776572667,0.18915343915343916,1.4820438659918052
expert_2,462,midogpp-expert_2-adb4ab75f64ed2bc7766d4c3,0.8299086125726944,143,0.30952380952380953,0.18915343915343916,1.4788359788359788
expert_2,463,midogpp-expert_2-5361547156b4d90bea7b69a1,0.8289670451398505,144,0.31101511879049676,0.19047619047619047,1.485961123110151
expert_2,464,midogpp-expert_2-9db2be9f29c5c7c5d12f91ff,0.8288008861811131,144,0.3103448275862069,0.19047619047619047,1.4827586206896552
expert_2,465,midogpp-expert_2-ae0e2d5f6e30799a9f85be15,0.8284131819440598,145,0.3118279569892473,0.1917989417989418,1.4898446833930705
expert_2,466,midogpp-expert_2-b72a06fa350482bb0b39fc81,0.8279700913874273,145,0.3111587982832618,0.1917989417989418,1.4866475917978064
expert_2,467,midogpp-expert_2-56d02940e1c1e2ddeea768b2,0.8273054555524785,146,0.31263383297644537,0.1931216931216931,1.4936949797763501
expert_2,468,midogpp-expert_2-256c7e3890f9a1bffb03977d,0.8271392965937414,146,0.31196581196581197,0.1931216931216931,1.4905033238366572
expert_2,469,midogpp-expert_2-49d983a989ee53a39be106bf,0.8270839102741623,146,0.31130063965884863,0.1931216931216931,1.4873252783700546
expert_2,470,midogpp-expert_2-8df8d04de748413ca1ea3705,0.826862364995846,146,0.31063829787234043,0.1931216931216931,1.484160756501182
expert_2,471,midogpp-expert_2-7560e7dda58128ff842115ed,0.8267515923566879,146,0.3099787685774947,0.1931216931216931,1.4810096720924746
expert_2,472,midogpp-expert_2-bb998956a7bce572de876a40,0.8266962060371088,146,0.3093220338983051,0.1931216931216931,1.4778719397363465
expert_2,473,midogpp-expert_2-94c3f6cd715464ea55ce5a44,0.8265854333979508,147,0.3107822410147992,0.19444444444444445,1.4848484848484849
expert_2,474,midogpp-expert_2-7c2d0c85952fb80b81ee491d,0.8264746607587926,147,0.310126582278481,0.19444444444444445,1.481715893108298
expert_2,475,midogpp-expert_2-411695be94a5609ddaf02eb1,0.8260315702021601,148,0.31157894736842107,0.19576719576719576,1.488654970760234
expert_2,476,midogpp-expert_2-eb62b23d21ae0fbe307372c7,0.8258100249238438,148,0.31092436974789917,0.19576719576719576,1.4855275443510738
expert_2,477,midogpp-expert_2-50bb5dfff75bbb3d8e229fb2,0.8257546386042648,148,0.31027253668763105,0.19576719576719576,1.482413230840904
expert_2,478,midogpp-expert_2-648ccb2cfe342850c1f2cc00,0.8256438659651066,148,0.30962343096234307,0.19576719576719576,1.4793119479311947
expert_2,479,midogpp-expert_2-975d582b43ae0355c54c1b6b,0.8237607310994184,148,0.3089770354906054,0.19576719576719576,1.4762236140106701
expert_2,480,midogpp-expert_2-bd9f26e3cedffbe3d787adfe,0.8230960952644697,148,0.30833333333333335,0.19576719576719576,1.473148148148148
expert_2,481,midogpp-expert_2-f4724a9a760b9347adb81ed3,0.8229853226253114,148,0.3076923076923077,0.19576719576719576,1.4700854700854702
expert_2,482,midogpp-expert_2-17746390b609796e1f217ca0,0.822542232068679,149,0.3091286307053942,0.1970899470899471,1.4769479022591057
expert_2,483,midogpp-expert_2-e93b8f6cab067c9512ef8a53,0.8224314594295208,150,0.3105590062111801,0.1984126984126984,1.4837819185645271
expert_2,484,midogpp-expert_2-2f132bad4868823b0bafa803,0.8219883688728884,150,0.30991735537190085,0.1984126984126984,1.4807162534435263
expert_2,485,midogpp-expert_2-b5a9bc49967545ea8b54c50c,0.8213791193575186,150,0.30927835051546393,0.1984126984126984,1.47766323024055
expert_2,486,midogpp-expert_2-bd5b2de72774946237fd2cc3,0.8210468014400443,150,0.30864197530864196,0.1984126984126984,1.4746227709190671
expert_2,487,midogpp-expert_2-bf14b12a4859c07f4cfffb5d,0.8210468014400443,150,0.3080082135523614,0.1984126984126984,1.4715947980835045
expert_2,488,midogpp-expert_2-aa41eac7baa69f4d1dd726e3,0.8207144835225699,150,0.3073770491803279,0.1984126984126984,1.4685792349726776
expert_2,489,midogpp-expert_2-fbb230720de855956208ca49,0.8204375519246746,150,0.3067484662576687,0.1984126984126984,1.465576005453306
expert_2,490,midogpp-expert_2-e3ab2958a5bcb5e43f65c019,0.8188313486568817,150,0.30612244897959184,0.1984126984126984,1.4625850340136053
expert_2,491,midogpp-expert_2-949a54268e1955e2b6a41e40,0.8178897812240377,150,0.3054989816700611,0.1984126984126984,1.4596062457569585
expert_2,492,midogpp-expert_2-7522a342ed1a19fc9ae08901,0.817391304347826,150,0.3048780487804878,0.1984126984126984,1.456639566395664
expert_2,493,midogpp-expert_2-2fb2d34c39b4f9112115e38a,0.8168928274716145,150,0.30425963488843816,0.1984126984126984,1.45368492224476
expert_2,494,midogpp-expert_2-9f0efbae7b7f1e0d97fa988e,0.8166158958737192,150,0.30364372469635625,0.1984126984126984,1.4507422402159242
expert_2,495,midogpp-expert_2-c9b0d495dfc7082e922863dd,0.8163389642758239,151,0.30505050505050507,0.19973544973544974,1.4574635241301908
expert_2,496,midogpp-expert_2-20082065119d62478d6c5595,0.8158958737191914,151,0.30443548387096775,0.19973544973544974,1.4545250896057347
expert_2,497,midogpp-expert_2-9f498e4ecddcd21b40a51a18,0.8158404873996123,151,0.3038229376257545,0.19973544973544974,1.4515984797674937
expert_2,498,midogpp-expert_2-62148ff169e49fe779b4a348,0.8156743284408752,152,0.30522088353413657,0.20105820105820105,1.4582775546630968
expert_2,499,midogpp-expert_2-944b5aa7672e43014f159fed,0.8156743284408751,152,0.3046092184368738,0.20105820105820105,1.4553551547539525
expert_2,500,midogpp-expert_2-9f4d937e3149ce9181891df7,0.815618942121296,152,0.304,0.20105820105820105,1.4524444444444444
expert_2,501,midogpp-expert_2-ad1f62c70bbb1fc32a4c2a1a,0.8150650789255054,153,0.30538922155688625,0.20238095238095238,1.4590818363273452
expert_2,502,midogpp-expert_2-007a9bf2b3f94c760ab48bf4,0.8144558294101356,153,0.3047808764940239,0.20238095238095238,1.456175298804781
expert_2,503,midogpp-expert_2-3438612d7d041c46d79c01c2,0.8143450567709776,153,0.30417495029821073,0.20238095238095238,1.4532803180914513
expert_2,504,midogpp-expert_2-f3173dad3585b8fe105fcd9a,0.8141235114926613,154,0.3055555555555556,0.2037037037037037,1.4598765432098766
expert_2,505,midogpp-expert_2-2cdfb56d52fc33f6610c26e4,0.8139573525339242,155,0.3069306930693069,0.20502645502645503,1.4664466446644664
expert_2,506,midogpp-expert_2-cbbd1244898d68a56c5fbe3d,0.813846579894766,155,0.30632411067193677,0.20502645502645503,1.46354852876592
expert_2,507,midogpp-expert_2-c53c41c36cc76f5d77ee4ed6,0.8136804209360289,155,0.3057199211045365,0.20502645502645503,1.4606618452772298
expert_2,508,midogpp-expert_2-9b3e8b4ff9409554988862c6,0.8134034893381334,155,0.3051181102362205,0.20502645502645503,1.4577865266841645
expert_2,509,midogpp-expert_2-24cfd5f5d68a2d1a339dc6dc,0.812129603987815,155,0.3045186640471513,0.20502645502645503,1.454922506003056
expert_2,510,midogpp-expert_2-bde29b091605c295990226cd,0.8119080587094987,155,0.30392156862745096,0.20502645502645503,1.452069716775599
expert_2,511,midogpp-expert_2-fc934e8b92b1b9cca365c758,0.8117972860703406,155,0.30332681017612523,0.20502645502645503,1.4492280930637094
expert_2,512,midogpp-expert_2-b982455387b77f688d97ddaa,0.8109664912766547,155,0.302734375,0.20502645502645503,1.4463975694444444
expert_2,513,midogpp-expert_2-b99b93106aa9c70dbc5ed837,0.8107449459983385,155,0.30214424951267055,0.20502645502645503,1.4435780810049814
expert_2,514,midogpp-expert_2-9dcbb05d4700d8bb5ac3fb36,0.8101356964829687,156,0.3035019455252918,0.20634920634920634,1.4500648508430607
expert_2,515,midogpp-expert_2-a0ad05d46513c13c07596d5b,0.8098587648850735,156,0.3029126213592233,0.20634920634920634,1.4472491909385112
expert_2,516,midogpp-expert_2-12eeae1c9eb51a8eb5c618c8,0.8096372196067572,156,0.3023255813953488,0.20634920634920634,1.4444444444444442
expert_2,517,midogpp-expert_2-a376f89f0b0e7438f9fb904b,0.8096372196067572,156,0.30174081237911027,0.20634920634920634,1.4416505480335267
expert_2,518,midogpp-expert_2-a800fde0d18cfd75853eaaf3,0.8096372196067572,156,0.30115830115830117,0.20634920634920634,1.4388674388674387
expert_2,519,midogpp-expert_2-bce6204eb586bea97886782b,0.8094156743284409,156,0.30057803468208094,0.20634920634920634,1.4360950545921645
expert_2,520,midogpp-expert_2-86e00e8c0990bb054dd90fbb,0.8093602880088618,157,0.3019230769230769,0.20767195767195767,1.4425213675213673
expert_2,521,midogpp-expert_2-23dd0c4feaffd30675bf063c,0.8091387427305456,157,0.30134357005758156,0.20767195767195767,1.439752612497334
expert_2,522,midogpp-expert_2-e9924fef43736b2f54ae6e1d,0.8091387427305456,158,0.30268199233716475,0.20899470899470898,1.4461472967220093
expert_2,523,midogpp-expert_2-1c69937fbb70f4f35a83d62e,0.8090279700913875,159,0.30401529636711283,0.21031746031746032,1.4525175270873167
expert_2,524,midogpp-expert_2-8a45dc37b7ad9a01ecf82d0c,0.8089725837718083,159,0.30343511450381677,0.21031746031746032,1.4497455470737912
expert_2,525,midogpp-expert_2-1f8220615e5addad0b60744a,0.8087510384934922,159,0.3028571428571429,0.21031746031746032,1.446984126984127
expert_2,526,midogpp-expert_2-6ca5b0783f7a343a5aa81014,0.8087510384934921,159,0.30228136882129275,0.21031746031746032,1.444233206590621
expert_2,527,midogpp-expert_2-9a90c392a14b6170857feff7,0.8083079479368596,159,0.301707779886148,0.21031746031746032,1.441492726122707
expert_2,528,midogpp-expert_2-d17613e14c04020eb67bced4,0.8080310163389643,159,0.30113636363636365,0.21031746031746032,1.4387626262626263
expert_2,529,midogpp-expert_2-fdf029190759b0d5614a702c,0.8078648573802271,159,0.3005671077504726,0.21031746031746032,1.4360428481411467
expert_2,530,midogpp-expert_2-fdb153af1e5b31ea3baf830a,0.8076433121019109,159,0.3,0.21031746031746032,1.4333333333333331
expert_2,531,midogpp-expert_2-690672dd51a896df3ab026a4,0.8075325394627527,159,0.2994350282485876,0.21031746031746032,1.430634023854363
expert_2,532,midogpp-expert_2-574335e7c8278814839737ad,0.8074217668235946,160,0.3007518796992481,0.21164021164021163,1.4369256474519632
expert_2,533,midogpp-expert_2-41dc5b1b587d79b2340cd303,0.8070340625865411,160,0.300187617260788,0.21164021164021163,1.4342297269126538
expert_2,534,midogpp-expert_2-94978fac26e44323a1590d9d,0.8068125173082249,160,0.299625468164794,0.21164021164021163,1.4315439034540158
expert_2,535,midogpp-expert_2-0355804aba1be34f6858affe,0.8064801993907504,161,0.30093457943925234,0.21296296296296297,1.437798546209761
expert_2,536,midogpp-expert_2-77c330cb351d672d7138460e,0.8061478814732761,161,0.3003731343283582,0.21296296296296297,1.4351160862354893
expert_2,537,midogpp-expert_2-77d96bd69da55a9bd1b43239,0.8060924951536971,161,0.29981378026070765,0.21296296296296297,1.4324436168011587
expert_2,538,midogpp-expert_2-61f8cad8d80e6a0ca1f0f812,0.8057601772362226,161,0.2992565055762082,0.21296296296296297,1.429781082197439
expert_2,539,midogpp-expert_2-ff9ab825bae3352473fa4f5d,0.8054278593187483,161,0.2987012987012987,0.21296296296296297,1.427128427128427
expert_2,540,midogpp-expert_2-92edec41b64520e852b589b9,0.8053724729991691,161,0.29814814814814816,0.21296296296296297,1.424485596707819
expert_2,541,midogpp-expert_2-3a24e374fc1087d80b210b41,0.8050401550816948,161,0.2975970425138632,0.21296296296296297,1.4218525364551242
expert_2,542,midogpp-expert_2-b8ab94bbd478889d79c298b5,0.8050401550816948,162,0.2988929889298893,0.21428571428571427,1.4280442804428044
expert_2,543,midogpp-expert_2-93cefde7af0d290e8e32274f,0.8045970645250623,162,0.2983425414364641,0.21428571428571427,1.425414364640884
expert_2,544,midogpp-expert_2-bcea1e1e4185c3d5d640d8d4,0.8045416782054833,163,0.29963235294117646,0.2156084656084656,1.4315767973856208
expert_2,545,midogpp-expert_2-522de88c011f7ae2b304cbee,0.8044309055663251,164,0.30091743119266057,0.21693121693121692,1.437716615698267
expert_2,546,midogpp-expert_2-711f355e4f898c910ae2956a,0.8042093602880089,164,0.30036630036630035,0.21693121693121692,1.435083435083435
expert_2,547,midogpp-expert_2-a62dad9ccef68a693df3ea29,0.8040985876488508,164,0.29981718464351004,0.21693121693121692,1.432459882185659
expert_2,548,midogpp-expert_2-0c7fbc6f0420d153f7804f0b,0.8038770423705345,165,0.3010948905109489,0.21825396825396826,1.4385644768856447
expert_2,549,midogpp-expert_2-d13a6c50dbf330549a76ea4f,0.8035447244530601,165,0.3005464480874317,0.21825396825396826,1.4359441408621736
expert_2,550,midogpp-expert_2-da99bb3d4644a2e9a493c262,0.8032677928551648,166,0.3018181818181818,0.21957671957671956,1.442020202020202
expert_2,551,midogpp-expert_2-0a8061935e4c5ee0e3ef1be2,0.8028247022985322,166,0.30127041742286753,0.21957671957671956,1.4394031054648115
expert_2,552,midogpp-expert_2-3447b6cad860b3d8aa0d28ae,0.802713929659374,167,0.302536231884058,0.2208994708994709,1.4454508856682768
expert_2,553,midogpp-expert_2-120952a7fa9622fc81f32ce8,0.8024923843810579,168,0.3037974683544304,0.2222222222222222,1.4514767932489452
expert_2,554,midogpp-expert_2-3fc027e6f3f3cf1e37c44766,0.8022708391027416,168,0.30324909747292417,0.2222222222222222,1.4488567990373042
expert_2,555,midogpp-expert_2-64024a0b9f70ad66c009cfd0,0.8014400443090557,168,0.3027027027027027,0.2222222222222222,1.4462462462462462
expert_2,556,midogpp-expert_2-3db00c1b3a24b06922155146,0.8012738853503185,168,0.302158273381295,0.2222222222222222,1.4436450839328536
expert_2,557,midogpp-expert_2-c5497a6608dde402f918e2e6,0.8012738853503185,168,0.3016157989228007,0.2222222222222222,1.4410532615200478
expert_2,558,midogpp-expert_2-ad812281d6ec9aa07a1e0e21,0.8011631127111604,168,0.3010752688172043,0.2222222222222222,1.4384707287933094
expert_2,559,midogpp-expert_2-e088c99d80bd5274d06c76dd,0.8009415674328442,168,0.3005366726296959,0.2222222222222222,1.435897435897436
expert_2,560,midogpp-expert_2-1a3076daf00230bf9cacf72c,0.8006646358349487,169,0.30178571428571427,0.22354497354497355,1.4418650793650791
expert_2,561,midogpp-expert_2-464649d341540bb8799c40b2,0.8006646358349487,170,0.30303030303030304,0.22486772486772486,1.4478114478114479
expert_2,562,midogpp-expert_2-7c8988586f798d776e3a91e0,0.8004984768762116,170,0.302491103202847,0.22486772486772486,1.4452352708580467
expert_2,563,midogpp-expert_2-951ff7646bcbf53e2c4bf1f8,0.8004984768762116,170,0.3019538188277087,0.22486772486772486,1.4426682455101638
expert_2,564,midogpp-expert_2-026fef0a3641eaaab1019991,0.8003877042370534,170,0.30141843971631205,0.22486772486772486,1.4401103230890464
expert_2,565,midogpp-expert_2-3b5af6c45f039b7263711b96,0.7998892273608418,170,0.3008849557522124,0.22486772486772486,1.4375614552605704
expert_2,566,midogpp-expert_2-2d05e0c890316a08018d5ebb,0.7997230684021047,170,0.3003533568904594,0.22486772486772486,1.4350215940321949
expert_2,567,midogpp-expert_2-d6fb3c3a30482cf41b2c3f86,0.7996122957629466,170,0.2998236331569665,0.22486772486772486,1.432490691749951
expert_2,568,midogpp-expert_2-f6e66e05b2a9191ba3ed4c8d,0.7985045693713653,171,0.301056338028169,0.2261904761904762,1.4383802816901408
expert_2,569,midogpp-expert_2-39c31259d9096dbaa5a5a654,0.7975630019385211,171,0.30052724077328646,0.2261904761904762,1.4358523725834798
expert_2,570,midogpp-expert_2-87e506c66eba7c8d51b71ef3,0.7974522292993631,171,0.3,0.2261904761904762,1.4333333333333331
expert_2,571,midogpp-expert_2-e822f95236a06c21112761a1,0.7971199113818885,172,0.30122591943957966,0.2275132275132275,1.4391905039891026
expert_2,572,midogpp-expert_2-8ec807b83c08ca4c81973108,0.7968429797839934,172,0.3006993006993007,0.2275132275132275,1.4366744366744364
expert_2,573,midogpp-expert_2-ae7efa43b1ac2469e3490f1d,0.7968429797839933,172,0.30017452006980805,0.2275132275132275,1.4341671514446384
expert_2,574,midogpp-expert_2-c71c00af006f4f2771be7ec9,0.7968429797839933,172,0.29965156794425085,0.2275132275132275,1.4316686024003096
expert_2,575,midogpp-expert_2-9d501f663820fc43ece0fafa,0.7966768208252561,172,0.2991304347826087,0.2275132275132275,1.4291787439613526
expert_2,576,midogpp-expert_2-d5401b4f9904c08dd9fada15,0.7963445029077817,173,0.3003472222222222,0.22883597883597884,1.434992283950617
expert_2,577,midogpp-expert_2-10aa6113c186415931bdad6f,0.7960675713098865,173,0.29982668977469673,0.22883597883597884,1.4325052955902176
expert_2,578,midogpp-expert_2-e14971f748bed82643ff075d,0.7960675713098865,173,0.29930795847750863,0.22883597883597884,1.4300269127258745
expert_2,579,midogpp-expert_2-ff3f889a67f49ee17dad069c,0.7958460260315703,173,0.2987910189982729,0.22883597883597884,1.4275570907695259
expert_2,580,midogpp-expert_2-9e48e50aba141bb3c299b02d,0.7957906397119912,173,0.2982758620689655,0.22883597883597884,1.4250957854406128
expert_2,581,midogpp-expert_2-f7f556b562c28dc89a0b617a,0.7955690944336749,174,0.29948364888123924,0.23015873015873015,1.4308663224325875
expert_2,582,midogpp-expert_2-74ecec697d7e513046ff61d9,0.7950706175574633,175,0.3006872852233677,0.23148148148148148,1.4366170294005345
expert_2,583,midogpp-expert_2-1aef723b80461d4408e7e16f,0.7950152312378843,175,0.30017152658662094,0.23148148148148148,1.4341528492471889
expert_2,584,midogpp-expert_2-32789d16db96db9810439abc,0.794904458598726,175,0.2996575342465753,0.23148148148148148,1.431697108066971
expert_2,585,midogpp-expert_2-a3d610267641241917d684db,0.794849072279147,175,0.29914529914529914,0.23148148148148148,1.4292497625830958
expert_2,586,midogpp-expert_2-43fe625cef89ba2e60cf1993,0.7947382996399889,176,0.3003412969283277,0.2328042328042328,1.434963974213121
expert_2,587,midogpp-expert_2-541ce322e4e1817f8712e862,0.7947382996399888,176,0.29982964224872233,0.2328042328042328,1.4325194018550067
expert_2,588,midogpp-expert_2-49a7edae0641424e4ef16b8c,0.7942952090833564,176,0.29931972789115646,0.2328042328042328,1.4300831443688586
expert_2,589,midogpp-expert_2-5787e15995ff9bd24f84f436,0.7937967322071449,177,0.300509337860781,0.23412698412698413,1.4357668364459535
expert_2,590,midogpp-expert_2-e90ce24b5ebdebb2ed9f65a8,0.7937413458875657,177,0.3,0.23412698412698413,1.4333333333333331
expert_2,591,midogpp-expert_2-b06c298b912a71c4c8369171,0.7934090279700914,178,0.3011844331641286,0.23544973544973544,1.4389922917841698
expert_2,592,midogpp-expert_2-85a5f8ab1eb394b375b33738,0.7932428690113542,178,0.30067567567567566,0.23544973544973544,1.4365615615615615
expert_2,593,midogpp-expert_2-a220684cd1deb3b2dedeb92d,0.7932428690113542,178,0.30016863406408095,0.23544973544973544,1.4341390294172756
expert_2,594,midogpp-expert_2-fe7b01f5b51c315b6669208f,0.7928551647743007,178,0.2996632996632997,0.23544973544973544,1.4317246539468762
expert_2,595,midogpp-expert_2-ce6611f040ddad7857407fc4,0.7924674605372473,178,0.2991596638655462,0.23544973544973544,1.4293183940242762
expert_2,596,midogpp-expert_2-a4305b88c00b4f0f3fe15553,0.7924120742176682,179,0.30033557046979864,0.23677248677248677,1.4349366144668156
expert_2,597,midogpp-expert_2-ad87324461f1ceed74fc1b75,0.7924120742176682,180,0.3015075376884422,0.23809523809523808,1.4405360134003349
expert_2,598,midogpp-expert_2-e5603f37bfec035600b1a0a8,0.792190528939352,181,0.30267558528428096,0.23941798941798942,1.4461166852471201
expert_2,599,midogpp-expert_2-51d32aad99a889784900dd8d,0.7920797563001938,181,0.3021702838063439,0.23941798941798942,1.4437024670747542
expert_2,600,midogpp-expert_2-246f7daf62d69ccf9de3fd28,0.7915812794239823,182,0.30333333333333334,0.24074074074074073,1.4492592592592592
expert_2,601,midogpp-expert_2-b25b33a073c1dcd396102d83,0.7914705067848241,182,0.30282861896838603,0.24074074074074073,1.4468478461822887
expert_2,602,midogpp-expert_2-cbb4318720cb97aeddbdb12c,0.791359734145666,182,0.3023255813953488,0.24074074074074073,1.4444444444444442
expert_2,603,midogpp-expert_2-5553535a15cd06544ab98651,0.7913043478260869,182,0.3018242122719735,0.24074074074074073,1.4420490141883178
expert_2,604,midogpp-expert_2-1c4e774fea603d3769f96178,0.7911381888673498,182,0.30132450331125826,0.24074074074074073,1.439661515820456
expert_2,605,midogpp-expert_2-24867d46232761afea1e8672,0.7910828025477706,182,0.30082644628099175,0.24074074074074073,1.4372819100091827
expert_2,606,midogpp-expert_2-38f6cf7bbabb713f360c075d,0.790473553032401,182,0.30033003300330036,0.24074074074074073,1.434910157682435
expert_2,607,midogpp-expert_2-530661a12fd4ba0a4c81405e,0.7882027139296593,182,0.29983525535420097,0.24074074074074073,1.4325462200256267
expert_2,608,midogpp-expert_2-615737be64bd08f451f902ae,0.7880919412905012,182,0.2993421052631579,0.24074074074074073,1.4301900584795322
expert_2,609,midogpp-expert_2-8286b3398ff49ed85dbd81be,0.787925782331764,182,0.2988505747126437,0.24074074074074073,1.4278416347381866
expert_2,610,midogpp-expert_2-120d84af3f75a148d45477a4,0.787815009692606,182,0.2983606557377049,0.24074074074074073,1.4255009107468124
expert_2,611,midogpp-expert_2-69b8ee1ac4abad200fea2a2d,0.7875934644142897,182,0.2978723404255319,0.24074074074074073,1.4231678486997634
expert_2,612,midogpp-expert_2-c7a8b9616349c2e59b4e2a79,0.7872611464968153,183,0.29901960784313725,0.24206349206349206,1.4286492374727668
expert_2,613,midogpp-expert_2-6fdd189a8b010a975ffedac7,0.7865411243422875,183,0.29853181076672103,0.24206349206349206,1.4263186514410005
expert_2,614,midogpp-expert_2-66c2e49bb78a21f2fccf9fb3,0.7864303517031294,184,0.2996742671009772,0.24338624338624337,1.431777053926891
expert_2,615,midogpp-expert_2-de9fc3decaddd435833d2f19,0.7860980337856549,185,0.3008130081300813,0.2447089947089947,1.4372177055103885
expert_2,616,midogpp-expert_2-2031a98f2e1962a91ad41b5e,0.7860426474660759,185,0.3003246753246753,0.2447089947089947,1.4348845598845599
expert_2,617,midogpp-expert_2-f4bee53fc00ff6fb0d7ac960,0.7860426474660759,185,0.29983792544570503,0.2447089947089947,1.4325589771294795
expert_2,618,midogpp-expert_2-9e261338ff1eb2358f20678c,0.7851564663528108,185,0.2993527508090615,0.2447089947089947,1.4302409205321827
expert_2,619,midogpp-expert_2-897d15e421a66d6cdcbcf58f,0.7849349210744945,185,0.2988691437802908,0.2447089947089947,1.4279303536169448
expert_2,620,midogpp-expert_2-cf970b1753444f9658d44b86,0.7841595126003877,185,0.29838709677419356,0.2447089947089947,1.4256272401433692
expert_2,621,midogpp-expert_2-bbaee54267e5e167de87117b,0.7840487399612296,186,0.2995169082125604,0.24603174603174602,1.4310252281266773
expert_2,622,midogpp-expert_2-0fe038b8cc25a1399ec35f02,0.7839933536416506,187,0.30064308681672025,0.24735449735449735,1.4364058592354412
expert_2,623,midogpp-expert_2-3269febcc85242d4c2ec7c2e,0.7836056494045971,187,0.3001605136436597,0.24735449735449735,1.4341002318530407
expert_2,624,midogpp-expert_2-3079cd41cc9d6daee6656e69,0.783550263085018,187,0.29967948717948717,0.24735449735449735,1.4318019943019942
expert_2,625,midogpp-expert_2-7328116bcc25712ba35b26ad,0.7832733314871227,187,0.2992,0.24735449735449735,1.4295111111111112
expert_2,626,midogpp-expert_2-4c3b7a8a53fe544cc3d53aa1,0.7831625588479646,187,0.2987220447284345,0.24735449735449735,1.4272275470358537
expert_2,627,midogpp-expert_2-8e2ff435384e95c761a9187d,0.782664081971753,187,0.2982456140350877,0.24735449735449735,1.42495126705653
expert_2,628,midogpp-expert_2-376b81c9b7b029783131d8a8,0.7824425366934368,187,0.29777070063694266,0.24735449735449735,1.4226822363765037
expert_2,629,midogpp-expert_2-83b1e5c2bc589e713fa0d65f,0.781833287178067,187,0.2972972972972973,0.24735449735449735,1.4204204204204205
expert_2,630,midogpp-expert_2-dec7124c38144e763519dfbc,0.7817225145389088,187,0.2968253968253968,0.24735449735449735,1.4181657848324514
expert_2,631,midogpp-expert_2-f6f6c83e6a5afbed42d4b1ca,0.7812794239822763,187,0.29635499207606975,0.24735449735449735,1.4159182954745553
expert_2,632,midogpp-expert_2-c4fc6a30e2b42f67d1756219,0.7812240376626973,187,0.2958860759493671,0.24735449735449735,1.4136779184247539
expert_2,633,midogpp-expert_2-87ed5f8c041a8c3fee0f16da,0.780891719745223,187,0.29541864139020535,0.24735449735449735,1.4114446199754256
expert_2,634,midogpp-expert_2-2901ad2d3a9fd8d3d33557b3,0.7806701744669067,187,0.2949526813880126,0.24735449735449735,1.4092183666316158
expert_2,635,midogpp-expert_2-ef546631b2bb580a3cff4a47,0.7806701744669067,187,0.29448818897637796,0.24735449735449735,1.4069991251093612
expert_2,636,midogpp-expert_2-e1a66fe47fd1090cc67ddcee,0.7806147881473275,188,0.29559748427672955,0.24867724867724866,1.4122990915443745
expert_2,637,midogpp-expert_2-572cd4151fb91773118c4979,0.7805040155081695,188,0.29513343799058084,0.24867724867724866,1.4100819815105528
expert_2,638,midogpp-expert_2-5cbf2d0b6815e2bbce372d82,0.7804486291885904,188,0.2946708463949843,0.24867724867724866,1.4078718216649249
expert_2,639,midogpp-expert_2-b55567c62890a7051a64b377,0.7804486291885904,188,0.2942097026604069,0.24867724867724866,1.4056685793774997
expert_2,640,midogpp-expert_2-52678ee4ec54c0d1dc8a6db8,0.7798947659927998,188,0.29375,0.24867724867724866,1.4034722222222222
expert_2,641,midogpp-expert_2-aab527c841521922185cfafb,0.7798393796732207,188,0.29329173166926675,0.24867724867724866,1.4012827179753855
expert_2,642,midogpp-expert_2-c473088c9663b90bb62a10e9,0.7797839933536417,188,0.29283489096573206,0.24867724867724866,1.3991000346140532
expert_2,643,midogpp-expert_2-d4a27b458d4a39d52af18e4e,0.7797839933536417,188,0.29237947122861585,0.24867724867724866,1.3969241403144979
expert_2,644,midogpp-expert_2-1104636c1341bace2171e721,0.7793962891165882,188,0.2919254658385093,0.24867724867724866,1.3947550034506555
expert_2,645,midogpp-expert_2-4b106b4c976a615bcabe094e,0.7793962891165882,189,0.2930232558139535,0.25,1.4
expert_2,646,midogpp-expert_2-b6ad12972f3ed9ed5caa3d50,0.7786208806424813,189,0.29256965944272445,0.25,1.3978328173374612
expert_2,647,midogpp-expert_2-90d806d2d1c39903fafa9e44,0.7785101080033232,189,0.2921174652241113,0.25,1.3956723338485317
expert_2,648,midogpp-expert_2-ba346e6aeaabcf2ae4e97c44,0.7776793132096371,189,0.2916666666666667,0.25,1.3935185185185186
expert_2,649,midogpp-expert_2-ad80c09c3219bd58109c7352,0.7772916089725838,189,0.29121725731895226,0.25,1.391371340523883
expert_2,650,midogpp-expert_2-acfae4c3bac2470475f003db,0.7772362226530047,190,0.2923076923076923,0.25132275132275134,1.3965811965811965
expert_2,651,midogpp-expert_2-2c5da504bed50c39bc1817b2,0.7771808363334256,190,0.29185867895545314,0.25132275132275134,1.3944359105649426
expert_2,652,midogpp-expert_2-918a12eb70d8e2bb69aa8f01,0.7767931320963722,191,0.2929447852760736,0.2526455026455027,1.399625085207907
expert_2,653,midogpp-expert_2-3115960c8f11eb3932b0aa03,0.776626973137635,191,0.29249617151607965,0.2526455026455027,1.3974817083546027
expert_2,654,midogpp-expert_2-771334c33961fd867fbf82d1,0.7765162004984769,192,0.29357798165137616,0.25396825396825395,1.4026503567787971
expert_2,655,midogpp-expert_2-659cc0218f9d168123a6585f,0.7759623373026863,192,0.2931297709923664,0.25396825396825395,1.4005089058524174
expert_2,656,midogpp-expert_2-658c24f7cfba8953196b005e,0.7758515646635281,192,0.2926829268292683,0.25396825396825395,1.3983739837398372
expert_2,657,midogpp-expert_2-a612f9fdac18b7229df742ac,0.7756854057047908,193,0.2937595129375951,0.2552910052910053,1.4035176729240655
expert_2,658,midogpp-expert_2-2c5d9b46a51a767841c96c98,0.7756300193852118,194,0.2948328267477204,0.2566137566137566,1.408645727794664
expert_2,659,midogpp-expert_2-e93e7f2d122dd5539174642f,0.7751315425090002,194,0.2943854324734446,0.2566137566137566,1.4065081773731243
expert_2,660,midogpp-expert_2-550be0c4fe27bd414e3b94d6,0.7743561340348933,195,0.29545454545454547,0.25793650793650796,1.4116161616161615
expert_2,661,midogpp-expert_2-5f8727cce7e2f3e86e64fcf6,0.7743007477153143,196,0.29652042360060515,0.25925925925925924,1.4167086905362245
expert_2,662,midogpp-expert_2-6d9433aa2a6b04e135c5af05,0.774079202436998,196,0.29607250755287007,0.25925925925925924,1.4145686471970458
expert_2,663,midogpp-expert_2-3edcfc4e01593a90b88bd552,0.7738576571586817,196,0.2956259426847662,0.25925925925925924,1.412435059493883
expert_2,664,midogpp-expert_2-ebca6f935dd4dba3ac351f7a,0.7733591802824702,196,0.29518072289156627,0.25925925925925924,1.4103078982597055
expert_2,665,midogpp-expert_2-e29fc19c8db9211498116768,0.7732484076433122,197,0.2962406015037594,0.2605820105820106,1.4153717627401838
expert_2,666,midogpp-expert_2-bd91ecb1dc055efac119760a,0.773193021323733,197,0.2957957957957958,0.2605820105820106,1.4132465799132465
expert_2,667,midogpp-expert_2-38beb4af9a38d9140efd53e7,0.7726391581279424,197,0.29535232383808097,0.2605820105820106,1.411127769448609
expert_2,668,midogpp-expert_2-36f2b7532fcc06ee1e1167f4,0.7724729991692052,198,0.2964071856287425,0.2619047619047619,1.4161676646706587
expert_2,669,midogpp-expert_2-c91718efa897916053d1883e,0.7724729991692052,198,0.29596412556053814,0.2619047619047619,1.414050822122571
expert_2,670,midogpp-expert_2-0c4ee7c26ce4dfdf18c7bd47,0.772306840210468,198,0.2955223880597015,0.2619047619047619,1.4119402985074625
expert_2,671,midogpp-expert_2-482892c237a94958ba161fe8,0.7721406812517309,198,0.29508196721311475,0.2619047619047619,1.4098360655737705
expert_2,672,midogpp-expert_2-b94e8e30397475b5829525be,0.7717529770146774,198,0.29464285714285715,0.2619047619047619,1.4077380952380951
expert_2,673,midogpp-expert_2-90e0853cb303aaabab298ef2,0.771420659097203,198,0.29420505200594355,0.2619047619047619,1.4056463595839523
expert_2,674,midogpp-expert_2-ee4ee614466a17925210ea5c,0.7711991138188867,198,0.29376854599406527,0.2619047619047619,1.403560830860534
expert_2,675,midogpp-expert_2-67ecab2480cf9a524c9eddd5,0.7708114095818333,199,0.2948148148148148,0.26322751322751325,1.4085596707818928
expert_2,676,midogpp-expert_2-7cf81dfd31d07afdb2d5c567,0.7707560232622542,199,0.2943786982248521,0.26322751322751325,1.4064760026298488
expert_2,677,midogpp-expert_2-22e4f2c2195695a6c1d9289c,0.7707006369426752,199,0.29394387001477107,0.26322751322751325,1.4043984900705728
expert_2,678,midogpp-expert_2-54e89ec6ac2fd102142f814b,0.7706452506230961,199,0.2935103244837758,0.26322751322751325,1.4023271058669287
expert_2,679,midogpp-expert_2-cf932fd066b6dd6e6366040c,0.7695375242315148,199,0.2930780559646539,0.26322751322751325,1.4002618229422352
expert_2,680,midogpp-expert_2-21ba3fe858f4ed58568b182d,0.7687621157574078,199,0.2926470588235294,0.26322751322751325,1.3982026143790849
expert_2,681,midogpp-expert_2-8d6aa8e969497783947c1983,0.7687621157574078,199,0.2922173274596182,0.26322751322751325,1.3961494534181758
expert_2,682,midogpp-expert_2-34be13390ee7c8a6619f07a6,0.7686513431182498,199,0.29178885630498536,0.26322751322751325,1.3941023134571522
expert_2,683,midogpp-expert_2-12a1c26c973b91014ab75209,0.7682636388811963,200,0.29282576866764276,0.26455026455026454,1.3990564503009597
expert_2,684,midogpp-expert_2-7145d8846d88ad135d7aa325,0.7682082525616174,200,0.29239766081871343,0.26455026455026454,1.397011046133853
expert_2,685,midogpp-expert_2-4825f19eebea4a202ce8cd01,0.7682082525616173,200,0.291970802919708,0.26455026455026454,1.394971613949716
expert_2,686,midogpp-expert_2-bd731d19f5e274c3ff7c988b,0.7676543893658266,201,0.29300291545189505,0.26587301587301587,1.3999028182701652
expert_2,687,midogpp-expert_2-0e2b588c5c6c6f479946ad00,0.7672666851287733,201,0.2925764192139738,0.26587301587301587,1.3978651140223193
expert_2,688,midogpp-expert_2-50e29a15fb9d84de32e201c3,0.7672666851287733,201,0.2921511627906977,0.26587301587301587,1.3958333333333333
expert_2,689,midogpp-expert_2-388a97905c7bcfa05e467889,0.7663805040155083,202,0.2931785195936139,0.2671957671957672,1.4007418158361553
expert_2,690,midogpp-expert_2-a4254e93e3201462c0a79489,0.7663805040155083,203,0.2942028985507246,0.26851851851851855,1.405636070853462
expert_2,691,midogpp-expert_2-c62876c29ac3b67e825a0c73,0.7663251176959291,203,0.2937771345875543,0.26851851851851855,1.4036018652516482
expert_2,692,midogpp-expert_2-2123068a71aaadefa5ea4338,0.766214345056771,203,0.29335260115606937,0.26851851851851855,1.4015735388567758
expert_2,693,midogpp-expert_2-2b6a6e295a4ec28709317743,0.7659374134588757,204,0.2943722943722944,0.2698412698412698,1.4064454064454064
expert_2,694,midogpp-expert_2-e7e6f9f1d2b58bdcbc0972d1,0.7659374134588757,204,0.29394812680115273,0.2698412698412698,1.4044188280499519
expert_2,695,midogpp-expert_2-f463e97b3bf2ce845876876e,0.7653281639435059,204,0.2935251798561151,0.2698412698412698,1.402398081534772
expert_2,696,midogpp-expert_2-105221902004406d41e36805,0.7652173913043478,204,0.29310344827586204,0.2698412698412698,1.400383141762452
expert_2,697,midogpp-expert_2-6860f603ad24424043753740,0.7647743007477154,205,0.29411764705882354,0.27116402116402116,1.4052287581699345
expert_2,698,midogpp-expert_2-73863ea6c6ddc8959eb8dccc,0.7646635281085572,205,0.29369627507163326,0.27116402116402116,1.403215536453359
expert_2,699,midogpp-expert_2-91e11122e78e638cd7d547e8,0.7646635281085572,206,0.2947067238912732,0.2724867724867725,1.4080432363694164
expert_2,700,midogpp-expert_2-31db6c627470fd44122a6a00,0.7643865965106619,206,0.29428571428571426,0.2724867724867725,1.4060317460317457
expert_2,701,midogpp-expert_2-3458fb06c89e1e170a25cc46,0.7628357795624481,207,0.29529243937232524,0.27380952380952384,1.4108416547788871
expert_2,702,midogpp-expert_2-44ffbb7706573d5ecf22a4da,0.7623373026862366,207,0.2948717948717949,0.27380952380952384,1.4088319088319088
expert_2,703,midogpp-expert_2-aef3342d47dcd6c37267d46e,0.7623373026862366,208,0.2958748221906117,0.2751322751322751,1.4136241504662557
expert_2,704,midogpp-expert_2-3848c250b996d1858da3c0ac,0.7622819163666574,209,0.296875,0.27645502645502645,1.4184027777777777
expert_2,705,midogpp-expert_2-8fbcd5e2aa05b8440a2e3842,0.7622265300470784,209,0.29645390070921984,0.27645502645502645,1.4163908589440504
expert_2,706,midogpp-expert_2-8fd834b9a309b782b8b54070,0.7619495984491831,209,0.29603399433427763,0.27645502645502645,1.4143846395971043
expert_2,707,midogpp-expert_2-0c3433c47797d76c710d334c,0.7617280531708668,209,0.2956152758132956,0.27645502645502645,1.4123840955524123
expert_2,708,midogpp-expert_2-87b1a885c58ba015ae240708,0.7617280531708668,210,0.2966101694915254,0.2777777777777778,1.4171374764595102
expert_2,709,midogpp-expert_2-0cbd7a7d3b37abee772dfc7a,0.7616172805317085,210,0.29619181946403383,0.2777777777777778,1.4151386929948282
expert_2,710,midogpp-expert_2-88a4f19ab123a20b5cacc28b,0.7613957352533924,210,0.29577464788732394,0.2777777777777778,1.4131455399061033
expert_2,711,midogpp-expert_2-7a53975d8782d13e42223a6a,0.7613403489338133,210,0.29535864978902954,0.2777777777777778,1.4111579934364744
expert_2,712,midogpp-expert_2-a340402204eb2d688f411d84,0.761008031016339,211,0.29634831460674155,0.2791005291005291,1.4158863920099873
expert_2,713,midogpp-expert_2-bbe7f72c823d7ea22d6fd64f,0.7607864857380228,211,0.2959326788218794,0.2791005291005291,1.4139005765934238
expert_2,714,midogpp-expert_2-ebf9d879eeeb9426ff313c70,0.7605649404597065,211,0.29551820728291317,0.2791005291005291,1.4119203236850295
expert_2,715,midogpp-expert_2-e77dc46dc5b5e6053a6c2968,0.7603987815009692,211,0.2951048951048951,0.2791005291005291,1.40994560994561
expert_2,716,midogpp-expert_2-34724a353925f12a0fcf9d33,0.7602326225422321,211,0.2946927374301676,0.2791005291005291,1.4079764121663563
expert_2,717,midogpp-expert_2-f3cf6d749a95507834d7ef55,0.760121849903074,211,0.29428172942817293,0.2791005291005291,1.4060127072679374
expert_2,718,midogpp-expert_2-892460cca1577179cd3b60a8,0.760066463583495,211,0.2938718662952646,0.2791005291005291,1.4040544722995976
expert_2,719,midogpp-expert_2-3aaf92ad5fb20a732996ac10,0.7600110772639158,212,0.2948539638386648,0.2804232804232804,1.4087467161180651
expert_2,720,midogpp-expert_2-84132d9ac503e83ce3abc229,0.7596787593464414,212,0.29444444444444445,0.2804232804232804,1.40679012345679
expert_2,721,midogpp-expert_2-292927e3d2f428e46bc618e2,0.7594018277485461,213,0.29542302357836336,0.28174603174603174,1.4114655570966248
expert_2,722,midogpp-expert_2-355667dd10e8653e6541017c,0.7590141235114927,214,0.296398891966759,0.2830687830687831,1.4161280393967375
expert_2,723,midogpp-expert_2-ffbba6152bbb92f64175acb3,0.7587925782331764,214,0.2959889349930844,0.2830687830687831,1.4141693560780697
expert_2,724,midogpp-expert_2-8acb2637dccd9348b8a40ab1,0.7586818055940183,215,0.2969613259668508,0.2843915343915344,1.4188152240638428
expert_2,725,midogpp-expert_2-39d6aec7807a6e446c22490a,0.7586264192744392,216,0.2979310344827586,0.2857142857142857,1.4234482758620688
expert_2,726,midogpp-expert_2-e7efa5c41f0f0b0e7ec6628d,0.7582387150373857,217,0.2988980716253444,0.28703703703703703,1.4280685644322009
expert_2,727,midogpp-expert_2-8f45810e97790af2f2640912,0.7578510108003322,217,0.2984869325997249,0.28703703703703703,1.4261042335320189
expert_2,728,midogpp-expert_2-67c560d741138ae1a0114c64,0.7577956244807533,217,0.2980769230769231,0.28703703703703703,1.424145299145299
expert_2,729,midogpp-expert_2-b0f5b00d4a590e1fa4610815,0.7577956244807533,217,0.29766803840877915,0.28703703703703703,1.422191739064167
expert_2,730,midogpp-expert_2-7b76d08b57d50b56819db423,0.7577402381611742,217,0.29726027397260274,0.28703703703703703,1.4202435312024353
expert_2,731,midogpp-expert_2-33bbe2014932771b0170cbc4,0.7576848518415952,217,0.2968536251709986,0.28703703703703703,1.418300653594771
expert_2,732,midogpp-expert_2-74986b7c186d53de0a6c1b85,0.757574079202437,218,0.2978142076502732,0.28835978835978837,1.422890103217972
expert_2,733,midogpp-expert_2-56f44a84114cc628c6d5b51b,0.7569094433674882,218,0.29740791268758526,0.28835978835978837,1.4209489161740183
expert_2,734,midogpp-expert_2-04cb9df002e84d98a0603e86,0.7564663528108556,218,0.2970027247956403,0.28835978835978837,1.4190130184680592
expert_2,735,midogpp-expert_2-dec8250b605581ff7490ecfc,0.7563555801716977,218,0.2965986394557823,0.28835978835978837,1.4170823885109598
expert_2,736,midogpp-expert_2-24f7e287cbd9a45db50e75b9,0.7556909443367488,218,0.296195652173913,0.28835978835978837,1.4151570048309177
expert_2,737,midogpp-expert_2-3969f627d5d47ea88c0f3f4f,0.7553586264192744,218,0.29579375848032563,0.28835978835978837,1.4132368460726668
expert_2,738,midogpp-expert_2-de9c95dad8c60c9276becb21,0.7553586264192744,219,0.2967479674796748,0.2896825396825397,1.4177958446251129
expert_2,739,midogpp-expert_2-3a5c6b4a3f470f21ae6bba6e,0.7553032400996954,219,0.2963464140730717,0.2896825396825397,1.4158773116824537
expert_2,740,midogpp-expert_2-c1884561e2ae08250b93f267,0.7550263085018001,219,0.2959459459459459,0.2896825396825397,1.4139639639639638
expert_2,741,midogpp-expert_2-d967e32350d12735dd41160e,0.7541955137081141,219,0.29554655870445345,0.2896825396825397,1.412055780476833
expert_2,742,midogpp-expert_2-956728ebdd51f281de1ae6e5,0.754195513708114,219,0.29514824797843664,0.2896825396825397,1.4101527403414194
expert_2,743,midogpp-expert_2-e608a8f43b1a481029df979e,0.7538078094710605,219,0.29475100942126514,0.2896825396825397,1.408254822790489
expert_2,744,midogpp-expert_2-3ed2572f92dff87e7b8214ef,0.7525339241207422,219,0.29435483870967744,0.2896825396825397,1.4063620071684588
expert_2,745,midogpp-expert_2-b1ae0c8260268c3cb8330a8c,0.752478537801163,219,0.29395973154362415,0.2896825396825397,1.4044742729306485
expert_2,746,midogpp-expert_2-4412329b556d085417c8abc9,0.7523677651620049,219,0.2935656836461126,0.2896825396825397,1.4025915996425378
expert_2,747,midogpp-expert_2-b5cdeeb94a9cbe90eb92496b,0.752312378842426,220,0.29451137884872824,0.291005291005291,1.407109921166146
expert_2,748,midogpp-expert_2-5ad6117b258c5a97a78aadeb,0.7518139019662143,220,0.29411764705882354,0.291005291005291,1.4052287581699345
expert_2,749,midogpp-expert_2-4e6684ff31a19097d49c3190,0.751647743007477,220,0.2937249666221629,0.291005291005291,1.4033526183058893
expert_2,750,midogpp-expert_2-bc16cf03a63f1fa2fc699750,0.7515923566878981,221,0.2946666666666667,0.2923280423280423,1.407851851851852
expert_2,751,midogpp-expert_2-bc36012a829c5a42383c8095,0.7510938798116865,221,0.29427430093209056,0.2923280423280423,1.4059772155644326
expert_2,752,midogpp-expert_2-df003f95cf964592d7673704,0.7509277208529493,221,0.29388297872340424,0.2923280423280423,1.4041075650118202
expert_2,753,midogpp-expert_2-e35335387962d600d83a78f8,0.7504846302963168,222,0.2948207171314741,0.29365079365079366,1.4085878707392652
expert_2,754,midogpp-expert_2-e4076952ec836a85e2ac2ec1,0.7504846302963167,222,0.29442970822281167,0.29365079365079366,1.4067197170645447
expert_2,755,midogpp-expert_2-e2c6e5ba86b723d7d1dcd05b,0.7502630850180005,223,0.295364238410596,0.294973544973545,1.411184694628403
expert_2,756,midogpp-expert_2-96af3f0be33e3750e3f2bbde,0.7501523123788425,223,0.294973544973545,0.294973544973545,1.4093180482069372
expert_2,757,midogpp-expert_2-992b5d65bf83e046cad8cb91,0.7499861534201053,223,0.29458388375165123,0.294973544973545,1.4074563334801113
expert_2,758,midogpp-expert_2-29b66eefaf006323ac610e9f,0.7499307671005262,223,0.2941952506596306,0.294973544973545,1.405599530929346
expert_2,759,midogpp-expert_2-e5c4be333677609b7a0e7309,0.7498753807809471,223,0.2938076416337286,0.294973544973545,1.4037476211389253
expert_2,760,midogpp-expert_2-cce78998e21490accde8b2c1,0.7492107449459984,223,0.29342105263157897,0.294973544973545,1.4019005847953216
expert_2,761,midogpp-expert_2-6667a74b380864e6ed765651,0.7491553586264192,223,0.29303547963206306,0.294973544973545,1.4000584026865235
expert_2,762,midogpp-expert_2-cd0f7906a5be24c213d8dad5,0.7491553586264192,223,0.2926509186351706,0.294973544973545,1.3982210557013706
expert_2,763,midogpp-expert_2-9e57f5129f38a377bb630c22,0.7484353364718914,224,0.29357798165137616,0.2962962962962963,1.4026503567787971
expert_2,764,midogpp-expert_2-5c0b33a92a230d0f8ebd2f8f,0.7483245638327334,225,0.29450261780104714,0.2976190476190476,1.4070680628272252
expert_2,765,midogpp-expert_2-effbd40f705060daad83d5b2,0.7482137911935751,225,0.29411764705882354,0.2976190476190476,1.4052287581699345
expert_2,766,midogpp-expert_2-e464edce4590a9c57ef2a48c,0.7479368595956799,225,0.293733681462141,0.2976190476190476,1.4033942558746737
expert_2,767,midogpp-expert_2-27e96cc4af6c15bf66042b48,0.7477153143173636,225,0.29335071707953064,0.2976190476190476,1.4015645371577574
expert_2,768,midogpp-expert_2-a62c9bd2a4c84fec8b659e9c,0.7472722237607311,225,0.29296875,0.2976190476190476,1.3997395833333333
expert_2,769,midogpp-expert_2-b6b1293b8d405cc75ba43fcd,0.7469952921628358,226,0.293888166449935,0.29894179894179895,1.404132350816356
expert_2,770,midogpp-expert_2-d8bdf116c4b84b61b4699527,0.7467183605649405,227,0.2948051948051948,0.3002645502645503,1.4085137085137083
expert_2,771,midogpp-expert_2-5425d543fa038b08ff6d64c4,0.746275270008308,227,0.29442282749675747,0.3002645502645503,1.4066868424845078
expert_2,772,midogpp-expert_2-109d337c75acf70875a00c06,0.745389088895043,227,0.29404145077720206,0.3002645502645503,1.4048647092688542
expert_2,773,midogpp-expert_2-cf16adfafc6ba5ead9dabac9,0.7450013846579895,227,0.2936610608020699,0.3002645502645503,1.4030472904987783
expert_2,774,midogpp-expert_2-5437ff83c83283af0ecf2ace,0.7447244530600943,227,0.29328165374677,0.3002645502645503,1.4012345679012344
expert_2,775,midogpp-expert_2-da8bc148a5a4a15b4908e2eb,0.7446690667405151,228,0.29419354838709677,0.30158730158730157,1.4055913978494623
expert_2,776,midogpp-expert_2-4c397ddfaa5785c6ce10a72f,0.7444475214621988,228,0.29381443298969073,0.30158730158730157,1.4037800687285222
expert_2,777,midogpp-expert_2-08e6dbd631fb6680efbf5403,0.7443921351426198,228,0.29343629343629346,0.30158730158730157,1.401973401973402
expert_2,778,midogpp-expert_2-d1c9913278dbdc518fc701ff,0.7441705898643035,229,0.2943444730077121,0.3029100529100529,1.4063124821479578
expert_2,779,midogpp-expert_2-69c219f7ab220b15f21c6906,0.7440598172251455,229,0.2939666238767651,0.3029100529100529,1.4045072029667665
expert_2,780,midogpp-expert_2-b76e181ea869a3edc4d97eab,0.743727499307671,229,0.2935897435897436,0.3029100529100529,1.4027065527065528
expert_2,781,midogpp-expert_2-49135664069ff6702473c8a4,0.743616726668513,229,0.293213828425096,0.3029100529100529,1.4009105135865698
expert_2,782,midogpp-expert_2-de941e950368c0c060682c9c,0.7436167266685129,229,0.2928388746803069,0.3029100529100529,1.3991190679170218
expert_2,783,midogpp-expert_2-2003ad262b14ccdac4c51711,0.7435613403489338,229,0.29246487867177523,0.3029100529100529,1.3973321980984816
expert_2,784,midogpp-expert_2-79b9322367f1d06c90d47711,0.7434505677097757,230,0.29336734693877553,0.30423280423280424,1.4016439909297052
expert_2,785,midogpp-expert_2-188aeace01f5542a8c58f7f6,0.7433397950706175,230,0.2929936305732484,0.30423280423280424,1.399858457183298
expert_2,786,midogpp-expert_2-8a53711490ffffd5a87eebd6,0.7427859318748269,230,0.2926208651399491,0.30423280423280424,1.3980774667797569
expert_2,787,midogpp-expert_2-f8b8e6bc5f209e4ee34bc16d,0.7425090002769316,230,0.29224904701397714,0.30423280423280424,1.396301002400113
expert_2,788,midogpp-expert_2-20ebe7504f8b44fd17975cfa,0.74201052340072,230,0.2918781725888325,0.30423280423280424,1.3945290468133107
expert_2,789,midogpp-expert_2-0c2db80e6135973ad1a9ccbf,0.7418997507615619,230,0.2915082382762991,0.30423280423280424,1.3927615828756512
expert_2,790,midogpp-expert_2-e29d951e15eaa9a0d104e848,0.7415120465245084,230,0.2911392405063291,0.30423280423280424,1.390998593530239
expert_2,791,midogpp-expert_2-2376149a7c41269c511eec4d,0.7412351149266131,230,0.29077117572692796,0.30423280423280424,1.3892400618064336
expert_2,792,midogpp-expert_2-9e9c427645226e996b641f57,0.7410689559678758,230,0.2904040404040404,0.30423280423280424,1.387485970819304
expert_2,793,midogpp-expert_2-91414808fdf2f4536369cede,0.7409027970091387,230,0.2900378310214376,0.30423280423280424,1.3857363037690906
expert_2,794,midogpp-expert_2-418fc81fbef6a99db5a40986,0.7408474106895597,230,0.28967254408060455,0.30423280423280424,1.3839910439406662
expert_2,795,midogpp-expert_2-978ced05eef8293c795afc9f,0.7407366380504016,230,0.2893081761006289,0.30423280423280424,1.3822501747030047
expert_2,796,midogpp-expert_2-855d3c18b08cfd7c8962cd36,0.7401273885350319,230,0.2889447236180904,0.30423280423280424,1.3805136795086541
expert_2,797,midogpp-expert_2-8fd8c5afa8d21f7b439dbdcc,0.7399612295762947,230,0.28858218318695106,0.30423280423280424,1.3787815418932106
expert_2,798,midogpp-expert_2-9a906e2cc54aafca7e0316dc,0.7397950706175574,230,0.2882205513784461,0.30423280423280424,1.377053745474798
expert_2,799,midogpp-expert_2-63c19cbe1161c8d712758196,0.7392412074217668,230,0.2878598247809762,0.30423280423280424,1.375330273953553
expert_2,800,midogpp-expert_2-10f85af6f25c0d3b37c47e7b,0.7391304347826086,231,0.28875,0.3055555555555556,1.3795833333333334
expert_2,801,midogpp-expert_2-e39965ac2175369da3bc9bb1,0.7387427305455552,231,0.2883895131086142,0.3055555555555556,1.37786100707449
expert_2,802,midogpp-expert_2-d499c451e918065c44b5d9d6,0.7385211852672391,231,0.2880299251870324,0.3055555555555556,1.3761429758935992
expert_2,803,midogpp-expert_2-0a22bb40b4e30c5da95da1f2,0.7383550263085019,231,0.2876712328767123,0.3055555555555556,1.374429223744292
expert_2,804,midogpp-expert_2-2fabf489b007ad17f8e6e4ac,0.7382996399889228,231,0.2873134328358209,0.3055555555555556,1.372719734660033
expert_2,805,midogpp-expert_2-2e571d8dd9c6f8301ea8ff3f,0.7382442536693438,231,0.28695652173913044,0.3055555555555556,1.3710144927536232
expert_2,806,midogpp-expert_2-9887807d6bd96c96de0f8a25,0.737690390473553,232,0.2878411910669975,0.30687830687830686,1.375241246208988
expert_2,807,midogpp-expert_2-5ddad8e6fca4fc3a931a948c,0.7374688451952367,232,0.2874845105328377,0.30687830687830686,1.3735371058791133
expert_2,808,midogpp-expert_2-5bba76a42d866f40f9c2bb28,0.7371919135973415,233,0.28836633663366334,0.3082010582010582,1.3777502750275026
expert_2,809,midogpp-expert_2-2c7193482a35ad4e4f63441b,0.7366934367211299,234,0.2892459826946848,0.30952380952380953,1.3819530284301607
expert_2,810,midogpp-expert_2-4e13dea8e1546595afc90a8c,0.7360288008861812,234,0.28888888888888886,0.30952380952380953,1.3802469135802466
expert_2,811,midogpp-expert_2-031281ff79ca551282527bd8,0.7358072556078649,235,0.28976572133168926,0.31084656084656087,1.384436224140293
expert_2,812,midogpp-expert_2-7d5e7071876c84d64cbbe057,0.7353087787316532,236,0.29064039408866993,0.31216931216931215,1.388615216201423
expert_2,813,midogpp-expert_2-ed06d1af2f9a20370434bf54,0.7349764608141789,237,0.2915129151291513,0.3134920634920635,1.3927839278392782
expert_2,814,midogpp-expert_2-a34fddf5c97834239551adc0,0.7349210744945999,237,0.29115479115479115,0.3134920634920635,1.391072891072891
expert_2,815,midogpp-expert_2-6ce619d845c989659243018d,0.7345887565771254,238,0.2920245398773006,0.3148148148148148,1.3952283571915471
expert_2,816,midogpp-expert_2-13d13059799375aaf82c50a7,0.7342564386596511,239,0.2928921568627451,0.31613756613756616,1.3993736383442266
expert_2,817,midogpp-expert_2-1609f86d0cb029dcd31ff17f,0.734145666020493,239,0.29253365973072215,0.31613756613756616,1.3976608187134503
expert_2,818,midogpp-expert_2-3061a6f033b3f0753130b7ac,0.7333702575463861,239,0.2921760391198044,0.31613756613756616,1.395952186905732
expert_2,819,midogpp-expert_2-609fe398670d045d11482ef7,0.7329271669897535,239,0.29181929181929184,0.31613756613756616,1.394247727581061
expert_2,820,midogpp-expert_2-e2b11bb32d51a7f796605618,0.7328163943505954,239,0.2914634146341463,0.31613756613756616,1.3925474254742545
expert_2,821,midogpp-expert_2-db2bed4f5a7d0721c2194ee3,0.732428690113542,240,0.292326431181486,0.31746031746031744,1.3966707267559886
expert_2,822,midogpp-expert_2-8768d9d442ec918692d8418f,0.7314317363611188,241,0.29318734793187345,0.3187830687830688,1.4007839956745065
expert_2,823,midogpp-expert_2-575ce7d51b1ef29f8c7c4972,0.7312101910828026,241,0.2928311057108141,0.3187830687830688,1.3990819495072229
expert_2,824,midogpp-expert_2-7da9d66ffd627e5ed714d4e4,0.7311548047632235,242,0.2936893203883495,0.3201058201058201,1.4031823085221142
expert_2,825,midogpp-expert_2-c59fc9170f65c138fa18b8c5,0.7310994184436443,242,0.29333333333333333,0.3201058201058201,1.4014814814814813
expert_2,826,midogpp-expert_2-ff2f23818daad04abbd9b097,0.730656327887012,242,0.2929782082324455,0.3201058201058201,1.3997847726661286
expert_2,827,midogpp-expert_2-4473adea7542d499499a7e20,0.7303240099695376,242,0.2926239419588875,0.3201058201058201,1.398092167136907
expert_2,828,midogpp-expert_2-02b522087b3d96cfac486a2e,0.7300470783716422,242,0.2922705314009662,0.3201058201058201,1.3964036500268384
expert_2,829,midogpp-expert_2-39920b9b841fb53683947c1e,0.7299916920520632,242,0.29191797346200243,0.3201058201058201,1.3947192065406782
expert_2,830,midogpp-expert_2-8a1cefaec2bd14a7f27d52a1,0.7298255330933259,243,0.2927710843373494,0.32142857142857145,1.3987951807228913
expert_2,831,midogpp-expert_2-8c8fd609049648618d031de5,0.7294932151758516,243,0.2924187725631769,0.32142857142857145,1.3971119133574006
expert_2,832,midogpp-expert_2-4c850eec62cadd125cd9a86c,0.728883965660482,243,0.2920673076923077,0.32142857142857145,1.3954326923076923
expert_2,833,midogpp-expert_2-94468b3fefe7218b7641e7d2,0.7288839656604819,243,0.2917166866746699,0.32142857142857145,1.3937575030012004
expert_2,834,midogpp-expert_2-9a4d5a91fbdfe8031d07deed,0.7288285793409028,243,0.29136690647482016,0.32142857142857145,1.3920863309352518
expert_2,835,midogpp-expert_2-2c97a0b34cf54b68bc1dbdee,0.7286070340625865,244,0.29221556886227545,0.32275132275132273,1.3961410512308716
expert_2,836,midogpp-expert_2-11dc14c6fe742a625b02148f,0.7283854887842703,244,0.291866028708134,0.32275132275132273,1.3944710260499735
expert_2,837,midogpp-expert_2-894fdc08af7b642b56ea143c,0.7283854887842702,245,0.2927120669056153,0.32407407407407407,1.3985132085490508
expert_2,838,midogpp-expert_2-c1d9b1c3feeae51ba750ba9e,0.7283854887842702,246,0.2935560859188544,0.3253968253968254,1.4025457438345266
expert_2,839,midogpp-expert_2-f9841acee05f4ced0e6bbece,0.7278870119080587,246,0.2932061978545888,0.3253968253968254,1.4008740564163686
expert_2,840,midogpp-expert_2-34aa10c8421b4c8e2236b81e,0.7265577402381611,247,0.29404761904761906,0.32671957671957674,1.4048941798941799
expert_2,841,midogpp-expert_2-c3c7682c26012fc43cd7026c,0.7259484907227916,247,0.29369797859690844,0.32671957671957674,1.4032236755185625
expert_2,842,midogpp-expert_2-dd368f15c02a7193e90c77c4,0.7256715591248962,247,0.29334916864608074,0.32671957671957674,1.4015571390868302
expert_2,843,midogpp-expert_2-2ebf42dfc94f92d00ad74a81,0.7255054001661589,247,0.2930011862396204,0.32671957671957674,1.3998945564781864
expert_2,844,midogpp-expert_2-a3256fd640a3674f2b101e07,0.7251730822486846,247,0.29265402843601895,0.32671957671957674,1.3982359136387572
expert_2,845,midogpp-expert_2-ed4ac26ca522e27353bf118a,0.7248961506507892,247,0.2923076923076923,0.32671957671957674,1.3965811965811965
expert_2,846,midogpp-expert_2-f1388ddf8b426a47be80dc8b,0.7243976737745776,247,0.2919621749408983,0.32671957671957674,1.3949303913842919
expert_2,847,midogpp-expert_2-82eda09dbf324c0f508c7415,0.7242869011354196,248,0.29279811097992914,0.328042328042328,1.398924308015217
expert_2,848,midogpp-expert_2-e5dd6ba40bf50673fe76fd19,0.7239545832179451,248,0.29245283018867924,0.328042328042328,1.3972746331236896
expert_2,849,midogpp-expert_2-90accce9e13a2921a31281a1,0.7236222653004707,248,0.2921083627797409,0.328042328042328,1.3956288443920952
expert_2,850,midogpp-expert_2-f537e195931ddc195e40df43,0.7232345610634173,248,0.2917647058823529,0.328042328042328,1.393986928104575
expert_2,851,midogpp-expert_2-ee181deb9b146fa6ad805053,0.7230684021046803,248,0.29142185663924797,0.328042328042328,1.3923488706097402
expert_2,852,midogpp-expert_2-aa182f318b2737120a3a7065,0.7230684021046802,249,0.29225352112676056,0.32936507936507936,1.396322378716745
expert_2,853,midogpp-expert_2-e52704f5e5c765fe4e5d5569,0.722957629465522,249,0.29191090269636577,0.32936507936507936,1.3946854239937474
expert_2,854,midogpp-expert_2-8a5306a597e2374687b856c8,0.7228468568263638,250,0.2927400468384075,0.3306878306878307,1.398646890450169
expert_2,855,midogpp-expert_2-670cb3749c94e9b1f0b6d0cc,0.7226806978676267,250,0.29239766081871343,0.3306878306878307,1.397011046133853
expert_2,856,midogpp-expert_2-0654acfcdf749412da3aeb20,0.7215175851564664,251,0.2932242990654206,0.33201058201058203,1.4009605399792315
expert_2,857,midogpp-expert_2-69fef2668ee0d6b3c4923c4c,0.720299086125727,252,0.294049008168028,0.3333333333333333,1.4049008168028003
expert_2,858,midogpp-expert_2-9370880d6eabd2cd3a977ab2,0.7196898366103572,253,0.2948717948717949,0.33465608465608465,1.4088319088319088
expert_2,859,midogpp-expert_2-db720a5a95c5991b20303ccd,0.7192467460537246,253,0.29452852153667053,0.33465608465608465,1.407191825119648
expert_2,860,midogpp-expert_2-7eb2fce00baf2e286bbecb78,0.7190252007754084,253,0.2941860465116279,0.33465608465608465,1.4055555555555554
expert_2,861,midogpp-expert_2-01c1019c07aa7821288d4b98,0.7189698144558294,253,0.2938443670150987,0.33465608465608465,1.403923086849916
expert_2,862,midogpp-expert_2-9b56e3adf9cced4679abee8f,0.7186928828579342,254,0.29466357308584684,0.335978835978836,1.4078370714101571
expert_2,863,midogpp-expert_2-0159715bfdbb25e07dc1a325,0.718526723899197,255,0.2954808806488992,0.3373015873015873,1.4117419853225184
expert_2,864,midogpp-expert_2-90c9b5a5975d2d6637f0cd07,0.7181390196621434,256,0.2962962962962963,0.3386243386243386,1.4156378600823043
expert_2,865,midogpp-expert_2-a36a24f87cae07dd27405f34,0.7179728607034062,257,0.2971098265895954,0.33994708994708994,1.419524727039178
expert_2,866,midogpp-expert_2-de51038e72aef4e85dc87ac4,0.7174189975076156,257,0.2967667436489607,0.33994708994708994,1.417885552989479
expert_2,867,midogpp-expert_2-c1bc07341eef4080847c2db1,0.7172528385488783,257,0.2964244521337947,0.33994708994708994,1.4162501601947968
expert_2,868,midogpp-expert_2-3168914b2830ed4c74388ec1,0.7169759069509831,258,0.29723502304147464,0.3412698412698413,1.4201228878648233
expert_2,869,midogpp-expert_2-a60679f0a638b9f5f276d6e7,0.7169759069509831,258,0.29689298043728424,0.3412698412698413,1.418488684311469
expert_2,870,midogpp-expert_2-500972f88813e32395a7f6d2,0.7166435890335088,258,0.296551724137931,0.3412698412698413,1.4168582375478926
expert_2,871,midogpp-expert_2-495436333a370deea7de6aa4,0.7161451121572971,259,0.2973593570608496,0.3425925925925926,1.4207169281796146
expert_2,872,midogpp-expert_2-506f817549c7d2c5a19e46ab,0.7156466352810855,259,0.29701834862385323,0.3425925925925926,1.4190876656472986
expert_2,873,midogpp-expert_2-1c5cf78f4459988668bd40aa,0.7153697036831903,259,0.29667812142038946,0.3425925925925926,1.417462135675194
expert_2,874,midogpp-expert_2-c5a92cac0f7378e3d5ab4b48,0.715148158404874,259,0.2963386727688787,0.3425925925925926,1.4158403254513092
expert_2,875,midogpp-expert_2-eabec5166e4ce429217a634e,0.715148158404874,259,0.296,0.3425925925925926,1.414222222222222
expert_2,876,midogpp-expert_2-b81e8737430e59a31f4611fa,0.715037385765716,259,0.295662100456621,0.3425925925925926,1.4126078132927447
expert_2,877,midogpp-expert_2-3f3452aaf2107706b80947c5,0.7150373857657158,259,0.2953249714937286,0.3425925925925926,1.4109970860255923
expert_2,878,midogpp-expert_2-7cbc0006b7ffbccef0e2b13b,0.7148712268069787,259,0.2949886104783599,0.3425925925925926,1.4093900278410527
expert_2,879,midogpp-expert_2-63f894ad3d422b5c8d6a3a69,0.7148158404873997,259,0.29465301478953354,0.3425925925925926,1.4077866262166603
expert_2,880,midogpp-expert_2-6e11bc94bb48680ead1fc3fd,0.7148158404873997,259,0.2943181818181818,0.3425925925925926,1.4061868686868686
expert_2,881,midogpp-expert_2-29e3b433f134049e6e0de2d8,0.7146496815286625,259,0.2939841089670829,0.3425925925925926,1.4045907428427293
expert_2,882,midogpp-expert_2-dd0043991ce556c332f86297,0.7140958183328718,260,0.2947845804988662,0.3439153439153439,1.4084152179390272
expert_2,883,midogpp-expert_2-7f9740e5940d60f7f6315705,0.7138742730545555,260,0.2944507361268403,0.3439153439153439,1.406820183717126
expert_2,884,midogpp-expert_2-6f2be805a44caea0a485a589,0.7137635004153974,260,0.29411764705882354,0.3439153439153439,1.4052287581699345
expert_2,885,midogpp-expert_2-c2ebed60b1c1697547e1dab9,0.7119911381888674,261,0.29491525423728815,0.34523809523809523,1.4090395480225988
expert_2,886,midogpp-expert_2-279968711a88f5393ca8f112,0.7118249792301301,262,0.29571106094808125,0.34656084656084657,1.4128417356408325
expert_2,887,midogpp-expert_2-9cad28ec5a76986ff6a47c3d,0.7116588202713929,263,0.2965050732807215,0.3478835978835979,1.4166353501190028
expert_2,888,midogpp-expert_2-1021c5704a7642bf4ec67a36,0.7114926613126558,263,0.29617117117117114,0.3478835978835979,1.4150400400400398
expert_2,889,midogpp-expert_2-236d778309697162fe0eb66a,0.7112711160343395,264,0.296962879640045,0.3492063492063492,1.4188226471691037
expert_2,890,midogpp-expert_2-fcee916276af235e101a2c41,0.7111603433951814,264,0.2966292134831461,0.3492063492063492,1.4172284644194757
expert_2,891,midogpp-expert_2-5c4247faafeef21483c3d1a0,0.7110495707560234,264,0.2962962962962963,0.3492063492063492,1.4156378600823043
expert_2,892,midogpp-expert_2-fde0de5dac74e789dfff0474,0.7110495707560233,264,0.29596412556053814,0.3492063492063492,1.414050822122571
expert_2,893,midogpp-expert_2-9f396a55b33e2f3c7724b047,0.7105510938798117,265,0.2967525195968645,0.3505291005291005,1.4178175936294637
expert_2,894,midogpp-expert_2-c475998b0fb80d7d7b060c71,0.7104957075602327,265,0.29642058165548096,0.3505291005291005,1.4162316679095202
expert_2,895,midogpp-expert_2-a5696f0c736603f1bea7013e,0.7092772085294933,266,0.29720670391061454,0.35185185185185186,1.4199875853507138
expert_2,896,midogpp-expert_2-bdd5f7dbdab620052db14f94,0.7092772085294932,267,0.29799107142857145,0.3531746031746032,1.423735119047619
expert_2,897,midogpp-expert_2-80fb05df3402fac2ee23d94d,0.7090556632511769,268,0.2987736900780379,0.3544973544973545,1.4274742970395142
expert_2,898,midogpp-expert_2-ddf58be7665d67e29539b56f,0.709000276931598,268,0.2984409799554566,0.3544973544973545,1.4258846820094038
expert_2,899,midogpp-expert_2-b6dcdc4ffe2cf9a6ea24102b,0.7089448906120188,268,0.29810901001112344,0.3544973544973545,1.4242986033864786
expert_2,900,midogpp-expert_2-3e40a73339f26c31f7c7b3c7,0.7087233453337025,268,0.29777777777777775,0.3544973544973545,1.4227160493827158
expert_2,901,midogpp-expert_2-2d0c23ff6155ae25f0598763,0.7085571863749653,268,0.2974472807991121,0.3544973544973545,1.4211370082624244
expert_2,902,midogpp-expert_2-d1d02f007c6f8da48236c952,0.7085018000553863,268,0.29711751662971175,0.3544973544973545,1.4195614683419562
expert_2,903,midogpp-expert_2-be562afad52605b0e03a2643,0.7083356410966491,268,0.2967884828349945,0.3544973544973545,1.417989417989418
expert_2,904,midogpp-expert_2-71b774caf6c60a0525397bfd,0.7080587094987538,269,0.2975663716814159,0.3558201058201058,1.4217059980334315
expert_2,905,midogpp-expert_2-efae9e6aa17aab5dc215d13f,0.7075048463029632,269,0.2972375690607735,0.3558201058201058,1.420135052179251
expert_2,906,midogpp-expert_2-6e9e6c1e4521605868f3d996,0.707338687344226,269,0.2969094922737307,0.3558201058201058,1.4185675741967132
expert_2,907,midogpp-expert_2-b6e7b570dadde6421880c194,0.7063971199113819,270,0.29768467475192945,0.35714285714285715,1.4222712238147739
expert_2,908,midogpp-expert_2-9b2928c3eb0b37152bdc22ea,0.7059540293547494,270,0.2973568281938326,0.35714285714285715,1.4207048458149778
expert_2,909,midogpp-expert_2-39c84a80abbce7c798ef4343,0.7057324840764332,270,0.297029702970297,0.35714285714285715,1.419141914191419
expert_2,910,midogpp-expert_2-18f2930f9cced089b717e34e,0.7055109387981169,270,0.2967032967032967,0.35714285714285715,1.4175824175824174
expert_2,911,midogpp-expert_2-1da7d5ee94b647cb860b3407,0.7050124619219054,270,0.29637760702524696,0.35714285714285715,1.4160263446761798
expert_2,912,midogpp-expert_2-63004f11c318de6c67d8e6aa,0.7049570756023262,270,0.29605263157894735,0.35714285714285715,1.414473684210526
expert_2,913,midogpp-expert_2-fe2c63cdcd42331588ca14dd,0.7046801440044308,270,0.29572836801752467,0.35714285714285715,1.4129244249726178
expert_2,914,midogpp-expert_2-1ab37467996ad5f143ace98f,0.7045693713652728,270,0.29540481400437635,0.35714285714285715,1.4113785557986869
expert_2,915,midogpp-expert_2-ea593ba00adf9e7dbbe45e07,0.7045139850456936,271,0.29617486338797816,0.3584656084656085,1.4150576806314512
expert_2,916,midogpp-expert_2-24817602a4e944fc27975719,0.7038493492107449,271,0.29585152838427947,0.3584656084656085,1.413512857836002
expert_2,917,midogpp-expert_2-9903180805c866632d6acd6c,0.7036831902520078,271,0.2955288985823337,0.3584656084656085,1.4119714043378166
expert_2,918,midogpp-expert_2-ae94b8fb336759e70b64a673,0.7033508723345334,271,0.29520697167755994,0.3584656084656085,1.4104333091261196
expert_2,919,midogpp-expert_2-d2dd54b198773f576ff597e3,0.7032400996953753,271,0.29488574537540807,0.3584656084656085,1.4088985612380607
expert_2,920,midogpp-expert_2-0ca5a34ab08232382dde9435,0.7026862364995846,271,0.29456521739130437,0.3584656084656085,1.4073671497584541
expert_2,921,midogpp-expert_2-b505ef709ff19c2b0c7c3098,0.7026308501800056,271,0.2942453854505972,0.3584656084656085,1.40583906381952
expert_2,922,midogpp-expert_2-a609a760dd4ecc89e358bb0d,0.7024646912212684,271,0.29392624728850325,0.3584656084656085,1.4043142926006267
expert_2,923,midogpp-expert_2-9cb177cf7c14ec96b5ab57f4,0.7024093049016893,271,0.29360780065005415,0.3584656084656085,1.4027928253280364
expert_2,924,midogpp-expert_2-ea66be485903718ea51d0b7b,0.7018554417058986,271,0.29329004329004327,0.3584656084656085,1.401274651274651
expert_2,925,midogpp-expert_2-bc990ac5248fa60a7d7dfdf2,0.7018000553863195,272,0.29405405405405405,0.35978835978835977,1.404924924924925
expert_2,926,midogpp-expert_2-3463d49da43c156094f12505,0.701356964829687,272,0.2937365010799136,0.35978835978835977,1.4034077273818095
expert_2,927,midogpp-expert_2-7865917b0bd8429dc51214b9,0.7010800332317917,272,0.29341963322545844,0.35978835978835977,1.4018938031883015
expert_2,928,midogpp-expert_2-c0b9d6e45b17f3b347ff7eaa,0.7007477153143173,272,0.29310344827586204,0.35978835978835977,1.400383141762452
expert_2,929,midogpp-expert_2-92718afc2ed6f569a4a7d62b,0.6998061478814732,272,0.29278794402583425,0.35978835978835977,1.3988757325678747
expert_2,930,midogpp-expert_2-1cf72df5e7090ca1a9858169,0.6991968983661035,272,0.2924731182795699,0.35978835978835977,1.3973715651135006
expert_2,931,midogpp-expert_2-8c063f5031417feb5ec02e6b,0.6990861257269454,272,0.2921589688506982,0.35978835978835977,1.3958706289533358
expert_2,932,midogpp-expert_2-783b5753071f1846f4a07280,0.6988645804486292,272,0.2918454935622318,0.35978835978835977,1.3943729136862184
expert_2,933,midogpp-expert_2-97e6458487ac776e5588ef20,0.6988645804486292,273,0.29260450160771706,0.3611111111111111,1.3979992854590926
expert_2,934,midogpp-expert_2-b6ee06cac34db795cd6be477,0.6988645804486291,273,0.29229122055674517,0.3611111111111111,1.3965024982155603
expert_2,935,midogpp-expert_2-0dede3ac1ea48263083b147d,0.6988091941290502,274,0.293048128342246,0.36243386243386244,1.400118835412953
expert_2,936,midogpp-expert_2-d6c1f81e5df57d216b78ba35,0.6986430351703129,274,0.29273504273504275,0.36243386243386244,1.3986229819563152
expert_2,937,midogpp-expert_2-2019f5e21c0749d81ce7a5f9,0.6979230130157851,274,0.29242262540021347,0.36243386243386244,1.3971303213565753
expert_2,938,midogpp-expert_2-7e8bcc5bee037eefe0e40009,0.6975906950983108,274,0.2921108742004264,0.36243386243386244,1.3956408434020373
expert_2,939,midogpp-expert_2-d004caa79d19a1a08b91a569,0.6972583771808364,274,0.29179978700745474,0.36243386243386244,1.394154537924506
expert_2,940,midogpp-expert_2-7e80c7f3dcff4b4a29ecd06d,0.6972029908612573,274,0.29148936170212764,0.36243386243386244,1.392671394799054
expert_2,941,midogpp-expert_2-a2c3196ffadccab62b2944db,0.6969260592633619,274,0.2911795961742827,0.36243386243386244,1.391191403943795
expert_2,942,midogpp-expert_2-0887076472824a604b90ce27,0.6963721960675713,274,0.2908704883227176,0.36243386243386244,1.3897145553196508
expert_2,943,midogpp-expert_2-1734b55cfd60e6ba94fd31c4,0.6955414012738853,274,0.29056203605514314,0.36243386243386244,1.3882408389301282
expert_2,944,midogpp-expert_2-498eb653ebf4d0c5fe57c646,0.6954860149543063,274,0.2902542372881356,0.36243386243386244,1.3867702448210921
expert_2,945,midogpp-expert_2-8e28f24abeb03a99782b9945,0.6954306286347272,275,0.291005291005291,0.3637566137566138,1.3903586125808347
expert_2,946,midogpp-expert_2-ff4bbb14e0a1c12d76fadfb7,0.6948213791193575,275,0.29069767441860467,0.3637566137566138,1.3888888888888888
expert_2,947,midogpp-expert_2-68fd9fbd0dadaa3714b25981,0.6947659927997785,276,0.2914466737064414,0.36507936507936506,1.3924674410418867
expert_2,948,midogpp-expert_2-c46902fa36096e801c918257,0.6944336748823041,276,0.2911392405063291,0.36507936507936506,1.390998593530239
expert_2,949,midogpp-expert_2-4dfa26233e7246809181dc49,0.6938798116865135,276,0.29083245521601686,0.36507936507936506,1.389532841587636
expert_2,950,midogpp-expert_2-71d7929cce2d1ef3caa7a01f,0.6937136527277763,277,0.29157894736842105,0.3664021164021164,1.3930994152046783
expert_2,951,midogpp-expert_2-44565dbac1682365c7c1f56a,0.6930490168928275,277,0.2912723449001052,0.3664021164021164,1.391634536744947
expert_2,952,midogpp-expert_2-84fb4148c4c6250e4d1a0f5b,0.6929382442536693,277,0.29096638655462187,0.3664021164021164,1.390172735760971
expert_2,953,midogpp-expert_2-cafe353f360059db99a69bb1,0.6928274716145112,278,0.291710388247639,0.36772486772486773,1.3937274105164974
expert_2,954,midogpp-expert_2-de299cc975b6063d18c59011,0.6923289947382996,278,0.2914046121593291,0.36772486772486773,1.3922664803167946
expert_2,955,midogpp-expert_2-e56a04ef0c99b19218c56fee,0.6923289947382996,278,0.29109947643979056,0.36772486772486773,1.390808609656777
expert_2,956,midogpp-expert_2-1370304aa6ca28b46f74c433,0.6920520631404043,279,0.2918410041841004,0.36904761904761907,1.3943514644351465
expert_2,957,midogpp-expert_2-a8ac3286d9349ac33e5c9816,0.691830517862088,279,0.29153605015673983,0.36904761904761907,1.3928944618599792
expert_2,958,midogpp-expert_2-c2b48498f40beec13c1dbfe7,0.6916089725837717,279,0.29123173277661796,0.36904761904761907,1.3914405010438413
expert_2,959,midogpp-expert_2-b02daa57e7f30b4386a25fbc,0.6915535862641928,280,0.291970802919708,0.37037037037037035,1.394971613949716
expert_2,960,midogpp-expert_2-89e376eb83a4f20889bd0cd7,0.6907227914705067,280,0.2916666666666667,0.37037037037037035,1.3935185185185186
expert_2,961,midogpp-expert_2-bd663304569067daf845e1d7,0.6903904735530324,280,0.29136316337148804,0.37037037037037035,1.3920684472193317
expert_2,962,midogpp-expert_2-6d4d344c042f4ea0e60a6273,0.6903350872334533,281,0.2920997920997921,0.3716931216931217,1.3955878955878955
expert_2,963,midogpp-expert_2-cac93846a0ae7c05dff9af61,0.6900027693159789,281,0.29179646936656284,0.3716931216931217,1.394138686973578
expert_2,964,midogpp-expert_2-8f54f1890e0750f8562453a4,0.6899473829963999,281,0.29149377593361,0.3716931216931217,1.3926924850161364
expert_2,965,midogpp-expert_2-be89763fa01fba79ffbd772c,0.6897258377180836,281,0.2911917098445596,0.3716931216931217,1.3912492803684513
expert_2,966,midogpp-expert_2-7f2ffb5a640b4462a5855800,0.6891719745222931,282,0.2919254658385093,0.373015873015873,1.3947550034506555
expert_2,967,midogpp-expert_2-86169885593212641801fd5d,0.6891719745222931,282,0.29162357807652534,0.373015873015873,1.3933126508100655
expert_2,968,midogpp-expert_2-29ea163b453a1c08bbe07121,0.6889504292439768,283,0.29235537190082644,0.37433862433862436,1.3968089990817263
expert_2,969,midogpp-expert_2-6ab6aa7178f2cfafd69ddbed,0.6889504292439768,283,0.29205366357069146,0.37433862433862436,1.3953675037266369
expert_2,970,midogpp-expert_2-b0de29ff94a834378955859c,0.6887842702852395,283,0.29175257731958765,0.37433862433862436,1.3939289805269186
expert_2,971,midogpp-expert_2-4db38f600ca5e9a878741a51,0.6885073386873442,283,0.29145211122554066,0.37433862433862436,1.3924934202998054
expert_2,972,midogpp-expert_2-8b2bc58e36c9fa24419e38b8,0.6880088618111326,284,0.29218106995884774,0.37566137566137564,1.395976223136717
expert_2,973,midogpp-expert_2-21ca1422c99e77a813b175be,0.6879534754915535,284,0.2918807810894142,0.37566137566137564,1.3945415096494231
expert_2,974,midogpp-expert_2-d7defdf6d3c471e256ef37fc,0.6878980891719746,284,0.2915811088295688,0.37566137566137564,1.3931097421857175
expert_2,975,midogpp-expert_2-29571eb3f669fe3ce55c3c28,0.687399612295763,285,0.2923076923076923,0.376984126984127,1.3965811965811965
expert_2,976,midogpp-expert_2-7864ca1e062b661dd64090fc,0.6871226806978676,285,0.29200819672131145,0.376984126984127,1.3951502732240435
expert_2,977,midogpp-expert_2-10aff2266e8c29150ef615fc,0.686568817502077,285,0.2917093142272262,0.376984126984127,1.393722279085636
expert_2,978,midogpp-expert_2-a4218de56fd1266a8cf81651,0.6851841595126004,286,0.29243353783231085,0.3783068783068783,1.3971824585321517
expert_2,979,midogpp-expert_2-98246eb350db795f5f2a2598,0.6845195236776517,286,0.29213483146067415,0.3783068783068783,1.3957553058676653
expert_2,980,midogpp-expert_2-7cb025f359c17e4fa784d8c9,0.6844087510384935,286,0.29183673469387755,0.3783068783068783,1.394331065759637
expert_2,981,midogpp-expert_2-1af3c2692a00bef846aa93d0,0.6842425920797562,286,0.291539245667686,0.3783068783068783,1.3929097293011665
expert_2,982,midogpp-expert_2-0e472610b527ddbeade04ae1,0.6841318194405983,287,0.29226069246435843,0.37962962962962965,1.3963566417741569
expert_2,983,midogpp-expert_2-7e0fd12a08000a0752bd8c62,0.6832456383273331,288,0.29298067141403866,0.38095238095238093,1.399796541200407
expert_2,984,midogpp-expert_2-f86f02bad6462be1c9069090,0.6832456383273331,289,0.2936991869918699,0.38227513227513227,1.4032294489611563
expert_2,985,midogpp-expert_2-77cd7d6fcb3666675a12574b,0.6824702298532263,289,0.2934010152284264,0.38227513227513227,1.401804850535815
expert_2,986,midogpp-expert_2-3275810da4d8c0282644ac55,0.6821379119357519,290,0.29411764705882354,0.3835978835978836,1.4052287581699345
expert_2,987,midogpp-expert_2-7f9f06cccebffc72053eaee5,0.6821379119357518,290,0.2938196555217832,0.3835978835978836,1.4038050208262973
expert_2,988,midogpp-expert_2-433c55671c74fef309c16f36,0.6820825256161729,291,0.29453441295546556,0.38492063492063494,1.4072199730094466
expert_2,989,midogpp-expert_2-7a729b8bff384d7e28a42138,0.6816948213791194,291,0.2942366026289181,0.38492063492063494,1.4057971014492754
expert_2,990,midogpp-expert_2-738ffe6357c0542f2cff81ae,0.6815840487399613,291,0.29393939393939394,0.38492063492063494,1.4043771043771043
expert_2,991,midogpp-expert_2-defb9d2bdf287c2c5d6fb13d,0.681362503461645,292,0.2946518668012109,0.3862433862433862,1.4077811413835633
expert_2,992,midogpp-expert_2-2ff1d3eb48c3000b71b01f92,0.6808086402658544,292,0.29435483870967744,0.3862433862433862,1.4063620071684588
expert_2,993,midogpp-expert_2-bf18bc96b612e9d6ed29b283,0.6802547770700637,293,0.29506545820745217,0.38756613756613756,1.4097571892133824
expert_2,994,midogpp-expert_2-3148e79bce97c620d65ffec2,0.6801993907504846,293,0.2947686116700201,0.38756613756613756,1.4083389224234293
expert_2,995,midogpp-expert_2-fd6187dd80ae22cc5161557a,0.6801993907504846,293,0.29447236180904524,0.38756613756613756,1.4069235064209937
expert_2,996,midogpp-expert_2-94f384d058d387f21971375f,0.6799224591525893,293,0.29417670682730923,0.38756613756613756,1.4055109326193662
expert_2,997,midogpp-expert_2-1ab8ee1e32970670ee595920,0.6794793685959568,294,0.2948846539618857,0.3888888888888889,1.408893346706787
expert_2,998,midogpp-expert_2-a9bb903b29e6bf1f800c7f30,0.6793132096372196,295,0.2955911823647295,0.39021164021164023,1.412268982409263
expert_2,999,midogpp-expert_2-cd6d6a20bf07ad62b2029a42,0.6792024369980615,296,0.2962962962962963,0.3915343915343915,1.4156378600823043
expert_2,1000,midogpp-expert_2-6f6452157ab731d8ff9bd71c,0.6789255054001662,296,0.296,0.3915343915343915,1.414222222222222
expert_2,1001,midogpp-expert_2-d5760ee5d8bb361304275f94,0.678759346441429,297,0.2967032967032967,0.39285714285714285,1.4175824175824174
expert_2,1002,midogpp-expert_2-d850142f1c24de9ad76b6e0d,0.6787039601218499,298,0.29740518962075846,0.3941798941798942,1.420935905965846
expert_2,1003,midogpp-expert_2-9adead82a5938b634a8c1fd6,0.6783716422043755,298,0.2971086739780658,0.3941798941798942,1.4195192201174254
expert_2,1004,midogpp-expert_2-dd61caf633033471f62d4ecd,0.6781500969260592,298,0.2968127490039841,0.3941798941798942,1.4181053563523682
expert_2,1005,midogpp-expert_2-70a92113714539dcbf746919,0.6780393242869012,299,0.2975124378109453,0.3955026455026455,1.4214483139856273
expert_2,1006,midogpp-expert_2-c29f7ae66a232336c479c38e,0.6774854610911105,299,0.29721669980119286,0.3955026455026455,1.420035343494588
expert_2,1007,midogpp-expert_2-58155215691c0fa34ea6b476,0.6767100526170036,299,0.2969215491559086,0.3955026455026455,1.4186251793004523
expert_2,1008,midogpp-expert_2-c1434038e83722702f26618a,0.6765438936582664,299,0.29662698412698413,0.3955026455026455,1.4172178130511464
expert_2,1009,midogpp-expert_2-5953f6f81d1793c6e622e623,0.6763777346995292,300,0.29732408325074333,0.3968253968253968,1.4205483977535514
expert_2,1010,midogpp-expert_2-15aec981761d48c0f42ce2f2,0.6763223483799501,301,0.298019801980198,0.39814814814814814,1.4238723872387238
expert_2,1011,midogpp-expert_2-46da43c9de957f1584b010dc,0.6759346441428967,301,0.29772502472799206,0.39814814814814814,1.4224640070337398
expert_2,1012,midogpp-expert_2-9c375178984ea18d9cddcf3e,0.6759346441428967,301,0.2974308300395257,0.39814814814814814,1.4210584101888448
expert_2,1013,midogpp-expert_2-158de8cf0f07c0cc9e2b9cef,0.6758238715037386,302,0.2981243830207305,0.3994708994708995,1.4243720522101568
expert_2,1014,midogpp-expert_2-e789a44bebbd48008d45acfa,0.6752146219883689,302,0.2978303747534517,0.3994708994708995,1.422967346044269
expert_2,1015,midogpp-expert_2-e521ea6176693b03fce2529e,0.6751038493492107,303,0.29852216748768473,0.4007936507936508,1.4262725779967158
expert_2,1016,midogpp-expert_2-3cf29d21417e36cb8ae1bcef,0.6730545555247853,303,0.29822834645669294,0.4007936507936508,1.4248687664041995
expert_2,1017,midogpp-expert_2-77d5a5b06b8d1f61e3b3b2dd,0.6729991692052064,303,0.29793510324483774,0.4007936507936508,1.4234677155031135
expert_2,1018,midogpp-expert_2-b942dd2ba8ba257186279fd4,0.672666851287732,304,0.29862475442043224,0.4021164021164021,1.4267627155642872
expert_2,1019,midogpp-expert_2-7a66c39c3ed6813833c30b51,0.6723345333702575,304,0.2983316977428852,0.4021164021164021,1.4253625558826737
expert_2,1020,midogpp-expert_2-e5b5ee8d8b7c5ebfd61b960b,0.6722237607310995,305,0.29901960784313725,0.40343915343915343,1.4286492374727668
expert_2,1021,midogpp-expert_2-20d00953538437232833df43,0.6721683744115203,306,0.2997061704211557,0.40476190476190477,1.4319294809010772
expert_2,1022,midogpp-expert_2-e2286669704b020f58657161,0.6721683744115203,306,0.299412915851272,0.40476190476190477,1.430528375733855
expert_2,1023,midogpp-expert_2-82f2f047cde1b2e586625a69,0.6720576017723622,306,0.2991202346041056,0.40476190476190477,1.4291300097751711
expert_2,1024,midogpp-expert_2-f4cfc210f736439d14c5bb05,0.671891442813625,307,0.2998046875,0.4060846560846561,1.432400173611111
expert_2,1025,midogpp-expert_2-0fbacab46bfa4b704914768c,0.6717252838548877,307,0.2995121951219512,0.4060846560846561,1.4310027100271001
expert_2,1026,midogpp-expert_2-bca0bc89e7f03a0150390c1f,0.6716698975353088,307,0.29922027290448344,0.4060846560846561,1.429607970543643
expert_2,1027,midogpp-expert_2-cb5f9d1ff71442f2499a0c10,0.6716698975353088,307,0.29892891918208375,0.4060846560846561,1.428215947203289
expert_2,1028,midogpp-expert_2-c18a9f22c6b19595586248c9,0.6716145112157297,308,0.29961089494163423,0.4074074074074074,1.4314742758322523
expert_2,1029,midogpp-expert_2-dde5fed58c28c39272052ebc,0.6711160343395182,308,0.29931972789115646,0.4074074074074074,1.4300831443688586
expert_2,1030,midogpp-expert_2-b505810ba16bf5ef32d51374,0.6708944890612019,308,0.29902912621359223,0.4074074074074074,1.4286947141316073
expert_2,1031,midogpp-expert_2-2218bdf157a2d31cc557236e,0.6707837164220438,308,0.2987390882638215,0.4074074074074074,1.4273089772604806
expert_2,1032,midogpp-expert_2-97748a769dc515ea146a3990,0.6703406258654113,309,0.29941860465116277,0.4087301587301587,1.4305555555555554
expert_2,1033,midogpp-expert_2-19fd1dea63489111356aef5e,0.670119080587095,309,0.29912875121006777,0.4087301587301587,1.4291707002258793
expert_2,1034,midogpp-expert_2-f6849946b9473c130639a1fa,0.6697313763500415,309,0.2988394584139265,0.4087301587301587,1.4277885235332044
expert_2,1035,midogpp-expert_2-bfe24ca0b9321fe468161d03,0.6695652173913044,309,0.2985507246376812,0.4087301587301587,1.4264090177133655
expert_2,1036,midogpp-expert_2-fa7f931d2faacba6de79f6b6,0.6695652173913043,309,0.2982625482625483,0.4087301587301587,1.425032175032175
expert_2,1037,midogpp-expert_2-d4ef4400b120287d7eca970a,0.6695098310717252,310,0.29893924783027964,0.41005291005291006,1.4282652951891137
expert_2,1038,midogpp-expert_2-874ee425a38b9607c8f73847,0.6689005815563556,310,0.29865125240847784,0.41005291005291006,1.4268893170627275
expert_2,1039,midogpp-expert_2-c7c988d10aad40c30d056a8a,0.6681805594018277,310,0.2983638113570741,0.41005291005291006,1.4255159875949097
expert_2,1040,midogpp-expert_2-dc09cb93a47d818f37e01644,0.6680144004430906,310,0.2980769230769231,0.41005291005291006,1.424145299145299
expert_2,1041,midogpp-expert_2-81910c5a8da264bede0c5fdc,0.6677928551647743,310,0.297790585975024,0.41005291005291006,1.4227772441028923
expert_2,1042,midogpp-expert_2-6c86e27fd989b4b9e528bb53,0.6676820825256162,310,0.29750479846449135,0.41005291005291006,1.421411814885903
expert_2,1043,midogpp-expert_2-a3e47db1bfc42fa577691c41,0.667571309886458,310,0.2972195589645254,0.41005291005291006,1.4200490039416214
expert_2,1044,midogpp-expert_2-a66e41e56b6c1a744935a64c,0.6674605372472999,310,0.29693486590038315,0.41005291005291006,1.418688803746275
expert_2,1045,midogpp-expert_2-89603dff7bc253d5f93503a3,0.6674051509277208,310,0.2966507177033493,0.41005291005291006,1.4173312068048909
expert_2,1046,midogpp-expert_2-1cd18ac7781d3e08577cbbaa,0.6671282193298256,310,0.29636711281070743,0.41005291005291006,1.4159762056511576
expert_2,1047,midogpp-expert_2-fcff0a2e63b60fcbe243ea76,0.6670728330102464,310,0.29608404966571156,0.41005291005291006,1.4146237928472885
expert_2,1048,midogpp-expert_2-6ecc464f9b01330ea5c99503,0.6662420382165606,310,0.2958015267175573,0.41005291005291006,1.4132739609838847
expert_2,1049,midogpp-expert_2-12e9fc95bccbcf69ce2deee1,0.6661866518969815,310,0.29551954242135364,0.41005291005291006,1.4119267026798006
expert_2,1050,midogpp-expert_2-3372f91ec2b72e1c9523b941,0.6660204929382443,310,0.29523809523809524,0.41005291005291006,1.4105820105820106
expert_2,1051,midogpp-expert_2-87234c22e6eefdea113b82e3,0.6660204929382443,310,0.2949571836346337,0.41005291005291006,1.409239877365472
expert_2,1052,midogpp-expert_2-20670aa348eec766085b41bb,0.6658543339795071,310,0.2946768060836502,0.41005291005291006,1.4079002957329954
expert_2,1053,midogpp-expert_2-3b6eee0e78087ed062dc7da0,0.6654112434228745,310,0.2943969610636277,0.41005291005291006,1.4065632584151102
expert_2,1054,midogpp-expert_2-439a9cf53e6074f0170a76be,0.6645250623096095,310,0.29411764705882354,0.41005291005291006,1.4052287581699345
expert_2,1055,midogpp-expert_2-c3b0d3f0c0a661b4e4a56931,0.6642481307117143,310,0.2938388625592417,0.41005291005291006,1.4038967877830435
expert_2,1056,midogpp-expert_2-04efc9b5568fd5e082c35727,0.6641927443921352,310,0.2935606060606061,0.41005291005291006,1.4025673400673402
expert_2,1057,midogpp-expert_2-a8ee4daed5b7c91561833571,0.664081971752977,310,0.293282876064333,0.41005291005291006,1.4012404078629244
expert_2,1058,midogpp-expert_2-6f17900b20260e84fe467389,0.6639711991138189,310,0.29300567107750475,0.41005291005291006,1.399915984036967
expert_2,1059,midogpp-expert_2-1206950497488600af75408e,0.6638604264746608,311,0.29367327667610954,0.4113756613756614,1.4031056552303012
expert_2,1060,midogpp-expert_2-7d55f9df9d81298eba666478,0.6638050401550817,312,0.2943396226415094,0.4126984126984127,1.4062893081761005
expert_2,1061,midogpp-expert_2-b364a9a828a5178ef30f9b75,0.6638050401550817,313,0.295004712535344,0.414021164021164,1.4094669598910878
expert_2,1062,midogpp-expert_2-5b5968ed1439783b656c7a32,0.6635834948767654,313,0.2947269303201507,0.414021164021164,1.4081397781962754
expert_2,1063,midogpp-expert_2-92b71ea5aef73f9b18c9efca,0.6635834948767654,314,0.2953904045155221,0.41534391534391535,1.41130971046305
expert_2,1064,midogpp-expert_2-de5ed1793ce39c242d9b24be,0.6635281085571864,314,0.2951127819548872,0.41534391534391535,1.4099832915622388
expert_2,1065,midogpp-expert_2-87ae0e895c65e09b8e898376,0.663251176959291,315,0.29577464788732394,0.4166666666666667,1.4131455399061033
expert_2,1066,midogpp-expert_2-072507e2487635504b56b77a,0.6630850180005539,315,0.2954971857410882,0.4166666666666667,1.4118198874296435
expert_2,1067,midogpp-expert_2-9a2104ad36ad4996faa76a97,0.6629188590418167,316,0.29615745079662603,0.41798941798941797,1.4149744871394354
expert_2,1068,midogpp-expert_2-47c4bc0c4c9b62438616bff1,0.6625311548047632,316,0.2958801498127341,0.41798941798941797,1.4136496046608404
expert_2,1069,midogpp-expert_2-84ce686496938789cb5c0d1c,0.6621434505677097,316,0.29560336763330214,0.41798941798941797,1.4123272009146657
expert_2,1070,midogpp-expert_2-4e7221584edbd514db0405f6,0.6617003600110773,316,0.2953271028037383,0.41798941798941797,1.411007268951194
expert_2,1071,midogpp-expert_2-35e010df4f3872f734839eec,0.6612572694544447,317,0.29598506069094305,0.4193121693121693,1.4141508455233944
expert_2,1072,midogpp-expert_2-7936c17e5d17f69434d153e5,0.6612018831348656,317,0.2957089552238806,0.4193121693121693,1.4128316749585406
expert_2,1073,midogpp-expert_2-63497a1274b903952c0ab9c7,0.6604264746607589,317,0.2954333643988816,0.4193121693121693,1.411514963239101
expert_2,1074,midogpp-expert_2-600072c25d63a84ea54e0478,0.6604264746607588,317,0.2951582867783985,0.4193121693121693,1.4102007034967927
expert_2,1075,midogpp-expert_2-75433c7bac51eb34279b6177,0.6603157020216006,318,0.2958139534883721,0.42063492063492064,1.413333333333333
expert_2,1076,midogpp-expert_2-2017ac3950e2e827cf907331,0.6602603157020215,318,0.2955390334572491,0.42063492063492064,1.4120198265179678
expert_2,1077,midogpp-expert_2-ef2452e248c39e186563c61e,0.6602049293824426,318,0.29526462395543174,0.42063492063492064,1.4107087588981737
expert_2,1078,midogpp-expert_2-92285444de711ba97e967b1c,0.6600941567432844,318,0.2949907235621521,0.42063492063492064,1.4094001236858378
expert_2,1079,midogpp-expert_2-3ebc3c943cd5fe215d444f11,0.6599833841041263,319,0.29564411492122333,0.421957671957672,1.4125218824014003
expert_2,1080,midogpp-expert_2-76ac7506124e36bf2a02da09,0.6598726114649682,319,0.2953703703703704,0.421957671957672,1.4112139917695474
expert_2,1081,midogpp-expert_2-98ce9dd73c96717c53d65854,0.6594295209083356,319,0.29509713228492135,0.421957671957672,1.4099085209168463
expert_2,1082,midogpp-expert_2-34a157c06fd322e65fd49d48,0.6592079756300194,319,0.2948243992606285,0.421957671957672,1.4086054631341138
expert_2,1083,midogpp-expert_2-68eb384534125162077a4bbd,0.6590972029908613,319,0.2945521698984303,0.421957671957672,1.4073048117369447
expert_2,1084,midogpp-expert_2-e59433ec2c9106b597c6e096,0.6583217945167543,319,0.29428044280442806,0.421957671957672,1.4060065600656007
expert_2,1085,midogpp-expert_2-ed87ffcfe63732e2a5ba6c14,0.6581556355580171,319,0.29400921658986173,0.421957671957672,1.404710701484895
expert_2,1086,midogpp-expert_2-f4b05e2dd815b18227b51408,0.6579340902797008,319,0.2937384898710866,0.421957671957672,1.4034172293840803
expert_2,1087,midogpp-expert_2-4b8fea3f05e73b911a86039f,0.6577125450013847,319,0.2934682612695492,0.421957671957672,1.402126137176735
expert_2,1088,midogpp-expert_2-65e5983f1afbddb03be56888,0.6572694544447522,319,0.2931985294117647,0.421957671957672,1.4008374183006536
expert_2,1089,midogpp-expert_2-ef4c4a3055d7b3562e66f368,0.6572694544447522,319,0.29292929292929293,0.421957671957672,1.3995510662177328
expert_2,1090,midogpp-expert_2-3e440d22406ba572a3a19214,0.6572140681251731,319,0.2926605504587156,0.421957671957672,1.3982670744138632
expert_2,1091,midogpp-expert_2-d19e0cd5f153cb3da167de9a,0.657103295486015,320,0.2933088909257562,0.42328042328042326,1.4013647010897239
expert_2,1092,midogpp-expert_2-ad92d984acf2d25fbe163c80,0.6569925228468568,320,0.29304029304029305,0.42328042328042326,1.4000814000814001
expert_2,1093,midogpp-expert_2-d9beb292f2c909e71c147150,0.6568817502076987,320,0.292772186642269,0.42328042328042326,1.3988004472908406
expert_2,1094,midogpp-expert_2-ba998303094308abea85d813,0.6565494322902243,320,0.29250457038391225,0.42328042328042326,1.3975218362786919
expert_2,1095,midogpp-expert_2-5928573823ee781c04ea64c9,0.65621711437275,320,0.2922374429223744,0.42328042328042326,1.3962455606291222
expert_2,1096,midogpp-expert_2-86c558fb3a642a2537dbc871,0.6560509554140128,320,0.291970802919708,0.42328042328042326,1.394971613949716
expert_2,1097,midogpp-expert_2-b57bffb1cc3b3ebff60ea92b,0.655441705898643,320,0.2917046490428441,0.42328042328042326,1.3936999898713662
expert_2,1098,midogpp-expert_2-d923b536aedde5177456deb4,0.6553863195790639,321,0.2923497267759563,0.4246031746031746,1.3967820279295688
expert_2,1099,midogpp-expert_2-44e9598830ad65fba625d826,0.6551093879811687,321,0.29208371246587805,0.4246031746031746,1.3955110706703062
expert_2,1100,midogpp-expert_2-652c9d10cd1cd7805bac42e2,0.6549986153420104,321,0.2918181818181818,0.4246031746031746,1.394242424242424
expert_2,1101,midogpp-expert_2-b4d6d3958affe5d0dfca30b3,0.6549432290224315,321,0.29155313351498635,0.4246031746031746,1.392976082349379
expert_2,1102,midogpp-expert_2-0f4a19fa00bf47cfdb1dd7ea,0.6547216837441152,322,0.29219600725952816,0.42592592592592593,1.3960475902399678
expert_2,1103,midogpp-expert_2-ddc004e96412c715d491aa94,0.6540570479091665,322,0.29193109700815956,0.42592592592592593,1.3947819079278734
expert_2,1104,midogpp-expert_2-b50664bb0e7d0f88632b6508,0.6537801163112711,322,0.2916666666666667,0.42592592592592593,1.3935185185185186
expert_2,1105,midogpp-expert_2-7e339d30d307d8d67e82f55b,0.6533924120742176,323,0.2923076923076923,0.42724867724867727,1.3965811965811965
expert_2,1106,midogpp-expert_2-006d93b39f3ba65afb5ca867,0.6530047078371642,323,0.29204339963833637,0.42724867724867727,1.395318464938718
expert_2,1107,midogpp-expert_2-b735bf25cc1ee3c95e93efc6,0.6526723899196899,323,0.2917795844625113,0.42724867724867727,1.3940580146542205
expert_2,1108,midogpp-expert_2-a5966a100db6261715fdcb4c,0.6525062309609526,324,0.2924187725631769,0.42857142857142855,1.3971119133574006
expert_2,1109,midogpp-expert_2-9cbd342a7df25c7a4bf4df50,0.6521739130434783,324,0.2921550946798918,0.42857142857142855,1.3958521190261497
expert_2,1110,midogpp-expert_2-3fe70248d27206bc29595e3d,0.6521185267238993,324,0.2918918918918919,0.42857142857142855,1.3945945945945946
expert_2,1111,midogpp-expert_2-66b7f75daadf47f1083f6af7,0.6521185267238991,325,0.2925292529252925,0.4298941798941799,1.3976397639763976
expert_2,1112,midogpp-expert_2-b070187fc58a2177eb66f4c0,0.6518415951260039,325,0.2922661870503597,0.4298941798941799,1.396382893685052
expert_2,1113,midogpp-expert_2-b3f72ffe5d5afe6e4245d4fe,0.6516754361672668,325,0.2920035938903863,0.4298941798941799,1.3951282819207347
expert_2,1114,midogpp-expert_2-44a2d9b654e9b0b2c77301a6,0.6513985045693713,325,0.2917414721723519,0.4298941798941799,1.393875922601237
expert_2,1115,midogpp-expert_2-4e76121c82aa5c5fea624651,0.6512323456106341,325,0.2914798206278027,0.4298941798941799,1.3926258096661683
expert_2,1116,midogpp-expert_2-a599aa9c9080888ba92b59af,0.6512323456106341,325,0.29121863799283154,0.4298941798941799,1.3913779370768617
expert_2,1117,midogpp-expert_2-e021317e29db3fa5cef08783,0.651121572971476,325,0.2909579230080573,0.4298941798941799,1.3901322988162736
expert_2,1118,midogpp-expert_2-f4d9b6534fd70c3440de912a,0.651010800332318,325,0.29069767441860467,0.4298941798941799,1.3888888888888888
expert_2,1119,midogpp-expert_2-d274ff5ad807b0baa8771ecd,0.6509554140127389,326,0.291331546023235,0.4312169312169312,1.3919173865554562
expert_2,1120,midogpp-expert_2-061c45437edddad4237cd432,0.6509554140127388,327,0.29196428571428573,0.43253968253968256,1.3949404761904762
expert_2,1121,midogpp-expert_2-46c4a62e6e6e088e9f1f334e,0.6509554140127388,328,0.2925958965209634,0.43386243386243384,1.397958172266825
expert_2,1122,midogpp-expert_2-ca2215dd9854de534fd9187b,0.6509000276931598,329,0.29322638146167557,0.4351851851851852,1.4009704892057833
expert_2,1123,midogpp-expert_2-e1a343f31e24f2ba5dee4ec1,0.6509000276931598,329,0.2929652715939448,0.4351851851851852,1.3997229642821807
expert_2,1124,midogpp-expert_2-eb515df23f9c79926aace874,0.6506230960952645,330,0.29359430604982206,0.4365079365079365,1.4027283511269275
expert_2,1125,midogpp-expert_2-5caf41196d3c74349465c0ef,0.6505123234561063,330,0.29333333333333333,0.4365079365079365,1.4014814814814813
expert_2,1126,midogpp-expert_2-4cca2ec278327524969d7781,0.6500692328994738,330,0.29307282415630553,0.4365079365079365,1.4002368265245708
expert_2,1127,midogpp-expert_2-b4d21ef913f61fd7c3c66c9d,0.6499030739407367,330,0.29281277728482696,0.4365079365079365,1.3989943803608398
expert_2,1128,midogpp-expert_2-c28af5fd5ed846b0d5d141c2,0.6497923013015785,331,0.29343971631205673,0.43783068783068785,1.4019897557131598
expert_2,1129,midogpp-expert_2-b04f119817d827331f847fcf,0.6496815286624205,331,0.29317980513728964,0.43783068783068785,1.4007479578781616
expert_2,1130,midogpp-expert_2-dd7689b26df4e8ab7d4fa8e0,0.6496261423428413,332,0.2938053097345133,0.43915343915343913,1.4037364798426746
expert_2,1131,midogpp-expert_2-f8b8c9d46b62872700fffc37,0.6495707560232622,332,0.29354553492484525,0.43915343915343913,1.402495333529816
expert_2,1132,midogpp-expert_2-b3a82791cd170822748c785b,0.6492938244253669,332,0.29328621908127206,0.43915343915343913,1.4012563800549664
expert_2,1133,midogpp-expert_2-f56e30a715652ddea148a4f1,0.6489615065078925,333,0.293909973521624,0.44047619047619047,1.4042365401588701
expert_2,1134,midogpp-expert_2-035f804f27fcb130f2ef2c63,0.6488507338687344,334,0.2945326278659612,0.4417989417989418,1.407211444248481
expert_2,1135,midogpp-expert_2-d65ae2b9b7cd3ab54b328683,0.64851841595126,334,0.29427312775330394,0.4417989417989418,1.4059716103768964
expert_2,1136,midogpp-expert_2-dd6457aaf38fbfa79a55bd09,0.648407643312102,334,0.29401408450704225,0.4417989417989418,1.404733959311424
expert_2,1137,midogpp-expert_2-7b2db1eb6f2ba8faf99bca9c,0.6482968706729438,335,0.29463500439753737,0.44312169312169314,1.4077005765660118
expert_2,1138,midogpp-expert_2-cc962ab5c3f03a0792754f74,0.6482414843533647,335,0.29437609841827767,0.44312169312169314,1.406463581331771
expert_2,1139,midogpp-expert_2-cd9951f6a0e6af3d7abf781b,0.6480199390750485,336,0.29499561018437226,0.4444444444444444,1.4094234708808897
expert_2,1140,midogpp-expert_2-3c2ef117df1ea13a98f73bc1,0.6477430074771531,336,0.29473684210526313,0.4444444444444444,1.4081871345029238
expert_2,1141,midogpp-expert_2-782aad7a7206e82dcc2c22cc,0.647632234837995,337,0.2953549517966696,0.44576719576719576,1.4111403252507546
expert_2,1142,midogpp-expert_2-4efe1d204f19701087c539c7,0.6473553032400997,337,0.29509632224168125,0.44576719576719576,1.4099046507102548
expert_2,1143,midogpp-expert_2-313e0a8d97e6dd16878c3b78,0.6471891442813624,337,0.29483814523184604,0.44576719576719576,1.408671138329931
expert_2,1144,midogpp-expert_2-32d38e2ff9e3a4f650f1f381,0.6469122126834672,337,0.2945804195804196,0.44576719576719576,1.4074397824397824
expert_2,1145,midogpp-expert_2-12d87e01d0fc0d21bd2cdc8c,0.6468568263638882,337,0.2943231441048035,0.44576719576719576,1.4062105773896165
expert_2,1146,midogpp-expert_2-f9fd8667cc995fe34bab04bf,0.6468568263638881,337,0.2940663176265271,0.44576719576719576,1.4049835175489627
expert_2,1147,midogpp-expert_2-8c11f114ba52562c2a86cecc,0.646801440044309,337,0.2938099389712293,0.44576719576719576,1.4037585973069844
expert_2,1148,midogpp-expert_2-15ad09ea95d9dbf3e3cf5ad9,0.6464691221268346,338,0.29442508710801396,0.4470899470899471,1.4066976384049554
expert_2,1149,midogpp-expert_2-32f8c3dc0cf6249c8f998c7f,0.6455829410135697,339,0.2950391644908616,0.44841269841269843,1.4096315636785608
expert_2,1150,midogpp-expert_2-d04ce0001c6ebf81e7b0cfed,0.6453613957352534,339,0.29478260869565215,0.44841269841269843,1.408405797101449
expert_2,1151,midogpp-expert_2-bc5561cde421d4f1b7e72f01,0.645139850456937,339,0.2945264986967854,0.44841269841269843,1.4071821604401968
expert_2,1152,midogpp-expert_2-c7c2ba2997f46b4eb3b923c3,0.6443090556632511,339,0.2942708333333333,0.44841269841269843,1.405960648148148
expert_2,1153,midogpp-expert_2-944f15aa1abd87e526c6560c,0.6441982830240931,339,0.2940156114483955,0.44841269841269843,1.4047412546978895
expert_2,1154,midogpp-expert_2-21bf0baf816f4692d15ee358,0.644142896704514,339,0.2937608318890815,0.44841269841269843,1.403523974581167
expert_2,1155,midogpp-expert_2-f495c85726c2857fc4b9b3f2,0.644142896704514,340,0.2943722943722944,0.4497354497354497,1.4064454064454064
expert_2,1156,midogpp-expert_2-72110cc1640b5e36460d7e82,0.6440875103849348,340,0.29411764705882354,0.4497354497354497,1.4052287581699345
expert_2,1157,midogpp-expert_2-5923ff4c75b937f179c0b557,0.6440321240653559,340,0.2938634399308557,0.4497354497354497,1.4040142130029771
expert_2,1158,midogpp-expert_2-70a3de507d6d96c2b25050eb,0.6437551924674605,341,0.29447322970639034,0.45105820105820105,1.4069276530416426
expert_2,1159,midogpp-expert_2-99a25dae20877c49192264cf,0.6435336471891442,341,0.2942191544434858,0.45105820105820105,1.4057137378966542
expert_2,1160,midogpp-expert_2-99569345d22aa24302361f87,0.6434782608695653,342,0.29482758620689653,0.4523809523809524,1.4086206896551723
expert_2,1161,midogpp-expert_2-f8235675b9c37e99280c15ee,0.6433121019108281,342,0.29457364341085274,0.4523809523809524,1.4074074074074074
expert_2,1162,midogpp-expert_2-00326d8239ce6f4509489827,0.6432013292716698,342,0.2943201376936317,0.4523809523809524,1.4061962134251291
expert_2,1163,midogpp-expert_2-83839184f54d71439ba0b7cc,0.6431459429520908,342,0.294067067927773,0.4523809523809524,1.4049871023215819
expert_2,1164,midogpp-expert_2-88e5b72fc1f09ad442facee0,0.6429797839933536,342,0.29381443298969073,0.4523809523809524,1.4037800687285222
expert_2,1165,midogpp-expert_2-11b3467a5db62ff9b1ff5189,0.6429243976737746,342,0.2935622317596567,0.4523809523809524,1.4025751072961374
expert_2,1166,midogpp-expert_2-d6852a890182ebcf96cd4e4e,0.6421489891996677,342,0.2933104631217839,0.4523809523809524,1.4013722126929673
expert_2,1167,midogpp-expert_2-2b6952d521aeb2863dde7d6b,0.6420382165605096,342,0.2930591259640103,0.4523809523809524,1.4001713796058268
expert_2,1168,midogpp-expert_2-5af6d0f26dcd2a79798239bd,0.6419274439213514,343,0.2936643835616438,0.4537037037037037,1.4030631659056314
expert_2,1169,midogpp-expert_2-f5079b16c79af612d1d5518b,0.6419274439213514,343,0.2934131736526946,0.4537037037037037,1.4018629407850962
expert_2,1170,midogpp-expert_2-747d0935e3ba99f5ac86819c,0.6407643312101912,344,0.294017094017094,0.455026455026455,1.4047483380816714
expert_2,1171,midogpp-expert_2-540b0c3d7dd88189590babec,0.640653558571033,345,0.2946199829205807,0.45634920634920634,1.407628807287219
expert_2,1172,midogpp-expert_2-bcc0db23ca2346ddd075403a,0.6404873996122958,345,0.29436860068259385,0.45634920634920634,1.4064277588168372
expert_2,1173,midogpp-expert_2-55be1beb8f58d709dda38709,0.6400996953752423,345,0.29411764705882354,0.45634920634920634,1.4052287581699345
expert_2,1174,midogpp-expert_2-1ec423e25bc40bafe9e44987,0.6398227637773469,345,0.2938671209540034,0.45634920634920634,1.4040318001135719
expert_2,1175,midogpp-expert_2-4a19df3adc179b13f6f0edd6,0.6396566048186099,345,0.2936170212765957,0.45634920634920634,1.402836879432624
expert_2,1176,midogpp-expert_2-d5606925b1bea5b777d7bd46,0.6396566048186099,345,0.29336734693877553,0.45634920634920634,1.4016439909297052
expert_2,1177,midogpp-expert_2-1d725ba6c89462ff2502007a,0.6396012184990307,345,0.2931180968564146,0.45634920634920634,1.400453129425092
expert_2,1178,midogpp-expert_2-743294077e755e0a0b5b4cf3,0.6395458321794517,345,0.2928692699490662,0.45634920634920634,1.3992642897566496
expert_2,1179,midogpp-expert_2-bda0b9a23c5ded0f2c8108ba,0.6393796732207145,345,0.2926208651399491,0.45634920634920634,1.3980774667797569
expert_2,1180,midogpp-expert_2-9d238d20c94b685f9fd895ca,0.6392689005815564,345,0.2923728813559322,0.45634920634920634,1.3968926553672316
expert_2,1181,midogpp-expert_2-82de08a5712f8619cad87523,0.6391027416228191,345,0.292125317527519,0.45634920634920634,1.3957098504092575
expert_2,1182,midogpp-expert_2-339491473162764633748235,0.6389365826640819,345,0.2918781725888325,0.45634920634920634,1.3945290468133107
expert_2,1183,midogpp-expert_2-ff404d13df4b989271a1d494,0.6386596510661866,345,0.29163144547759934,0.45634920634920634,1.3933502395040858
expert_2,1184,midogpp-expert_2-abdb402d445e266be3ccc829,0.6386042647466076,346,0.2922297297297297,0.4576719576719577,1.3962087087087085
expert_2,1185,midogpp-expert_2-e28238259275ec3ca742fb9b,0.6384381057878703,346,0.2919831223628692,0.4576719576719577,1.3950304735114862
expert_2,1186,midogpp-expert_2-3f3589d289d4a912378e73b1,0.6383273331487123,346,0.2917369308600337,0.4576719576719577,1.3938542252201611
expert_2,1187,midogpp-expert_2-6409921228ae6b1150e4cb4e,0.6380504015508169,346,0.2914911541701769,0.4576719576719577,1.3926799588130674
expert_2,1188,midogpp-expert_2-b23e6345d5bee3433bf69704,0.6376626973137636,346,0.29124579124579125,0.4576719576719577,1.3915076692854471
expert_2,1189,midogpp-expert_2-003c2875618ea822510a8280,0.6376073109941844,347,0.29184188393608074,0.458994708994709,1.3943556676946078
expert_2,1190,midogpp-expert_2-69281a252921401c49c1039e,0.6371642204375519,347,0.2915966386554622,0.458994708994709,1.3931839402427637
expert_2,1191,midogpp-expert_2-e1787417d892a7b0298e534a,0.6368872888396566,347,0.29135180520570947,0.458994708994709,1.3920141804272785
expert_2,1192,midogpp-expert_2-ff7b9b94b9866cfaa01a9e73,0.6367211298809194,347,0.2911073825503356,0.458994708994709,1.3908463832960476
expert_2,1193,midogpp-expert_2-22d32c2ea8a787cd9149fd51,0.6366657435613403,348,0.2917015926236379,0.4603174603174603,1.393685386979603
expert_2,1194,midogpp-expert_2-7af475ce1fc813602fbfbe4f,0.6362226530047079,348,0.2914572864321608,0.4603174603174603,1.3925181462869904
expert_2,1195,midogpp-expert_2-3f02e69ad29195d059d44f2b,0.6361118803655497,348,0.29121338912133893,0.4603174603174603,1.391352859135286
expert_2,1196,midogpp-expert_2-027cb40b669192f02573cb80,0.6357795624480753,349,0.29180602006688966,0.46164021164021163,1.3941843180973617
expert_2,1197,midogpp-expert_2-fb5c243596383e437bd3bc3f,0.6352256992522847,349,0.29156223893065997,0.46164021164021163,1.393019586002042
expert_2,1198,midogpp-expert_2-5fc3b6d45c2947b173040297,0.6347272223760732,349,0.2913188647746244,0.46164021164021163,1.3918567983676498
expert_2,1199,midogpp-expert_2-3c7d09365df13b668c59a4dd,0.6343395181390197,349,0.2910758965804837,0.46164021164021163,1.3906959503289777
expert_2,1200,midogpp-expert_2-e06b2cc712e01a6f05b6844d,0.6341733591802825,349,0.29083333333333333,0.46164021164021163,1.389537037037037
expert_2,1201,midogpp-expert_2-737bbe6e7e9f903dbfc9bfd0,0.6341179728607034,350,0.29142381348875934,0.46296296296296297,1.39235822000185
expert_2,1202,midogpp-expert_2-ae8a779e3b8579e088abd524,0.6339518139019662,350,0.2911813643926789,0.46296296296296297,1.3911998520983546
expert_2,1203,midogpp-expert_2-bc1cc95b37b3e09784cf2d03,0.633674882304071,351,0.29177057356608477,0.4642857142857143,1.394014962593516
expert_2,1204,midogpp-expert_2-f0b5bc959bb8b0ca2dbe678a,0.6335087233453337,352,0.292358803986711,0.4656084656084656,1.396825396825397
expert_2,1205,midogpp-expert_2-620b89d184566c8e5dcdfb29,0.6321794516754362,352,0.2921161825726141,0.4656084656084656,1.3956662056247118
expert_2,1206,midogpp-expert_2-dc264dc2edb38552c89e3064,0.6312932705621711,353,0.29270315091210614,0.4669312169312169,1.398470609913396
expert_2,1207,midogpp-expert_2-8fd0ec92c5b62e9289bc2061,0.6310717252838549,353,0.29246064623032314,0.4669312169312169,1.397311976433766
expert_2,1208,midogpp-expert_2-942d5d21f1d39e9e02018d2b,0.6309609526446968,354,0.29304635761589404,0.46825396825396826,1.400110375275938
expert_2,1209,midogpp-expert_2-a34b5fb972bdc60ba72d6dd8,0.6307947936859596,355,0.293631100082713,0.4695767195767196,1.4029041448396287
expert_2,1210,midogpp-expert_2-98650da20f069b76deb2e59d,0.6305732484076433,355,0.29338842975206614,0.4695767195767196,1.401744719926538
expert_2,1211,midogpp-expert_2-7e855cf9b01588febc080df7,0.6305178620880643,355,0.2931461601981833,0.4695767195767196,1.4005872098357646
expert_2,1212,midogpp-expert_2-96933c8a6e7a0a22d78c4bd1,0.6304624757684851,355,0.2929042904290429,0.4695767195767196,1.3994316098276494
expert_2,1213,midogpp-expert_2-a53b49d69866c98d84560fd0,0.6302409304901689,355,0.29266281945589445,0.4695767195767196,1.3982779151781624
expert_2,1214,midogpp-expert_2-cd39d64337f266d7960c0d38,0.6301301578510108,355,0.29242174629324547,0.4695767195767196,1.3971261211788393
expert_2,1215,midogpp-expert_2-8b383f8f578e1829d688014d,0.6298532262531156,355,0.29218106995884774,0.4695767195767196,1.395976223136717
expert_2,1216,midogpp-expert_2-c30851289c2e3dcda925fac3,0.6297978399335364,355,0.29194078947368424,0.4695767195767196,1.3948282163742691
expert_2,1217,midogpp-expert_2-0294a8d3138a3f5ca89f559b,0.6296316809747993,356,0.29252259654889073,0.4708994708994709,1.3976079612891446
expert_2,1218,midogpp-expert_2-159bf619a397c9e6fe9b428f,0.6295209083356411,356,0.2922824302134647,0.4708994708994709,1.3964604999087755
expert_2,1219,midogpp-expert_2-7ae7d0e6a139a509ce243bad,0.629465522016062,357,0.29286300246103364,0.4722222222222222,1.3992343450916052
expert_2,1220,midogpp-expert_2-32982e040d8fd993d5a34439,0.6292993630573249,358,0.2934426229508197,0.47354497354497355,1.4020036429872496
expert_2,1221,midogpp-expert_2-ad2ec0e9f5d693cacbe8f292,0.6289116588202714,358,0.2932022932022932,0.47354497354497355,1.4008554008554006
expert_2,1222,midogpp-expert_2-28e8f0a305a3560af409c52b,0.6288562725006923,358,0.29296235679214405,0.47354497354497355,1.3997090380069104
expert_2,1223,midogpp-expert_2-373d81c7454266aa743fec9a,0.6287454998615343,358,0.2927228127555192,0.47354497354497355,1.398564549831925
expert_2,1224,midogpp-expert_2-0396f6e1e4768d45023ab95b,0.6286901135419551,358,0.29248366013071897,0.47354497354497355,1.3974219317356573
expert_2,1225,midogpp-expert_2-58cd753bd4db9b821a9f70ad,0.6286901135419551,358,0.2922448979591837,0.47354497354497355,1.396281179138322
expert_2,1226,midogpp-expert_2-e40a45908134ce56fb0652ef,0.628579340902797,358,0.29200652528548127,0.47354497354497355,1.3951422874750772
expert_2,1227,midogpp-expert_2-4c66a15966b2080813204e63,0.6283577956244808,358,0.2917685411572942,0.47354497354497355,1.3940052521959612
expert_2,1228,midogpp-expert_2-21f0e064750c785fdee45429,0.627637773469953,359,0.2923452768729642,0.4748677248677249,1.39676076728194
expert_2,1229,midogpp-expert_2-ef2390522e2de3a263338690,0.6271946829133205,359,0.2921074043938161,0.4748677248677249,1.3956242654371214
expert_2,1230,midogpp-expert_2-de86a893a1ec85063bc259c8,0.6271946829133204,359,0.291869918699187,0.4748677248677249,1.3944896115627823
expert_2,1231,midogpp-expert_2-10eacf11cbb295bc1825a70f,0.626862364995846,360,0.2924451665312754,0.47619047619047616,1.397238017871649
expert_2,1232,midogpp-expert_2-ad116d7113fbca13e8e8a30a,0.626751592356688,360,0.2922077922077922,0.47619047619047616,1.396103896103896
expert_2,1233,midogpp-expert_2-dd35db348104d0b51e5e4164,0.626751592356688,360,0.291970802919708,0.47619047619047616,1.394971613949716
expert_2,1234,midogpp-expert_2-bc35c486f2cf8183ecd6bf45,0.6262531154804764,360,0.2917341977309562,0.47619047619047616,1.3938411669367907
expert_2,1235,midogpp-expert_2-ef724813c9cd71edb7787705,0.62603157020216,361,0.2923076923076923,0.4775132275132275,1.3965811965811965
expert_2,1236,midogpp-expert_2-7ef4def59be7163ee32d0b45,0.6259761838825809,361,0.29207119741100324,0.4775132275132275,1.3954512765192375
expert_2,1237,midogpp-expert_2-3cbf29dcbff7a952959028cf,0.6256992522846857,361,0.2918350848827809,0.4775132275132275,1.394323183328842
expert_2,1238,midogpp-expert_2-0adeeacdfcbfb499bed2b947,0.625090002769316,362,0.2924071082390953,0.47883597883597884,1.397056183809011
expert_2,1239,midogpp-expert_2-6a9bc247e2324ed73b93b4bd,0.6249792301301579,362,0.29217110573042776,0.47883597883597884,1.3959286162675992
expert_2,1240,midogpp-expert_2-888fb79a3e591596dd7e3318,0.6245361395735254,362,0.29193548387096774,0.47883597883597884,1.3948028673835124
expert_2,1241,midogpp-expert_2-2d4a7f6a7ee247ab3e8a534f,0.6244807532539463,362,0.29170024174053183,0.47883597883597884,1.3936789327603187
expert_2,1242,midogpp-expert_2-d32896444813f8a47c257a21,0.6244253669343672,363,0.2922705314009662,0.4801587301587302,1.3964036500268384
expert_2,1243,midogpp-expert_2-7f05530efb5683775024d24d,0.6244253669343671,364,0.2928399034593725,0.48148148148148145,1.3991239831947797
expert_2,1244,midogpp-expert_2-2b095e71c71b3b5c4a0e260c,0.6241484353364719,364,0.29260450160771706,0.48148148148148145,1.3979992854590926
expert_2,1245,midogpp-expert_2-d836db0c4e4a5f08d8451831,0.6240930490168928,365,0.2931726907630522,0.4828042328042328,1.4007139669790272
expert_2,1246,midogpp-expert_2-521e29612b6c23206a80cf45,0.6237053447798394,365,0.2929373996789727,0.4828042328042328,1.399589798466203
expert_2,1247,midogpp-expert_2-1dd79f5a93b36b08392f37ee,0.6234284131819441,365,0.29270248596631915,0.4828042328042328,1.3984674329501914
expert_2,1248,midogpp-expert_2-ed10e93b38c4d28a1d04c330,0.6232068679036278,366,0.2932692307692308,0.48412698412698413,1.4011752136752136
expert_2,1249,midogpp-expert_2-125e4ac0e3ec0f912a14cd51,0.6227637773469953,366,0.2930344275420336,0.48412698412698413,1.4000533760341607
expert_2,1250,midogpp-expert_2-35f3a916e31191dbe2c0c492,0.6224868457491,366,0.2928,0.48412698412698413,1.3989333333333334
expert_2,1251,midogpp-expert_2-fd88600ef76bc83a703e9361,0.6222099141512046,366,0.29256594724220625,0.48412698412698413,1.3978150812683188
expert_2,1252,midogpp-expert_2-81133f0f342bec2d050df77a,0.6220991415120465,366,0.29233226837060705,0.48412698412698413,1.3966986155484558
expert_2,1253,midogpp-expert_2-7026713a9fb03e7a3837a5a8,0.6219329825533093,366,0.29209896249002393,0.48412698412698413,1.3955839318967809
expert_2,1254,midogpp-expert_2-209bfdd37c81e4c3693980dc,0.6214345056770977,366,0.291866028708134,0.48412698412698413,1.3944710260499735
expert_2,1255,midogpp-expert_2-5dbb1801a959a34e8b72380f,0.6211575740792025,366,0.29163346613545815,0.48412698412698413,1.3933598937583
expert_2,1256,midogpp-expert_2-f1d2f9a6c4c8f73b23ce9af4,0.620769869842149,366,0.2914012738853503,0.48412698412698413,1.3922505307855626
expert_2,1257,midogpp-expert_2-0aac85734c9328a51650962c,0.6197175297701467,366,0.2911694510739857,0.48412698412698413,1.3911429329090426
expert_2,1258,midogpp-expert_2-e4fcaed7d2d29aa69d0997cb,0.6196621434505676,366,0.29093799682034976,0.48412698412698413,1.3900370959194488
expert_2,1259,midogpp-expert_2-b57ef10046a3da52889bc2c6,0.6194959844918305,366,0.2907069102462272,0.48412698412698413,1.3889330156208632
expert_2,1260,midogpp-expert_2-75d5d1e1b398f2e5706fff59,0.6193298255330933,366,0.2904761904761905,0.48412698412698413,1.3878306878306879
expert_2,1261,midogpp-expert_2-c7f090dec5f4f451ef0240ce,0.6187759623373027,366,0.29024583663758924,0.48412698412698413,1.3867301083795929
expert_2,1262,midogpp-expert_2-0f4b684278771cd00ed0dbda,0.6184436444198282,366,0.2900158478605388,0.48412698412698413,1.385631273111463
expert_2,1263,midogpp-expert_2-527c319aa8e0c56e31dbefe2,0.6183882581002493,366,0.28978622327790976,0.48412698412698413,1.3845341778833467
expert_2,1264,midogpp-expert_2-8df798b3eea5e7eb748f6299,0.6177790085848796,367,0.2903481012658228,0.48544973544973546,1.3872187060478198
expert_2,1265,midogpp-expert_2-76469cf649722d03b5342e91,0.6176128496261423,367,0.2901185770750988,0.48544973544973546,1.3861220904699165
expert_2,1266,midogpp-expert_2-bec946a4a514bd36e1b97fcc,0.6171143727499309,368,0.29067930489731436,0.48677248677248675,1.3888011233982795
expert_2,1267,midogpp-expert_2-08f27dea43104782072043fb,0.6166158958737192,369,0.2912391475927388,0.4880952380952381,1.3914759273875297
expert_2,1268,midogpp-expert_2-1a02729f90182aed202766fb,0.6164497369149821,369,0.2910094637223975,0.4880952380952381,1.390378548895899
expert_2,1269,midogpp-expert_2-5f2a640aa0abee2b7dd79b9c,0.6163389642758238,369,0.2907801418439716,0.4880952380952381,1.3892828999211977
expert_2,1270,midogpp-expert_2-c0f21e243dba59425776d18b,0.6160620326779285,370,0.29133858267716534,0.4894179894179894,1.3919510061242344
expert_2,1271,midogpp-expert_2-a1e1175d0df058a579d941cb,0.6159512600387704,370,0.2911093627065303,0.4894179894179894,1.3908558440423116
expert_2,1272,midogpp-expert_2-1683f8b7f8ab43d9fef42ace,0.615618942121296,370,0.2908805031446541,0.4894179894179894,1.3897624039133472
expert_2,1273,midogpp-expert_2-c6e366df76321660a883dd24,0.6153973968429798,371,0.2914375490966222,0.49074074074074076,1.3924238456838613
expert_2,1274,midogpp-expert_2-946984f2e2f3b56ea153964d,0.6152866242038217,371,0.29120879120879123,0.49074074074074076,1.3913308913308913
expert_2,1275,midogpp-expert_2-6c22382577fa40f33409a54f,0.6148989199667682,372,0.2917647058823529,0.49206349206349204,1.393986928104575
expert_2,1276,midogpp-expert_2-0db9de0499b7d75b52cea6f3,0.614732761008031,372,0.29153605015673983,0.49206349206349204,1.3928944618599792
expert_2,1277,midogpp-expert_2-4d2fcd38d9a729863d2ccede,0.614677374688452,372,0.2913077525450274,0.49206349206349204,1.3918037066040196
expert_2,1278,midogpp-expert_2-cbd35d23dcb7d3082e41be1e,0.6140127388535032,372,0.29107981220657275,0.49206349206349204,1.390714658320292
expert_2,1279,midogpp-expert_2-d882da910d794909f150d41b,0.6137358072556078,373,0.29163408913213446,0.4933862433862434,1.3933628702979757
expert_2,1280,midogpp-expert_2-87c4effb2fd66565f4a67c16,0.6135696482968707,373,0.29140625,0.4933862433862434,1.3922743055555553
expert_2,1281,midogpp-expert_2-d88316a507807cf072c76490,0.6131265577402382,373,0.29117876658860264,0.4933862433862434,1.3911874403677682
expert_2,1282,midogpp-expert_2-88ec042fb42bf6080e6c0463,0.6129603987815009,373,0.2909516380655226,0.4933862433862434,1.3901022707574968
expert_2,1283,midogpp-expert_2-0d553439d154497d59caabdf,0.6127388535031846,374,0.2915042868277475,0.4947089947089947,1.3927427037325713
expert_2,1284,midogpp-expert_2-4cfcca5bbe5cc42cf1ab26bb,0.6125726945444475,374,0.29127725856697817,0.4947089947089947,1.39165801315334
expert_2,1285,midogpp-expert_2-e6a69e4a22fe0054d626b52d,0.6124065355857102,374,0.29105058365758757,0.4947089947089947,1.3905750108084738
expert_2,1286,midogpp-expert_2-20b40f2647f30ece7c24a54a,0.6122403766269732,374,0.29082426127527217,0.4947089947089947,1.3894936927596335
expert_2,1287,midogpp-expert_2-9a57321fd1d3fe880c7bbfbe,0.6120188313486569,374,0.2905982905982906,0.4947089947089947,1.3884140550807218
expert_2,1288,midogpp-expert_2-f775f7174de563d1e6d4fccd,0.6116865134311825,375,0.2911490683229814,0.49603174603174605,1.3910455486542443
expert_2,1289,midogpp-expert_2-5bfdd5caf537dfb7af6e7e0a,0.6116311271116035,375,0.29092319627618307,0.49603174603174605,1.38996638220843
expert_2,1290,midogpp-expert_2-5a0486c7fa55c0fb9ab5685c,0.6100803101633896,375,0.29069767441860467,0.49603174603174605,1.3888888888888888
expert_2,1291,midogpp-expert_2-5a3d75c1be0d0cf28b6583b4,0.6100803101633896,375,0.29047250193648333,0.49603174603174605,1.3878130648076425
expert_2,1292,midogpp-expert_2-1f897bf1e38cee56b59bc81e,0.6099141512046524,375,0.29024767801857587,0.49603174603174605,1.3867389060887514
expert_2,1293,midogpp-expert_2-aab2e4c0a49971de291f1575,0.6098587648850734,375,0.2900232018561485,0.49603174603174605,1.3856664088682649
expert_2,1294,midogpp-expert_2-ef7f2654e1d0f02937aaf843,0.6098587648850734,376,0.29057187017001546,0.4973544973544973,1.3882878241456293
expert_2,1295,midogpp-expert_2-2d61b6db0fec58e7ec24e9b5,0.6097479922459152,376,0.29034749034749036,0.4973544973544973,1.387215787215787
expert_2,1296,midogpp-expert_2-46157a6e2767d068e3ee250b,0.6095818332871781,376,0.29012345679012347,0.4973544973544973,1.3861454046639232
expert_2,1297,midogpp-expert_2-0d3c4fb89fe967b160bb818e,0.609526446967599,376,0.2898997686969931,0.4973544973544973,1.3850766726634114
expert_2,1298,midogpp-expert_2-bdc220a28cb0e6d95af4cf9c,0.6094156743284409,376,0.2896764252696456,0.4973544973544973,1.3840095873994178
expert_2,1299,midogpp-expert_2-97d3607d0c5aa83af56ca638,0.6092495153697036,376,0.2894534257120862,0.4973544973544973,1.3829441450688562
expert_2,1300,midogpp-expert_2-54411e2030610fa1b630e50d,0.6085294932151759,376,0.28923076923076924,0.4973544973544973,1.3818803418803418
expert_2,1301,midogpp-expert_2-a68cf41485de8e311dc7b86c,0.6083079479368596,376,0.2890084550345888,0.4973544973544973,1.3808181740541463
expert_2,1302,midogpp-expert_2-089bccfdbbf753a536ceebce,0.6082525616172805,377,0.28955453149001537,0.49867724867724866,1.3834272060078512
expert_2,1303,midogpp-expert_2-46e7a3ea2ba8aceffb368b2c,0.6081417889781224,378,0.2900997697620875,0.5,1.3860322333077513
expert_2,1304,midogpp-expert_2-bbb7e45b2d285f5149c2d881,0.6079756300193853,378,0.2898773006134969,0.5,1.3849693251533741
expert_2,1305,midogpp-expert_2-3c5b72ece7dd0b17d2a87ac6,0.6079756300193851,379,0.29042145593869734,0.5013227513227513,1.387569178373776
expert_2,1306,midogpp-expert_2-97f46a3fd8dd7de6cb5ac3f4,0.6078648573802271,380,0.29096477794793263,0.5026455026455027,1.3901650501956782
expert_2,1307,midogpp-expert_2-c1eb8cde565da658eb46e53e,0.607754084741069,380,0.2907421576128539,0.5026455026455027,1.3891014197058573
expert_2,1308,midogpp-expert_2-9719b299a5ef8edfb5967b1a,0.6075879257823317,380,0.290519877675841,0.5026455026455027,1.3880394155623512
expert_2,1309,midogpp-expert_2-326c5419847a2a7d33d74cad,0.606923289947383,380,0.2902979373567609,0.5026455026455027,1.3869790340378576
expert_2,1310,midogpp-expert_2-3ad36020b072641b6daaae56,0.606923289947383,380,0.2900763358778626,0.5026455026455027,1.3859202714164545
expert_2,1311,midogpp-expert_2-b7482ca500ba7dcedf35937f,0.6065909720299086,380,0.2898550724637681,0.5026455026455027,1.3848631239935587
expert_2,1312,midogpp-expert_2-f7533e839c6bdb30676755d4,0.6064801993907505,381,0.29039634146341464,0.503968253968254,1.38744918699187
expert_2,1313,midogpp-expert_2-4a2999e3497b97318368f743,0.6061478814732761,382,0.2909367859862909,0.5052910052910053,1.39003131082339
expert_2,1314,midogpp-expert_2-fc6e1dc96fd5405e789f23fb,0.606037108834118,383,0.2914764079147641,0.5066137566137566,1.3926095044816507
expert_2,1315,midogpp-expert_2-a6c2d194fbda6b9e5685a85c,0.6058709498753807,383,0.29125475285171104,0.5066137566137566,1.3915504858470638
expert_2,1316,midogpp-expert_2-c8f918539186a4c3ac6768b6,0.6054832456383274,383,0.29103343465045595,0.5066137566137566,1.3904930766632895
expert_2,1317,midogpp-expert_2-5770a2480a8e8a6a7f20674b,0.6054278593187483,384,0.29157175398633256,0.5079365079365079,1.3930650468235888
expert_2,1318,midogpp-expert_2-534ca61dd3f12aa814d9b124,0.6053724729991692,384,0.291350531107739,0.5079365079365079,1.3920080930703085
expert_2,1319,midogpp-expert_2-8a30da13dad59520c76a1f18,0.6053724729991692,384,0.29112964366944655,0.5079365079365079,1.3909527419762446
expert_2,1320,midogpp-expert_2-1da90b12d37580a71424107c,0.6053170866795902,385,0.2916666666666667,0.5092592592592593,1.3935185185185186
expert_2,1321,midogpp-expert_2-bb2ea3af4df4e23090e67a92,0.6049847687621157,385,0.29144587433762303,0.5092592592592593,1.39246362183531
expert_2,1322,midogpp-expert_2-20cedc0c88132cd4605d3196,0.6048739961229577,385,0.29122541603630864,0.5092592592592593,1.3914103210623634
expert_2,1323,midogpp-expert_2-a1830d537738297aff1b6338,0.6048186098033786,385,0.291005291005291,0.5092592592592593,1.3903586125808347
expert_2,1324,midogpp-expert_2-a10226fe512fdf9e2704e186,0.6048186098033785,386,0.29154078549848944,0.5105820105820106,1.3929170862705607
expert_2,1325,midogpp-expert_2-35efc535fcf3ed24df8438b0,0.6043755192467462,386,0.29132075471698116,0.5105820105820106,1.3918658280922431
expert_2,1326,midogpp-expert_2-a1e159a477c3b3671d949f9e,0.6042093602880089,387,0.2918552036199095,0.5119047619047619,1.394419306184012
expert_2,1327,midogpp-expert_2-ee3b182a2a71c9bd96c8d191,0.6039324286901135,387,0.29163526752072344,0.5119047619047619,1.3933685003767897
expert_2,1328,midogpp-expert_2-c8ea946cc732ded6bc3febd4,0.6032677928551646,387,0.2914156626506024,0.5119047619047619,1.3923192771084338
expert_2,1329,midogpp-expert_2-fb86243105aefa97ab34911b,0.6030462475768485,388,0.29194883370955604,0.5132275132275133,1.3948666499456566
expert_2,1330,midogpp-expert_2-0d298c54a0aee65d86d1389a,0.6027693159789531,388,0.29172932330827067,0.5132275132275133,1.3938178780284043
expert_2,1331,midogpp-expert_2-8e3ff960442a63c4dec520b8,0.602547770700637,389,0.29226145755071375,0.5145502645502645,1.3963602971867435
expert_2,1332,midogpp-expert_2-6651956d4135995bccfcd2f5,0.6024923843810578,389,0.29204204204204204,0.5145502645502645,1.3953119786453119
expert_2,1333,midogpp-expert_2-c810c4f506f79a9282c29bff,0.6023262254223207,389,0.29182295573893474,0.5145502645502645,1.3942652329749103
expert_2,1334,midogpp-expert_2-e8e915dab624986b20004a8f,0.6022708391027416,389,0.29160419790104947,0.5145502645502645,1.3932200566383475
expert_2,1335,midogpp-expert_2-e18ab1b8cdc4781fe482c101,0.6022154527831626,389,0.29138576779026215,0.5145502645502645,1.3921764461090302
expert_2,1336,midogpp-expert_2-b6ec81abd5d40e91aa7fc435,0.6016615895873718,389,0.2911676646706587,0.5145502645502645,1.3911343978709247
expert_2,1337,midogpp-expert_2-06a9a3cedcddc599a135d089,0.6013846579894766,389,0.29094988780852654,0.5145502645502645,1.3900939084185155
expert_2,1338,midogpp-expert_2-15bb730bf1cc54e23e2df36c,0.6009415674328441,390,0.2914798206278027,0.5158730158730159,1.3926258096661683
expert_2,1339,midogpp-expert_2-9ced54bbdd96053f76cabc87,0.6006646358349488,391,0.29200896191187453,0.5171957671957672,1.3951539291345116
expert_2,1340,midogpp-expert_2-2a82b9f122d5b3f2a54ebced,0.6005538631957906,392,0.29253731343283584,0.5185185185185185,1.3976782752902157
expert_2,1341,midogpp-expert_2-5ff766ea9137978bb6410a1f,0.6005538631957906,392,0.2923191648023863,0.5185185185185185,1.396636009611401
expert_2,1342,midogpp-expert_2-2479ccebe4314a16a3536660,0.6004430905566325,392,0.29210134128166915,0.5185185185185185,1.3955952972346415
expert_2,1343,midogpp-expert_2-693881e9cabcd3407fe9b8bd,0.5996676820825256,392,0.29188384214445273,0.5185185185185185,1.394556134690163
expert_2,1344,midogpp-expert_2-c3389d4600b9d1370702d423,0.5992245915258931,392,0.2916666666666667,0.5185185185185185,1.3935185185185186
expert_2,1345,midogpp-expert_2-a6bf1a0c106715095c1d4154,0.5987261146496816,392,0.29144981412639404,0.5185185185185185,1.3924824452705493
expert_2,1346,midogpp-expert_2-c3973d6826788724864450e9,0.5977845472168375,392,0.2912332838038633,0.5185185185185185,1.3914479115073468
expert_2,1347,midogpp-expert_2-db14803271258d016944b63f,0.5975076156189422,392,0.29101707498144025,0.5185185185185185,1.3904149138002144
expert_2,1348,midogpp-expert_2-fa27df0e8d6b4c5468a771d6,0.597341456660205,393,0.29154302670623145,0.5198412698412699,1.3929277942631058
expert_2,1349,midogpp-expert_2-1c40406fe6a6ff54889b27b9,0.5971752977014677,393,0.29132690882134915,0.5198412698412699,1.3918952310353347
expert_2,1350,midogpp-expert_2-4b27c41c73ed4321965c03f9,0.5969537524231515,393,0.2911111111111111,0.5198412698412699,1.390864197530864
expert_2,1351,midogpp-expert_2-5e80d2a2f5cdc43df76702b3,0.5967322071448351,393,0.2908956328645448,0.5198412698412699,1.389834690352825
expert_2,1352,midogpp-expert_2-8ed86ce372cd1cfe2e5f92cd,0.5966214345056771,393,0.2906804733727811,0.5198412698412699,1.3888067061143985
expert_2,1353,midogpp-expert_2-1e87f78e30eaadc4556ac14a,0.596566048186098,393,0.29046563192904656,0.5198412698412699,1.3877802414387779
expert_2,1354,midogpp-expert_2-d513826266d45589b31a6c35,0.596566048186098,394,0.29098966026587886,0.5211640211640212,1.3902839323814211
expert_2,1355,midogpp-expert_2-e0e254c1643ad9413ad1f698,0.5965660481860979,394,0.2907749077490775,0.5211640211640212,1.3892578925789256
expert_2,1356,midogpp-expert_2-88005262b9ef2d7b92883ec4,0.5964552755469399,394,0.29056047197640117,0.5211640211640212,1.3882333661094721
expert_2,1357,midogpp-expert_2-15134d63b550e1d4cf362ebf,0.5963998892273609,395,0.29108327192336036,0.5224867724867724,1.3907311880782773
expert_2,1358,midogpp-expert_2-6a576dd16062d4296729ba38,0.5962337302686237,395,0.29086892488954347,0.5224867724867724,1.3897070855833742
expert_2,1359,midogpp-expert_2-88aec744e67236dccb92b84f,0.5961229576294654,395,0.29065489330389993,0.5224867724867724,1.388684490229744
expert_2,1360,midogpp-expert_2-d9939dfc0b10f2aabde28060,0.5960121849903075,396,0.2911764705882353,0.5238095238095238,1.3911764705882352
expert_2,1361,midogpp-expert_2-d37192210b160f6f1f1a5591,0.5955690944336749,396,0.2909625275532697,0.5238095238095238,1.390154298310066
expert_2,1362,midogpp-expert_2-6ab8c27324b5e4c2a1ef970c,0.5950706175574634,396,0.2907488986784141,0.5238095238095238,1.3891336270190895
expert_2,1363,midogpp-expert_2-f1063eb79cd4d31a7a01688c,0.5950706175574633,396,0.2905355832721937,0.5238095238095238,1.3881144534115921
expert_2,1364,midogpp-expert_2-0349ab11a04c9a90f7ad4143,0.5947936859595679,397,0.29105571847507333,0.5251322751322751,1.3905995438253502
expert_2,1365,midogpp-expert_2-89442aeef9ef013a0f93b0a9,0.5947936859595679,397,0.29084249084249086,0.5251322751322751,1.3895807895807897
expert_2,1366,midogpp-expert_2-ef9b5ea538bc2f659bf5c8cb,0.5947936859595679,398,0.2913616398243045,0.5264550264550265,1.3920611680494548
expert_2,1367,midogpp-expert_2-40d6c545b0706d4454d938b3,0.594738299639989,399,0.2918800292611558,0.5277777777777778,1.3945379175810777
expert_2,1368,midogpp-expert_2-f47ebbe87c842a1c53262f1e,0.5944059817225146,399,0.2916666666666667,0.5277777777777778,1.3935185185185186
expert_2,1369,midogpp-expert_2-05fcd7aa5068ee8c9383a48a,0.5942398227637773,399,0.2914536157779401,0.5277777777777778,1.3925006087168248
expert_2,1370,midogpp-expert_2-6e52b2497ce9d648b9c30db4,0.5937413458875658,399,0.29124087591240877,0.5277777777777778,1.3914841849148418
expert_2,1371,midogpp-expert_2-794cfef769253a53c0b055b4,0.5934644142896703,399,0.2910284463894967,0.5277777777777778,1.3904692438609287
expert_2,1372,midogpp-expert_2-007fc6b8010d040e57b02056,0.5931874826917751,400,0.2915451895043732,0.5291005291005291,1.3929381276320052
expert_2,1373,midogpp-expert_2-91712e47db122b580c8f1247,0.593021323733038,401,0.2920611798980335,0.5304232804232805,1.395403415068382
expert_2,1374,midogpp-expert_2-8056e25eba2b5314950501cd,0.5926890058155636,401,0.2918486171761281,0.5304232804232805,1.3943878376192786
expert_2,1375,midogpp-expert_2-a648680d5b267e369f555ab7,0.5926890058155636,401,0.29163636363636364,0.5304232804232805,1.3933737373737374
expert_2,1376,midogpp-expert_2-ebae76feebdd5f75ed0d3a41,0.5925228468568264,401,0.2914244186046512,0.5304232804232805,1.3923611111111112
expert_2,1377,midogpp-expert_2-459fe10948b7cddbe87563ff,0.5924674605372473,402,0.29193899782135074,0.5317460317460317,1.3948196562575645
expert_2,1378,midogpp-expert_2-d2b7e6d0ab571615c2016947,0.5924120742176682,402,0.29172714078374457,0.5317460317460317,1.393807450411224
expert_2,1379,midogpp-expert_2-f1aba5808b3b634bcbc637a6,0.5923566878980892,402,0.2915155910079768,0.5317460317460317,1.3927967125936669
expert_2,1380,midogpp-expert_2-120fce062855a6ebb0ad51f2,0.5916366657435613,403,0.2920289855072464,0.533068783068783,1.3952495974235104
expert_2,1381,midogpp-expert_2-3a1520dd90001c48acac613d,0.5916366657435613,403,0.29181752353367124,0.533068783068783,1.394239279105318
expert_2,1382,midogpp-expert_2-7019e8e61b6a96cdd4f7f80d,0.5916366657435613,403,0.29160636758321273,0.533068783068783,1.3932304228975718
expert_2,1383,midogpp-expert_2-86298b22f5df86d549dafc6b,0.5916366657435613,404,0.292118582791034,0.5343915343915344,1.39567767333494
expert_2,1384,midogpp-expert_2-f4d3289aab76a4d1a9aa1ef0,0.5911935751869288,404,0.29190751445086704,0.5343915343915344,1.3946692357096981
expert_2,1385,midogpp-expert_2-c1594fb28c486f328a68d069,0.5909166435890335,404,0.29169675090252706,0.5343915343915344,1.3936622543120736
expert_2,1386,midogpp-expert_2-416d44181c3553358ab66db3,0.5908058709498754,404,0.29148629148629146,0.5343915343915344,1.392656725990059
expert_2,1387,midogpp-expert_2-f02cb13c2f556010f3c9bace,0.5907504846302963,404,0.2912761355443403,0.5343915343915344,1.391652647600737
expert_2,1388,midogpp-expert_2-1eb27a18a23b5b939137038d,0.5906397119911382,404,0.2910662824207493,0.5343915343915344,1.3906500160102464
expert_2,1389,midogpp-expert_2-67f1e4d38e4c877781b8cdb7,0.590584325671559,405,0.2915766738660907,0.5357142857142857,1.3930885529157666
expert_2,1390,midogpp-expert_2-f82b3acc4cff4afcf5b27d2b,0.590473553032401,405,0.29136690647482016,0.5357142857142857,1.3920863309352518
expert_2,1391,midogpp-expert_2-a034268ad2febeb5294f565b,0.5903073940736638,405,0.291157440690151,0.5357142857142857,1.3910855499640546
expert_2,1392,midogpp-expert_2-c71a7658a9a553e635904754,0.5903073940736638,406,0.2916666666666667,0.5370370370370371,1.3935185185185186
expert_2,1393,midogpp-expert_2-246583ad1ed81b55929baa76,0.5901966214345058,406,0.2914572864321608,0.5370370370370371,1.3925181462869904
expert_2,1394,midogpp-expert_2-159078eecd3e3ef5726c07f6,0.5898089171974522,407,0.2919655667144907,0.5383597883597884,1.394946596524789
expert_2,1395,midogpp-expert_2-1c0687e09c1e5d82a1d07dff,0.5896981445582941,407,0.2917562724014337,0.5383597883597884,1.3939466348068499
expert_2,1396,midogpp-expert_2-df9c5b68f646309790331877,0.589642758238715,407,0.2915472779369627,0.5383597883597884,1.3929481056988218
expert_2,1397,midogpp-expert_2-1730871e7a8b21ddd9fb3abc,0.5895319855995569,407,0.29133858267716534,0.5383597883597884,1.3919510061242344
expert_2,1398,midogpp-expert_2-6843bd145cba8ae9bd043a37,0.5890335087233453,407,0.29113018597997137,0.5383597883597884,1.3909553330154187
expert_2,1399,midogpp-expert_2-76d03db893cb3fc547b88bb7,0.58875657712545,407,0.2909220872051465,0.5383597883597884,1.3899610833134777
expert_2,1400,midogpp-expert_2-73f9a0dad676d82078a63d99,0.5885904181667129,407,0.2907142857142857,0.5383597883597884,1.3889682539682537
expert_2,1401,midogpp-expert_2-ab088a6a71bac21b1c010ed4,0.5885904181667128,407,0.29050678087080656,0.5383597883597884,1.3879768419382978
expert_2,1402,midogpp-expert_2-f95e4daa53e166099dbeb3b2,0.5884242592079756,407,0.29029957203994294,0.5383597883597884,1.3869868441908384
expert_2,1403,midogpp-expert_2-ed897ac8e13b57baae45c6ef,0.5883134865688175,407,0.2900926585887384,0.5383597883597884,1.38599825770175
expert_2,1404,midogpp-expert_2-719466833a21517084b9fead,0.5879811686513432,407,0.2898860398860399,0.5383597883597884,1.385011079455524
expert_2,1405,midogpp-expert_2-5a23152a243ed8fc1d1e0f88,0.5879811686513431,407,0.2896797153024911,0.5383597883597884,1.3840253064452352
expert_2,1406,midogpp-expert_2-a3abd11c43057e84bfeb33fb,0.5877042370534478,407,0.2894736842105263,0.5383597883597884,1.3830409356725146
expert_2,1407,midogpp-expert_2-3abad418b4dd7ed53296f2de,0.5876488507338687,407,0.2892679459843639,0.5383597883597884,1.3820579641475164
expert_2,1408,midogpp-expert_2-a793416073e69cead830e921,0.5876488507338687,407,0.2890625,0.5383597883597884,1.3810763888888888
expert_2,1409,midogpp-expert_2-035fc7b8987e3c1470ea4783,0.5875380780947106,407,0.28885734563520227,0.5383597883597884,1.3800962069237441
expert_2,1410,midogpp-expert_2-384e216b46008667ff35d8a2,0.5874826917751316,407,0.2886524822695035,0.5383597883597884,1.3791174152876278
expert_2,1411,midogpp-expert_2-4fb459aa32320411789c0797,0.5873719191359734,408,0.2891566265060241,0.5396825396825397,1.3815261044176705
expert_2,1412,midogpp-expert_2-45dedf8c3610d00402ef7926,0.5869288285793409,409,0.2896600566572238,0.541005291005291,1.3839313818067358
expert_2,1413,midogpp-expert_2-330927594430725787a86813,0.5866518969814456,409,0.2894550601556971,0.541005291005291,1.3829519540772195
expert_2,1414,midogpp-expert_2-e41a99265073ccedf937eebb,0.5863749653835504,410,0.28995756718529,0.5423280423280423,1.3853528209963855
expert_2,1415,midogpp-expert_2-18b0ca190ff9eeb0095548ab,0.5863195790639713,410,0.28975265017667845,0.5423280423280423,1.3843737730663526
expert_2,1416,midogpp-expert_2-04d7b2953827b1c6ab57fa92,0.5846026031570202,411,0.2902542372881356,0.5436507936507936,1.3867702448210921
expert_2,1417,midogpp-expert_2-2cfb8757edbeec19ba435360,0.5840487399612295,411,0.2900494001411433,0.5436507936507936,1.3857915784521289
expert_2,1418,midogpp-expert_2-6dfa382afde3237e809e3eb6,0.5839933536416506,411,0.28984485190409026,0.5436507936507936,1.3848142924306535
expert_2,1419,midogpp-expert_2-d03d71f6bb0a5f5c8de951af,0.5839379673220715,411,0.28964059196617337,0.5436507936507936,1.3838383838383839
expert_2,1420,midogpp-expert_2-d849da05258b88dfd85830fe,0.5837164220437552,411,0.28943661971830986,0.5436507936507936,1.3828638497652581
expert_2,1421,midogpp-expert_2-dd50e58293d3aae9cd3d5efb,0.58343949044586,412,0.28993666432090076,0.544973544973545,1.3852529517554146
expert_2,1422,midogpp-expert_2-4facffdff2010a4f3ab2e509,0.5830517862088064,412,0.28973277074542897,0.544973544973545,1.384278793561494
expert_2,1423,midogpp-expert_2-01ce7b516068629548caff50,0.5829410135696482,412,0.28952916373858045,0.544973544973545,1.3833060045287733
expert_2,1424,midogpp-expert_2-3ca48ca058d1d3c6f6bafc89,0.5827194682913321,412,0.2893258426966292,0.544973544973545,1.382334581772784
expert_2,1425,midogpp-expert_2-61f2704cb859bb6049e27610,0.5825533093325949,412,0.28912280701754384,0.544973544973545,1.3813645224171538
expert_2,1426,midogpp-expert_2-e739509a50e1b8e36bcf2b4a,0.5825533093325949,412,0.28892005610098176,0.544973544973545,1.3803958235935794
expert_2,1427,midogpp-expert_2-3a61e5d1e59c35540f235a4a,0.5824425366934367,412,0.2887175893482831,0.544973544973545,1.379428482441797
expert_2,1428,midogpp-expert_2-eadb804e67454734c88a982e,0.5822763777346995,412,0.28851540616246496,0.544973544973545,1.3784624961095548
expert_2,1429,midogpp-expert_2-445c58818c969c6d72a3e45d,0.5817225145389089,412,0.28831350594821553,0.544973544973545,1.3774978617525853
expert_2,1430,midogpp-expert_2-668032eca3ee661523695c90,0.5817225145389089,412,0.2881118881118881,0.544973544973545,1.3765345765345764
expert_2,1431,midogpp-expert_2-06be5aa9ebef43947fbeaa0c,0.5813348103018554,413,0.2886093640810622,0.5462962962962963,1.378911406165075
expert_2,1432,midogpp-expert_2-3c6088e4f3eff2cc5501f7ac,0.5812794239822764,414,0.28910614525139666,0.5476190476190477,1.3812849162011174
expert_2,1433,midogpp-expert_2-c884bb628c110ed8dc6a792c,0.5812240376626974,414,0.28890439637124915,0.5476190476190477,1.3803210048848569
expert_2,1434,midogpp-expert_2-85a3e58f8b5d2d8b6e0b1d09,0.5810578787039602,414,0.28870292887029286,0.5476190476190477,1.3793584379358437
expert_2,1435,midogpp-expert_2-a41b8dede249461cc3687e80,0.5810578787039601,414,0.28850174216027874,0.5476190476190477,1.378397212543554
expert_2,1436,midogpp-expert_2-cffc40b54bfe17b8956d778f,0.5809471060648019,415,0.2889972144846797,0.548941798941799,1.3807644692045806
expert_2,1437,midogpp-expert_2-5dc747fd817351e73bb3851a,0.5808917197452229,415,0.28879610299234515,0.548941798941799,1.3798036031856489
expert_2,1438,midogpp-expert_2-9b404b8dcdc7a379b6f06d89,0.5808363334256439,415,0.2885952712100139,0.548941798941799,1.378844073558955
expert_2,1439,midogpp-expert_2-8f0ecf1a930372dd3358f723,0.5807255607864857,415,0.2883947185545518,0.548941798941799,1.377885877538414
expert_2,1440,midogpp-expert_2-a7cbcc05266ae996c1bf51f9,0.5806147881473276,415,0.2881944444444444,0.548941798941799,1.3769290123456788
expert_2,1441,midogpp-expert_2-501fae7e01bd775f84cc7046,0.5805040155081694,416,0.2886884108258154,0.5502645502645502,1.3792890739455625
expert_2,1442,midogpp-expert_2-a755b121b60b8c480f9800c8,0.5803378565494324,417,0.28918169209431344,0.5515873015873016,1.3816458622283863
expert_2,1443,midogpp-expert_2-b554bb5952078869f3feffea,0.5803378565494323,417,0.288981288981289,0.5515873015873016,1.3806883806883807
expert_2,1444,midogpp-expert_2-346ca78f7c24a42bfe1280d3,0.5800609249515369,417,0.28878116343490307,0.5515873015873016,1.3797322253000923
expert_2,1445,midogpp-expert_2-4d3777858c394c62601f7a83,0.5800609249515369,417,0.2885813148788927,0.5515873015873016,1.3787773933102652
expert_2,1446,midogpp-expert_2-95759b06ee391db0d72f9c8a,0.5797839933536417,417,0.2883817427385892,0.5515873015873016,1.3778238819732593
expert_2,1447,midogpp-expert_2-a4d979d446fdca7867931d91,0.5797286070340626,417,0.28818244644091223,0.5515873015873016,1.376871688551025
expert_2,1448,midogpp-expert_2-06c0c42381a986cb78ea5b4a,0.5791747438382719,417,0.2879834254143646,0.5515873015873016,1.3759208103130753
expert_2,1449,midogpp-expert_2-a9f737bbca8867fc2f6e74f5,0.578343949044586,417,0.28778467908902694,0.5515873015873016,1.374971244536462
expert_2,1450,midogpp-expert_2-e3b26004496a63992d894ed4,0.5779562448075325,417,0.28758620689655173,0.5515873015873016,1.3740229885057471
expert_2,1451,midogpp-expert_2-dbf1238184bf88ab31ea5457,0.5775685405704791,417,0.28738800827015853,0.5515873015873016,1.3730760395129795
expert_2,1452,midogpp-expert_2-155d3ea471ac951e1fa08bf5,0.5770146773746885,417,0.2871900826446281,0.5515873015873016,1.3721303948576675
expert_2,1453,midogpp-expert_2-7e4441a5c6f1131a2cfe625c,0.5768485184159513,417,0.2869924294562973,0.5515873015873016,1.3711860518467538
expert_2,1454,midogpp-expert_2-b6482448adeb5a7c4388ebd0,0.5767377457767932,418,0.2874828060522696,0.5529100529100529,1.3735289622497324
expert_2,1455,midogpp-expert_2-01637dbd6af065bed4d76d7f,0.576737745776793,418,0.2872852233676976,0.5529100529100529,1.3725849560901107
expert_2,1456,midogpp-expert_2-7bf59d8815cf3b8f99217f05,0.5759623373026862,418,0.28708791208791207,0.5529100529100529,1.3716422466422464
expert_2,1457,midogpp-expert_2-b487b87238b7adfb3597071c,0.5756300193852119,418,0.2868908716540837,0.5529100529100529,1.3707008312361777
expert_2,1458,midogpp-expert_2-b8385ac0e70b3e7dc0b8d1ad,0.5756300193852119,418,0.28669410150891633,0.5529100529100529,1.3697607072092668
expert_2,1459,midogpp-expert_2-8a15ca2fe56c2ae38793f60c,0.5751869288285794,418,0.2864976010966415,0.5529100529100529,1.368821871906176
expert_2,1460,midogpp-expert_2-2ff223c5e610918773c0ad60,0.5751315425090002,418,0.2863013698630137,0.5529100529100529,1.367884322678843
expert_2,1461,midogpp-expert_2-329492a1f9dfd2efa66474b4,0.5751315425090002,419,0.2867898699520876,0.5542328042328042,1.370218267548863
expert_2,1462,midogpp-expert_2-c56b7c1e2ae49c1ffc56218d,0.5747438382719469,419,0.286593707250342,0.5542328042328042,1.369281045751634
expert_2,1463,midogpp-expert_2-6f65f4f21612436a89e55219,0.5746330656327887,419,0.2863978127136022,0.5542328042328042,1.3683451051872104
expert_2,1464,midogpp-expert_2-59360f5dda7ce1841fb11064,0.5745776793132096,419,0.28620218579234974,0.5542328042328042,1.3674104432301153
expert_2,1465,midogpp-expert_2-89767f2973326c1ce2f47509,0.5744669066740515,419,0.2860068259385666,0.5542328042328042,1.3664770572620402
expert_2,1466,midogpp-expert_2-18a8a938afe40bc76a08245b,0.5743561340348934,419,0.2858117326057299,0.5542328042328042,1.3655449446718206
expert_2,1467,midogpp-expert_2-57260545a30a3dbbe0a814b6,0.5743561340348934,419,0.28561690524880706,0.5542328042328042,1.3646141028554115
expert_2,1468,midogpp-expert_2-26903557f15fa728b71eb533,0.5741899750761562,420,0.28610354223433243,0.5555555555555556,1.3669391462306992
expert_2,1469,midogpp-expert_2-dce6c8d9984c0edc10835aab,0.5741345887565771,420,0.2859087814840027,0.5555555555555556,1.3660086226457908
expert_2,1470,midogpp-expert_2-7874eacde4022b2daea4362d,0.5733037939628911,420,0.2857142857142857,0.5555555555555556,1.365079365079365
expert_2,1471,midogpp-expert_2-797bc2e2614f5c4caa7cea32,0.5732484076433122,421,0.28619986403806935,0.5568783068783069,1.367399350404109
expert_2,1472,midogpp-expert_2-f7c7c20411b70984f2417223,0.5730822486845749,422,0.2866847826086957,0.5582010582010583,1.3697161835748792
expert_2,1473,midogpp-expert_2-061b048de86b219e334132a2,0.5727499307671005,422,0.286490156143924,0.5582010582010583,1.3687863015765256
expert_2,1474,midogpp-expert_2-9bc45ec5a1087163cc01fa10,0.5725837718083634,422,0.2862957937584803,0.5582010582010583,1.367857681290517
expert_2,1475,midogpp-expert_2-6b542f2c47aa20b33b24ecb3,0.5719745222929936,422,0.2861016949152542,0.5582010582010583,1.366930320150659
expert_2,1476,midogpp-expert_2-f67cc665ee3901b7e6f8009d,0.5710883411797286,422,0.2859078590785908,0.5582010582010583,1.3660042155977115
expert_2,1477,midogpp-expert_2-2534364e76559132ff9ee435,0.5708114095818333,422,0.2857142857142857,0.5582010582010583,1.365079365079365
expert_2,1478,midogpp-expert_2-58320d7457256ea4f662e4d0,0.5707006369426751,423,0.2861975642760487,0.5595238095238095,1.3673883626522325
expert_2,1479,midogpp-expert_2-085c4965cec9a48926b0e858,0.5702575463860426,423,0.28600405679513186,0.5595238095238095,1.3664638269100744
expert_2,1480,midogpp-expert_2-937f059b3d436bcb0988090b,0.5700913874273055,423,0.28581081081081083,0.5595238095238095,1.3655405405405405
expert_2,1481,midogpp-expert_2-2ab7789a2a405c606650ae2d,0.5698698421489892,424,0.2862930452397029,0.5608465608465608,1.3678445494785805
expert_2,1482,midogpp-expert_2-1ef80815e8617dbe690410a8,0.5696482968706729,424,0.28609986504723345,0.5608465608465608,1.366921577447893
expert_2,1483,midogpp-expert_2-d1eaf3c2d05dc55074328b73,0.569592910551094,424,0.2859069453809845,0.5608465608465608,1.3659998501535926
expert_2,1484,midogpp-expert_2-ca965bde0336585750479a89,0.5692052063140405,425,0.2863881401617251,0.5621693121693122,1.3682988918837975
expert_2,1485,midogpp-expert_2-6252e0ecedcbbf2087d0bade,0.5690390473553032,425,0.28619528619528617,0.5621693121693122,1.3673774784885895
expert_2,1486,midogpp-expert_2-5285f349e84e8e9cc39cef4a,0.5689836610357242,425,0.2860026917900404,0.5621693121693122,1.3664573052190818
expert_2,1487,midogpp-expert_2-be0f17dc1ee4ce90aa3ab10a,0.5689836610357242,425,0.28581035642232683,0.5621693121693122,1.3655383695733392
expert_2,1488,midogpp-expert_2-1638b88a3275c25d8b04d3c8,0.568872888396566,425,0.2856182795698925,0.5621693121693122,1.3646206690561529
expert_2,1489,midogpp-expert_2-3179fb891950440e42c04a24,0.568817502076987,425,0.28542646071188715,0.5621693121693122,1.3637042011790164
expert_2,1490,midogpp-expert_2-7faead98351ae6ce5ead4b48,0.5683190252007755,425,0.28523489932885904,0.5621693121693122,1.3627889634601043
expert_2,1491,midogpp-expert_2-1858de35e985cdc684d7ac6f,0.5682082525616172,426,0.2857142857142857,0.5634920634920635,1.365079365079365
expert_2,1492,midogpp-expert_2-30b6055cbf0f94df70d8036d,0.56804209360288,426,0.2855227882037534,0.5634920634920635,1.3641644325290438
expert_2,1493,midogpp-expert_2-7f6c435d452ef239cce8aa04,0.567931320963722,426,0.2853315472203617,0.5634920634920635,1.3632507256083948
expert_2,1494,midogpp-expert_2-b9bf55d9f0b7c6f1a56a577a,0.5677097756854057,426,0.285140562248996,0.5634920634920635,1.3623382418563141
expert_2,1495,midogpp-expert_2-86bfc6d7d22ed421b235d158,0.5675990030462476,426,0.28494983277591973,0.5634920634920635,1.3614269788182831
expert_2,1496,midogpp-expert_2-2e0e632d8050354b2ec357d3,0.5672112988091942,426,0.28475935828877,0.5634920634920635,1.3605169340463457
expert_2,1497,midogpp-expert_2-c1244a27a27a0d4511dd3cad,0.5667682082525616,426,0.2845691382765531,0.5634920634920635,1.359608105099087
expert_2,1498,midogpp-expert_2-538bd20648ec1026aaadff1f,0.5663805040155082,426,0.28437917222963954,0.5634920634920635,1.358700489541611
expert_2,1499,midogpp-expert_2-1f1d322a798d138dead806a0,0.5658820271392966,427,0.2848565710473649,0.5648148148148148,1.3609813950040766
expert_2,1500,midogpp-expert_2-77e49e13bdd4ccac95fe6ecd,0.5658820271392966,427,0.2846666666666667,0.5648148148148148,1.360074074074074
expert_2,1501,midogpp-expert_2-1d9a448ce679853fe75f57b2,0.5656050955414013,427,0.2844770153231179,0.5648148148148148,1.359167962099341
expert_2,1502,midogpp-expert_2-9f601082e9a32c9c9ccc9c0d,0.5654943229022432,427,0.28428761651131823,0.5648148148148148,1.358263056665187
expert_2,1503,midogpp-expert_2-ac0edfed335788c171634d0d,0.5652173913043479,427,0.28409846972721225,0.5648148148148148,1.3573593553633474
expert_2,1504,midogpp-expert_2-44b1edf54fb9fe1eca33375f,0.5651620049847688,427,0.2839095744680851,0.5648148148148148,1.3564568557919623
expert_2,1505,midogpp-expert_2-455987a70558d8be6da20894,0.5650512323456106,428,0.2843853820598007,0.5661375661375662,1.3587301587301588
expert_2,1506,midogpp-expert_2-2523d9c62890ff6f5af2e25d,0.5646635281085572,428,0.28419654714475434,0.5661375661375662,1.3578279474693817
expert_2,1507,midogpp-expert_2-211ede8b27af4d7c052e2562,0.5644419828302409,428,0.2840079628400796,0.5661375661375662,1.3569269335692693
expert_2,1508,midogpp-expert_2-4d27cc0726353ec0e8e0e376,0.5644419828302409,428,0.2838196286472148,0.5661375661375662,1.356027114647804
expert_2,1509,midogpp-expert_2-353c504e67a963cfc943df13,0.5643865965106618,428,0.2836315440689198,0.5661375661375662,1.3551284883292836
expert_2,1510,midogpp-expert_2-7378a6cbd0d428674f125ff5,0.5641650512323456,428,0.28344370860927154,0.5661375661375662,1.3542310522442973
expert_2,1511,midogpp-expert_2-4b45793b977f081e2d9702a6,0.5637773469952923,428,0.28325612177365983,0.5661375661375662,1.353334804029708
expert_2,1512,midogpp-expert_2-f2ea9dfb199e0fc565542484,0.563611188036555,428,0.2830687830687831,0.5661375661375662,1.3524397413286302
expert_2,1513,midogpp-expert_2-21eedc6e8703867bf4d5e1a7,0.56272500692329,429,0.2835426305353602,0.5674603174603174,1.3547036792244989
expert_2,1514,midogpp-expert_2-48fe60f174753e0be7ffe841,0.5626696206037108,429,0.28335535006605017,0.5674603174603174,1.3538088947600173
expert_2,1515,midogpp-expert_2-74d59ec48db8566b318b69f3,0.5625034616449737,429,0.28316831683168314,0.5674603174603174,1.3529152915291527
expert_2,1516,midogpp-expert_2-8eca9dae23e1ca49571b62c4,0.5620603710883412,430,0.2836411609498681,0.5687830687830688,1.3551744356493696
expert_2,1517,midogpp-expert_2-e68b7eb71e4d0bcba805b35d,0.5615065078925505,430,0.2834541858932103,0.5687830687830688,1.3542811103786714
expert_2,1518,midogpp-expert_2-7bdcbcba360a1b399f90b785,0.5612849626142342,430,0.28326745718050067,0.5687830687830688,1.3533889620846142
expert_2,1519,midogpp-expert_2-8c8de6e2c1f157314949eb07,0.5608972583771809,430,0.28308097432521395,0.5687830687830688,1.3524979884426889
expert_2,1520,midogpp-expert_2-e591d0b61b09a04db59ddfff,0.5608972583771809,430,0.28289473684210525,0.5687830687830688,1.3516081871345027
expert_2,1521,midogpp-expert_2-f1e9fce4684a602412db9665,0.5607864857380227,430,0.28270874424720577,0.5687830687830688,1.3507195558477607
expert_2,1522,midogpp-expert_2-5c7f6f41da5cd2ac7865fc34,0.5605095541401275,431,0.2831800262812089,0.5701058201058201,1.352971236676887
expert_2,1523,midogpp-expert_2-50f4669aff945cc7c76dffb0,0.5603987815009692,431,0.2829940906106369,0.5701058201058201,1.3520828773619318
expert_2,1524,midogpp-expert_2-586dd51bc59527e78f99276a,0.5603987815009692,432,0.28346456692913385,0.5714285714285714,1.3543307086614171
expert_2,1525,midogpp-expert_2-5fb164761ec90e1a7d13a85f,0.5603987815009692,432,0.28327868852459015,0.5714285714285714,1.3534426229508196
expert_2,1526,midogpp-expert_2-3d70c08b0be7ebbd7fb3766d,0.560232622542232,432,0.28309305373525556,0.5714285714285714,1.3525557011795544
expert_2,1527,midogpp-expert_2-caf60345b748f508d2d20c76,0.5599556909443368,432,0.2829076620825147,0.5714285714285714,1.3516699410609037
expert_2,1528,midogpp-expert_2-f14ac3b436afddd9442d26f2,0.5596233730268624,432,0.28272251308900526,0.5714285714285714,1.350785340314136
expert_2,1529,midogpp-expert_2-e9db89511f83ba2d0a5148d2,0.5595679867072834,432,0.28253760627861346,0.5714285714285714,1.3499018966644865
expert_2,1530,midogpp-expert_2-6fe5d2dd4fba8b2bf96a6893,0.5595679867072832,433,0.2830065359477124,0.5727513227513228,1.352142338416848
expert_2,1531,midogpp-expert_2-79aa96eb88852b7b7feae44a,0.5589587371919136,433,0.2828216851730895,0.5727513227513228,1.3512591624936496
expert_2,1532,midogpp-expert_2-d40ddefeefb31173a8746ede,0.5587371919135974,434,0.283289817232376,0.5740740740740741,1.3534957934435743
expert_2,1533,midogpp-expert_2-9b637ecb8517db6fd5e5e6a0,0.5585710329548601,434,0.2831050228310502,0.5740740740740741,1.352612886859462
expert_2,1534,midogpp-expert_2-d41e8602653fdec6088d0b6c,0.5584048739961229,434,0.28292046936114734,0.5740740740740741,1.3517311313921483
expert_2,1535,midogpp-expert_2-bf1768ac0c67dcb2ba2f81c7,0.5582387150373858,434,0.28273615635179156,0.5740740740740741,1.350850524791893
expert_2,1536,midogpp-expert_2-cd20af83790d2adb1c7fd00d,0.5582387150373858,434,0.2825520833333333,0.5740740740740741,1.3499710648148147
expert_2,1537,midogpp-expert_2-1df90d56edef084356e5d739,0.5575186928828579,435,0.2830188679245283,0.5753968253968254,1.3522012578616351
expert_2,1538,midogpp-expert_2-016dce751cfaa14cf3622259,0.5574633065632789,436,0.2834850455136541,0.5767195767195767,1.3544285507874585
expert_2,1539,midogpp-expert_2-c8dd775cac2eee6608fab3a8,0.5574079202436999,436,0.28330084470435346,0.5767195767195767,1.353548480254133
expert_2,1540,midogpp-expert_2-a0b37b9ea0eb69a1adc336ad,0.5571309886458045,436,0.2831168831168831,0.5767195767195767,1.3526695526695525
expert_2,1541,midogpp-expert_2-c6007bc8b84be354f35927cd,0.5569648296870673,436,0.2829331602855289,0.5767195767195767,1.351791765808638
expert_2,1542,midogpp-expert_2-7acf8341ea577c894cffca2a,0.5567986707283301,437,0.2833981841763943,0.578042328042328,1.3540135466205505
expert_2,1543,midogpp-expert_2-024dd2941eed9e76592b64f5,0.556743284408751,438,0.2838626053143227,0.5793650793650794,1.356232447612875
expert_2,1544,midogpp-expert_2-f27be48c1334ff6d26008455,0.556687898089172,439,0.28432642487046633,0.5806878306878307,1.358448474381117
expert_2,1545,midogpp-expert_2-4577ba3ce939329bdb9aef77,0.5561894212129604,439,0.2841423948220065,0.5806878306878307,1.357569219705142
expert_2,1546,midogpp-expert_2-0142d2d6e345c6e9026534e2,0.555857103295486,439,0.28395860284605434,0.5806878306878307,1.356691102486704
expert_2,1547,midogpp-expert_2-c73f5aa9324e3126f8f49ac7,0.555857103295486,439,0.2837750484809308,0.5806878306878307,1.3558141205200027
expert_2,1548,midogpp-expert_2-f0a3b6226b8a92337cb9cfaa,0.555746330656328,439,0.2835917312661499,0.5806878306878307,1.3549382716049383
expert_2,1549,midogpp-expert_2-75fbf1fcae600afd25e8e5d7,0.5555247853780116,439,0.28340865074241445,0.5806878306878307,1.354063553547091
expert_2,1550,midogpp-expert_2-2c639262293e032e2aa7a45d,0.5553032400996953,439,0.2832258064516129,0.5806878306878307,1.3531899641577059
expert_2,1551,midogpp-expert_2-587e625b21df20df7d38993f,0.5551370811409582,439,0.283043197936815,0.5806878306878307,1.3523175012536715
expert_2,1552,midogpp-expert_2-1829dc1b42b5043cdb256532,0.5550263085018001,439,0.28286082474226804,0.5806878306878307,1.3514461626575027
expert_2,1553,midogpp-expert_2-d8cf1ce21c6367871e6acf01,0.5550263085018,439,0.28267868641339344,0.5806878306878307,1.3505759461973241
expert_2,1554,midogpp-expert_2-283aaba8b887ecd96bdd7fcb,0.5548047632234838,439,0.2824967824967825,0.5806878306878307,1.3497068497068496
expert_2,1555,midogpp-expert_2-150d36ee6a64ef5a8d062524,0.5546939905843257,439,0.2823151125401929,0.5806878306878307,1.348838871025366
expert_2,1556,midogpp-expert_2-20a9b2e8b06df344d7c96ec3,0.5541955137081142,439,0.28213367609254497,0.5806878306878307,1.3479720079977149
expert_2,1557,midogpp-expert_2-dd1bd3a25af701622a40b1af,0.5536970368319025,439,0.28195247270391777,0.5806878306878307,1.3471062584742737
expert_2,1558,midogpp-expert_2-b161113bbd2cafa495eb4f2d,0.5536416505123234,439,0.28177150192554556,0.5806878306878307,1.3462416203109397
expert_2,1559,midogpp-expert_2-3a6c9304a837c138251d34f8,0.5535862641927444,439,0.281590763309814,0.5806878306878307,1.3453780913691111
expert_2,1560,midogpp-expert_2-7772d5d82f80074280efe568,0.55325394627527,439,0.2814102564102564,0.5806878306878307,1.3445156695156695
expert_2,1561,midogpp-expert_2-832e5ad26894d4cf42ef269f,0.5529216283577957,440,0.28187059577194107,0.582010582010582,1.3467150686881628
expert_2,1562,midogpp-expert_2-0e777f6a1ccd39cabfba8e94,0.5529216283577956,440,0.28169014084507044,0.582010582010582,1.3458528951486697
expert_2,1563,midogpp-expert_2-582ba395b91c389bc13f637d,0.5528108557186375,440,0.28150991682661547,0.582010582010582,1.3449918248382737
expert_2,1564,midogpp-expert_2-a6eca2f83eb055844266380b,0.552367765162005,440,0.2813299232736573,0.582010582010582,1.344131855640807
expert_2,1565,midogpp-expert_2-d8ba51260f865b90713c131e,0.5523677651620049,440,0.28115015974440893,0.582010582010582,1.3432729854455092
expert_2,1566,midogpp-expert_2-d7dea51e0716f925619467c9,0.5512046524508447,440,0.280970625798212,0.582010582010582,1.342415212147013
expert_2,1567,midogpp-expert_2-b4dd5b02996e6362fb46f7e4,0.5512046524508446,440,0.2807913209955329,0.582010582010582,1.3415585336453237
expert_2,1568,midogpp-expert_2-14597b4ed68a73ace68e5da4,0.5511492661312656,441,0.28125,0.5833333333333334,1.34375
expert_2,1569,midogpp-expert_2-a0f1ec4a1182c79df11275ea,0.5508723345333703,441,0.28107074569789675,0.5833333333333334,1.3428935627788399
expert_2,1570,midogpp-expert_2-ad2ec0f9b9309a956889191e,0.5508723345333703,442,0.28152866242038216,0.5846560846560847,1.3450813871196037
expert_2,1571,midogpp-expert_2-0218c50542f94a1a23df0a5f,0.5507615618942121,443,0.2819859961807766,0.5859788359788359,1.3472664261970435
expert_2,1572,midogpp-expert_2-ea192f9daf3125690c195aac,0.550650789255054,443,0.2818066157760814,0.5859788359788359,1.3464093864857223
expert_2,1573,midogpp-expert_2-33ef24e3699c5c1238b6120c,0.5499307671005261,444,0.28226319135410044,0.5873015873015873,1.3485908031362577
expert_2,1574,midogpp-expert_2-145531f9e9265cc48af56ab5,0.5498753807809471,444,0.2820838627700127,0.5873015873015873,1.3477340110122829
expert_2,1575,midogpp-expert_2-4712165777421c683d6d8d47,0.5498753807809471,445,0.28253968253968254,0.5886243386243386,1.3499118165784831
expert_2,1576,midogpp-expert_2-e58413fa5ab956a772e8302a,0.5497092218222099,445,0.2823604060913706,0.5886243386243386,1.3490552735476593
expert_2,1577,midogpp-expert_2-228ce83cb63372bc211373d2,0.5493769039047356,445,0.2821813570069753,0.5886243386243386,1.348199816811104
expert_2,1578,midogpp-expert_2-55410768bed6d691aacc4f1d,0.5493215175851565,446,0.2826362484157161,0.58994708994709,1.350373186875088
expert_2,1579,midogpp-expert_2-a81f1698f61a7fb9faffb7e8,0.5492107449459983,446,0.2824572514249525,0.58994708994709,1.3495179790303284
expert_2,1580,midogpp-expert_2-0e8ef50091657eb3ce84dea2,0.5490445859872612,446,0.28227848101265823,0.58994708994709,1.348663853727145
expert_2,1581,midogpp-expert_2-d3eed68363d3672eeeda3cb8,0.5489891996676821,447,0.2827324478178368,0.5912698412698413,1.3508328062407757
expert_2,1582,midogpp-expert_2-f2d314972d0aec402a73418b,0.5489891996676821,447,0.28255372945638435,0.5912698412698413,1.3499789296249474
expert_2,1583,midogpp-expert_2-562c6999a88fcfa600f004f2,0.5487122680697867,447,0.28237523689197724,0.5912698412698413,1.3491261318172245
expert_2,1584,midogpp-expert_2-a1c59216a25deb983ca738a1,0.5486014954306286,447,0.2821969696969697,0.5912698412698413,1.348274410774411
expert_2,1585,midogpp-expert_2-782f430090e318a141e00ea1,0.5485461091110495,448,0.28264984227129336,0.5925925925925926,1.3504381352961794
expert_2,1586,midogpp-expert_2-448f3380d30ecaef4d3780b7,0.548158404873996,448,0.28247162673392184,0.5925925925925926,1.349586661062071
expert_2,1587,midogpp-expert_2-91018e1fede30fc20a69b2bd,0.54793685959568,449,0.2829237555135476,0.593915343915344,1.3517468318980606
expert_2,1588,midogpp-expert_2-cf0423b61648063bcb3bb463,0.5477707006369427,449,0.2827455919395466,0.593915343915344,1.3508956059333894
expert_2,1589,midogpp-expert_2-bc18560165d97811e22e5000,0.5473829963998893,449,0.28256765261170547,0.593915343915344,1.3500454513670372
expert_2,1590,midogpp-expert_2-442810f01e662e6e3ceff26b,0.5469399058432567,450,0.2830188679245283,0.5952380952380952,1.3522012578616351
expert_2,1591,midogpp-expert_2-7b4ef2e0a45ba00089b10e49,0.5467737468845195,450,0.28284098051539913,0.5952380952380952,1.3513513513513513
expert_2,1592,midogpp-expert_2-814053aaad3225c9fea1a80f,0.5467737468845195,450,0.28266331658291455,0.5952380952380952,1.3505025125628138
expert_2,1593,midogpp-expert_2-3736f6a776266d05f31f876f,0.5467183605649404,450,0.2824858757062147,0.5952380952380952,1.3496547394852478
expert_2,1594,midogpp-expert_2-ed5ab41644afcd49a0ca46ff,0.5465522016062032,451,0.28293601003764113,0.5965608465608465,1.351805381290952
expert_2,1595,midogpp-expert_2-74368b5631f4014213bc14e4,0.546386042647466,451,0.2827586206896552,0.5965608465608465,1.3509578544061303
expert_2,1596,midogpp-expert_2-76bd501ddfc6ad63c623f353,0.5461644973691498,451,0.2825814536340852,0.5965608465608465,1.3501113895850738
expert_2,1597,midogpp-expert_2-fae64c95d6b2e545567c180f,0.5461091110495707,451,0.28240450845335,0.5965608465608465,1.3492659848326722
expert_2,1598,midogpp-expert_2-9b7cda95137c64b616c9dc93,0.5459429520908335,451,0.28222778473091364,0.5965608465608465,1.3484216381588097
expert_2,1599,midogpp-expert_2-8ca16a02f8da6fa3e697b392,0.5458321794516755,452,0.28267667292057536,0.5978835978835979,1.350566326176082
expert_2,1600,midogpp-expert_2-80ece1566db430b365dbf7c0,0.5456660204929382,453,0.283125,0.5992063492063492,1.3527083333333334
expert_2,1601,midogpp-expert_2-f91fe52f609e5c40cc296d46,0.5453890888950429,453,0.282948157401624,0.5992063492063492,1.3518634186966478
expert_2,1602,midogpp-expert_2-537fcfe4bb9b36e375f5bbc8,0.5448906120188314,453,0.28277153558052437,0.5992063492063492,1.3510195588847276
expert_2,1603,midogpp-expert_2-4d71d568ad0b32466641be52,0.544558294101357,453,0.2825951341235184,0.5992063492063492,1.3501767519234766
expert_2,1604,midogpp-expert_2-ad344cc63291e16f3e437090,0.5445029077817779,454,0.2830423940149626,0.6005291005291006,1.3523136602937103
expert_2,1605,midogpp-expert_2-b7ddfff5b68a65a2a348f069,0.5445029077817779,454,0.28286604361370715,0.6005291005291006,1.3514710972654898
expert_2,1606,midogpp-expert_2-cff56c6381f875437288a5ad,0.5440044309055663,454,0.28268991282689915,0.6005291005291006,1.3506295835062958
expert_2,1607,midogpp-expert_2-30589d72005ad8fbc7768ab8,0.5439490445859874,454,0.28251400124455506,0.6005291005291006,1.3497891170573186
expert_2,1608,midogpp-expert_2-a47d49bd6e1724b074644ab9,0.5439490445859873,454,0.28233830845771146,0.6005291005291006,1.3489496959646214
expert_2,1609,midogpp-expert_2-d288741ec1b66d6e1b85b4aa,0.5436721129880919,454,0.28216283405842135,0.6005291005291006,1.3481113182791242
expert_2,1610,midogpp-expert_2-f1d5ab543a061da7b94ba478,0.5435059540293548,454,0.2819875776397516,0.6005291005291006,1.3472739820565909
expert_2,1611,midogpp-expert_2-2c0d55ce8978d6f6a32e9b7a,0.5433397950706176,454,0.281812538795779,0.6005291005291006,1.3464376853576108
expert_2,1612,midogpp-expert_2-9a5d005c0f47546d581b6c6a,0.5431182497923013,454,0.2816377171215881,0.6005291005291006,1.3456024262475874
expert_2,1613,midogpp-expert_2-7f8103a5e8aee8b30d0a6768,0.5430628634727223,454,0.2814631122132672,0.6005291005291006,1.344768202796721
expert_2,1614,midogpp-expert_2-21fb58c2eb55e8e3ea367fc2,0.5422320686790363,454,0.2812887236679058,0.6005291005291006,1.3439350130799943
expert_2,1615,midogpp-expert_2-c74b1d8a9fdcd57ed713c67b,0.5421212960398781,454,0.28111455108359135,0.6005291005291006,1.3431028551771587
expert_2,1616,midogpp-expert_2-b6b69d9880a35fd19297a9d7,0.5418443644419828,454,0.28094059405940597,0.6005291005291006,1.3422717271727174
expert_2,1617,midogpp-expert_2-f3e6f3321ab62825630fdbef,0.5417889781224037,454,0.28076685219542363,0.6005291005291006,1.3414416271559129
expert_2,1618,midogpp-expert_2-4602be216849f83cfdf10d70,0.5417335918028247,454,0.28059332509270707,0.6005291005291006,1.3406125532207114
expert_2,1619,midogpp-expert_2-61b9e33f2c540541da2056e3,0.5417335918028247,454,0.2804200123533045,0.6005291005291006,1.339784503465788
expert_2,1620,midogpp-expert_2-e0b2d96c7b2064e04ed86dab,0.5415674328440875,455,0.2808641975308642,0.6018518518518519,1.3419067215363512
expert_2,1621,midogpp-expert_2-6bfefc80faca9e2bf5cb4e24,0.5415120465245085,456,0.2813078346699568,0.6031746031746031,1.3440263212009047
expert_2,1622,midogpp-expert_2-59157f17b4637d0e8f67aac9,0.541124342287455,456,0.281134401972873,0.6031746031746031,1.3431976983148375
expert_2,1623,midogpp-expert_2-0c84becf6fcfd6887fbfee65,0.5407366380504015,457,0.281577325939618,0.6044973544973545,1.345313890600397
expert_2,1624,midogpp-expert_2-6dbc0ddd3fcb4dd2e4188942,0.5406258654112435,457,0.2814039408866995,0.6044973544973545,1.3444854953475642
expert_2,1625,midogpp-expert_2-218da626a299e64975a452c7,0.5404597064525063,457,0.28123076923076923,0.6044973544973545,1.3436581196581197
expert_2,1626,midogpp-expert_2-0b7f24cc2a5e49b29be42eea,0.5404043201329272,457,0.2810578105781058,0.6044973544973545,1.34283176165095
expert_2,1627,midogpp-expert_2-3ba917233cf3bd09c6ce163f,0.5399058432567156,458,0.281499692685925,0.6058201058201058,1.344942976166086
expert_2,1628,midogpp-expert_2-b9e7e185966fb5538ad0ef1a,0.5397396842979784,458,0.28132678132678135,0.6058201058201058,1.344116844116844
expert_2,1629,midogpp-expert_2-c7e413b3d68f5543870f73d2,0.5396842979783993,458,0.28115408225905464,0.6058201058201058,1.3432917263488164
expert_2,1630,midogpp-expert_2-a4cf64fcce84e61f4840f63d,0.539407366380504,458,0.2809815950920245,0.6058201058201058,1.3424676209952282
expert_2,1631,midogpp-expert_2-bc61f8e0820973f2e03cf6ed,0.5387427305455552,458,0.28080931943592885,0.6058201058201058,1.3416445261938823
expert_2,1632,midogpp-expert_2-88c3d7ba3d1999fcd548a35d,0.538576571586818,458,0.2806372549019608,0.6058201058201058,1.340822440087146
expert_2,1633,midogpp-expert_2-aa9cc5d5c977e422e6a4ea47,0.538521185267239,459,0.2810777709736681,0.6071428571428571,1.342927127985303
expert_2,1634,midogpp-expert_2-21f43966d1e0fc68767e2de7,0.5385211852672389,459,0.28090575275397794,0.6071428571428571,1.3421052631578945
expert_2,1635,midogpp-expert_2-622d56f4e7f43d2cd04b4a3a,0.5382442536693437,459,0.28073394495412846,0.6071428571428571,1.3412844036697247
expert_2,1636,midogpp-expert_2-90487b4fe3ff754a8d9d4e9d,0.5379673220714484,460,0.28117359413202936,0.6084656084656085,1.343384949741918
expert_2,1637,midogpp-expert_2-14bad7f6b5d8c407d75a830f,0.5377457767931321,460,0.28100183262064754,0.6084656084656085,1.3425643114097603
expert_2,1638,midogpp-expert_2-27d21c33459f579829660c31,0.537579617834395,461,0.28144078144078144,0.6097883597883598,1.344661511328178
expert_2,1639,midogpp-expert_2-9c8ddaf584ece059c6d90e7f,0.5375242315148159,461,0.2812690665039658,0.6097883597883598,1.3438410955189477
expert_2,1640,midogpp-expert_2-f5818f5a9f818e52e03b4705,0.5374688451952367,462,0.2817073170731707,0.6111111111111112,1.3459349593495933
expert_2,1641,midogpp-expert_2-51b5fbdb1e244c5c98f61212,0.5370811409581834,462,0.28153564899451555,0.6111111111111112,1.3451147674182409
expert_2,1642,midogpp-expert_2-ed5b2e07176947803de15b57,0.5370811409581833,462,0.28136419001218027,0.6111111111111112,1.344295574502639
expert_2,1643,midogpp-expert_2-385cc08f73c085af51cd6fd3,0.5367488230407089,463,0.2818015824710895,0.6124338624338624,1.3463853384729831
expert_2,1644,midogpp-expert_2-a6438fd29e9a55981f387106,0.5361395735253393,463,0.2816301703163017,0.6124338624338624,1.345566369288997
expert_2,1645,midogpp-expert_2-c93c7a46d3727c671382f7c7,0.5359734145666021,463,0.2814589665653495,0.6124338624338624,1.3447483958122255
expert_2,1646,midogpp-expert_2-2344dd24f2569e88fb2e2d35,0.5354749376903905,463,0.28128797083839613,0.6124338624338624,1.3439314162278926
expert_2,1647,midogpp-expert_2-36bd4978f394ecdcd5540f91,0.5354749376903905,463,0.28111718275652703,0.6124338624338624,1.343115428725629
expert_2,1648,midogpp-expert_2-7cd6158cfb916d9af06b598b,0.5354195513708114,463,0.2809466019417476,0.6124338624338624,1.3423004314994607
expert_2,1649,midogpp-expert_2-a2034ac8458c059eff566b27,0.5353641650512323,463,0.28077622801698,0.6124338624338624,1.3414864227477932
expert_2,1650,midogpp-expert_2-1dcb7d0e6e1f811aa9fb3c0f,0.5352533924120741,463,0.2806060606060606,0.6124338624338624,1.3406734006734005
expert_2,1651,midogpp-expert_2-da6f61e2b65f1adcb0d3dfc5,0.5349764608141789,463,0.28043609933373714,0.6124338624338624,1.3398613634834107
expert_2,1652,midogpp-expert_2-0235b45af01654f87f813179,0.5348656881750207,463,0.28026634382566584,0.6124338624338624,1.3390503093892923
expert_2,1653,midogpp-expert_2-ff38820d26b44d706b48c734,0.5344779839379673,464,0.2807017543859649,0.6137566137566137,1.341130604288499
expert_2,1654,midogpp-expert_2-118de6b2674ac76e8d828ee9,0.5343672112988092,464,0.28053204353083433,0.6137566137566137,1.3403197635362083
expert_2,1655,midogpp-expert_2-4b3eb7d147bdec4f97724135,0.5338687344225976,464,0.28036253776435044,0.6137566137566137,1.3395099026518964
expert_2,1656,midogpp-expert_2-665a98d96030b7cfe7408974,0.533314871226807,464,0.28019323671497587,0.6137566137566137,1.33870101986044
expert_2,1657,midogpp-expert_2-71520b7092ee13e1920c4e91,0.5315978953198559,464,0.28002414001207,0.6137566137566137,1.337893113391001
expert_2,1658,midogpp-expert_2-b91ba8ff16091bb8dd886323,0.5315978953198559,464,0.2798552472858866,0.6137566137566137,1.3370861814770139
expert_2,1659,midogpp-expert_2-444ed39f61f3da1437f5fc78,0.5310440321240654,464,0.2796865581675708,0.6137566137566137,1.3362802223561716
expert_2,1660,midogpp-expert_2-d2904902c93aaf364fe87fe7,0.53076710052617,464,0.27951807228915665,0.6137566137566137,1.335475234270415
expert_2,1661,midogpp-expert_2-f21d58ef84eab68f399da48e,0.5307117142065909,464,0.27934978928356413,0.6137566137566137,1.3346712154659175
expert_2,1662,midogpp-expert_2-4ae75c88f9d9bba0f01d83fa,0.5305455552478539,464,0.27918170878459686,0.6137566137566137,1.3338681641930739
expert_2,1663,midogpp-expert_2-0c41d132c8fd941a558593be,0.5296039878150097,464,0.2790138304269393,0.6137566137566137,1.3330660787064876
expert_2,1664,midogpp-expert_2-d9cbb978abed0b48c368cafe,0.5295486014954306,464,0.27884615384615385,0.6137566137566137,1.3322649572649572
expert_2,1665,midogpp-expert_2-953cbaf19cd81e3eb5d97756,0.5294378288562726,464,0.2786786786786787,0.6137566137566137,1.3314647981314647
expert_2,1666,midogpp-expert_2-2417bdfafc54c7b90e2fd2b8,0.5293270562171144,464,0.2785114045618247,0.6137566137566137,1.3306655995731624
expert_2,1667,midogpp-expert_2-99546eef32208b2b48965a44,0.5293270562171144,464,0.27834433113377327,0.6137566137566137,1.329867359861361
expert_2,1668,midogpp-expert_2-cbd44044e045b9f81374c75d,0.5292716698975353,464,0.27817745803357313,0.6137566137566137,1.329070077271516
expert_2,1669,midogpp-expert_2-74f5f03e9a3f536b999faac0,0.5291055109387981,464,0.2780107849011384,0.6137566137566137,1.3282737500832167
expert_2,1670,midogpp-expert_2-239bddd34fae3d6cc39062b4,0.5287731930213238,465,0.27844311377245506,0.6150793650793651,1.3303393213572852
expert_2,1671,midogpp-expert_2-01d4cf5ebfe2df131e02d890,0.5285516477430074,465,0.27827648114901254,0.6150793650793651,1.3295431877119488
expert_2,1672,midogpp-expert_2-0d16409c453a5d818205810a,0.5282193298255331,466,0.27870813397129185,0.6164021164021164,1.33160552897395
expert_2,1673,midogpp-expert_2-5bf3037510358c532659f265,0.5281639435059541,467,0.2791392707710699,0.6177248677248677,1.3336654047951118
expert_2,1674,midogpp-expert_2-1df29e7d496f1712d6becedf,0.5277762392689006,467,0.2789725209080048,0.6177248677248677,1.3328687110049118
expert_2,1675,midogpp-expert_2-7118568695a95a3596b70458,0.5268900581556355,467,0.27880597014925373,0.6177248677248677,1.332072968490879
expert_2,1676,midogpp-expert_2-91302d822454f216450a844c,0.5268900581556355,468,0.27923627684964203,0.6190476190476191,1.334128878281623
expert_2,1677,midogpp-expert_2-a9d784c916f1553673e1c157,0.5258377180836333,469,0.2796660703637448,0.6203703703703703,1.3361823361823362
expert_2,1678,midogpp-expert_2-be072624bddc76159f5dea39,0.5257823317640543,470,0.2800953516090584,0.6216931216931217,1.3382333465766123
expert_2,1679,midogpp-expert_2-0ee46bc56d004c9d7bfdf65d,0.5254500138465799,470,0.2799285288862418,0.6216931216931217,1.3374363046787108
expert_2,1680,midogpp-expert_2-7dfd2089eb6df3d33969946f,0.5252838548878427,471,0.28035714285714286,0.623015873015873,1.3394841269841269
expert_2,1681,midogpp-expert_2-f80bb303abb9ffc2e6512065,0.5251730822486846,471,0.28019036287923854,0.623015873015873,1.3386872893119175
expert_2,1682,midogpp-expert_2-93987c0f1b5f39fedcfe56fc,0.5250623096095264,471,0.2800237812128419,0.623015873015873,1.3378913991280224
expert_2,1683,midogpp-expert_2-6df26c33e3a8e066d1485a55,0.5250069232899475,471,0.2798573975044563,0.623015873015873,1.3370964547435134
expert_2,1684,midogpp-expert_2-8b52fded759730aece7a748c,0.5249515369703683,471,0.27969121140142517,0.623015873015873,1.3363024544734756
expert_2,1685,midogpp-expert_2-0a9da8e5bfd4d5157ad76ed6,0.524674605372473,471,0.2795252225519288,0.623015873015873,1.335509396636993
expert_2,1686,midogpp-expert_2-c3c1c85a423466f7003a15aa,0.5243422874549986,471,0.2793594306049822,0.623015873015873,1.3347172795571371
expert_2,1687,midogpp-expert_2-75e89ae34d87514b10c129d5,0.5242869011354195,472,0.2797866034380557,0.6243386243386243,1.3367582164262661
expert_2,1688,midogpp-expert_2-25e2cb1ae8a5e7d789a779a5,0.5241761284962614,473,0.2802132701421801,0.6256613756613757,1.3387967351237493
expert_2,1689,midogpp-expert_2-ed8bdad271fd9a02408e7235,0.5241207421766825,473,0.28004736530491414,0.6256613756613757,1.3380040786790341
expert_2,1690,midogpp-expert_2-7c69ac0d01312f7a84b9fd0d,0.5238991968983662,474,0.2804733727810651,0.626984126984127,1.3400394477317554
expert_2,1691,midogpp-expert_2-0834e1d8a677652399bd13a9,0.5235668789808917,474,0.280307510348906,0.626984126984127,1.3392469938892175
expert_2,1692,midogpp-expert_2-13ab3d23215f33f0d915c3ad,0.5227914705067848,474,0.2801418439716312,0.626984126984127,1.3384554767533492
expert_2,1693,midogpp-expert_2-23c37f218964b8ba166ae579,0.5225699252284686,474,0.27997637330183106,0.626984126984127,1.337664894664304
expert_2,1694,midogpp-expert_2-a472163a598d608c2100434a,0.5223483799501523,474,0.2798110979929162,0.626984126984127,1.336875245966155
expert_2,1695,midogpp-expert_2-5c17e9fb0af72c732e09c92d,0.521185267238992,475,0.28023598820059,0.6283068783068783,1.3389052769583742
expert_2,1696,midogpp-expert_2-18e5086c827af517803e004a,0.5209637219606758,475,0.2800707547169811,0.6283068783068783,1.338115828092243
expert_2,1697,midogpp-expert_2-f0da9e92b5ef25d039a6ca40,0.5209637219606758,475,0.2799057159693577,0.6283068783068783,1.3373273096313756
expert_2,1698,midogpp-expert_2-11c63b5371dd4ba376c37701,0.5209083356410966,476,0.28032979976442873,0.6296296296296297,1.3393534877633817
expert_2,1699,midogpp-expert_2-15e71b168f8c087ec5ed421a,0.5207421766823594,476,0.2801648028251913,0.6296296296296297,1.3385651690536917
expert_2,1700,midogpp-expert_2-5cf000403f228627afb8cb0d,0.5206867903627804,476,0.28,0.6296296296296297,1.3377777777777777
expert_2,1701,midogpp-expert_2-8b386226d011580e484c6597,0.520354472445306,476,0.27983539094650206,0.6296296296296297,1.3369913122999542
expert_2,1702,midogpp-expert_2-45c5a05b3ddb41f36c5c6f8f,0.5197452229299363,476,0.2796709753231492,0.6296296296296297,1.3362057709883794
expert_2,1703,midogpp-expert_2-c09cde69bdaf43f88bef7888,0.5196898366103573,477,0.28009395184967706,0.6309523809523809,1.338226658837346
expert_2,1704,midogpp-expert_2-49ccdd98033faec28d0cb882,0.5195236776516201,477,0.27992957746478875,0.6309523809523809,1.3374413145539905
expert_2,1705,midogpp-expert_2-d5087296f18678fb183669b4,0.5189698144558295,478,0.28035190615835776,0.6322751322751323,1.3394591072010424
expert_2,1706,midogpp-expert_2-b18ee1fe306e7e647fff7fac,0.5189144281362503,478,0.2801875732708089,0.6322751322751323,1.3386739611827536
expert_2,1707,midogpp-expert_2-f9058c7e566f5b9fdd54aeec,0.5188036554970923,478,0.28002343292325715,0.6322751322751323,1.337889735077784
expert_2,1708,midogpp-expert_2-a674b7fb7fd88ce69c6065b9,0.518637496538355,478,0.27985948477751754,0.6322751322751323,1.3371064272703614
expert_2,1709,midogpp-expert_2-f2be51131a24e209f51cb81d,0.518637496538355,478,0.2796957284961966,0.6322751322751323,1.336324036148495
expert_2,1710,midogpp-expert_2-8a6c2f531fcf3df500229796,0.518582110218776,479,0.2801169590643275,0.6335978835978836,1.3383365821962312
expert_2,1711,midogpp-expert_2-5552e6abbdaed27a2bfda998,0.5180836333425645,479,0.2799532437171245,0.6335978835978836,1.3375543866484836
expert_2,1712,midogpp-expert_2-67feaac2395073e5d9927967,0.5179174743838272,479,0.2797897196261682,0.6335978835978836,1.3367731048805813
expert_2,1713,midogpp-expert_2-b7fbc6d695fc375f69ac3094,0.5175851564663528,479,0.27962638645650906,0.6335978835978836,1.3359927352922099
expert_2,1714,midogpp-expert_2-5fe01d52358c637f07725f5d,0.5174743838271947,479,0.279463243873979,0.6335978835978836,1.3352132762867883
expert_2,1715,midogpp-expert_2-6441731e51b4a8cbe4030179,0.5174743838271947,479,0.2793002915451895,0.6335978835978836,1.3344347262714609
expert_2,1716,midogpp-expert_2-fc976a6c8be51070cc19295e,0.5173636111880365,480,0.27972027972027974,0.6349206349206349,1.3364413364413366
expert_2,1717,midogpp-expert_2-61a8ff07376f68f4e265301a,0.5173082248684575,480,0.27955736750145604,0.6349206349206349,1.3356629780625122
expert_2,1718,midogpp-expert_2-b9337b5601a0f441bd7711e0,0.5172528385488785,480,0.27939464493597205,0.6349206349206349,1.3348855258051997
expert_2,1719,midogpp-expert_2-834bf3e0f938cf28c81a7136,0.5171974522292994,480,0.2792321116928447,0.6349206349206349,1.3341089780880355
expert_2,1720,midogpp-expert_2-58a8017c1e7c27db58246ca2,0.5170866795901412,480,0.27906976744186046,0.6349206349206349,1.3333333333333333
expert_2,1721,midogpp-expert_2-d8460bb2296e5406e46dde54,0.5166435890335087,480,0.2789076118535735,0.6349206349206349,1.3325585899670733
expert_2,1722,midogpp-expert_2-11819018ab2ac052a9a2cd6a,0.5160897258377182,480,0.2787456445993031,0.6349206349206349,1.3317847464188926
expert_2,1723,midogpp-expert_2-6e7b4db437d6d22d6eeead5c,0.5160897258377182,480,0.2785838653511317,0.6349206349206349,1.3310118011220737
expert_2,1724,midogpp-expert_2-27715b6ed0a9da0c083f45f4,0.516034339518139,480,0.27842227378190254,0.6349206349206349,1.3302397525135343
expert_2,1725,midogpp-expert_2-477e59a1b1cd39426f21bca1,0.5159235668789809,480,0.2782608695652174,0.6349206349206349,1.3294685990338164
expert_2,1726,midogpp-expert_2-5388840ad3d759ac0b8a25a2,0.5159235668789809,480,0.27809965237543455,0.6349206349206349,1.3286983391270761
expert_2,1727,midogpp-expert_2-f77ae0d8c09c4700577ec206,0.5158681805594019,480,0.2779386218876665,0.6349206349206349,1.3279289712410731
expert_2,1728,midogpp-expert_2-21219a8e852427dff419e455,0.5156466352810856,480,0.2777777777777778,0.6349206349206349,1.3271604938271604
expert_2,1729,midogpp-expert_2-74bccc986cab6b2cc8fe0687,0.5155358626419275,480,0.2776171197223829,0.6349206349206349,1.3263929053402739
expert_2,1730,midogpp-expert_2-58af141b901a15c0cf319bf8,0.5154250900027693,481,0.27803468208092486,0.6362433862433863,1.328387925497752
expert_2,1731,midogpp-expert_2-0fa96650caee27f0776c0a3a,0.5153143173636112,482,0.2784517619872906,0.6375661375661376,1.330380640605944
expert_2,1732,midogpp-expert_2-0959be1fd6bcdf9b689c9a3d,0.5152035447244531,482,0.27829099307159355,0.6375661375661376,1.3296125224531692
expert_2,1733,midogpp-expert_2-b3762d2283868bf932d6eeda,0.5149819994461369,482,0.27813040969417197,0.6375661375661376,1.3288452907610437
expert_2,1734,midogpp-expert_2-abc77d840755ddb96acbe193,0.5145942952090834,482,0.2779700115340254,0.6375661375661376,1.328078943995899
expert_2,1735,midogpp-expert_2-ff9869c7e6fac8d769384cf6,0.5144281362503461,482,0.27780979827089336,0.6375661375661376,1.3273134806276015
expert_2,1736,midogpp-expert_2-bef697ec2749fe4e20211bf8,0.5143173636111881,482,0.27764976958525345,0.6375661375661376,1.3265488991295442
expert_2,1737,midogpp-expert_2-9793c7220d09c7a749efd145,0.5137635004153973,482,0.27748992515831894,0.6375661375661376,1.3257851979786348
expert_2,1738,midogpp-expert_2-c2e290a820d7d750bf16ec1f,0.5136527277762393,483,0.27790563866513235,0.6388888888888888,1.32777138473341
expert_2,1739,midogpp-expert_2-f19973e2cb44470e2225fc41,0.5135973414566601,483,0.2777458309373203,0.6388888888888888,1.3270078589227525
expert_2,1740,midogpp-expert_2-60f6476f83887b2251c9b4d5,0.5135419551370811,483,0.2775862068965517,0.6388888888888888,1.3262452107279692
expert_2,1741,midogpp-expert_2-6d4a6b53500e79e3cc66d9fc,0.5126003877042371,483,0.27742676622630674,0.6388888888888888,1.3254834386367988
expert_2,1742,midogpp-expert_2-bd5a6f8e2d83586b00b37e8d,0.5123788424259208,483,0.2772675086107922,0.6388888888888888,1.3247225411404515
expert_2,1743,midogpp-expert_2-f17851ed7e9325ee7f820e69,0.5119357518692883,484,0.2776821572002295,0.6402116402116402,1.3267036399566519
expert_2,1744,midogpp-expert_2-d029c72e1ee317e2fe968283,0.5118803655497093,484,0.2775229357798165,0.6402116402116402,1.3259429153924567
expert_2,1745,midogpp-expert_2-bc1a43abb50c421317fb3d02,0.511603433951814,484,0.27736389684813756,0.6402116402116402,1.3251830627188794
expert_2,1746,midogpp-expert_2-67e6bfd8a055839d58e46c25,0.510883411797286,484,0.27720504009163804,0.6402116402116402,1.3244240804378262
expert_2,1747,midogpp-expert_2-64165e8cf942d7b089108068,0.5102741622819164,484,0.2770463651974814,0.6402116402116402,1.3236659670546331
expert_2,1748,midogpp-expert_2-8e2185b3e56f12203c5f5e9b,0.5102187759623373,484,0.2768878718535469,0.6402116402116402,1.3229087210780575
expert_2,1749,midogpp-expert_2-eb653702cacfc40b1a9f25fd,0.5102187759623373,485,0.2773013150371641,0.6415343915343915,1.3248840607331174
expert_2,1750,midogpp-expert_2-ba3cb86bab9ae519c9dca426,0.5101633896427582,485,0.27714285714285714,0.6415343915343915,1.324126984126984
expert_2,1751,midogpp-expert_2-e59946db224505b00c6628d7,0.5101633896427582,485,0.27698458023986294,0.6415343915343915,1.3233707722571229
expert_2,1752,midogpp-expert_2-799f97d8668568978b8e7a86,0.5101080033231792,485,0.2768264840182648,0.6415343915343915,1.3226154236428207
expert_2,1753,midogpp-expert_2-1fca51c7066a18178a2201d3,0.5101080033231791,486,0.2772390188248717,0.6428571428571429,1.324586423274387
expert_2,1754,midogpp-expert_2-767bf9cf72922b4c8e5ce357,0.5097202990861257,486,0.27708095781071834,0.6428571428571429,1.323831242873432
expert_2,1755,midogpp-expert_2-e3da89f7d1cf01a029cb4784,0.5096649127665467,486,0.27692307692307694,0.6428571428571429,1.323076923076923
expert_2,1756,midogpp-expert_2-d65c84ba241ba2311b583354,0.5095541401273885,486,0.2767653758542141,0.6428571428571429,1.3223234624145785
expert_2,1757,midogpp-expert_2-b560219a41d3e7f88c7fef6b,0.5093879811686514,486,0.27660785429709733,0.6428571428571429,1.321570859419465
expert_2,1758,midogpp-expert_2-38f5c1fd2d5075828acb7255,0.5092772085294932,486,0.2764505119453925,0.6428571428571429,1.3208191126279862
expert_2,1759,midogpp-expert_2-73643bec300317ccd438801d,0.5086679590141235,486,0.2762933484934622,0.6428571428571429,1.3200682205798748
expert_2,1760,midogpp-expert_2-165b3550315623cf2126e573,0.5086125726945445,486,0.2761363636363636,0.6428571428571429,1.3193181818181816
expert_2,1761,midogpp-expert_2-ef1608198e9520f06030e875,0.5083910274162282,486,0.27597955706984667,0.6428571428571429,1.3185689948892674
expert_2,1762,midogpp-expert_2-423fe33756232d8a4bb389ca,0.508224868457491,486,0.2758229284903519,0.6428571428571429,1.3178206583427923
expert_2,1763,midogpp-expert_2-b719850de414b5386011d592,0.508224868457491,486,0.2756664775950085,0.6428571428571429,1.3170731707317072
expert_2,1764,midogpp-expert_2-3ddb4ef37cde9d44a0d6bd67,0.5081140958183329,486,0.2755102040816326,0.6428571428571429,1.3163265306122447
expert_2,1765,midogpp-expert_2-95bbfcd1d5cf91b41d18a1d6,0.5075602326225422,486,0.2753541076487252,0.6428571428571429,1.3155807365439092
expert_2,1766,midogpp-expert_2-94f5f2d1393fdd43c3d00f7a,0.5075048463029632,486,0.27519818799546997,0.6428571428571429,1.3148357870894676
expert_2,1767,midogpp-expert_2-62b54e1b28f23c826f0cee6d,0.5072833010246469,486,0.27504244482173174,0.6428571428571429,1.3140916808149405
expert_2,1768,midogpp-expert_2-38adabbcbaf5fb36137e8cf6,0.5072279147050678,486,0.2748868778280543,0.6428571428571429,1.3133484162895928
expert_2,1769,midogpp-expert_2-ae42d6086234331e175a379c,0.5066186651896982,486,0.27473148671565856,0.6428571428571429,1.312605992085924
expert_2,1770,midogpp-expert_2-9621633187b299f314aea060,0.5061755746330656,486,0.2745762711864407,0.6428571428571429,1.311864406779661
expert_2,1771,midogpp-expert_2-ed6b52432bdcfb36b66bfa81,0.5061755746330656,486,0.27442123094297005,0.6428571428571429,1.3111236589497457
expert_2,1772,midogpp-expert_2-ee2c1feda8bdb0e197539abe,0.5060094156743284,487,0.2748306997742664,0.6441798941798942,1.3130800100326059
expert_2,1773,midogpp-expert_2-27835450da3417543e90e419,0.5059540293547493,487,0.27467569091934574,0.6441798941798942,1.3123394121702074
expert_2,1774,midogpp-expert_2-b83f6f6212b6098086e9d4cd,0.5056770977568541,487,0.27452085682074406,0.6441798941798942,1.311599649254666
expert_2,1775,midogpp-expert_2-abd5cb74115c0990c8a0488d,0.5053447798393798,487,0.27436619718309857,0.6441798941798942,1.3108607198748041
expert_2,1776,midogpp-expert_2-dff91326f7032e956ac96613,0.5053447798393798,488,0.2747747747747748,0.6455026455026455,1.312812812812813
expert_2,1777,midogpp-expert_2-32921b59a48693a45e641ccd,0.5052893935198006,488,0.2746201463140124,0.6455026455026455,1.3120740323891702
expert_2,1778,midogpp-expert_2-5fb3257609fd00a0fece729d,0.5047909166435891,489,0.2750281214848144,0.6468253968253969,1.3140232470941133
expert_2,1779,midogpp-expert_2-64214e2aa165369c0fe97ac8,0.5045693713652728,489,0.2748735244519393,0.6468253968253969,1.3132846168259322
expert_2,1780,midogpp-expert_2-9b2157e00259a19bc64fbd51,0.5043478260869565,489,0.2747191011235955,0.6468253968253969,1.3125468164794005
expert_2,1781,midogpp-expert_2-268ae6dd1f6db0b9e2003e9d,0.5042924397673775,489,0.274564851207187,0.6468253968253969,1.31180984465656
expert_2,1782,midogpp-expert_2-7d1a4335584410a478446dd3,0.5042924397673775,490,0.27497194163860833,0.6481481481481481,1.3137548322733508
expert_2,1783,midogpp-expert_2-e582932fc11a90ac8455e7f1,0.5040708944890612,491,0.2753785754346607,0.6494708994708994,1.3156976381878234
expert_2,1784,midogpp-expert_2-16e8ccc4e51a599bf72f4c36,0.5037939628911658,491,0.27522421524663676,0.6494708994708994,1.314960139511709
expert_2,1785,midogpp-expert_2-8482377b1fc1b224c9cae2c7,0.5036831902520078,491,0.2750700280112045,0.6494708994708994,1.3142234671646438
expert_2,1786,midogpp-expert_2-3bdce26e87f1d7f3d93df7a4,0.5036278039324287,491,0.27491601343784994,0.6494708994708994,1.3134876197586163
expert_2,1787,midogpp-expert_2-bcb864fb9c799eddf8b8b784,0.5035170312932705,491,0.2747621712367096,0.6494708994708994,1.3127525959087236
expert_2,1788,midogpp-expert_2-e0276cf6257c82c2eb78a0e1,0.5034062586541124,492,0.2751677852348993,0.6507936507936508,1.31469052945563
expert_2,1789,midogpp-expert_2-c4943d1d91105c1886ecd581,0.503073940736638,492,0.27501397428731134,0.6507936507936508,1.3139556549282652
expert_2,1790,midogpp-expert_2-ac218c8eb24061f66f06979a,0.5030185544170589,492,0.2748603351955307,0.6507936507936508,1.3132216014897578
expert_2,1791,midogpp-expert_2-6dadc94fc1d4d1a80692067a,0.5028523954583218,492,0.2747068676716918,0.6507936507936508,1.3124883677647496
expert_2,1792,midogpp-expert_2-1063178961141c26ce5326a2,0.5028523954583217,493,0.27511160714285715,0.6521164021164021,1.314422123015873
expert_2,1793,midogpp-expert_2-23690cc513964931b880f55d,0.5027416228191637,493,0.27495817066369216,0.6521164021164021,1.313689037615418
expert_2,1794,midogpp-expert_2-3b0a32524cd66fb1b36183c3,0.5024093049016893,493,0.27480490523968787,0.6521164021164021,1.3129567694785087
expert_2,1795,midogpp-expert_2-8211054dc1f6110be25c4c4b,0.5019108280254777,494,0.27520891364902506,0.6534391534391535,1.3148870318786752
expert_2,1796,midogpp-expert_2-7b3c9f7e35c72246a0d451f6,0.5018000553863196,494,0.2750556792873051,0.6534391534391535,1.3141549121504577
expert_2,1797,midogpp-expert_2-f4c01cc2ecd8ad48182fdfdc,0.5017446690667405,495,0.27545909849749584,0.6547619047619048,1.3160823594880355
expert_2,1798,midogpp-expert_2-16863d6cf5f0a699f10e4a8a,0.5016338964275824,495,0.2753058954393771,0.6547619047619048,1.3153503893214684
expert_2,1799,midogpp-expert_2-5a84b541128f9b21de5e98df,0.501301578510108,496,0.2757087270705948,0.656084656084656,1.3172750293372861
expert_2,1800,midogpp-expert_2-416152853dc539322bdcbcff,0.501246192190529,496,0.27555555555555555,0.656084656084656,1.316543209876543
expert_2,1801,midogpp-expert_2-a3b7ed694ec2aa9704d0ccc3,0.5011908058709499,496,0.27540255413659076,0.656084656084656,1.3158122030970447
expert_2,1802,midogpp-expert_2-aba0a1a4757c2de02f337648,0.5011908058709499,497,0.2758046614872364,0.6574074074074074,1.3177333826612405
expert_2,1803,midogpp-expert_2-25adc85ec209b12ed9235d96,0.5010246469122126,498,0.2762063227953411,0.6587301587301587,1.3196524311332962
expert_2,1804,midogpp-expert_2-8b1fc57ac454d552eb825dfe,0.5009692605926337,498,0.27605321507760533,0.6587301587301587,1.318920916481892
expert_2,1805,midogpp-expert_2-1433f059d7d3a497c25ced5f,0.5009692605926336,499,0.27645429362880886,0.66005291005291,1.3208371806709756
expert_2,1806,midogpp-expert_2-3321793f057ebcb80e38da0b,0.5004707837164221,499,0.2763012181616833,0.66005291005291,1.32010582010582
expert_2,1807,midogpp-expert_2-15e5b6c0e9e5b60245ce1f91,0.5002492384381058,500,0.27670171555063644,0.6613756613756614,1.3220193076308184
expert_2,1808,midogpp-expert_2-28d83c87e6779558e657b671,0.5000276931597896,500,0.27654867256637167,0.6613756613756614,1.3212881022615535
expert_2,1809,midogpp-expert_2-0dcd3f28fa82c9c999b70878,0.4998061478814733,500,0.2763957987838585,0.6613756613756614,1.3205577053006572
expert_2,1810,midogpp-expert_2-fbb34fc3bf51b7d837096bd8,0.4996399889227361,500,0.27624309392265195,0.6613756613756614,1.3198281154082259
expert_2,1811,midogpp-expert_2-ca2b0d09e3f38ab364247581,0.4994738299639989,500,0.27609055770292656,0.6613756613756614,1.3190993312473158
expert_2,1812,midogpp-expert_2-77cef543f5013279c15e11bb,0.4993076710052616,500,0.27593818984547464,0.6613756613756614,1.3183713514839344
expert_2,1813,midogpp-expert_2-fa94c1a3ca09839511a7f182,0.4992522846856826,500,0.27578599007170435,0.6613756613756614,1.3176441747870318
expert_2,1814,midogpp-expert_2-8f2b68aea22f25c0e09257b5,0.4989199667682082,500,0.2756339581036384,0.6613756613756614,1.3169177998284944
expert_2,1815,midogpp-expert_2-12f6ed386e35714945b2824a,0.4988645804486291,500,0.27548209366391185,0.6613756613756614,1.3161922252831344
expert_2,1816,midogpp-expert_2-75ef2d460a38048839338489,0.4987538078094711,500,0.2753303964757709,0.6613756613756614,1.3154674498286831
expert_2,1817,midogpp-expert_2-7e470b49a0c13c4e6823a470,0.4983107172528385,500,0.275178866263071,0.6613756613756614,1.3147434721457836
expert_2,1818,midogpp-expert_2-231680559691945c1bb24222,0.4981999446136804,500,0.27502750275027504,0.6613756613756614,1.3140202909179808
expert_2,1819,midogpp-expert_2-5281c69b73674b6ee30ea6d8,0.4980891719745223,500,0.2748763056624519,0.6613756613756614,1.3132979048317146
expert_2,1820,midogpp-expert_2-414bad1747734fe562e6af25,0.4979230130157851,500,0.27472527472527475,0.6613756613756614,1.3125763125763126
expert_2,1821,midogpp-expert_2-d353f14d472b73e4aa5b59f9,0.4977014677374689,500,0.2745744096650192,0.6613756613756614,1.3118555128439806
expert_2,1822,midogpp-expert_2-068e6de59f3b298c8bfa7ce5,0.4975353087787316,501,0.27497255762897915,0.6626984126984127,1.313757775338456
expert_2,1823,midogpp-expert_2-0a86d165ca4088718f9bb387,0.4973137635004153,501,0.2748217224355458,0.6626984126984127,1.3130371183031633
expert_2,1824,midogpp-expert_2-423412d6df75b520051796ac,0.4970922182220991,501,0.2746710526315789,0.6626984126984127,1.312317251461988
expert_2,1825,midogpp-expert_2-5bb4035eea46387a082780cb,0.49703683190252,501,0.2745205479452055,0.6626984126984127,1.3115981735159816
expert_2,1826,midogpp-expert_2-760f5598423c4d119e40ed5c,0.4968706729437829,501,0.27437020810514784,0.6626984126984127,1.3108798831690396
expert_2,1827,midogpp-expert_2-77467ac4e7b0f22236bbd8b7,0.4968152866242039,501,0.2742200328407225,0.6626984126984127,1.3101623791278962
expert_2,1828,midogpp-expert_2-7bc3af4ff5d011f945af59b5,0.4968152866242038,501,0.2740700218818381,0.6626984126984127,1.3094456601021154
expert_2,1829,midogpp-expert_2-8b63ac254af020bdb0862246,0.4968152866242038,502,0.27446692181519955,0.6640211640211641,1.311341959783731
expert_2,1830,midogpp-expert_2-01a9fa9787271ed842f3c72b,0.4967599003046248,502,0.2743169398907104,0.6640211640211641,1.3106253794778384
expert_2,1831,midogpp-expert_2-1e02d98d19424e09e81286ee,0.4967599003046247,502,0.2741671217913708,0.6640211640211641,1.309909581892105
expert_2,1832,midogpp-expert_2-c296db4bf4eeac925f57f51a,0.4965937413458875,502,0.2740174672489083,0.6640211640211641,1.309194565744784
expert_2,1833,midogpp-expert_2-fc5f1c428812974e4c4dece1,0.4964829687067293,502,0.27386797599563556,0.6640211640211641,1.3084803297569254
expert_2,1834,midogpp-expert_2-49d3d55d01b69f87c0bb257d,0.4963721960675713,502,0.2737186477644493,0.6640211640211641,1.3077668726523688
expert_2,1835,midogpp-expert_2-a9b8a6b4339a00c79d26c448,0.4960952644696759,503,0.27411444141689373,0.6653439153439153,1.3096578867696034
expert_2,1836,midogpp-expert_2-8caef160b7ae6a17e9399989,0.4959844918305178,503,0.2739651416122004,0.6653439153439153,1.308944565480513
expert_2,1837,midogpp-expert_2-939f201baf46752214eaa5b3,0.4953198559955691,503,0.27381600435492653,0.6653439153439153,1.3082320208068712
expert_2,1838,midogpp-expert_2-97da0fddd7943cc8f8748cc1,0.4949875380780947,503,0.2736670293797606,0.6653439153439153,1.3075202514810784
expert_2,1839,midogpp-expert_2-d8ecf5f34458993622d822b1,0.4946552201606203,503,0.27351821642196844,0.6653439153439153,1.3068092562382936
expert_2,1840,midogpp-expert_2-3bebace623bcdc7ed9618baf,0.494433674882304,503,0.2733695652173913,0.6653439153439153,1.3060990338164251
expert_2,1841,midogpp-expert_2-07ea43f0f14a20d19441e8e6,0.494378288562725,503,0.27322107550244434,0.6653439153439153,1.3053895829561228
expert_2,1842,midogpp-expert_2-ea41efd069b8977e1f4bacc2,0.4941567432844088,503,0.2730727470141151,0.6653439153439153,1.3046809024007722
expert_2,1843,midogpp-expert_2-e3907b00814b3ce865a1aec9,0.4941013569648297,503,0.272924579489962,0.6653439153439153,1.3039729908964852
expert_2,1844,midogpp-expert_2-dfe6722fa50d47eb6f41a8a4,0.493547493769039,503,0.2727765726681128,0.6653439153439153,1.3032658471920944
expert_2,1845,midogpp-expert_2-7329f331ed66def666e34816,0.4932151758515647,504,0.2731707317073171,0.6666666666666666,1.3051490514905149
expert_2,1846,midogpp-expert_2-5fb964ddb1eae421abb29cdf,0.4929936305732484,504,0.27302275189599134,0.6666666666666666,1.304442036836403
expert_2,1847,midogpp-expert_2-83cea6ffbc327cc64b06d794,0.4929936305732484,504,0.27287493232268545,0.6666666666666666,1.3037357877639415
expert_2,1848,midogpp-expert_2-ceb533134a68aee7228b6307,0.492661312655774,504,0.2727272727272727,0.6666666666666666,1.3030303030303028
expert_2,1849,midogpp-expert_2-60a90afa6425ec1280dda85f,0.4925505400166158,504,0.2725797728501893,0.6666666666666666,1.302325581395349
expert_2,1850,midogpp-expert_2-6ad6a969591da8e1780c3d39,0.4922736084187206,504,0.2724324324324324,0.6666666666666666,1.3016216216216214
expert_2,1851,midogpp-expert_2-1fdac3bb832e053ad42e7f2a,0.4921628357795624,504,0.27228525121555913,0.6666666666666666,1.300918422474338
expert_2,1852,midogpp-expert_2-3bbb410d2ce2620e4b08136b,0.4911658820271393,504,0.27213822894168466,0.6666666666666666,1.3002159827213822
expert_2,1853,midogpp-expert_2-b5b9dea320e4ab1e38c5f928,0.4909997230684021,504,0.27199136535348084,0.6666666666666666,1.2995143011332972
expert_2,1854,midogpp-expert_2-dcca2dc9d8a5ef6bf4615297,0.4909997230684021,504,0.27184466019417475,0.6666666666666666,1.2988133764832792
expert_2,1855,midogpp-expert_2-2497b16eaeae29c2545305e5,0.4905566325117696,504,0.27169811320754716,0.6666666666666666,1.2981132075471697
expert_2,1856,midogpp-expert_2-3f3d201ce8c9d56282a5e593,0.4902243145942951,504,0.27155172413793105,0.6666666666666666,1.2974137931034482
expert_2,1857,midogpp-expert_2-02e8abf1b5b2f0f172500517,0.4901689282747161,505,0.2719439956919763,0.667989417989418,1.29928797941722
expert_2,1858,midogpp-expert_2-bda76911c54110c000452897,0.4895042924397674,505,0.27179763186221745,0.667989417989418,1.2985886855639277
expert_2,1859,midogpp-expert_2-095fe29a74269376c80e5b40,0.4893381334810301,505,0.27165142549757937,0.667989417989418,1.2978901440439903
expert_2,1860,midogpp-expert_2-098569f7bb193f3b7559d9f7,0.489171974522293,505,0.271505376344086,0.667989417989418,1.2971923536439665
expert_2,1861,midogpp-expert_2-dad419a584620072492776a5,0.489171974522293,505,0.27135948414830735,0.667989417989418,1.296495313153024
expert_2,1862,midogpp-expert_2-0b3afacd5fa9f203ec913bf8,0.4890612018831349,506,0.27175080558539205,0.6693121693121693,1.2983649600190952
expert_2,1863,midogpp-expert_2-023fe252bc1221429f5c3818,0.4890612018831348,506,0.2716049382716049,0.6693121693121693,1.297668038408779
expert_2,1864,midogpp-expert_2-67ce388df11bde19e36e5e01,0.488285793409028,506,0.27145922746781115,0.6693121693121693,1.296971864568431
expert_2,1865,midogpp-expert_2-a96a3d33c5983d7d66e5c798,0.4870119080587094,506,0.271313672922252,0.6693121693121693,1.296276437295204
expert_2,1866,midogpp-expert_2-18370061c7e65a5a9ad51b04,0.4869565217391304,506,0.27116827438370844,0.6693121693121693,1.2955817553888291
expert_2,1867,midogpp-expert_2-74c3cd02907650a8df18afc2,0.4867349764608142,506,0.2710230316014997,0.6693121693121693,1.2948878176516097
expert_2,1868,midogpp-expert_2-be04c24c342eba8a56a4cc84,0.486568817502077,506,0.2708779443254818,0.6693121693121693,1.294194622888413
expert_2,1869,midogpp-expert_2-926987199f23c867fe960950,0.4865134311824979,506,0.270733012306046,0.6693121693121693,1.2935021699066642
expert_2,1870,midogpp-expert_2-b9c20dd5745d5b0e8a4691c1,0.4864580448629189,506,0.27058823529411763,0.6693121693121693,1.2928104575163397
expert_2,1871,midogpp-expert_2-79713323fc68e53ea4859c70,0.4860703406258654,506,0.27044361304115444,0.6693121693121693,1.29211948452996
expert_2,1872,midogpp-expert_2-b3da395ea75af0cadca1fed2,0.4858487953475491,506,0.2702991452991453,0.6693121693121693,1.291429249762583
expert_2,1873,midogpp-expert_2-f304bd5512ca4170fca51154,0.4852949321517585,506,0.2701548318206087,0.6693121693121693,1.290739752031797
expert_2,1874,midogpp-expert_2-697ac8467b838e0a9f45e9d7,0.4847410689559679,506,0.2700106723585913,0.6693121693121693,1.2900509901577137
expert_2,1875,midogpp-expert_2-f44319da413dbc09cac45d49,0.4845749099972307,506,0.26986666666666664,0.6693121693121693,1.2893629629629628
expert_2,1876,midogpp-expert_2-f787bc3f5497f789f36f7ca5,0.4844641373580725,506,0.2697228144989339,0.6693121693121693,1.2886756692726842
expert_2,1877,midogpp-expert_2-a31fa92d45fce52de2239690,0.4839102741622819,506,0.26957911561001596,0.6693121693121693,1.2879891079145207
expert_2,1878,midogpp-expert_2-6138ee5e9e98243f1ded04bc,0.4838548878427028,506,0.26943556975505856,0.6693121693121693,1.287303277718613
expert_2,1879,midogpp-expert_2-2b55910a48b449e43f58afad,0.4837995015231238,506,0.2692921766897286,0.6693121693121693,1.2866181775175922
expert_2,1880,midogpp-expert_2-c8dbd07db32f6b6a88c983d5,0.4835779562448075,507,0.2696808510638298,0.6706349206349206,1.2884751773049643
expert_2,1881,midogpp-expert_2-88215fcd3e9f76e3def09e0c,0.4834671836056494,507,0.26953748006379585,0.6706349206349206,1.2877901825270246
expert_2,1882,midogpp-expert_2-230382a3d28b36094e7d0bbc,0.483134865688175,507,0.269394261424017,0.6706349206349206,1.2871059156925257
expert_2,1883,midogpp-expert_2-b186d0cdfe16920cecb3bf73,0.4830794793685959,507,0.26925119490175253,0.6706349206349206,1.2864223756417066
expert_2,1884,midogpp-expert_2-2fe9cfc12db6c7ee2b4f44d3,0.4828025477707006,507,0.26910828025477707,0.6706349206349206,1.2857395612172682
expert_2,1885,midogpp-expert_2-721f461783d5d845abca1402,0.4827471614511215,508,0.26949602122015914,0.671957671957672,1.2875921013852047
expert_2,1886,midogpp-expert_2-e4a113b9d5d1ba93e64acf4a,0.4826363888119634,509,0.2698833510074231,0.6732804232804233,1.289442677035466
expert_2,1887,midogpp-expert_2-9f53c912edd8b382f354fb09,0.4821932982553309,509,0.269740328563858,0.6732804232804233,1.288759347582877
expert_2,1888,midogpp-expert_2-738eefb0cea0ddc4aa0c9330,0.4820825256161728,509,0.2695974576271186,0.6732804232804233,1.2880767419962333
expert_2,1889,midogpp-expert_2-b488bff1945ffb7f81416740,0.4819717529770146,509,0.2694547379565908,0.6732804232804233,1.2873948591259339
expert_2,1890,midogpp-expert_2-75ffff9babc70a40ef607dbc,0.4818609803378565,510,0.2698412698412698,0.6746031746031746,1.2892416225749557
expert_2,1891,midogpp-expert_2-df5e35033c8e085711629e5b,0.4815840487399612,510,0.2696985721840296,0.6746031746031746,1.2885598448792523
expert_2,1892,midogpp-expert_2-a412f1f4a1bb400db2bb0214,0.4811409581833287,510,0.26955602536997886,0.6746031746031746,1.2878787878787878
expert_2,1893,midogpp-expert_2-a42fd2a15f669647d82b8657,0.4810301855441706,510,0.2694136291600634,0.6746031746031746,1.287198450431414
expert_2,1894,midogpp-expert_2-5ee37d8c4aead5987bad382b,0.480531708667959,510,0.2692713833157339,0.6746031746031746,1.2865188313973952
expert_2,1895,midogpp-expert_2-a535b7e124657cf6feb003a8,0.4802547770700637,510,0.2691292875989446,0.6746031746031746,1.2858399296394019
expert_2,1896,midogpp-expert_2-23e1a0956ca33e0257cc3c77,0.4797563001938521,510,0.2689873417721519,0.6746031746031746,1.2851617440225034
expert_2,1897,midogpp-expert_2-bf32c35b7107c6eacaf5d977,0.4795901412351149,510,0.26884554559831314,0.6746031746031746,1.2844842734141628
expert_2,1898,midogpp-expert_2-3a4ecc4d8a3bc2247b8d5f32,0.4793132096372196,511,0.2692307692307692,0.6759259259259259,1.2863247863247862
expert_2,1899,midogpp-expert_2-5ea4846a619dde664e40365a,0.4792024369980615,511,0.2690889942074776,0.6759259259259259,1.2856474167690597
expert_2,1900,midogpp-expert_2-e2e77df3f77fc0fc5e264b70,0.4789808917197452,511,0.26894736842105266,0.6759259259259259,1.2849707602339182
expert_2,1901,midogpp-expert_2-8837b5e73332ae6bfa27626a,0.4787593464414289,511,0.26880589163598106,0.6759259259259259,1.2842948155941316
expert_2,1902,midogpp-expert_2-f7e7f454f2937d9485bb52b2,0.4787039601218498,511,0.268664563617245,0.6759259259259259,1.2836195817268372
expert_2,1903,midogpp-expert_2-c808e3a0360ab2c6d175b07b,0.4774300747715314,512,0.26904887020493956,0.6772486772486772,1.2854557132013777
expert_2,1904,midogpp-expert_2-1348f72ea7fe2cf735d5e31e,0.4772639158127942,512,0.2689075630252101,0.6772486772486772,1.2847805788982258
expert_2,1905,midogpp-expert_2-629186e2dbab872a46f1bfeb,0.4772639158127942,512,0.26876640419947506,0.6772486772486772,1.2841061533974918
expert_2,1906,midogpp-expert_2-acaa6fc823ad9e09f74e138c,0.4772639158127942,512,0.26862539349422876,0.6772486772486772,1.2834324355835374
expert_2,1907,midogpp-expert_2-72b16f8fce3679a183798017,0.476986984214899,512,0.26848453067645517,0.6772486772486772,1.2827594243430636
expert_2,1908,midogpp-expert_2-1f31376d43d1ab214fe3cd00,0.4767654389365826,512,0.26834381551362685,0.6772486772486772,1.282087118565106
expert_2,1909,midogpp-expert_2-89fe89da32a5b668d80e24ac,0.4766546662974245,512,0.2682032477737035,0.6772486772486772,1.281415517141028
expert_2,1910,midogpp-expert_2-ff1499c92fd044d11ad45234,0.4764885073386873,513,0.268586387434555,0.6785714285714286,1.2832460732984292
expert_2,1911,midogpp-expert_2-e46c288b18994dc7b7dcea24,0.4764331210191082,514,0.26896912611198326,0.6798941798941799,1.2850747136461422
expert_2,1912,midogpp-expert_2-d9f07063bd035668ea203add,0.4763223483799501,514,0.2688284518828452,0.6798941798941799,1.2844026034402605
expert_2,1913,midogpp-expert_2-9c3491cfa98da5ea34005939,0.4759900304624757,514,0.26868792472556197,0.6798941798941799,1.2837311959110183
expert_2,1914,midogpp-expert_2-83614093382b9ef714221778,0.4756577125450013,514,0.26854754440961337,0.6798941798941799,1.2830604899570417
expert_2,1915,midogpp-expert_2-8ba83cfefe6f0399906fc680,0.4755469399058433,514,0.2684073107049608,0.6798941798941799,1.2823904844792573
expert_2,1916,midogpp-expert_2-caacc7a407b443c7859cea6b,0.4755469399058432,514,0.26826722338204595,0.6798941798941799,1.2817211783808862
expert_2,1917,midogpp-expert_2-6b25f835c0200ad8a3dd7424,0.4754915535862641,514,0.2681272822117893,0.6798941798941799,1.2810525705674376
expert_2,1918,midogpp-expert_2-28548ec53ba8532fd538fc3b,0.4751038493492107,514,0.26798748696558916,0.6798941798941799,1.2803846599467037
expert_2,1919,midogpp-expert_2-ed468afeef78f34cc7c75d4c,0.4749930767100526,514,0.2678478374153205,0.6798941798941799,1.2797174454287534
expert_2,1920,midogpp-expert_2-6cfa7a420481a134ea5fc474,0.4747715314317363,515,0.2682291666666667,0.6812169312169312,1.2815393518518519
expert_2,1921,midogpp-expert_2-715f014dfd1ca3a62f83d3a5,0.4747161451121573,515,0.2680895366996356,0.6812169312169312,1.280872230898259
expert_2,1922,midogpp-expert_2-a847c03e6d882f7d0316bed4,0.4743838271946829,515,0.2679500520291363,0.6812169312169312,1.2802058041392066
expert_2,1923,midogpp-expert_2-8d37be08b844b8ef10fa829a,0.4743284408751038,515,0.26781071242849713,0.6812169312169312,1.2795400704917084
expert_2,1924,midogpp-expert_2-81fa637dbab8e78be14eaa1f,0.4742730545555247,516,0.2681912681912682,0.6825396825396826,1.2813582813582813
expert_2,1925,midogpp-expert_2-b7f6479a071a0243da89ca45,0.4741622819163666,516,0.26805194805194804,0.6825396825396826,1.2806926406926407
expert_2,1926,midogpp-expert_2-50869afc3c9795264ea8e4ba,0.4734976460814178,516,0.26791277258566976,0.6825396825396826,1.2800276912426443
expert_2,1927,midogpp-expert_2-797182313b3239020510175e,0.4729991692052063,516,0.2677737415672029,0.6825396825396826,1.2793634319321916
expert_2,1928,midogpp-expert_2-65fef3c9165bb9c9cc65e93a,0.4729437828856272,516,0.2676348547717842,0.6825396825396826,1.2786998616874135
expert_2,1929,midogpp-expert_2-c4e9d11fd81ac5cfcb62c265,0.4719468291332041,516,0.26749611197511663,0.6825396825396826,1.2780369794366684
expert_2,1930,midogpp-expert_2-e286444f2f31143097b24994,0.4718360564940459,516,0.26735751295336785,0.6825396825396826,1.2773747841105352
expert_2,1931,midogpp-expert_2-0c24108a111cf0b3f568c3d5,0.4716698975353088,516,0.2672190574831693,0.6825396825396826,1.2767132746418088
expert_2,1932,midogpp-expert_2-01afea3c408fd0870c1420bc,0.4715591248961507,516,0.2670807453416149,0.6825396825396826,1.2760524499654935
expert_2,1933,midogpp-expert_2-8259a30ffa44da9881a34611,0.4715591248961506,516,0.2669425763062597,0.6825396825396826,1.2753923090187964
expert_2,1934,midogpp-expert_2-ca597cecd1bdd7eacd5cf45b,0.4715037385765716,517,0.2673216132368149,0.6838624338624338,1.27720326324256
expert_2,1935,midogpp-expert_2-f966640a9dcc404cf8df5547,0.4715037385765716,517,0.26718346253229974,0.6838624338624338,1.2765432098765432
expert_2,1936,midogpp-expert_2-e2d9ae987d442515c1f0a7ad,0.4713929659374135,517,0.26704545454545453,0.6838624338624338,1.2758838383838382
expert_2,1937,midogpp-expert_2-5327d46c9a6aeb8af4a777ba,0.4709498753807809,517,0.26690758905524004,0.6838624338624338,1.275225147708369
expert_2,1938,midogpp-expert_2-11a42c0e8b2cbc5a442749c3,0.4706729437828856,517,0.26676986584107326,0.6838624338624338,1.2745671367962388
expert_2,1939,midogpp-expert_2-ac2430c8de0277886e27a28d,0.4706175574633065,517,0.2666322846828262,0.6838624338624338,1.2739098045957251
expert_2,1940,midogpp-expert_2-a60c39ae4787aa902a677c55,0.4701744669066741,518,0.2670103092783505,0.6851851851851852,1.2757159221076746
expert_2,1941,midogpp-expert_2-4746212f14a0392504815768,0.4701190805870949,518,0.2668727460072128,0.6851851851851852,1.2750586753677944
expert_2,1942,midogpp-expert_2-d0ad13e44786a6308586734f,0.4698421489891997,518,0.266735324407827,0.6851851851851852,1.2744021055040622
expert_2,1943,midogpp-expert_2-1cc2c9663b75876fd14a2c43,0.4696759900304625,518,0.26659804426145134,0.6851851851851852,1.2737462114713785
expert_2,1944,midogpp-expert_2-a733bc010e71efc196e7cf8f,0.4696759900304624,519,0.26697530864197533,0.6865079365079365,1.2755486968449932
expert_2,1945,midogpp-expert_2-af4be904d66f1f4fcb9965fd,0.4696759900304624,519,0.2668380462724936,0.6865079365079365,1.2748928877463581
expert_2,1946,midogpp-expert_2-d7119e07845b4101d41489cf,0.4695652173913043,519,0.26670092497430625,0.6865079365079365,1.2742377526550186
expert_2,1947,midogpp-expert_2-789a0a212c9acf3c58456e97,0.4689559678759346,519,0.2665639445300462,0.6865079365079365,1.2735832905324431
expert_2,1948,midogpp-expert_2-62b0d1d280ca29ab90de2a6f,0.4687898089171974,519,0.26642710472279263,0.6865079365079365,1.2729295003422314
expert_2,1949,midogpp-expert_2-0ea26d708a1f0f0de5580656,0.4685128773193021,519,0.2662904053360698,0.6865079365079365,1.2722763810501112
expert_2,1950,midogpp-expert_2-42e243b9c6d1e0aecb24468e,0.4683467183605649,519,0.26615384615384613,0.6865079365079365,1.2716239316239315
expert_2,1951,midogpp-expert_2-fe1af6e35f361c6c98338f52,0.4683467183605649,520,0.2665299846232701,0.6878306878306878,1.2734210376445125
expert_2,1952,midogpp-expert_2-320a79d4b21ec32522ca03ec,0.4679590141235115,521,0.26690573770491804,0.6891534391534392,1.2752163023679417
expert_2,1953,midogpp-expert_2-c5816bf4038d78274e00342a,0.4676266962060371,522,0.2672811059907834,0.6904761904761905,1.2770097286226318
expert_2,1954,midogpp-expert_2-a17fb6313a7b37a2fb66a6da,0.467571309886458,522,0.2671443193449335,0.6904761904761905,1.2763561924257933
expert_2,1955,midogpp-expert_2-c912aa2856836e1e0a745fc5,0.4674605372472999,522,0.2670076726342711,0.6904761904761905,1.2757033248081842
expert_2,1956,midogpp-expert_2-4e6ecbac0d6b9ba1e8605ed1,0.4673497646081418,522,0.2668711656441718,0.6904761904761905,1.2750511247443763
expert_2,1957,midogpp-expert_2-fc1af5eac3ea16d15bdc0424,0.4670174466906674,523,0.2672457843638222,0.6917989417989417,1.2768409697382614
expert_2,1958,midogpp-expert_2-def70736e4fe7ed2ff374458,0.4667959014123511,523,0.26710929519918286,0.6917989417989417,1.2761888548405402
expert_2,1959,midogpp-expert_2-7d024ef5987ea3cece610c98,0.4667405150927721,523,0.2669729453802961,0.6917989417989417,1.275537405705859
expert_2,1960,midogpp-expert_2-6849fed878b6f0eb801b1def,0.466740515092772,523,0.26683673469387753,0.6917989417989417,1.2748866213151926
expert_2,1961,midogpp-expert_2-430bb8b62cc07c4f7b39d7ba,0.466685128773193,523,0.266700662927078,0.6917989417989417,1.2742365006515948
expert_2,1962,midogpp-expert_2-71c916474b40494a3caa09ae,0.4664635834948767,523,0.26656472986748214,0.6917989417989417,1.2735870427001923
expert_2,1963,midogpp-expert_2-d91cb0051e2acc160595e505,0.4661312655774023,523,0.26642893530310746,0.6917989417989417,1.27293824644818
expert_2,1964,midogpp-expert_2-d46ba4211866bebc22a4ea91,0.4660758792578233,524,0.2668024439918534,0.6931216931216931,1.2747227879610772
expert_2,1965,midogpp-expert_2-2dc48611de9bc5944af248f4,0.4659097202990861,524,0.26666666666666666,0.6931216931216931,1.274074074074074
expert_2,1966,midogpp-expert_2-c87f6e72fc57e858e2add4bd,0.465854333979507,524,0.26653102746693796,0.6931216931216931,1.2734260201198147
expert_2,1967,midogpp-expert_2-636ed19447c919bcb4c8187e,0.465798947659928,524,0.2663955261820031,0.6931216931216931,1.2727786250917923
expert_2,1968,midogpp-expert_2-f0e9c868a2be6eafd2321f13,0.4656327887011908,524,0.266260162601626,0.6931216931216931,1.2721318879855463
expert_2,1969,midogpp-expert_2-57c393aa73be1d7e27a1657d,0.4654112434228745,524,0.26612493651599795,0.6931216931216931,1.2714858077986568
expert_2,1970,midogpp-expert_2-5d6d1d64f13f776ff209d512,0.4653004707837164,524,0.265989847715736,0.6931216931216931,1.2708403835307387
expert_2,1971,midogpp-expert_2-a2ffda7feebdcf238adf0d78,0.4650789255054002,524,0.2658548959918823,0.6931216931216931,1.2701956141834374
expert_2,1972,midogpp-expert_2-5ee1421b74ea74eafbeda547,0.4645804486291885,524,0.2657200811359026,0.6931216931216931,1.2695514987604235
expert_2,1973,midogpp-expert_2-05826cac278b9edb7a5db1c0,0.4645250623096095,524,0.26558540293968574,0.6931216931216931,1.2689080362673875
expert_2,1974,midogpp-expert_2-3de67238396a258650ad07fc,0.4644142896704514,524,0.26545086119554206,0.6931216931216931,1.2682652257120341
expert_2,1975,midogpp-expert_2-e0cefc623f0a4d0182ab77f6,0.4642481307117142,524,0.26531645569620255,0.6931216931216931,1.2676230661040788
expert_2,1976,midogpp-expert_2-850663c35d61541ecb3d4668,0.464137358072556,524,0.2651821862348178,0.6931216931216931,1.2669815564552407
expert_2,1977,midogpp-expert_2-bd16d3704cbb53a67c92623d,0.464137358072556,525,0.26555386949924126,0.6944444444444444,1.2687573764963749
expert_2,1978,midogpp-expert_2-a6262a04c2003f63f5235c06,0.4638604264746607,525,0.2654196157735086,0.6944444444444444,1.2681159420289854
expert_2,1979,midogpp-expert_2-b41a857e2b106a6f51b52ae4,0.4638604264746607,525,0.2652854977261243,0.6944444444444444,1.2674751558025938
expert_2,1980,midogpp-expert_2-dd79cae09932b119aa1e5b2d,0.4638050401550816,526,0.26565656565656565,0.6957671957671958,1.2692480359147025
expert_2,1981,midogpp-expert_2-3b02781aa9bef0873f03d528,0.4636942675159236,526,0.26552246340232205,0.6957671957671958,1.2686073251444274
expert_2,1982,midogpp-expert_2-b7e112393300befc7a65a604,0.4635281085571864,527,0.2658930373360242,0.6970899470899471,1.2703778450498933
expert_2,1983,midogpp-expert_2-a43bd8b078b270a452989c97,0.4635281085571863,528,0.26626323751891073,0.6984126984126984,1.272146579257018
expert_2,1984,midogpp-expert_2-41d34a071a403f94fc6326a9,0.4624757684851841,528,0.2661290322580645,0.6984126984126984,1.2715053763440858
expert_2,1985,midogpp-expert_2-6824ff228445c7a702d3430a,0.4623096095264469,528,0.26599496221662466,0.6984126984126984,1.270864819479429
expert_2,1986,midogpp-expert_2-4995823f084e4099030067c9,0.4619772916089725,528,0.26586102719033233,0.6984126984126984,1.2702249076871432
expert_2,1987,midogpp-expert_2-7a88cc7023e9eee95f23b510,0.4618665189698144,528,0.2657272269753397,0.6984126984126984,1.2695856399932894
expert_2,1988,midogpp-expert_2-c94cb8638a3ff1b6651c1a1b,0.4616449736914981,528,0.2655935613682093,0.6984126984126984,1.2689470154258886
expert_2,1989,midogpp-expert_2-f372071b7a6bf615a96d98e2,0.4614234284131819,528,0.2654600301659125,0.6984126984126984,1.2683090330149154
expert_2,1990,midogpp-expert_2-e41264c8431706185788524b,0.4613680420936029,528,0.26532663316582916,0.6984126984126984,1.2676716917922948
expert_2,1991,midogpp-expert_2-73089b73eceb46f1078da0b5,0.4612018831348656,528,0.26519337016574585,0.6984126984126984,1.2670349907918967
expert_2,1992,midogpp-expert_2-e2791b2ccdf04fbf3b953547,0.4611464968152866,528,0.26506024096385544,0.6984126984126984,1.2663989290495314
expert_2,1993,midogpp-expert_2-f0e5520945d925ab0a9a8f73,0.4607587925782331,528,0.26492724535875567,0.6984126984126984,1.2657635056029437
expert_2,1994,midogpp-expert_2-a4aec25e18a8bdc58a69127c,0.460592633619496,528,0.26479438314944836,0.6984126984126984,1.2651287194918088
expert_2,1995,midogpp-expert_2-220759c223dd7d922a8f7dcf,0.4603710883411798,528,0.2646616541353383,0.6984126984126984,1.2644945697577274
expert_2,1996,midogpp-expert_2-72fcecc3fdd96f0879c29a62,0.4603710883411797,528,0.26452905811623245,0.6984126984126984,1.2638610554442216
expert_2,1997,midogpp-expert_2-1499b69f231b0d555c546d76,0.4600941567432844,529,0.26489734601902853,0.6997354497354498,1.265620653202025
expert_2,1998,midogpp-expert_2-5cf1d294de95c0ca3b7d15a8,0.4599833841041262,529,0.26476476476476474,0.6997354497354498,1.2649872094316537
expert_2,1999,midogpp-expert_2-651c8dea3cfd535fc5a64d54,0.45976183882581,529,0.26463231615807903,0.6997354497354498,1.264354399421933
expert_2,2000,midogpp-expert_2-94c0fef0ac465f854df3b924,0.459706452506231,529,0.2645,0.6997354497354498,1.2637222222222222
expert_2,2001,midogpp-expert_2-1f20af88af8e810c08470d49,0.4594295209083356,529,0.26436781609195403,0.6997354497354498,1.2630906768837804
expert_2,2002,midogpp-expert_2-cf56705150f8b7dea1ac97f6,0.4594295209083356,529,0.2642357642357642,0.6997354497354498,1.2624597624597624
expert_2,2003,midogpp-expert_2-8256fc6aefbec3b268d886ba,0.4593187482691775,530,0.2646030953569646,0.701058201058201,1.2642147889277195
expert_2,2004,midogpp-expert_2-aa13f3e6e30a96f8921386b9,0.4590418166712822,530,0.26447105788423153,0.701058201058201,1.2635839432246616
expert_2,2005,midogpp-expert_2-16e44b2612ae9fa8753c6000,0.4587094987538078,530,0.26433915211970077,0.701058201058201,1.2629537267941258
expert_2,2006,midogpp-expert_2-cb070686848cc700461eaf8e,0.4587094987538078,530,0.2642073778664008,0.701058201058201,1.262324138695026
expert_2,2007,midogpp-expert_2-11b7397fb520df253c08f61f,0.4585987261146497,531,0.2645739910313901,0.7023809523809523,1.2640757349277527
expert_2,2008,midogpp-expert_2-81db46dad17896f2077ad4da,0.4584325671559125,531,0.2644422310756972,0.7023809523809523,1.263446215139442
expert_2,2009,midogpp-expert_2-b301b967e405a2ef4deace0f,0.4582110218775962,531,0.2643106022896964,0.7023809523809523,1.2628173220507715
expert_2,2010,midogpp-expert_2-822010cb5da7b4dd52f06d25,0.458044862918859,531,0.26417910447761195,0.7023809523809523,1.262189054726368
expert_2,2011,midogpp-expert_2-122ec62053359000acdfdbfc,0.4576017723622265,531,0.2640477374440577,0.7023809523809523,1.26156141223272
expert_2,2012,midogpp-expert_2-6016aa8d0e7e10dbb1e94ba6,0.4573248407643312,532,0.2644135188866799,0.7037037037037037,1.263309034680804
expert_2,2013,midogpp-expert_2-ad5501d2a7a894a8bbadb59a,0.4573248407643312,532,0.26428216592151016,0.7037037037037037,1.2626814594027707
expert_2,2014,midogpp-expert_2-23d1dd6c30b6f0055229bd74,0.4571032954860149,533,0.2646474677259186,0.705026455026455,1.2644267902460553
expert_2,2015,midogpp-expert_2-9a64764c366c49ec42235d98,0.4571032954860149,533,0.2645161290322581,0.705026455026455,1.2637992831541218
expert_2,2016,midogpp-expert_2-81a839a61baf479530c1b1a5,0.4569371365272777,533,0.26438492063492064,0.705026455026455,1.2631723985890653
expert_2,2017,midogpp-expert_2-4f1edf501e833fba9769eb7c,0.4567709775685405,534,0.26474962816063463,0.7063492063492064,1.2649148901008098
expert_2,2018,midogpp-expert_2-d5c1c3d346c5a4dc6b2fd224,0.4567155912489615,534,0.26461843409316155,0.7063492063492064,1.2642880740006606
expert_2,2019,midogpp-expert_2-54ce5c753b44515a2c8cdb4a,0.4558294101356964,534,0.26448736998514116,0.7063492063492064,1.2636618788178966
expert_2,2020,midogpp-expert_2-cc2e5cd5d19f3d807652e363,0.4558294101356964,534,0.26435643564356437,0.7063492063492064,1.2630363036303631
expert_2,2021,midogpp-expert_2-0eb77ecf0d8371aa5e564fc0,0.4549986153420106,534,0.2642256308758041,0.7063492063492064,1.2624113475177305
expert_2,2022,midogpp-expert_2-957eecbf90ac7f9ea43c1ce1,0.4549986153420104,535,0.2645895153313551,0.7076719576719577,1.264149906583141
expert_2,2023,midogpp-expert_2-60bf387d0ff9bd277ccd1779,0.4544447521462199,535,0.26445872466633713,0.7076719576719577,1.2635250178502773
expert_2,2024,midogpp-expert_2-918d33103f1101003f6f8c6f,0.4544447521462199,535,0.2643280632411067,0.7076719576719577,1.2629007465963986
expert_2,2025,midogpp-expert_2-10d0e076542fe5c29b2afa48,0.4538908889504292,535,0.2641975308641975,0.7076719576719577,1.2622770919067214
expert_2,2026,midogpp-expert_2-0056562616414b64855f1318,0.4538355026308501,536,0.26456071076011844,0.708994708994709,1.2640122847427882
expert_2,2027,midogpp-expert_2-6531a31a349521cabb7f2058,0.4538355026308501,536,0.2644301924025654,0.708994708994709,1.263388697034479
expert_2,2028,midogpp-expert_2-01c07f648b0c7f9266e23c4b,0.4533370257546386,536,0.26429980276134124,0.708994708994709,1.2627657243041859
expert_2,2029,midogpp-expert_2-e41d2e7e7411e94108abcc8c,0.451952367765162,536,0.2641695416461311,0.708994708994709,1.2621433656426264
expert_2,2030,midogpp-expert_2-0411cf5f285f134de372b69c,0.4518969814455829,536,0.26403940886699506,0.708994708994709,1.2615216201423096
expert_2,2031,midogpp-expert_2-30243a5d46ce6d2d6a914f5f,0.4517862088064248,536,0.2639094042343673,0.708994708994709,1.2609004868975326
expert_2,2032,midogpp-expert_2-266e3e7173bd481a720ae1c4,0.4514538908889504,536,0.2637795275590551,0.708994708994709,1.2602799650043743
expert_2,2033,midogpp-expert_2-b9bede6e6c472489e7af73bf,0.4513985045693713,536,0.2636497786522381,0.708994708994709,1.259660053560693
expert_2,2034,midogpp-expert_2-5b01ee9e5c6c3e24debaffae,0.4512323456106342,536,0.2635201573254671,0.708994708994709,1.2590407516661204
expert_2,2035,midogpp-expert_2-344cd08f55d089948795591a,0.4506784824148435,536,0.2633906633906634,0.708994708994709,1.2584220584220585
expert_2,2036,midogpp-expert_2-c12c05f5e101300f362cb2ad,0.4503461644973691,536,0.2632612966601179,0.708994708994709,1.2578039729316743
expert_2,2037,midogpp-expert_2-4b3944241fab878cfc5dcfc7,0.45029077817779,536,0.26313205694648995,0.708994708994709,1.2571864942998963
expert_2,2038,midogpp-expert_2-2b3956ebbe3ef57d06019ff8,0.4501800055386319,536,0.26300294406280667,0.708994708994709,1.2565696216334095
expert_2,2039,midogpp-expert_2-f26fc95abe7e0b82b88f0a84,0.4500692328994738,536,0.262873957822462,0.708994708994709,1.2559533540406516
expert_2,2040,midogpp-expert_2-d684c650a5126d8279d1b034,0.4499030739407366,537,0.26323529411764707,0.7103174603174603,1.2576797385620915
expert_2,2041,midogpp-expert_2-9079699f0bbeb77d0fe85a85,0.4496815286624204,538,0.26359627633512983,0.7116402116402116,1.2594044313789536
expert_2,2042,midogpp-expert_2-c51f1482a37a1b64d4900cc6,0.4489615065078925,539,0.2639569049951028,0.7129629629629629,1.2611274349766024
expert_2,2043,midogpp-expert_2-bd400887d2dc86410b9d2981,0.4485738022708391,539,0.26382770435633873,0.7129629629629629,1.2605101430358405
expert_2,2044,midogpp-expert_2-07933d1e5daf44e76423ece1,0.4481307117142066,539,0.2636986301369863,0.7129629629629629,1.2598934550989345
expert_2,2045,midogpp-expert_2-37241e725c12fd2a05d83981,0.4480753253946276,539,0.26356968215158927,0.7129629629629629,1.2592773702798152
expert_2,2046,midogpp-expert_2-17ccae977501880888ca0c04,0.4476876211575741,539,0.26344086021505375,0.7129629629629629,1.2586618876941456
expert_2,2047,midogpp-expert_2-cf5dd0e36d8180c397b01a55,0.4476876211575741,539,0.2633121641426478,0.7129629629629629,1.2580470064593172
expert_2,2048,midogpp-expert_2-2ef67f4d341c67eea63eec0b,0.4475214621988369,539,0.26318359375,0.7129629629629629,1.2574327256944444
expert_2,2049,midogpp-expert_2-6a9aa5567198147de2620598,0.4474660758792578,539,0.26305514885309905,0.7129629629629629,1.256819044520362
expert_2,2050,midogpp-expert_2-abb0dbb3eefe284f2d67f4a5,0.4470783716422043,540,0.2634146341463415,0.7142857142857143,1.2585365853658537
expert_2,2051,midogpp-expert_2-cae6d62c7fd1d1b9f0ec67e1,0.4460814178897812,540,0.26328620185275475,0.7142857142857143,1.257922964407606
expert_2,2052,midogpp-expert_2-2378f04d11052b3b5b0958e6,0.4456937136527277,540,0.2631578947368421,0.7142857142857143,1.2573099415204676
expert_2,2053,midogpp-expert_2-42b81cdf0a21c65a30808218,0.4456383273331487,540,0.26302971261568436,0.7142857142857143,1.2566975158304918
expert_2,2054,midogpp-expert_2-b511d3bc6cc40ab1480a00c0,0.4456383273331487,540,0.2629016553067186,0.7142857142857143,1.2560856864654333
expert_2,2055,midogpp-expert_2-15310d1527ebdc9f4d6aaee0,0.4454721683744115,540,0.26277372262773724,0.7142857142857143,1.2554744525547445
expert_2,2056,midogpp-expert_2-b0c6927cd83a54f3d83d0b0e,0.4453060094156743,540,0.26264591439688717,0.7142857142857143,1.254863813229572
expert_2,2057,midogpp-expert_2-7989391d7ae418d209641049,0.4448629188590418,540,0.2625182304326689,0.7142857142857143,1.2542537676227514
expert_2,2058,midogpp-expert_2-0f0d1cccbdb8a063b795fcb1,0.4446413735807255,540,0.26239067055393583,0.7142857142857143,1.2536443148688046
expert_2,2059,midogpp-expert_2-2e58079519cec48e31ad734e,0.4446413735807255,540,0.26226323457989315,0.7142857142857143,1.253035454103934
expert_2,2060,midogpp-expert_2-3ae72f2484b25affad438ad5,0.4445859872611465,541,0.262621359223301,0.7156084656084656,1.2547464940668824
expert_2,2061,midogpp-expert_2-204616df33191b01c41fdf1c,0.4444198283024093,541,0.26249393498301793,0.7156084656084656,1.2541376893633078
expert_2,2062,midogpp-expert_2-379bc93d1626e1ea2156d0ef,0.4440875103849349,541,0.2623666343355965,0.7156084656084656,1.253529475158961
expert_2,2063,midogpp-expert_2-282b408e9eed3000dba15168,0.4436444198283024,541,0.26223945710130875,0.7156084656084656,1.2529218505951418
expert_2,2064,midogpp-expert_2-648230a7a4a046aea920bbf8,0.4435336471891442,541,0.2621124031007752,0.7156084656084656,1.2523148148148149
expert_2,2065,midogpp-expert_2-3e8367f72a7426c9f9757edb,0.4434228745499862,541,0.2619854721549637,0.7156084656084656,1.2517083669626043
expert_2,2066,midogpp-expert_2-49836744d95df97bd4211019,0.4427028523954583,541,0.26185866408518876,0.7156084656084656,1.2511025061847907
expert_2,2067,midogpp-expert_2-3aeac42106c3f69f285eb7c8,0.4420382165605095,542,0.2622157716497339,0.716931216931217,1.252808686770951
expert_2,2068,midogpp-expert_2-ed6a1980e4500173a3991997,0.4420382165605095,542,0.2620889748549323,0.716931216931217,1.2522028798624543
expert_2,2069,midogpp-expert_2-3137bc34def24122563f38d0,0.4418720576017724,542,0.2619623006283229,0.716931216931217,1.2515976585575426
expert_2,2070,midogpp-expert_2-c66a05b9e92090f163d5573e,0.4418720576017724,542,0.2618357487922705,0.716931216931217,1.2509930220075145
expert_2,2071,midogpp-expert_2-36f1d53050e80eb418a75779,0.4412074217668235,543,0.26219217769193626,0.7182539682539683,1.2526959600836953
expert_2,2072,midogpp-expert_2-47b599c57fbd27afbdeffe7e,0.4409858764885073,544,0.2625482625482625,0.7195767195767195,1.2543972543972541
expert_2,2073,midogpp-expert_2-212236bdbcd1873c95db29a1,0.4403766269731376,545,0.26290400385914137,0.7208994708994709,1.2560969073270087
expert_2,2074,midogpp-expert_2-566034a8206fe284499f0fbe,0.4401550816948214,545,0.2627772420443587,0.7208994708994709,1.2554912675452694
expert_2,2075,midogpp-expert_2-432abd7fb5d15744513f3a4f,0.4400996953752423,546,0.26313253012048193,0.7222222222222222,1.2571887550200802
expert_2,2076,midogpp-expert_2-6f833e3440941d168fcf0f33,0.4400996953752422,546,0.2630057803468208,0.7222222222222222,1.2565831727681438
expert_2,2077,midogpp-expert_2-a5996180e851261bd85697f9,0.4399889227360842,546,0.2628791526239769,0.7222222222222222,1.2559781736478894
expert_2,2078,midogpp-expert_2-87385dd48a6332c5441288d2,0.4397673774577679,546,0.2627526467757459,0.7222222222222222,1.2553737568174526
expert_2,2079,midogpp-expert_2-a17c6e65c65a9cb3a07ac290,0.4396012184990308,547,0.2631072631072631,0.7235449735449735,1.2570680348458125
expert_2,2080,midogpp-expert_2-775f574c7687000a2265219b,0.4391027416228191,548,0.26346153846153847,0.7248677248677249,1.2587606837606837
expert_2,2081,midogpp-expert_2-e98a26c9280a2981048a3428,0.4391027416228191,548,0.26333493512734263,0.7248677248677249,1.2581558011639702
expert_2,2082,midogpp-expert_2-2282b1d58add5a303cc38f54,0.438991968983661,548,0.2632084534101825,0.7248677248677249,1.2575514996264274
expert_2,2083,midogpp-expert_2-57934c80119835b60dd314c8,0.438991968983661,548,0.2630820931349016,0.7248677248677249,1.2569477783111964
expert_2,2084,midogpp-expert_2-fd2c48513d8a3b4ca67048d5,0.4388811963445029,549,0.2634357005758157,0.7261904761904762,1.2586372360844529
expert_2,2085,midogpp-expert_2-f5a296da766481083c6a157e,0.4388258100249238,549,0.2633093525179856,0.7261904761904762,1.2580335731414867
expert_2,2086,midogpp-expert_2-43b4f82a303bd87aca16f2d1,0.4384381057878703,549,0.26318312559923296,0.7261904761904762,1.257430488974113
expert_2,2087,midogpp-expert_2-8bb9a35b00bd09fb07baf7cf,0.438105787870396,550,0.2635361763296598,0.7275132275132276,1.2591172869083747
expert_2,2088,midogpp-expert_2-97df240f40d8a829a63a0024,0.4380504015508169,550,0.26340996168582376,0.7275132275132276,1.2585142613878246
expert_2,2089,midogpp-expert_2-e6b11208edb8fe6ae96e6c33,0.4379396289116588,550,0.26328386787936814,0.7275132275132276,1.2579118132014255
expert_2,2090,midogpp-expert_2-28e0eadf03cd5c7cada375cb,0.4377734699529216,550,0.2631578947368421,0.7275132275132276,1.2573099415204676
expert_2,2091,midogpp-expert_2-e42b907368ccab83a06cade7,0.4376073109941845,550,0.26303204208512676,0.7275132275132276,1.2567086455178278
expert_2,2092,midogpp-expert_2-478d088e447302486119875a,0.4373303793962891,550,0.26290630975143403,0.7275132275132276,1.2561079243679625
expert_2,2093,midogpp-expert_2-df41a0345eafe86998154fda,0.437164220437552,550,0.26278069756330624,0.7275132275132276,1.2555077772469074
expert_2,2094,midogpp-expert_2-41a8b1b801affcbd11e6a147,0.4368872888396566,551,0.26313276026743077,0.7288359788359788,1.257189854611058
expert_2,2095,midogpp-expert_2-3f1c3faf01eaecd43b2752bf,0.4367765162004985,551,0.2630071599045346,0.7288359788359788,1.2565897639883319
expert_2,2096,midogpp-expert_2-9768f4397620662e01288bc0,0.4364441982830241,552,0.2633587786259542,0.7301587301587301,1.2582697201017812
expert_2,2097,midogpp-expert_2-9ce472212a3ba4e5749a4de9,0.4359457214068125,552,0.2632331902718169,0.7301587301587301,1.2576696868542363
expert_2,2098,midogpp-expert_2-cc8f14106d874da8ebbbd9c1,0.4359457214068125,553,0.2635843660629171,0.7314814814814815,1.2593475267450482
expert_2,2099,midogpp-expert_2-c9eb45d5abba6470bf05207f,0.4353364718914428,554,0.26393520724154357,0.7328042328042328,1.2610237679318193
expert_2,2100,midogpp-expert_2-098d4adfa2610f0f2aa46136,0.4351149266131265,554,0.2638095238095238,0.7328042328042328,1.2604232804232804
expert_2,2101,midogpp-expert_2-0c0ff4015c8a111b40dbbfd8,0.4350595402935475,555,0.26415992384578774,0.7341269841269841,1.2620974139298746
expert_2,2102,midogpp-expert_2-058aed0438f24fb6446ab90d,0.4347272223760731,556,0.26450999048525214,0.7354497354497355,1.263769954540649
expert_2,2103,midogpp-expert_2-dcdaf094463796b4eebac28a,0.4343395181390196,556,0.26438421302900617,0.7354497354497355,1.2631690178052517
expert_2,2104,midogpp-expert_2-3928228c3c5a812b13f0302e,0.4342287454998615,556,0.26425855513307983,0.7354497354497355,1.2625686523024924
expert_2,2105,midogpp-expert_2-b17baaa53123d1a9735c2edc,0.4340072002215452,557,0.2646080760095012,0.7367724867724867,1.264238585378728
expert_2,2106,midogpp-expert_2-a3d4db6f9836f09225c1ee8a,0.4338964275823871,557,0.2644824311490978,0.7367724867724867,1.2636382821568006
expert_2,2107,midogpp-expert_2-73ca151befec32c8849647ad,0.4336194959844918,557,0.26435690555291885,0.7367724867724867,1.2630385487528344
expert_2,2108,midogpp-expert_2-e3897f515ad013031c97dbf3,0.4335641096649127,557,0.2642314990512334,0.7367724867724867,1.2624393843558928
expert_2,2109,midogpp-expert_2-67078de3dec4f61b2739dfb8,0.4333979507061756,558,0.26458036984352773,0.7380952380952381,1.2641062114746324
expert_2,2110,midogpp-expert_2-f4b4be9010d201b6a8c74864,0.4330102464691221,559,0.26492890995260665,0.7394179894179894,1.265771458662454
expert_2,2111,midogpp-expert_2-d7da5b51ef31baa891e506f2,0.4326225422320687,559,0.26480341070582664,0.7394179894179894,1.2651718511500605
expert_2,2112,midogpp-expert_2-e02d4002593becac1728eec4,0.4326225422320686,559,0.2646780303030303,0.7394179894179894,1.2645728114478112
expert_2,2113,midogpp-expert_2-db95275f37dbd8ad81613b8d,0.4325117695929106,559,0.2645527685754851,0.7394179894179894,1.26397433874954
expert_2,2114,midogpp-expert_2-fb6fb5bc8801bfe078e9bd9d,0.4322348379950152,559,0.26442762535477765,0.7394179894179894,1.2633764322506043
expert_2,2115,midogpp-expert_2-9141fbf219d42423f04121d7,0.432124065355857,560,0.2647754137115839,0.7407407407407407,1.265038087733123
expert_2,2116,midogpp-expert_2-67a880763eba8f89e9c65189,0.432068679036278,560,0.2646502835538752,0.7407407407407407,1.2644402436462927
expert_2,2117,midogpp-expert_2-5635f2fd09632b081df0e434,0.4320132927166989,560,0.26452527161076994,0.7407407407407407,1.2638429643625675
expert_2,2118,midogpp-expert_2-19d9e3f8950344c02621a9c9,0.4312378842425921,560,0.26440037771482533,0.7407407407407407,1.2632462490819432
expert_2,2119,midogpp-expert_2-93227ea5f7377b3df7f37de1,0.431237884242592,561,0.26474752241623406,0.7420634920634921,1.264904829322007
expert_2,2120,midogpp-expert_2-e2e3d8daf13c0ec15febe76a,0.4309609526446967,561,0.264622641509434,0.7420634920634921,1.264308176100629
expert_2,2121,midogpp-expert_2-52ae4b68685c3ba397e09b8c,0.4308501800055386,561,0.26449787835926447,0.7420634920634921,1.2637120854942636
expert_2,2122,midogpp-expert_2-7244c34c9830c85aeb9e4e40,0.4308501800055386,562,0.2648444863336475,0.7433862433862434,1.2653681013718712
expert_2,2123,midogpp-expert_2-c968054a509f358e43b8fd6b,0.430407089448906,562,0.2647197362223269,0.7433862433862434,1.2647720730622285
expert_2,2124,midogpp-expert_2-17f9736df64c8b4b76d95798,0.430351703129327,562,0.2645951035781544,0.7433862433862434,1.2641766059845154
expert_2,2125,midogpp-expert_2-4519160044e70367d073c73c,0.4297424536139573,562,0.2644705882352941,0.7433862433862434,1.2635816993464053
expert_2,2126,midogpp-expert_2-fde044a5cfb5964f882457a6,0.4296316809747992,563,0.2648165569143932,0.7447089947089947,1.265234660813212
expert_2,2127,midogpp-expert_2-2f25031fc7998700b59316a6,0.4295209083356411,563,0.2646920545369064,0.7447089947089947,1.264639816120775
expert_2,2128,midogpp-expert_2-e913bb9d0e46503a867ec86b,0.4293547493769039,563,0.26456766917293234,0.7447089947089947,1.2640455304928988
expert_2,2129,midogpp-expert_2-33d436828045c8af1efa897b,0.4283577956244807,563,0.2644434006575857,0.7447089947089947,1.2634518031417983
expert_2,2130,midogpp-expert_2-4b6a852617a7188ee91aa6c7,0.427748546109111,564,0.2647887323943662,0.746031746031746,1.2651017214397495
expert_2,2131,midogpp-expert_2-b87eb4dd5a7f8207178434e2,0.4265854333979507,564,0.2646644767714688,0.746031746031746,1.2645080556859065
expert_2,2132,midogpp-expert_2-9cab2ad137de14ee5461957f,0.4263638881196344,564,0.26454033771106944,0.746031746031746,1.263914946841776
expert_2,2133,midogpp-expert_2-c2f9871b45bef061eb87e9b5,0.4260315702021601,564,0.26441631504922647,0.746031746031746,1.2633223941240819
expert_2,2134,midogpp-expert_2-d6f55ba55fef1d6ae2b19ab6,0.4259207975630019,564,0.2642924086223055,0.746031746031746,1.2627303967510153
expert_2,2135,midogpp-expert_2-0a40c634384d6386923c3cdb,0.4256992522846857,564,0.2641686182669789,0.746031746031746,1.2621389539422325
expert_2,2136,midogpp-expert_2-8ccccf179015ecbbd7d3f333,0.4256438659651066,564,0.2640449438202247,0.746031746031746,1.2615480649188513
expert_2,2137,midogpp-expert_2-30958885e182371eb743442e,0.4255330933259485,564,0.26392138511932617,0.746031746031746,1.2609577289034473
expert_2,2138,midogpp-expert_2-b0d2277e280d2c833f986a37,0.4253669343672113,564,0.2637979420018709,0.746031746031746,1.2603679451200498
expert_2,2139,midogpp-expert_2-dc1f4ae2a0b54ae4bb303d10,0.4248130711714206,564,0.26367461430575034,0.746031746031746,1.2597787127941404
expert_2,2140,midogpp-expert_2-1f3567e5e2359fc81516979e,0.4247022985322626,564,0.2635514018691589,0.746031746031746,1.2591900311526478
expert_2,2141,midogpp-expert_2-63ef013a9f3df9f64cb3222d,0.4246469122126834,564,0.2634283045305932,0.746031746031746,1.2586018994239452
expert_2,2142,midogpp-expert_2-3071c67145fa91b34f7cc998,0.4245915258931044,564,0.26330532212885155,0.746031746031746,1.2580143168378461
expert_2,2143,midogpp-expert_2-01d6aa3e48976f449ce1a194,0.4244253669343673,565,0.2636490900606626,0.7473544973544973,1.2596567636231657
expert_2,2144,midogpp-expert_2-0a0f79e8ad63ded944aff758,0.4244253669343672,565,0.2635261194029851,0.7473544973544973,1.2590692371475953
expert_2,2145,midogpp-expert_2-3b28da99295ad36f000b1454,0.4244253669343671,565,0.2634032634032634,0.7473544973544973,1.2584822584822586
expert_2,2146,midogpp-expert_2-62b127470f307535dd42974a,0.4244253669343671,565,0.26328052190121154,0.7473544973544973,1.257895826861344
expert_2,2147,midogpp-expert_2-38f058dea76bcf11566a0589,0.4240930490168928,565,0.2631578947368421,0.7473544973544973,1.2573099415204676
expert_2,2148,midogpp-expert_2-b62ddd73d2b112d4f1e5c0f9,0.4239268900581556,565,0.26303538175046554,0.7473544973544973,1.2567246016966687
expert_2,2149,midogpp-expert_2-3b55302e9177878ad3f82d53,0.4238715037385765,565,0.2629129827826896,0.7473544973544973,1.2561398066284057
expert_2,2150,midogpp-expert_2-cfc9a0a44f9f63585cfaee17,0.4236499584602603,565,0.2627906976744186,0.7473544973544973,1.2555555555555555
expert_2,2151,midogpp-expert_2-4dd712c04175d94c319e437a,0.4235945721406812,566,0.26313342631334263,0.7486772486772487,1.2571930368304147
expert_2,2152,midogpp-expert_2-92ea4578c338c37785f868e6,0.4232622542232068,566,0.26301115241635686,0.7486772486772487,1.2566088393225938
expert_2,2153,midogpp-expert_2-8bb403ab97bf62048f889b4e,0.4232068679036278,566,0.2628889921040409,0.7486772486772487,1.2560251844970842
expert_2,2154,midogpp-expert_2-c2a967e8ff4622cc6e087c14,0.4232068679036277,566,0.2627669452181987,0.7486772486772487,1.2554420715980605
expert_2,2155,midogpp-expert_2-1f8c97b819f67482db299e26,0.4231514815840487,566,0.26264501160092807,0.7486772486772487,1.2548594998711007
expert_2,2156,midogpp-expert_2-37bd3b94926a10e2b4d5d83a,0.4223206867903628,567,0.262987012987013,0.75,1.2564935064935066
expert_2,2157,midogpp-expert_2-197a2d2bd0c7cba0be7ad105,0.4213237330379396,567,0.26286509040333794,0.75,1.2559109874826146
expert_2,2158,midogpp-expert_2-3c86803089774b4383bde690,0.4211575740792024,567,0.26274328081556997,0.75,1.2553290083410564
expert_2,2159,midogpp-expert_2-adc124fc75dae1c11fa42270,0.420825256161728,568,0.26308476146364057,0.7513227513227513,1.2569605269929494
expert_2,2160,midogpp-expert_2-b5f8fc5c1e21d8de0e9d5006,0.420769869842149,568,0.26296296296296295,0.7513227513227513,1.256378600823045
expert_2,2161,midogpp-expert_2-d0b54f9f3446b13ceff5a91c,0.4206037108834118,569,0.26330402591392876,0.7526455026455027,1.2580081238109928
expert_2,2162,midogpp-expert_2-c2ece7386d8f1d7cd7fc7d8a,0.4205483245638327,569,0.2631822386679001,0.7526455026455027,1.2574262514133003
expert_2,2163,midogpp-expert_2-05f25d93a5de509782962229,0.4204375519246746,569,0.2630605640314378,0.7526455026455027,1.2568449170390916
expert_2,2164,midogpp-expert_2-69123aed5145287ff9aadaec,0.4204375519246746,569,0.26293900184842883,0.7526455026455027,1.2562641199424933
expert_2,2165,midogpp-expert_2-2651d03e4e9de5bd473df11b,0.4202160066463584,569,0.2628175519630485,0.7526455026455027,1.2556838593790094
expert_2,2166,midogpp-expert_2-259a137fa54136cfffcdac1d,0.4194959844918305,569,0.2626962142197599,0.7526455026455027,1.2551041346055196
expert_2,2167,midogpp-expert_2-5b670dd6a5a67f057a582d2f,0.4192744392135142,569,0.26257498846331334,0.7526455026455027,1.2545249448802749
expert_2,2168,midogpp-expert_2-27a178c50fa0814fbb92145b,0.4192190528939352,569,0.2624538745387454,0.7526455026455027,1.2539462894628948
expert_2,2169,midogpp-expert_2-9c4ee0ff7e94732041137fff,0.4191082802547771,570,0.2627939142461964,0.753968253968254,1.2555709236207162
expert_2,2170,midogpp-expert_2-6717f66c968e700cc60ada01,0.4186651896981446,570,0.2626728110599078,0.753968253968254,1.2549923195084483
expert_2,2171,midogpp-expert_2-b589b5eaa7ca758c8e8be085,0.4177236222653004,570,0.262551819438047,0.753968253968254,1.2544142484262246
expert_2,2172,midogpp-expert_2-420e11ba5c74c88cabef4cec,0.4176682359457214,570,0.26243093922651933,0.753968253968254,1.2538367096378145
expert_2,2173,midogpp-expert_2-8e394884f7c83a5665401a7a,0.4172251453890889,570,0.26231017027151404,0.753968253968254,1.2532597024083447
expert_2,2174,midogpp-expert_2-478396e0712501f41de44c48,0.4168928274716145,571,0.2626494940202392,0.7552910052910053,1.254880915874476
expert_2,2175,midogpp-expert_2-7a04903e3917bb2a2df6c77a,0.4167820548324563,571,0.26252873563218393,0.7552910052910053,1.2543039591315455
expert_2,2176,midogpp-expert_2-7b13c1d0b754bc2d648dfd9d,0.4167266685128773,571,0.2624080882352941,0.7552910052910053,1.2537275326797384
expert_2,2177,midogpp-expert_2-8f7b25d094d6bdfd155816e6,0.4157297147604541,571,0.2622875516766192,0.7552910052910053,1.2531516357882917
expert_2,2178,midogpp-expert_2-d1b953c8341610cff2849c34,0.4156743284408751,571,0.26216712580348944,0.7552910052910053,1.2525762677277827
expert_2,2179,midogpp-expert_2-90678141961c626f7fc3b130,0.4150650789255053,571,0.26204681046351536,0.7552910052910053,1.2520014277701288
expert_2,2180,midogpp-expert_2-5b85e2bd629cd436aa9285e6,0.4141788978122404,571,0.26192660550458713,0.7552910052910053,1.251427115188583
expert_2,2181,midogpp-expert_2-ebc3aa38717fdf01436e9c0b,0.4136804209360288,571,0.26180651077487394,0.7552910052910053,1.2508533292577309
expert_2,2182,midogpp-expert_2-7b8449f886d0d006c89383d7,0.4132373303793963,572,0.2621448212648946,0.7566137566137566,1.2524697015989408
expert_2,2183,midogpp-expert_2-d38d783a083eb1be63fbd343,0.4125173082248685,572,0.2620247366010078,0.7566137566137566,1.2518959637603704
expert_2,2184,midogpp-expert_2-fe95fce7b3d417124e21e233,0.4124619219052894,573,0.2623626373626374,0.7579365079365079,1.2535103785103785
expert_2,2185,midogpp-expert_2-a972d4bf121c3382956ba681,0.4124065355857103,573,0.2622425629290618,0.7579365079365079,1.2529366895499618
expert_2,2186,midogpp-expert_2-b8c8ee6c2d2180785230d14e,0.4124065355857103,573,0.26212259835315643,0.7579365079365079,1.2523635254650807
expert_2,2187,midogpp-expert_2-600d1f773e0aaa163631d94e,0.4122957629465522,573,0.262002743484225,0.7579365079365079,1.2517908855357416
expert_2,2188,midogpp-expert_2-709050641991711099c664fc,0.4122403766269732,574,0.2623400365630713,0.7592592592592593,1.2534023969124517
expert_2,2189,midogpp-expert_2-a7f6f9ddb551020f2f3bd0f1,0.4122403766269731,574,0.2622201918684331,0.7592592592592593,1.2528298055936247
expert_2,2190,midogpp-expert_2-503eeebc9e369f9830cc0f4c,0.4119634450290778,574,0.26210045662100456,0.7592592592592593,1.252257737189244
expert_2,2191,midogpp-expert_2-ac621172d07323d9b30584d7,0.4119634450290778,574,0.26198083067092653,0.7592592592592593,1.2516861909833157
expert_2,2192,midogpp-expert_2-7994cb36a1c3f65965ca2fdd,0.4119080587094987,574,0.26186131386861317,0.7592592592592593,1.2511151662611517
expert_2,2193,midogpp-expert_2-009223cac24206d1817c7839,0.4118526723899197,575,0.26219790241678065,0.7605820105820106,1.2527233115468408
expert_2,2194,midogpp-expert_2-a8b903d00aa92ffbad0f5d6d,0.4116865134311824,575,0.26207839562443025,0.7605820105820106,1.2521523346500556
expert_2,2195,midogpp-expert_2-d66d16b3547aac13c6b1d9a1,0.4114649681528662,576,0.26241457858769934,0.7619047619047619,1.25375854214123
expert_2,2196,midogpp-expert_2-6b5c34259bbeaee3a5d13ca4,0.411298809194129,576,0.26229508196721313,0.7619047619047619,1.2531876138433515
expert_2,2197,midogpp-expert_2-ba4e8d83b7136aba6904e895,0.4108557186374965,576,0.26217569412835684,0.7619047619047619,1.2526172052799271
expert_2,2198,midogpp-expert_2-f301061c7b5c219428e1230f,0.4108557186374965,576,0.26205641492265697,0.7619047619047619,1.2520473157415832
expert_2,2199,midogpp-expert_2-193d658cc3b78ee573fbe8ad,0.4106341733591803,576,0.26193724420190995,0.7619047619047619,1.2514779445202364
expert_2,2200,midogpp-expert_2-1839b6d6f33901216fe102e0,0.4101356964829687,576,0.26181818181818184,0.7619047619047619,1.250909090909091
expert_2,2201,midogpp-expert_2-b5fb8622904d308c136ff81d,0.4099695375242315,576,0.2616992276238074,0.7619047619047619,1.2503407542026352
expert_2,2202,midogpp-expert_2-0c280db47b68d33706b3280e,0.4097479922459153,576,0.2615803814713896,0.7619047619047619,1.2497729336966392
expert_2,2203,midogpp-expert_2-c128027b810df00c182125d6,0.4096926059263362,577,0.26191556967771223,0.7632275132275133,1.2513743884601807
expert_2,2204,midogpp-expert_2-ee0a535b97247cda735ea3f7,0.4092495153697036,577,0.2617967332123412,0.7632275132275133,1.2508066142367413
expert_2,2205,midogpp-expert_2-e909fff8f835bfdac13ec287,0.4091387427305455,577,0.2616780045351474,0.7632275132275133,1.2502393550012596
expert_2,2206,midogpp-expert_2-df3f51081df4ba751aea9b19,0.4090279700913874,578,0.26201269265639165,0.7645502645502645,1.2518384204694268
expert_2,2207,midogpp-expert_2-6082eef571080f403a406ffc,0.4079756300193852,578,0.26189397371998185,0.7645502645502645,1.2512712077732466
expert_2,2208,midogpp-expert_2-267a77105923a7c708f5f96a,0.4074217668235945,578,0.2617753623188406,0.7645502645502645,1.2507045088566826
expert_2,2209,midogpp-expert_2-21f9e04808cb7907ac70d6f8,0.4073663805040155,578,0.2616568583069262,0.7645502645502645,1.2501383230219807
expert_2,2210,midogpp-expert_2-4b32588084adbab20344981d,0.4071448352256992,578,0.26153846153846155,0.7645502645502645,1.2495726495726496
expert_2,2211,midogpp-expert_2-e82e15a5da15f53b2b4a666d,0.4062586541124342,578,0.26142017186793304,0.7645502645502645,1.2490074878134578
expert_2,2212,midogpp-expert_2-dc9ea118b09ff6881720c7d5,0.4056494045970645,578,0.2613019891500904,0.7645502645502645,1.248442837050432
expert_2,2213,midogpp-expert_2-e76ddc1b8b030beed6cada5f,0.4051509277208529,578,0.2611839132399458,0.7645502645502645,1.247878696590852
expert_2,2214,midogpp-expert_2-6a35d2c2172d424590f976d0,0.4049293824425367,578,0.2610659439927733,0.7645502645502645,1.2473150657432501
expert_2,2215,midogpp-expert_2-f62adff9d24e4aaa92178197,0.4048739961229576,578,0.26094808126410834,0.7645502645502645,1.2467519438174064
expert_2,2216,midogpp-expert_2-12556b6cc267ca8fd05339c7,0.4048186098033786,578,0.2608303249097473,0.7645502645502645,1.246189330124348
expert_2,2217,midogpp-expert_2-f54cb7844c14d89bf79e389f,0.4047632234837995,579,0.26116373477672533,0.7658730158730159,1.2477822883776877
expert_2,2218,midogpp-expert_2-83fa371824e9afed1b660b8d,0.4044862918859041,579,0.2610459873760144,0.7658730158730159,1.24721971746318
expert_2,2219,midogpp-expert_2-021351b2a1da9a607465c2d3,0.4040985876488507,579,0.2609283461018477,0.7658730158730159,1.2466576535977165
expert_2,2220,midogpp-expert_2-bd4502835bda6d30b75dc1f0,0.4040985876488507,579,0.2608108108108108,0.7658730158730159,1.246096096096096
expert_2,2221,midogpp-expert_2-dc15ca5d5067e8302169a4d5,0.4040432013292716,579,0.26069338135974784,0.7658730158730159,1.2455350442743507
expert_2,2222,midogpp-expert_2-498627a6e52893e80e17b136,0.4039878150096926,579,0.2605760576057606,0.7658730158730159,1.244974497449745
expert_2,2223,midogpp-expert_2-5ed1d3c0c9f9b9fcf3af4974,0.4039878150096926,579,0.26045883940620784,0.7658730158730159,1.2444144549407707
expert_2,2224,midogpp-expert_2-94decced4cf9c7e31a3043d6,0.4036001107726391,579,0.260341726618705,0.7658730158730159,1.2438549160671462
expert_2,2225,midogpp-expert_2-326c7460343a5685e36cda5a,0.403489338133481,580,0.2606741573033708,0.7671957671957672,1.2454431960049936
expert_2,2226,midogpp-expert_2-237c99762ee4c6c1a08e63a1,0.402658543339795,581,0.2610062893081761,0.7685185185185185,1.2470300489168413
expert_2,2227,midogpp-expert_2-4b87b3835cda1c3a3d94e847,0.402658543339795,581,0.2608890884598114,0.7685185185185185,1.2464700893079876
expert_2,2228,midogpp-expert_2-2d3b1e4a833fa0da88aa63aa,0.4024369980614788,581,0.26077199281867147,0.7685185185185185,1.2459106323558748
expert_2,2229,midogpp-expert_2-104a0ae6632ea59ff618cf7b,0.4023262254223206,582,0.2611036339165545,0.7698412698412699,1.247495139823538
expert_2,2230,midogpp-expert_2-0bb1d7275be8c895474c33b6,0.4022154527831625,582,0.2609865470852018,0.7698412698412699,1.2469357249626307
expert_2,2231,midogpp-expert_2-9f7d7988db5052b96b3fef17,0.4021600664635835,582,0.2608695652173913,0.7698412698412699,1.2463768115942029
expert_2,2232,midogpp-expert_2-a201928660c23c29ab812784,0.4020492938244253,582,0.260752688172043,0.7698412698412699,1.2458183990442053
expert_2,2233,midogpp-expert_2-5304f803ae57ccebac8f9283,0.4019939075048463,583,0.26108374384236455,0.7711640211640212,1.247400109469075
expert_2,2234,midogpp-expert_2-38673a05f66c3f2418487f94,0.4019939075048462,583,0.26096687555953446,0.7711640211640212,1.2468417387844424
expert_2,2235,midogpp-expert_2-f8d0f1083374c193bc8fb437,0.40177236222653,584,0.2612975391498881,0.7724867724867724,1.2484215759383543
expert_2,2236,midogpp-expert_2-acbe907f4dda01ad5343d2a8,0.4011077263915813,584,0.26118067978533094,0.7724867724867724,1.2478632478632476
expert_2,2237,midogpp-expert_2-401f4aefcf970c85d481eddd,0.4006646358349487,584,0.2610639248994189,0.7724867724867724,1.2473054189638901
expert_2,2238,midogpp-expert_2-9166d0c905767ef927f46b6e,0.4005538631957906,584,0.2609472743521001,0.7724867724867724,1.2467480885711448
expert_2,2239,midogpp-expert_2-8746903d126a325e7cefb47a,0.4001107726391581,584,0.26083072800357304,0.7724867724867724,1.2461912560170711
expert_2,2240,midogpp-expert_2-7d83eed92cb197f673b8625b,0.3998892273608418,584,0.26071428571428573,0.7724867724867724,1.2456349206349207
expert_2,2241,midogpp-expert_2-a3047258648e082b436058ad,0.3998338410412628,584,0.2605979473449353,0.7724867724867724,1.2450790817591353
expert_2,2242,midogpp-expert_2-cec8e87109235b7ce311009c,0.3997784547216837,584,0.2604817127564674,0.7724867724867724,1.2445237387253443
expert_2,2243,midogpp-expert_2-d6949fdfc12c54d5e2fe342d,0.3996676820825256,584,0.2603655818100758,0.7724867724867724,1.243968890870362
expert_2,2244,midogpp-expert_2-a7e1a4141b8a1e944f713949,0.3993907504846303,584,0.26024955436720143,0.7724867724867724,1.2434145375321846
expert_2,2245,midogpp-expert_2-d015e1098885345595dae29d,0.3992799778454722,585,0.26057906458797325,0.7738095238095238,1.2449888641425388
expert_2,2246,midogpp-expert_2-cd0ddb4ba08cf48e3e0881e5,0.399169205206314,585,0.26046304541406945,0.7738095238095238,1.2444345503116652
expert_2,2247,midogpp-expert_2-bb6971a81a4afd05ab9a451c,0.3989476599279978,586,0.2607921673342234,0.7751322751322751,1.2460070217079562
expert_2,2248,midogpp-expert_2-d275872523303087daf479a8,0.3987815009692606,586,0.2606761565836299,0.7751322751322751,1.2454527481217874
expert_2,2249,midogpp-expert_2-5b5cf7d67f211c935189646a,0.3987261146496815,586,0.2605602489995554,0.7751322751322751,1.24489896744232
expert_2,2250,midogpp-expert_2-88e63ba74f2a1b2093631af4,0.398283024093049,587,0.2608888888888889,0.7764550264550265,1.246469135802469
expert_2,2251,midogpp-expert_2-0a4481abc52f096a5a560192,0.3981168651343119,588,0.2612172367836517,0.7777777777777778,1.248037909077447
expert_2,2252,midogpp-expert_2-6b993b2d514dea6d5055d644,0.3981168651343118,588,0.261101243339254,0.7777777777777778,1.2474837181764358
expert_2,2253,midogpp-expert_2-2773855824c932e3eccd9f61,0.3972860703406259,588,0.2609853528628495,0.7777777777777778,1.2469300192336144
expert_2,2254,midogpp-expert_2-197999ceda68b4e0be28ceba,0.3972306840210468,588,0.2608695652173913,0.7777777777777778,1.2463768115942029
expert_2,2255,midogpp-expert_2-b94011b7a653785609f57e36,0.3970091387427306,588,0.2607538802660754,0.7777777777777778,1.2458240946045822
expert_2,2256,midogpp-expert_2-7fcae3822a4faa0552224e1d,0.396566048186098,588,0.26063829787234044,0.7777777777777778,1.2452718676122931
expert_2,2257,midogpp-expert_2-49991a8d07aaec94910fd6c0,0.3963445029077818,588,0.2605228178998671,0.7777777777777778,1.2447201299660315
expert_2,2258,midogpp-expert_2-0da45f854c9676b66e94b314,0.3961229576294655,588,0.2604074402125775,0.7777777777777778,1.244168881015648
expert_2,2259,midogpp-expert_2-5f9ffd8889b8539e11ffedf9,0.3960675713098864,588,0.2602921646746348,0.7777777777777778,1.243618120112144
expert_2,2260,midogpp-expert_2-f78cb5ceffd977fcfc0548c1,0.3960121849903074,589,0.2606194690265487,0.7791005291005291,1.2451819075712882
expert_2,2261,midogpp-expert_2-e1d0d5e47bbc37f5b51fc8ba,0.395679867072833,589,0.2605042016806723,0.7791005291005291,1.2446311858076564
expert_2,2262,midogpp-expert_2-7bdaddf810ddc34f17a49d30,0.3956244807532539,589,0.2603890362511052,0.7791005291005291,1.2440809509775026
expert_2,2263,midogpp-expert_2-002503e30032ecc5b55dea58,0.3954583217945168,589,0.2602739726027397,0.7791005291005291,1.2435312024353118
expert_2,2264,midogpp-expert_2-d03e17b4e937f28f6b7d0c04,0.3954583217945168,589,0.26015901060070673,0.7791005291005291,1.2429819395367099
expert_2,2265,midogpp-expert_2-da7cf7f96d19d65d9502903d,0.3954583217945167,590,0.26048565121412803,0.7804232804232805,1.2445425558008338
expert_2,2266,midogpp-expert_2-0523f2a8a778b47c20fea3ce,0.3950152312378843,590,0.26037069726390116,0.7804232804232805,1.2439933313719722
expert_2,2267,midogpp-expert_2-08d08cd5414bafeb6522700f,0.3950152312378843,590,0.2602558447287164,0.7804232804232805,1.2434445914816448
expert_2,2268,midogpp-expert_2-8e852303f475232d048db1f7,0.3950152312378843,590,0.2601410934744268,0.7804232804232805,1.242896335488928
expert_2,2269,midogpp-expert_2-0def4605336707d8f11536c5,0.3949598449183051,590,0.2600264433671221,0.7804232804232805,1.2423485627540278
expert_2,2270,midogpp-expert_2-0ccda5b81ffbd5389c4b7d98,0.3949044585987261,590,0.2599118942731278,0.7804232804232805,1.241801272638277
expert_2,2271,midogpp-expert_2-93661b82d376d883a1461884,0.3946829133204098,591,0.26023778071334214,0.7817460317460317,1.2433582856304124
expert_2,2272,midogpp-expert_2-28bc38ba6b1096cc813c99e4,0.3942398227637774,591,0.2601232394366197,0.7817460317460317,1.2428110328638495
expert_2,2273,midogpp-expert_2-a77c329a19ee4a509812aa50,0.3941290501246192,591,0.2600087989441267,0.7817460317460317,1.2422642616219386
expert_2,2274,midogpp-expert_2-8223cca1125b56831a699118,0.393962891165882,591,0.2598944591029024,0.7817460317460317,1.2417179712694224
expert_2,2275,midogpp-expert_2-669a7cf1123c43fe97f5c6e0,0.393907504846303,591,0.25978021978021976,0.7817460317460317,1.241172161172161
expert_2,2276,midogpp-expert_2-0f104e9d8558cb67d786f2bd,0.3938521185267238,591,0.2596660808435852,0.7817460317460317,1.2406268306971293
expert_2,2277,midogpp-expert_2-351a98cba07205bc6c0d7fae,0.3938521185267238,591,0.2595520421607378,0.7817460317460317,1.2400819792124138
expert_2,2278,midogpp-expert_2-e07fc730c6a238583b52ebd1,0.3935198006092495,591,0.2594381035996488,0.7817460317460317,1.239537606087211
expert_2,2279,midogpp-expert_2-15dbc7171792d2da8b124186,0.3932982553309332,591,0.2593242650285213,0.7817460317460317,1.2389937106918238
expert_2,2280,midogpp-expert_2-08739a10ac90756619a8b377,0.3929659374134589,591,0.25921052631578945,0.7817460317460317,1.2384502923976606
expert_2,2281,midogpp-expert_2-c821d8b2d42be7fdb64a7520,0.3925228468568263,591,0.2590968873301184,0.7817460317460317,1.2379073505772322
expert_2,2282,midogpp-expert_2-ab5bb8f7abcf09bfc1115142,0.3921351426197729,591,0.2589833479404032,0.7817460317460317,1.2373648846041485
expert_2,2283,midogpp-expert_2-8fe1ffbc09230e77db5ebb3d,0.3916366657435614,591,0.2588699080157687,0.7817460317460317,1.2368228938531172
expert_2,2284,midogpp-expert_2-8f8df9ba41e3920eff7f7fc4,0.3912489615065079,591,0.2587565674255692,0.7817460317460317,1.2362813776999415
expert_2,2285,midogpp-expert_2-7ad5910ffaa76536effda7b6,0.3911381888673497,592,0.2590809628008753,0.783068783068783,1.2378312667152929
expert_2,2286,midogpp-expert_2-a90810ddbdeaaaaece8c1113,0.3909720299086126,592,0.2589676290463692,0.783068783068783,1.2372897832215417
expert_2,2287,midogpp-expert_2-bbcf1e684f1457f78230d2d7,0.3900304624757685,592,0.2588543944031482,0.783068783068783,1.236748773259486
expert_2,2288,midogpp-expert_2-34e55673765fa2bcf44e418f,0.3899196898366103,593,0.25917832167832167,0.7843915343915344,1.2382964257964257
expert_2,2289,midogpp-expert_2-4464152f305d09c732c554f1,0.3899196898366103,593,0.25906509392747923,0.7843915343915344,1.237755448764623
expert_2,2290,midogpp-expert_2-1b4fbc8b3d67a8e40007745c,0.3895319855995569,594,0.2593886462882096,0.7857142857142857,1.239301310043668
expert_2,2291,midogpp-expert_2-a1d361f95e2329cea471a6c3,0.3894212129603988,594,0.25927542557835004,0.7857142857142857,1.2387603666521168
expert_2,2292,midogpp-expert_2-cae95ae7c316a8e79fbd0cd4,0.3891996676820825,594,0.2591623036649215,0.7857142857142857,1.2382198952879582
expert_2,2293,midogpp-expert_2-a83230d8fc87af0d527c0f3f,0.3891442813625034,595,0.2594853903183602,0.7870370370370371,1.2397635315210542
expert_2,2294,midogpp-expert_2-ec7bd5c35e4aa279a1601674,0.3891442813625034,596,0.2598081952920663,0.7883597883597884,1.2413058219509834
expert_2,2295,midogpp-expert_2-b16a632c255a87a2261752de,0.3888119634450291,596,0.2596949891067538,0.7883597883597884,1.2407649479544904
expert_2,2296,midogpp-expert_2-e9ab7175a55bd65fd32f2e88,0.3885904181667128,596,0.259581881533101,0.7883597883597884,1.2402245451025937
expert_2,2297,midogpp-expert_2-ac8599bc940eae75382dafd6,0.3880919412905012,596,0.2594688724423161,0.7883597883597884,1.2396846127799546
expert_2,2298,midogpp-expert_2-824ed4ceac3756c7ae4f1546,0.3874826917751315,596,0.25935596170583114,0.7883597883597884,1.2391451503723043
expert_2,2299,midogpp-expert_2-bf2bafafcac43ede0acf6f4c,0.3874273054555525,596,0.2592431491953023,0.7883597883597884,1.2386061572664442
expert_2,2300,midogpp-expert_2-cb21f159ba75f5d23f4b33dd,0.3874273054555525,596,0.2591304347826087,0.7883597883597884,1.2380676328502416
expert_2,2301,midogpp-expert_2-0de3fcacd8444d2b4287aaf9,0.3872611464968153,596,0.2590178183398522,0.7883597883597884,1.237529576512627
expert_2,2302,midogpp-expert_2-ffd220b9677659b296db2691,0.3868180559401827,596,0.25890529973935705,0.7883597883597884,1.2369919876435946
expert_2,2303,midogpp-expert_2-d2e7d26edca293fbfd7f2b8d,0.3867626696206037,596,0.25879287885366914,0.7883597883597884,1.236454865634197
expert_2,2304,midogpp-expert_2-445e41eb5252b97f65f604bf,0.3864303517031293,596,0.2586805555555556,0.7883597883597884,1.2359182098765433
expert_2,2305,midogpp-expert_2-c8ee6cb47fe06544c5e47589,0.3858764885073387,596,0.25856832971800436,0.7883597883597884,1.2353820197637986
expert_2,2306,midogpp-expert_2-719914ed5022e24b4f330327,0.3855441705898643,597,0.2588898525585429,0.7896825396825397,1.2369181844463717
expert_2,2307,midogpp-expert_2-2f746cbc04fe6bf83ef2f7c5,0.3854887842702852,597,0.258777633289987,0.7896825396825397,1.2363820257188267
expert_2,2308,midogpp-expert_2-d28ee8fc185a4b3c420ae660,0.3851564663528108,597,0.2586655112651646,0.7896825396825397,1.2358463316002308
expert_2,2309,midogpp-expert_2-b2a9ecd2dca9adabe1b33450,0.3850456937136527,598,0.2589865742745777,0.791005291005291,1.2373802993118712
expert_2,2310,midogpp-expert_2-e13993205bad59e2e4bc993b,0.3848241484353364,598,0.25887445887445887,0.791005291005291,1.2368446368446369
expert_2,2311,midogpp-expert_2-3c6e8abbaa8105f22d28464e,0.3847133757961783,598,0.2587624405019472,0.791005291005291,1.2363094379537476
expert_2,2312,midogpp-expert_2-8b8f3a3b5b869c2412c9be67,0.3845472168374411,598,0.2586505190311419,0.791005291005291,1.235774702037678
expert_2,2313,midogpp-expert_2-ecd1fb0a153a1d09cbad803b,0.384436444198283,599,0.25897103329009946,0.7923280423280423,1.2373060479415863
expert_2,2314,midogpp-expert_2-12e2ba465d789c8c54ca45b3,0.3841595126003877,599,0.25885911840968023,0.7923280423280423,1.2367713435129166
expert_2,2315,midogpp-expert_2-ebb2abf221ec687cb079105b,0.3838825810024924,599,0.25874730021598275,0.7923280423280423,1.2362371010319175
expert_2,2316,midogpp-expert_2-33599c81395dd11f7281e7a3,0.3837718083633342,599,0.2586355785837651,0.7923280423280423,1.235703319900211
expert_2,2317,midogpp-expert_2-a7b95d858b5662eadd0ed02d,0.3837164220437551,599,0.2585239533880017,0.7923280423280423,1.2351699995204526
expert_2,2318,midogpp-expert_2-0383f8d7178a7d19331a993e,0.3836610357241761,599,0.25841242450388263,0.7923280423280423,1.234637139296328
expert_2,2319,midogpp-expert_2-5c388b7a129a69276eb31dee,0.3836610357241761,599,0.25830099180681326,0.7923280423280423,1.234104738632552
expert_2,2320,midogpp-expert_2-c921c7f0f27c9634443b8eff,0.3836610357241761,599,0.25818965517241377,0.7923280423280423,1.2335727969348658
expert_2,2321,midogpp-expert_2-48fa6250e905ec985f032763,0.383605649404597,599,0.25807841447651875,0.7923280423280423,1.233041313610034
expert_2,2322,midogpp-expert_2-dc1ec29e0d0d48fef8bd3c32,0.383605649404597,599,0.2579672695951766,0.7923280423280423,1.2325102880658436
expert_2,2323,midogpp-expert_2-9d576b3600b9b01dd1898ecc,0.383550263085018,599,0.2578562204046492,0.7923280423280423,1.2319797197111015
expert_2,2324,midogpp-expert_2-dba0f80a8cbe31500b00ce0d,0.3827748546109111,599,0.25774526678141135,0.7923280423280423,1.2314496079556319
expert_2,2325,midogpp-expert_2-52cad2b9f1fabebad9063fc1,0.3826086956521739,599,0.25763440860215053,0.7923280423280423,1.2309199522102747
expert_2,2326,midogpp-expert_2-3ea22325c5670f4996fb4680,0.3824979230130158,600,0.2579535683576956,0.7936507936507936,1.232444826597879
expert_2,2327,midogpp-expert_2-1b3c66e2975a2b4e97e062d9,0.3822209914151204,600,0.2578427159432746,0.7936507936507936,1.2319151983956453
expert_2,2328,midogpp-expert_2-5135eed763863af37a2fa54c,0.3819994461368042,600,0.25773195876288657,0.7936507936507936,1.231386025200458
expert_2,2329,midogpp-expert_2-0c1bf5ee9f747dd31339f793,0.3819440598172251,601,0.25805066552168315,0.794973544973545,1.232908735270264
expert_2,2330,midogpp-expert_2-0e1b3d37c64be24c7190c9df,0.381777900858488,601,0.25793991416309014,0.794973544973545,1.2323795898903196
expert_2,2331,midogpp-expert_2-7202e89e0d29dccc85473cd5,0.3817779008584879,601,0.2578292578292578,0.794973544973545,1.231850898517565
expert_2,2332,midogpp-expert_2-440553e7822a460d960b3bb0,0.3816117418997508,601,0.2577186963979417,0.794973544973545,1.2313226605679437
expert_2,2333,midogpp-expert_2-e39c49656e9ae451d39a3020,0.3815563555801716,602,0.25803686240891555,0.7962962962962963,1.2328427870648186
expert_2,2334,midogpp-expert_2-ad3e7c638c67e3716cb7f98e,0.3811686513431182,602,0.2579263067694944,0.7962962962962963,1.2323145767875843
expert_2,2335,midogpp-expert_2-189026a2da203a21cbd2294e,0.3811132650235392,602,0.25781584582441114,0.7962962962962963,1.2317868189388532
expert_2,2336,midogpp-expert_2-fb4f3736c14db50ee1397a34,0.3811132650235392,602,0.2577054794520548,0.7962962962962963,1.2312595129375952
expert_2,2337,midogpp-expert_2-d0fa1441d3b007dbfdbdc05c,0.3810578787039601,602,0.25759520753102266,0.7962962962962963,1.230732658203775
expert_2,2338,midogpp-expert_2-615f102038ab5e19efbaa314,0.380947106064802,603,0.25791274593669805,0.7976190476190477,1.2322497861420016
expert_2,2339,midogpp-expert_2-9138dee2422c214223302d77,0.3808363334256438,603,0.2578024796921761,0.7976190476190477,1.231722958529286
expert_2,2340,midogpp-expert_2-cf56ed5f3d566f53ff8962d1,0.3808363334256438,603,0.25769230769230766,0.7976190476190477,1.231196581196581
expert_2,2341,midogpp-expert_2-8b729c87c5e5a676275f2d37,0.3806147881473276,603,0.2575822298163178,0.7976190476190477,1.2306706535668517
expert_2,2342,midogpp-expert_2-dddb474eada4592acb07a298,0.3806147881473276,603,0.25747224594363793,0.7976190476190477,1.2301451750640477
expert_2,2343,midogpp-expert_2-c5a0713babfc736b9f9566a2,0.3805040155081695,603,0.2573623559539053,0.7976190476190477,1.229620145113103
expert_2,2344,midogpp-expert_2-2375e63a4b3e3d113bd27868,0.3803932428690113,604,0.257679180887372,0.798941798941799,1.2311338642396663
expert_2,2345,midogpp-expert_2-f31b13df6bbd83308a3a03d4,0.3803932428690113,604,0.25756929637526654,0.798941798941799,1.2306088604596068
expert_2,2346,midogpp-expert_2-7a16cbe4bd13dd6dcf6a7525,0.3800055386319579,604,0.257459505541347,0.798941798941799,1.2300843042531022
expert_2,2347,midogpp-expert_2-1d1d24ffab6cdaf239e665e4,0.3797286070340626,604,0.25734980826587134,0.798941798941799,1.229560195048052
expert_2,2348,midogpp-expert_2-90cc08a489b9dca67164b7c0,0.3795070617557463,604,0.2572402044293015,0.798941798941799,1.2290365322733294
expert_2,2349,midogpp-expert_2-5b3c48b7c1082a45af54d063,0.3779562448075325,604,0.2571306939123031,0.798941798941799,1.2285133153587813
expert_2,2350,midogpp-expert_2-27bfcc77470757ea2af0415b,0.3776793132096372,604,0.2570212765957447,0.798941798941799,1.2279905437352245
expert_2,2351,midogpp-expert_2-c1e9a6989d654cfca425cb12,0.3776793132096372,604,0.2569119523606976,0.798941798941799,1.227468216834444
expert_2,2352,midogpp-expert_2-5f3eaf7c2dbaeb9e346f2eb2,0.3775131542509,604,0.2568027210884354,0.798941798941799,1.2269463340891913
expert_2,2353,midogpp-expert_2-811f631ce78674cf25577b3c,0.3769039047355303,604,0.2566935826604335,0.798941798941799,1.2264248949331822
expert_2,2354,midogpp-expert_2-5e138327ee9e6e05ce976c10,0.3762946552201606,604,0.25658453695836875,0.798941798941799,1.225903898801095
expert_2,2355,midogpp-expert_2-6cc4f61ef8f142bee8d3b1ea,0.3762946552201606,604,0.2564755838641189,0.798941798941799,1.225383345128568
expert_2,2356,midogpp-expert_2-83e3c38d5dc32d2ea58078a4,0.3762392689005815,604,0.2563667232597623,0.798941798941799,1.2248632333521976
expert_2,2357,midogpp-expert_2-81c2f6b6a3204e625dfadf1d,0.3761284962614234,604,0.2562579550275774,0.798941798941799,1.2243435629095365
expert_2,2358,midogpp-expert_2-c09cf7bf2c8db5b61b2934d9,0.3760177236222652,604,0.2561492790500424,0.798941798941799,1.2238243332390915
expert_2,2359,midogpp-expert_2-5b0301e63b1d2ee389ac1de9,0.3759069509831071,604,0.2560406952098347,0.798941798941799,1.2233055437803213
expert_2,2360,midogpp-expert_2-5a96dceedcc8783d9062d805,0.3750207698698422,604,0.2559322033898305,0.798941798941799,1.2227871939736348
expert_2,2361,midogpp-expert_2-c19ecbdcded110ea9e4a7c41,0.3749653835502631,605,0.25624735281660316,0.8002645502645502,1.2242929079015483
expert_2,2362,midogpp-expert_2-aac8d93c2acff1f4da5d1e9b,0.374909997230684,605,0.2561388653683319,0.8002645502645502,1.2237745789820302
expert_2,2363,midogpp-expert_2-32ca4ac49ecfffbb19f70fbb,0.3746884519523678,605,0.25603046974185356,0.8002645502645502,1.2232566887666336
expert_2,2364,midogpp-expert_2-d9238221b1f9bef213609600,0.3739684297978399,605,0.255922165820643,0.8002645502645502,1.2227392366986274
expert_2,2365,midogpp-expert_2-636894ad7acd23b20609d8a5,0.3735253392412074,605,0.2558139534883721,0.8002645502645502,1.222222222222222
expert_2,2366,midogpp-expert_2-04d88645319f7ba03a053073,0.373193021323733,605,0.25570583262890956,0.8002645502645502,1.2217056447825678
expert_2,2367,midogpp-expert_2-700ea57c76abe69b8b61db86,0.373137635004154,605,0.25559780312632024,0.8002645502645502,1.2211895038257523
expert_2,2368,midogpp-expert_2-101d6845d46dddb9a7c3e1fa,0.3729714760454167,605,0.25548986486486486,0.8002645502645502,1.2206737987987988
expert_2,2369,midogpp-expert_2-df3fae2bfa8bd6a5e93bd318,0.3726945444475215,605,0.2553820177289996,0.8002645502645502,1.2201585291496646
expert_2,2370,midogpp-expert_2-065b6a6e559a7b5cb74f7576,0.3725837718083633,605,0.2552742616033755,0.8002645502645502,1.2196436943272386
expert_2,2371,midogpp-expert_2-d325e4ba7dec9514bf1e8faa,0.3721406812517308,606,0.25558835934204976,0.8015873015873016,1.2211443835231266
expert_2,2372,midogpp-expert_2-7b89dd19ce9f4c9c1871db20,0.371476045416782,607,0.25590219224283306,0.8029100529100529,1.2226438073824246
expert_2,2373,midogpp-expert_2-4267700d88f0fb31e5cf7101,0.3713652727776239,607,0.2557943531394859,0.8029100529100529,1.222128576110877
expert_2,2374,midogpp-expert_2-a9b5b41d2930e97153d860a7,0.3710883411797286,607,0.2556866048862679,0.8029100529100529,1.2216137789010575
expert_2,2375,midogpp-expert_2-7067737f2196408a211a6b5f,0.3707006369426751,607,0.25557894736842107,0.8029100529100529,1.2210994152046784
expert_2,2376,midogpp-expert_2-9926869554902cd536ce598d,0.3702575463860426,607,0.25547138047138046,0.8029100529100529,1.2205854844743733
expert_2,2377,midogpp-expert_2-808a2b27b1311e7aee1e1d2a,0.3695929105510939,607,0.2553639040807741,0.8029100529100529,1.2200719861636984
expert_2,2378,midogpp-expert_2-9cd3f3a7b7cd3396887305db,0.3692052063140404,607,0.2552565180824222,0.8029100529100529,1.2195589197271284
expert_2,2379,midogpp-expert_2-4b6c6c7e6edfaf22b8033791,0.3690944336748823,607,0.2551492223623371,0.8029100529100529,1.219046284620055
expert_2,2380,midogpp-expert_2-4ea3554afce6cd960a24cd8c,0.3685405704790916,607,0.25504201680672267,0.8029100529100529,1.218534080298786
expert_2,2381,midogpp-expert_2-622c8c935bae1f209fd9603a,0.3684297978399335,607,0.25493490130197394,0.8029100529100529,1.218022306220542
expert_2,2382,midogpp-expert_2-d8af16aec10aad2aec8e3e92,0.3683744115203544,607,0.25482787573467675,0.8029100529100529,1.2175109618434554
expert_2,2383,midogpp-expert_2-795364b10d1a25825133855d,0.3683190252007754,607,0.2547209399916072,0.8029100529100529,1.2170000466265678
expert_2,2384,midogpp-expert_2-2e53eaf26bc962ef284fbc81,0.3677651620049847,607,0.25461409395973156,0.8029100529100529,1.2164895600298284
expert_2,2385,midogpp-expert_2-da7dc211a06642b0f99e9182,0.3677097756854057,608,0.2549266247379455,0.8042328042328042,1.2179827626368505
expert_2,2386,midogpp-expert_2-782773d5ea0f37550147d8e1,0.3675436167266684,608,0.2548197820620285,0.8042328042328042,1.217472292074136
expert_2,2387,midogpp-expert_2-666edf3c81c19b36b7c6fb60,0.3674328440875103,608,0.2547130289065773,0.8042328042328042,1.2169622492203138
expert_2,2388,midogpp-expert_2-41063871e484a8bbc6039fc1,0.3672112988091941,608,0.254606365159129,0.8042328042328042,1.2164526335380608
expert_2,2389,midogpp-expert_2-e4a499c7a73ea71fb8df3174,0.3669897535308779,608,0.25449979070740897,0.8042328042328042,1.2159434444909538
expert_2,2390,midogpp-expert_2-35405dbe9a282a1278d616cd,0.3658266408197175,608,0.25439330543933053,0.8042328042328042,1.215434681543468
expert_2,2391,midogpp-expert_2-7d412eebf0837831d76dfbfe,0.3656604818609803,608,0.2542869092429946,0.8042328042328042,1.2149263441609741
expert_2,2392,midogpp-expert_2-475957c8af5b10026abf3b17,0.365383550263085,608,0.25418060200668896,0.8042328042328042,1.2144184318097362
expert_2,2393,midogpp-expert_2-87584c87d6f49c50947945b7,0.3652727776239268,609,0.2544922691182616,0.8055555555555556,1.2159075080094721
expert_2,2394,midogpp-expert_2-71e8986f6d8f3a0fe9c0ff32,0.3650512323456106,610,0.2548036758563074,0.8068783068783069,1.2173953402023576
expert_2,2395,midogpp-expert_2-d9cc7a1d92cfb2c4aa67dbc5,0.3650512323456106,610,0.2546972860125261,0.8068783068783069,1.216887033170958
expert_2,2396,midogpp-expert_2-caa034e7129e187782d10f04,0.3649958460260316,610,0.25459098497495825,0.8068783068783069,1.2163791504359116
expert_2,2397,midogpp-expert_2-1d19a0f8645fec096ab73210,0.3648296870672943,610,0.2544847726324572,0.8068783068783069,1.2158716914661845
expert_2,2398,midogpp-expert_2-44e3b930cf48d8dc3506bd18,0.3645527554693991,610,0.2543786488740617,0.8068783068783069,1.215364655731628
expert_2,2399,midogpp-expert_2-d973738ad68d1c2151ff6615,0.3644419828302409,610,0.2542726135889954,0.8068783068783069,1.2148580427029778
expert_2,2400,midogpp-expert_2-9d0ecdaae16607ebf3081b5c,0.3639988922736084,610,0.25416666666666665,0.8068783068783069,1.2143518518518517
expert_2,2401,midogpp-expert_2-48ae64240c56a8655d31379d,0.3639435059540293,610,0.2540608079966681,0.8068783068783069,1.2138460826507473
expert_2,2402,midogpp-expert_2-61b091e5c5c74e59c1b36424,0.3639435059540293,610,0.253955037468776,0.8068783068783069,1.213340734573041
expert_2,2403,midogpp-expert_2-f114da7873f524785b629e39,0.3638881196344503,610,0.25384935497295047,0.8068783068783069,1.2128358070929854
expert_2,2404,midogpp-expert_2-928fa4acbaeab4d48b067877,0.3637219606757131,610,0.25374376039933444,0.8068783068783069,1.212331299685709
expert_2,2405,midogpp-expert_2-797fd269e37c93ba248adbf6,0.3632234837995015,610,0.25363825363825365,0.8068783068783069,1.2118272118272118
expert_2,2406,midogpp-expert_2-fc85a2b4e0d05f9d005222f4,0.3632234837995015,610,0.25353283458021614,0.8068783068783069,1.2113235429943658
expert_2,2407,midogpp-expert_2-e743dfd8d8d9ba9521f55202,0.3631127111603434,610,0.25342750311591195,0.8068783068783069,1.2108202926649125
expert_2,2408,midogpp-expert_2-c6bef38201553207ee94b81d,0.3626142342841318,610,0.25332225913621265,0.8068783068783069,1.2103174603174605
expert_2,2409,midogpp-expert_2-ecb7d1c705f71a3151f28060,0.3626142342841318,610,0.253217102532171,0.8068783068783069,1.2098150454314835
expert_2,2410,midogpp-expert_2-65b74c6508a2449aab6e6e8c,0.3621711437274992,610,0.25311203319502074,0.8068783068783069,1.2093130474873213
expert_2,2411,midogpp-expert_2-443f744e9b4c6e8602b73715,0.361949598449183,610,0.2530070510161759,0.8068783068783069,1.2088114659661735
expert_2,2412,midogpp-expert_2-4f0d83ed8e296053293878e5,0.3617834394904459,610,0.25290215588723053,0.8068783068783069,1.2083103003501015
expert_2,2413,midogpp-expert_2-c54eba42c9125f1d29017e7a,0.3617834394904458,611,0.2532117695814339,0.8082010582010583,1.2097895657779618
expert_2,2414,midogpp-expert_2-1ab8c6a72da2f3e7a17fe04b,0.3616726668512877,611,0.2531068765534383,0.8082010582010583,1.2092884101997605
expert_2,2415,midogpp-expert_2-45d17aceff4eb4fa5a587a70,0.3615065078925505,611,0.25300207039337475,0.8082010582010583,1.2087876696572348
expert_2,2416,midogpp-expert_2-3757ee0ccf718337fe6b6593,0.3614511215729715,611,0.25289735099337746,0.8082010582010583,1.2082873436350257
expert_2,2417,midogpp-expert_2-d48aa1fbf2c1882760ad4b15,0.3614511215729715,611,0.2527927182457592,0.8082010582010583,1.2077874316186272
expert_2,2418,midogpp-expert_2-d98d42a4c607ec5661286d69,0.3613403489338133,611,0.25268817204301075,0.8082010582010583,1.2072879330943846
expert_2,2419,midogpp-expert_2-8702c8ec1e32d185ee60a364,0.3611188036554971,612,0.25299710624224886,0.8095238095238095,1.2087639520463
expert_2,2420,midogpp-expert_2-8f74ae605fc14f064f27762a,0.361063417335918,613,0.25330578512396695,0.8108465608465608,1.210238751147842
expert_2,2421,midogpp-expert_2-4e738023022ebe2a6078da00,0.3609526446967599,613,0.25320115654688147,0.8108465608465608,1.2097388590573226
expert_2,2422,midogpp-expert_2-db45f73eaa44518f1be4c5f1,0.3608972583771808,613,0.2530966143682907,0.8108465608465608,1.2092393797596108
expert_2,2423,midogpp-expert_2-8b5c2e74802281f09870b4e9,0.3605649404597064,613,0.25299215848122164,0.8108465608465608,1.2087403127436145
expert_2,2424,midogpp-expert_2-38ac68be041c3430600ac4fd,0.3602880088618111,614,0.2533003300330033,0.8121693121693122,1.21021268793546
expert_2,2425,midogpp-expert_2-77d565808acc04b208b64271,0.360177236222653,614,0.2531958762886598,0.8121693121693122,1.20971363115693
expert_2,2426,midogpp-expert_2-4effb06eb27d876f388ce0eb,0.3598449183051786,614,0.25309150865622426,0.8121693121693122,1.2092149858019603
expert_2,2427,midogpp-expert_2-81aa6af22d8f3ce030f9627f,0.3597895319855995,614,0.25298722702925425,0.8121693121693122,1.2087167513619925
expert_2,2428,midogpp-expert_2-c5742c3e0308b5f0541d59fc,0.3592910551093879,614,0.2528830313014827,0.8121693121693122,1.2082189273293062
expert_2,2429,midogpp-expert_2-5a5da85c3e56cb06b37f7b23,0.3592356687898089,614,0.2527789213668176,0.8121693121693122,1.2077215131970174
expert_2,2430,midogpp-expert_2-65de771a6b2a73f76a3d69cb,0.3582941013569648,614,0.25267489711934155,0.8121693121693122,1.2072245084590763
expert_2,2431,midogpp-expert_2-2468d03007c40cca2c38b9cc,0.3579617834394905,614,0.2525709584533114,0.8121693121693122,1.2067279126102655
expert_2,2432,midogpp-expert_2-72631ff5ad18e57cc30f25eb,0.3578510108003323,614,0.2524671052631579,0.8121693121693122,1.206231725146199
expert_2,2433,midogpp-expert_2-4cc2263fce39932cbf8185c8,0.3570756023262255,614,0.25236333744348544,0.8121693121693122,1.2057359455633192
expert_2,2434,midogpp-expert_2-d5aa29b01950363ea6023232,0.3570756023262254,615,0.25267050123253904,0.8134920634920635,1.2072035058887975
expert_2,2435,midogpp-expert_2-27a2a4b56ad1f50f37cc7606,0.3565771254500138,615,0.25256673511293637,0.8134920634920635,1.2067077344284738
expert_2,2436,midogpp-expert_2-a205ee6dd87e70682e18c595,0.3563001938521185,615,0.2524630541871921,0.8134920634920635,1.2062123700054734
expert_2,2437,midogpp-expert_2-02db9ff40799403f39fb03ae,0.3558017169759069,615,0.25235945835043083,0.8134920634920635,1.205717412118725
expert_2,2438,midogpp-expert_2-572ccb2fab0af97ef5574bf5,0.3556909443367488,616,0.2526661197703035,0.8148148148148148,1.2071825722358944
expert_2,2439,midogpp-expert_2-8ffc7144e47ac32dc035a839,0.3554693990584325,616,0.2525625256252563,0.8148148148148148,1.20668762243178
expert_2,2440,midogpp-expert_2-30166ce34e6307b930a959f7,0.3553586264192744,616,0.25245901639344265,0.8148148148148148,1.2061930783242258
expert_2,2441,midogpp-expert_2-29ca11108c7054aae2ed79c8,0.3546386042647466,616,0.2523555919705039,0.8148148148148148,1.2056989394146296
expert_2,2442,midogpp-expert_2-3a2fdf683bd17fd88e9443ca,0.3544724453060094,616,0.25225225225225223,0.8148148148148148,1.2052052052052051
expert_2,2443,midogpp-expert_2-b2101df1730c917292bc458f,0.3542509000276931,616,0.2521489971346705,0.8148148148148148,1.2047118751989812
expert_2,2444,midogpp-expert_2-25a409e5961b6ee38a99faf3,0.3540293547493769,616,0.2520458265139116,0.8148148148148148,1.2042189488997999
expert_2,2445,midogpp-expert_2-f83d8e21818eec3b76f50131,0.3539739684297979,616,0.2519427402862986,0.8148148148148148,1.2037264258123155
expert_2,2446,midogpp-expert_2-b0e1b363922b77138ff5417b,0.3536970368319025,616,0.2518397383483238,0.8148148148148148,1.2032343054419914
expert_2,2447,midogpp-expert_2-aa3968754e7c5c39402d3bd0,0.353309332594849,616,0.251736820596649,0.8148148148148148,1.2027425872951005
expert_2,2448,midogpp-expert_2-ec8b99632c975577d5a17e6f,0.3530877873165328,617,0.2520424836601307,0.8161375661375662,1.204202977487291
expert_2,2449,midogpp-expert_2-d9c8bccbc360bfc218007d35,0.3529770146773747,617,0.2519395671702736,0.8161375661375662,1.203711265369085
expert_2,2450,midogpp-expert_2-0fad754222bba7cc1a753219,0.3529216283577956,617,0.2518367346938776,0.8161375661375662,1.203219954648526
expert_2,2451,midogpp-expert_2-8a5111aade392f2f12839458,0.3528662420382166,617,0.251733986128111,0.8161375661375662,1.202729044834308
expert_2,2452,midogpp-expert_2-c66eea00c7e91d793e2323c4,0.3520908335641096,617,0.25163132137030997,0.8161375661375662,1.2022385354359253
expert_2,2453,midogpp-expert_2-94a86e3438292a0f2de4bdef,0.3520354472445306,617,0.251528740317978,0.8161375661375662,1.2017484259636726
expert_2,2454,midogpp-expert_2-18f8b05b6b1b9605e1b2cf75,0.3516477430074771,617,0.2514262428687857,0.8161375661375662,1.2012587159286425
expert_2,2455,midogpp-expert_2-14acd90fd768901ce1becda3,0.3514815840487399,617,0.25132382892057026,0.8161375661375662,1.2007694048427244
expert_2,2456,midogpp-expert_2-0e534bb9f346b542cbc22d88,0.3510384934921075,618,0.251628664495114,0.8174603174603174,1.2022258414766558
expert_2,2457,midogpp-expert_2-466418c3f4f9b7c4c1194638,0.3508723345333703,618,0.2515262515262515,0.8174603174603174,1.2017365350698683
expert_2,2458,midogpp-expert_2-ea1d55d80bb61e81789ab994,0.3508723345333702,618,0.25142392188771356,0.8174603174603174,1.2012476267968537
expert_2,2459,midogpp-expert_2-ddc9144eb4e981ffa7819bd9,0.3504292439767377,618,0.2513216754778365,0.8174603174603174,1.2007591161718856
expert_2,2460,midogpp-expert_2-55038b9a044cb6d9cf7a3862,0.3493769039047355,619,0.2516260162601626,0.8187830687830688,1.2022131887985548
expert_2,2461,midogpp-expert_2-b4dff31401bdedf4074b1968,0.3491553586264193,619,0.25152377082486793,0.8187830687830688,1.2017246828299244
expert_2,2462,midogpp-expert_2-1bab5145fe74b9ffb09b116e,0.3488230407089449,619,0.25142160844841593,0.8187830687830688,1.201236573697987
expert_2,2463,midogpp-expert_2-b7a2df80f413ca99d268406d,0.3487122680697867,619,0.25131952902963867,0.8187830687830688,1.2007488609193846
expert_2,2464,midogpp-expert_2-3cb182705bb887271fe7b1a3,0.3484353364718914,619,0.2512175324675325,0.8187830687830688,1.200261544011544
expert_2,2465,midogpp-expert_2-dbbe00aaed54e132f496e6da,0.348047632234838,619,0.2511156186612576,0.8187830687830688,1.199774622492675
expert_2,2466,midogpp-expert_2-1ab54179ecf4cdc8a4c6936e,0.3476599279977845,619,0.25101378751013786,0.8187830687830688,1.1992880958817698
expert_2,2467,midogpp-expert_2-953e94c091d6bf7a4bd34798,0.3470506784824148,620,0.2513173895419538,0.8201058201058201,1.2007386389226682
expert_2,2468,midogpp-expert_2-82a8a8d4aa2c330f5e65b9bc,0.3469952921628357,620,0.25121555915721233,0.8201058201058201,1.2002521159733477
expert_2,2469,midogpp-expert_2-bb72fd5919317e48c29dc340,0.3467737468845195,620,0.2511138112596193,0.8201058201058201,1.199765987129292
expert_2,2470,midogpp-expert_2-485a49354d9522d88ada665f,0.3462752700083079,620,0.25101214574898784,0.8201058201058201,1.1992802519118306
expert_2,2471,midogpp-expert_2-9f3c169ddc91f75e55f69c40,0.3457767931320964,621,0.25131525698097934,0.8214285714285714,1.2007284500202346
expert_2,2472,midogpp-expert_2-c0ddfd86932758b21af4b8d3,0.3456660204929382,621,0.2512135922330097,0.8214285714285714,1.2002427184466018
expert_2,2473,midogpp-expert_2-9a15ff42cff43205f78cf7fa,0.3450567709775685,621,0.25111200970481196,0.8214285714285714,1.1997573797007681
expert_2,2474,midogpp-expert_2-ac6c0375d405b4fdc13a9048,0.3450013846579894,621,0.2510105092966855,0.8214285714285714,1.1992724333063862
expert_2,2475,midogpp-expert_2-1abbe32a8b99d2993aadb7c4,0.3447798393796732,621,0.2509090909090909,0.8214285714285714,1.1987878787878787
expert_2,2476,midogpp-expert_2-92bbfe315510fa8b9adf51b6,0.3447798393796732,621,0.2508077544426494,0.8214285714285714,1.198303715670436
expert_2,2477,midogpp-expert_2-ab041bc033aeeb87fcfeb441,0.344613680420936,621,0.2507064997981429,0.8214285714285714,1.197819943480016
expert_2,2478,midogpp-expert_2-8854eb874ce2edd785f4f136,0.3442813625034616,622,0.2510088781275222,0.8227513227513228,1.1992646399426061
expert_2,2479,midogpp-expert_2-2acec6d07dd3598a22003f25,0.3442259761838825,622,0.2509076240419524,0.8227513227513228,1.1987808704226612
expert_2,2480,midogpp-expert_2-acb4631df19ce999177af173,0.3441705898643035,622,0.2508064516129032,0.8227513227513228,1.1982974910394264
expert_2,2481,midogpp-expert_2-b56bce2ff2a8a56885084a04,0.3439490445859872,622,0.25070536074163646,0.8227513227513228,1.1978145013211519
expert_2,2482,midogpp-expert_2-364b072047482e8f6db204f5,0.34378288562725,623,0.2510072522159549,0.8240740740740741,1.199256871698451
expert_2,2483,midogpp-expert_2-18000ee8141d185ecc2d79ec,0.3427859318748269,624,0.2513089005235602,0.8253968253968254,1.200698080279232
expert_2,2484,midogpp-expert_2-7164dc5b1eb241bd437d7a40,0.3426751592356688,624,0.25120772946859904,0.8253968253968254,1.2002147074610843
expert_2,2485,midogpp-expert_2-ef6ec6ed5b625f6ad64e7e05,0.3426751592356688,624,0.2511066398390342,0.8253968253968254,1.1997317236753855
expert_2,2486,midogpp-expert_2-b268cde476d2a6bb4db09431,0.3417889781224038,624,0.251005631536605,0.8253968253968254,1.1992491284526683
expert_2,2487,midogpp-expert_2-bf7a30bebc461e8bf83dcce4,0.3416782054832457,624,0.25090470446320867,0.8253968253968254,1.1987669213242191
expert_2,2488,midogpp-expert_2-7d3d9ff42bf05f67a1a34f39,0.3416228191636666,625,0.2512057877813505,0.8267195767195767,1.2002054305108967
expert_2,2489,midogpp-expert_2-995241d1b079ec99b7980f3c,0.3412905012461922,625,0.2511048613901165,0.8267195767195767,1.1997232266416678
expert_2,2490,midogpp-expert_2-bf91f20adb4dd6dd499407f8,0.3412905012461922,625,0.25100401606425704,0.8267195767195767,1.1992414100847835
expert_2,2491,midogpp-expert_2-2f08f4a712ab89601b2b5823,0.3408474106895597,625,0.25090325170614214,0.8267195767195767,1.19875998037379
expert_2,2492,midogpp-expert_2-79d89c0908c4381777bb7143,0.3405704790916644,625,0.25080256821829855,0.8267195767195767,1.1982789370429818
expert_2,2493,midogpp-expert_2-b2d97402958995437e017678,0.340293547493769,625,0.25070196550340956,0.8267195767195767,1.1977982796274012
expert_2,2494,midogpp-expert_2-4b2d0ce634dc812171c2dd5f,0.34023816117419,625,0.25060144346431434,0.8267195767195767,1.1973180076628351
expert_2,2495,midogpp-expert_2-6b81babf9bf829f3eae0810a,0.3401827748546109,625,0.250501002004008,0.8267195767195767,1.1968381206858159
expert_2,2496,midogpp-expert_2-24e431b4187fb283b20f37c8,0.3399058432567156,626,0.25080128205128205,0.828042328042328,1.198272792022792
expert_2,2497,midogpp-expert_2-04a2b54f6eef78713a3cfa54,0.3391858211021877,626,0.25070084100921103,0.828042328042328,1.197792907044008
expert_2,2498,midogpp-expert_2-5a934ec5c38e63cd14be4e7a,0.3391304347826087,626,0.25060048038430743,0.828042328042328,1.19731340628058
expert_2,2499,midogpp-expert_2-29aae1c2535543cb56b57cc0,0.3390196621434506,626,0.250500200080032,0.828042328042328,1.1968342892712638
expert_2,2500,midogpp-expert_2-a982c1c3aac54b479505bf2c,0.3390196621434506,626,0.2504,0.828042328042328,1.1963555555555556
expert_2,2501,midogpp-expert_2-503d6df6dde568b3f4ba1ef1,0.3389642758238714,626,0.2502998800479808,0.828042328042328,1.195877204673686
expert_2,2502,midogpp-expert_2-ce0a7085dfb00924ba0d1879,0.3378011631127111,626,0.2501998401278977,0.828042328042328,1.1953992361666224
expert_2,2503,midogpp-expert_2-03fa2b2981691c4009b84547,0.3376350041539739,626,0.2500998801438274,0.828042328042328,1.1949216495760642
expert_2,2504,midogpp-expert_2-18b443327fa30444cc711f38,0.3374134588756577,626,0.25,0.828042328042328,1.1944444444444444
expert_2,2505,midogpp-expert_2-006b3fc08e4dd6c681118aca,0.3372472999169205,626,0.2499001996007984,0.828042328042328,1.1939676203149256
expert_2,2506,midogpp-expert_2-10d255a8bbe5fffc250d81c0,0.3370811409581833,626,0.24980047885075818,0.828042328042328,1.1934911767314
expert_2,2507,midogpp-expert_2-5ca961c6f947ab7c30a1dacd,0.3369703683190252,626,0.24970083765456721,0.828042328042328,1.1930151132384876
expert_2,2508,midogpp-expert_2-3abaef612b195045f1eef4df,0.3367488230407089,626,0.24960127591706538,0.828042328042328,1.1925394293815346
expert_2,2509,midogpp-expert_2-1d0641f184eeaa2861ee3d24,0.3366380504015508,627,0.24990035870864885,0.8293650793650794,1.1939683804968777
expert_2,2510,midogpp-expert_2-7812537f4fa3a78a78840dbe,0.3364718914428136,627,0.249800796812749,0.8293650793650794,1.193492695883134
expert_2,2511,midogpp-expert_2-f67667cc7ce3c0cd674543c6,0.3364718914428136,627,0.24970131421744324,0.8293650793650794,1.1930173901500065
expert_2,2512,midogpp-expert_2-fae90b807544a27688a2d786,0.3364718914428136,627,0.24960191082802546,0.8293650793650794,1.1925424628450105
expert_2,2513,midogpp-expert_2-dfd2c8325ebfc9ad9b5a5cb7,0.335973414566602,627,0.24950258654994031,0.8293650793650794,1.1920679135163814
expert_2,2514,midogpp-expert_2-8a9a9d9c4ac84935f7c3fc3a,0.335862641927444,628,0.2498011137629276,0.8306878306878307,1.193494210200654
expert_2,2515,midogpp-expert_2-7e78e1076953d64a319a1df3,0.3356964829687067,629,0.25009940357852883,0.832010582010582,1.194919372652971
expert_2,2516,midogpp-expert_2-30e89e856b3d4a21a032500a,0.3353087787316532,630,0.2503974562798092,0.8333333333333334,1.196343402225755
expert_2,2517,midogpp-expert_2-296ec71d32081f4c7ce42e51,0.3351980060924951,631,0.2506952721493842,0.8346560846560847,1.19776630026928
expert_2,2518,midogpp-expert_2-06a7b1554e0391b0edc9b44c,0.3349764608141789,631,0.2505957108816521,0.8346560846560847,1.1972906186567822
expert_2,2519,midogpp-expert_2-b6e6726dc601fbedffdae0ba,0.3348656881750207,632,0.25089321159190153,0.8359788359788359,1.198712010939085
expert_2,2520,midogpp-expert_2-1b41f5154dae8d8d6820683d,0.3347549155358626,632,0.2507936507936508,0.8359788359788359,1.198236331569665
expert_2,2521,midogpp-expert_2-1e94da56d81b0b6dd092a55f,0.3344779839379673,632,0.2506941689805633,0.8359788359788359,1.1977610295738024
expert_2,2522,midogpp-expert_2-f1f7c3ba349442aafad376c5,0.3343118249792302,632,0.2505947660586836,0.8359788359788359,1.1972861045025993
expert_2,2523,midogpp-expert_2-71cb6b66d20a27478a2246a3,0.3339241207421767,632,0.2504954419342053,0.8359788359788359,1.1968115559078698
expert_2,2524,midogpp-expert_2-5aacdcd1e7411389f0ef1d32,0.3338687344225977,632,0.25039619651347067,0.8359788359788359,1.1963373833421376
expert_2,2525,midogpp-expert_2-e015f96b37f329a9774acba0,0.333370257546386,632,0.2502970297029703,0.8359788359788359,1.1958635863586358
expert_2,2526,midogpp-expert_2-a18ccdff887ca482a5f9b4fc,0.3329271669897535,632,0.2501979414093428,0.8359788359788359,1.1953901645113045
expert_2,2527,midogpp-expert_2-6fb835898436ef86c5e78e73,0.3327610080310163,632,0.25009893153937474,0.8359788359788359,1.1949171173547903
expert_2,2528,midogpp-expert_2-88e8be509bf0193d9ab14083,0.3327610080310163,633,0.25039556962025317,0.8373015873015873,1.1963343881856539
expert_2,2529,midogpp-expert_2-236cae49f4d419998240cad5,0.3327056217114372,634,0.25069197311190194,0.8386243386243386,1.1977505382013092
expert_2,2530,midogpp-expert_2-27cfbcfa5dac79874ffee5d1,0.3312101910828026,634,0.25059288537549407,0.8386243386243386,1.1972771190162494
expert_2,2531,midogpp-expert_2-382926005d1308d8aa453929,0.3312101910828026,634,0.2504938759383643,0.8386243386243386,1.1968040739277406
expert_2,2532,midogpp-expert_2-3efe38826dee9d5f767bb3c1,0.3310994184436444,635,0.25078988941548186,0.83994708994709,1.1982183605406356
expert_2,2533,midogpp-expert_2-b726a4efd09d0e6855342687,0.3310994184436444,635,0.2506908803789972,0.83994708994709,1.19774531736632
expert_2,2534,midogpp-expert_2-bf82bd6caba5812158020021,0.3310994184436444,635,0.2505919494869771,0.83994708994709,1.1972726475488906
expert_2,2535,midogpp-expert_2-b44fa3fd66c72a60673d46ec,0.3309886458044863,635,0.2504930966469428,0.83994708994709,1.1968003506465044
expert_2,2536,midogpp-expert_2-5bdce5f79ad23bd363cf4684,0.3307117142065909,635,0.2503943217665615,0.83994708994709,1.196328426218016
expert_2,2537,midogpp-expert_2-383f95ff52c77b525b1d0b12,0.3304901689282747,636,0.25068979109184075,0.8412698412698413,1.1977401129943501
expert_2,2538,midogpp-expert_2-1dee723cd6f62ac54779aa35,0.329880919412905,636,0.25059101654846333,0.8412698412698413,1.1972681901759914
expert_2,2539,midogpp-expert_2-204c37f2e28dc1bdb4ebefbf,0.3298255330933259,636,0.2504923198109492,0.8412698412698413,1.1967966390967573
expert_2,2540,midogpp-expert_2-ccc936cd99d517eb4a862aab,0.3298255330933259,636,0.2503937007874016,0.8412698412698413,1.1963254593175854
expert_2,2541,midogpp-expert_2-0937d0e01f6fc3bfe547b3fb,0.3296039878150097,636,0.2502951593860685,0.8412698412698413,1.195854650400105
expert_2,2542,midogpp-expert_2-1236209638b1c2e2571aba44,0.3295486014954306,636,0.25019669551534224,0.8412698412698413,1.1953842119066351
expert_2,2543,midogpp-expert_2-6eae7411fbbf394d00d8380c,0.329050124619219,637,0.2504915454187967,0.8425925925925926,1.1967929392231398
expert_2,2544,midogpp-expert_2-21927d3f397967ded532c332,0.3287731930213237,637,0.2503930817610063,0.8425925925925926,1.1963225017470298
expert_2,2545,midogpp-expert_2-6f091038d14ec67277e6524c,0.3287731930213237,637,0.2502946954813359,0.8425925925925926,1.1958524339663827
expert_2,2546,midogpp-expert_2-8dd556865b1c45de66c5c48e,0.3285516477430074,637,0.2501963864886096,0.8425925925925926,1.195382735445579
expert_2,2547,midogpp-expert_2-e4f217ef979d7cae93486db3,0.328108557186375,638,0.25049077345897136,0.843915343915344,1.1967892509706408
expert_2,2548,midogpp-expert_2-809928b73639e035305e82c5,0.3270562171143727,638,0.25039246467817894,0.843915343915344,1.1963195534624105
expert_2,2549,midogpp-expert_2-0304a05ac9ec0e6efb831f90,0.3270008307947937,638,0.25029423303256176,0.843915343915344,1.1958502244889062
expert_2,2550,midogpp-expert_2-13ad82078786fb3ecdf4befb,0.3269454444752146,638,0.25019607843137254,0.843915343915344,1.1953812636165577
expert_2,2551,midogpp-expert_2-218201a6a4d5d3f94e626df7,0.3269454444752146,639,0.25049000392003135,0.8452380952380952,1.196785574284594
expert_2,2552,midogpp-expert_2-6cc23e7ad54cd2eec8a819a7,0.3268346718360565,639,0.25039184952978055,0.8452380952380952,1.1963166144200625
expert_2,2553,midogpp-expert_2-13a2f696cf0f15ea47958ce3,0.3267238991968983,639,0.2502937720329025,0.8452380952380952,1.1958480219349785
expert_2,2554,midogpp-expert_2-2e2865e01004c7137f7d319f,0.326446967599003,639,0.25019577133907595,0.8452380952380952,1.1953797963978072
expert_2,2555,midogpp-expert_2-c9bd98dbac5e8796b4e93e3b,0.3260038770423705,640,0.25048923679060664,0.8465608465608465,1.1967819091106762
expert_2,2556,midogpp-expert_2-b78c0518d5620e85a2702d0a,0.3257269454444752,640,0.25039123630672927,0.8465608465608465,1.1963136845765954
expert_2,2557,midogpp-expert_2-e1d48572360469c05e0a9e4f,0.3253392412074217,640,0.2502933124755573,0.8465608465608465,1.195845826272107
expert_2,2558,midogpp-expert_2-fcac5fa6e30a58d731b036e9,0.3252838548878427,640,0.2501954652071931,0.8465608465608465,1.1953783337677004
expert_2,2559,midogpp-expert_2-63f8286c76acc78492332c60,0.3252284685682637,640,0.2500976944118796,0.8465608465608465,1.194911206634536
expert_2,2560,midogpp-expert_2-da14645dcdc5505c6db4fb14,0.3252284685682636,640,0.25,0.8465608465608465,1.1944444444444444
expert_2,2561,midogpp-expert_2-e517c79fb594f1ffcb5614fb,0.3251730822486846,640,0.2499023818820773,0.8465608465608465,1.1939780467699248
expert_2,2562,midogpp-expert_2-d8ff58975ee4c0fbb40e95e4,0.3250623096095264,640,0.2498048399687744,0.8465608465608465,1.1935120131841443
expert_2,2563,midogpp-expert_2-1e3e3a918bd96e06e5aace69,0.3250069232899474,640,0.24970737417089348,0.8465608465608465,1.1930463432609355
expert_2,2564,midogpp-expert_2-2c25c7b08bb381f38ae718fa,0.3249515369703684,640,0.24960998439937598,0.8465608465608465,1.1925810365747962
expert_2,2565,midogpp-expert_2-9c016c9ad3831e7d415fdd2d,0.3249515369703683,640,0.24951267056530213,0.8465608465608465,1.1921160927008878
expert_2,2566,midogpp-expert_2-c5365d3b96dcc896c3051eab,0.3248961506507892,640,0.24941543257989088,0.8465608465608465,1.191651511215034
expert_2,2567,midogpp-expert_2-e7b8a6df1414bc7262f3c65b,0.3248961506507892,640,0.2493182703544994,0.8465608465608465,1.1911872916937194
expert_2,2568,midogpp-expert_2-e8d4c991a243603748ca5595,0.3247299916920521,640,0.24922118380062305,0.8465608465608465,1.190723433714088
expert_2,2569,midogpp-expert_2-f0cbfc84e42f6aa5e7fc00ad,0.3243976737745776,640,0.2491241728298949,0.8465608465608465,1.1902599368539424
expert_2,2570,midogpp-expert_2-46b1350d4938591a07c85970,0.3240099695375242,640,0.2490272373540856,0.8465608465608465,1.1897968006917423
expert_2,2571,midogpp-expert_2-0f329034ed696cae1170c10f,0.3238438105787871,640,0.24893037728510306,0.8465608465608465,1.1893340248066036
expert_2,2572,midogpp-expert_2-c3d840caca182d34fd3c75d9,0.3237330379396289,640,0.24883359253499224,0.8465608465608465,1.1888716087782962
expert_2,2573,midogpp-expert_2-2dabb66e15a3cc134659b3d2,0.3230684021046801,640,0.24873688301593472,0.8465608465608465,1.1884095521872435
expert_2,2574,midogpp-expert_2-7f9ee7d4c099fae1c429ba51,0.3230130157851011,640,0.24864024864024864,0.8465608465608465,1.1879478546145212
expert_2,2575,midogpp-expert_2-4f6239bf87de01dabb5d2559,0.322957629465522,640,0.24854368932038834,0.8465608465608465,1.1874865156418553
expert_2,2576,midogpp-expert_2-e5cb582e67c69ee58ef9c1f2,0.3224591525893104,640,0.2484472049689441,0.8465608465608465,1.1870255348516217
expert_2,2577,midogpp-expert_2-192d44d96ea1718e5e7e829e,0.3220160620326779,640,0.24835079549864184,0.8465608465608465,1.1865649118268442
expert_2,2578,midogpp-expert_2-43f92962c9852cb4ce41cf8f,0.3220160620326779,640,0.2482544608223429,0.8465608465608465,1.1861046461511937
expert_2,2579,midogpp-expert_2-9b523a2c3a32dbc18a9c862f,0.3219606757130989,640,0.24815820085304383,0.8465608465608465,1.1856447374089871
expert_2,2580,midogpp-expert_2-45923c3f7982169209249464,0.3217391304347826,640,0.24806201550387597,0.8465608465608465,1.1851851851851851
expert_2,2581,midogpp-expert_2-385f1e1ba9661e16ec16f8b4,0.3216283577956245,640,0.2479659046881054,0.8465608465608465,1.1847259890653923
expert_2,2582,midogpp-expert_2-524c53aa6f7564d082d59ba2,0.3213514261977291,640,0.24786986831913246,0.8465608465608465,1.1842671486358551
expert_2,2583,midogpp-expert_2-49b1556707d7c748614f285f,0.3212960398781501,640,0.24777390631049168,0.8465608465608465,1.1838086634834601
expert_2,2584,midogpp-expert_2-ae374a83dbc6f3580743376f,0.3212960398781501,640,0.2476780185758514,0.8465608465608465,1.1833505331957344
expert_2,2585,midogpp-expert_2-96a922bf3348b73c4f7210aa,0.3209083356410966,640,0.24758220502901354,0.8465608465608465,1.1828927573608423
expert_2,2586,midogpp-expert_2-2355d4baf4bd3c21c0d7c77c,0.3207421766823595,640,0.24748646558391338,0.8465608465608465,1.182435335567586
expert_2,2587,midogpp-expert_2-74227d35516012edda34f773,0.3207421766823594,640,0.24739080015461926,0.8465608465608465,1.1819782674054031
expert_2,2588,midogpp-expert_2-0cd1a9326dadccfd8b080e5d,0.3204652450844641,641,0.24768160741885625,0.8478835978835979,1.183367679890091
expert_2,2589,midogpp-expert_2-62e74494510415ba02759db7,0.3204098587648851,641,0.24758594051757435,0.8478835978835979,1.1829106046950775
expert_2,2590,midogpp-expert_2-c4ca1de4ae49579c332bd45b,0.320299086125727,641,0.24749034749034748,0.8478835978835979,1.1824538824538824
expert_2,2591,midogpp-expert_2-d86beedc632faf1fb848d859,0.3200775408474107,641,0.2473948282516403,0.8478835978835979,1.181997512757837
expert_2,2592,midogpp-expert_2-e0c32de1d6b1020d6ea96425,0.3191913597341457,641,0.24729938271604937,0.8478835978835979,1.1815414951989025
expert_2,2593,midogpp-expert_2-69c11bbaf70f31adff8e2854,0.3190805870949875,641,0.24720401079830312,0.8478835978835979,1.1810858293696704
expert_2,2594,midogpp-expert_2-2f1610265289b4b43c789c30,0.3188036554970922,641,0.24710871241326138,0.8478835978835979,1.1806305148633598
expert_2,2595,midogpp-expert_2-dea33fee94b33e3f784202a8,0.3188036554970921,641,0.24701348747591523,0.8478835978835979,1.1801755512738172
expert_2,2596,midogpp-expert_2-8f7e4ea8039575e491361eac,0.3184159512600388,641,0.24691833590138676,0.8478835978835979,1.1797209381955145
expert_2,2597,midogpp-expert_2-8dfa5b3f1352b052c7eda7b1,0.3182497923013015,641,0.24682325760492876,0.8478835978835979,1.1792666752235486
expert_2,2598,midogpp-expert_2-49e4ff081b78ce2fc0e86fd5,0.3181390196621435,641,0.24672825250192457,0.8478835978835979,1.1788127619536395
expert_2,2599,midogpp-expert_2-da3772c1d4251740e4f12153,0.3179728607034062,641,0.24663332050788764,0.8478835978835979,1.1783591979821297
expert_2,2600,midogpp-expert_2-1d444d817a87cf35ab48cf11,0.3170866795901412,641,0.24653846153846154,0.8478835978835979,1.1779059829059828
expert_2,2601,midogpp-expert_2-7203efe9045defc79c8b7571,0.3170312932705622,641,0.24644367550941945,0.8478835978835979,1.1774531163227817
expert_2,2602,midogpp-expert_2-24ea915561fe479316b245e0,0.3166435890335087,641,0.24634896233666412,0.8478835978835979,1.1770005978307285
expert_2,2603,midogpp-expert_2-b453580cd908a9a34a42acf9,0.3165328163943506,641,0.24625432193622743,0.8478835978835979,1.1765484270286422
expert_2,2604,midogpp-expert_2-795aaf4e0a5bdb4c25128332,0.3164220437551925,641,0.24615975422427036,0.8478835978835979,1.1760966035159583
expert_2,2605,midogpp-expert_2-55a291bea82a8932e10aea9f,0.3161451121572971,642,0.24644913627639156,0.8492063492063492,1.1774792066538706
expert_2,2606,midogpp-expert_2-dc193d6d373fd9502c302ccb,0.3160897258377181,642,0.24635456638526476,0.8492063492063492,1.1770273727295983
expert_2,2607,midogpp-expert_2-dc1c5fcd6fcbe5d41af56a8f,0.3159789531985599,642,0.24626006904487918,0.8492063492063492,1.1765758854366448
expert_2,2608,midogpp-expert_2-489737af132848044c933dc2,0.3156466352810855,642,0.24616564417177914,0.8492063492063492,1.1761247443762781
expert_2,2609,midogpp-expert_2-a250ac22d98cd1f6655a3647,0.3153143173636112,642,0.24607129168263703,0.8492063492063492,1.175673949150377
expert_2,2610,midogpp-expert_2-2de4de549c780d29151721d1,0.3153143173636111,642,0.24597701149425288,0.8492063492063492,1.1752234993614303
expert_2,2611,midogpp-expert_2-ccecb6147d65d94bb9eaec32,0.3152589310440321,642,0.24588280352355418,0.8492063492063492,1.1747733946125365
expert_2,2612,midogpp-expert_2-a563f4aef1de480bb4a44f16,0.315203544724453,642,0.24578866768759572,0.8492063492063492,1.1743236345074017
expert_2,2613,midogpp-expert_2-b3c969ddb493a9a4e224c065,0.315148158404874,642,0.24569460390355913,0.8492063492063492,1.173874218650338
expert_2,2614,midogpp-expert_2-dd7d38ed30255ee49033ecd9,0.315148158404874,642,0.24560061208875286,0.8492063492063492,1.1734251466462635
expert_2,2615,midogpp-expert_2-c81eb50b71e85feb3ee70cc5,0.3147604541678205,642,0.24550669216061186,0.8492063492063492,1.172976418100701
expert_2,2616,midogpp-expert_2-a9c493d16167e4066a7bb6fa,0.3144835225699252,642,0.24541284403669725,0.8492063492063492,1.1725280326197758
expert_2,2617,midogpp-expert_2-6ae08065cc9fcc455001ba49,0.3143727499307671,642,0.24531906763469621,0.8492063492063492,1.1720799898102152
expert_2,2618,midogpp-expert_2-0912172dcb5a67ea82fb23d0,0.314261977291609,643,0.24560733384262795,0.8505291005291006,1.1734572616925556
expert_2,2619,midogpp-expert_2-1d285948227f82b0a7758508,0.3137081140958183,643,0.24551355479190531,0.8505291005291006,1.173009206227992
expert_2,2620,midogpp-expert_2-07300f2c5fd1c11f2439ef34,0.3130988645804486,643,0.24541984732824426,0.8505291005291006,1.1725614927905004
expert_2,2621,midogpp-expert_2-52af18ab3ba58be0384333d0,0.3130988645804486,643,0.24532621136970623,0.8505291005291006,1.1721141209885964
expert_2,2622,midogpp-expert_2-b1fbd21fe47dfaa552c3d85d,0.3130988645804486,643,0.24523264683447749,0.8505291005291006,1.1716670904313924
expert_2,2623,midogpp-expert_2-4f25ceb80a48c7243b63f818,0.3129880919412905,643,0.24513915364086925,0.8505291005291006,1.1712204007285973
expert_2,2624,midogpp-expert_2-8788c92964c4bdfc37c01b96,0.3128773193021323,643,0.24504573170731708,0.8505291005291006,1.170774051490515
expert_2,2625,midogpp-expert_2-bf62d2b99b02fa172e417dc2,0.3128773193021323,644,0.24533333333333332,0.8518518518518519,1.172148148148148
expert_2,2626,midogpp-expert_2-38c8e3540cb4f3d1725fd3ce,0.3128219329825533,645,0.24562071591774562,0.8531746031746031,1.1735211982736735
expert_2,2627,midogpp-expert_2-4707d3564fa6a546a33d50f7,0.3128219329825533,645,0.24552721735820326,0.8531746031746031,1.1730744829336377
expert_2,2628,midogpp-expert_2-370a6f1896834f3d7986cb9d,0.3127665466629742,645,0.2454337899543379,0.8531746031746031,1.1726281075596143
expert_2,2629,midogpp-expert_2-5d1c6214990ba650fd6d9e7d,0.312545001384658,645,0.24534043362495245,0.8531746031746031,1.1721820717636617
expert_2,2630,midogpp-expert_2-cf4e9d70b418f6e0dc9fd4ee,0.3122680697867626,645,0.24524714828897337,0.8531746031746031,1.1717363751584282
expert_2,2631,midogpp-expert_2-9d04e602e48fa6b16febeaf0,0.3122126834671836,645,0.2451539338654504,0.8531746031746031,1.1712910173571518
expert_2,2632,midogpp-expert_2-f3b8ea4534b8ff86a3ca9e00,0.311769592910551,645,0.24506079027355623,0.8531746031746031,1.1708459979736574
expert_2,2633,midogpp-expert_2-2977b87b1a332238b9f56110,0.3112157297147604,646,0.2453475123433346,0.8544973544973545,1.172215892307043
expert_2,2634,midogpp-expert_2-0d6ac478c8606ab79f765f72,0.3103849349210745,647,0.24563401670463175,0.8558201058201058,1.173584746477685
expert_2,2635,midogpp-expert_2-8035714e367b52803d95b63c,0.3103849349210745,647,0.24554079696394687,0.8558201058201058,1.1731393632721905
expert_2,2636,midogpp-expert_2-f05cc2f70f9bf8cea59bb43e,0.3101633896427582,647,0.24544764795144158,0.8558201058201058,1.172694317990221
expert_2,2637,midogpp-expert_2-f9dd1c57a7741d44d9f84fb7,0.309941844364442,647,0.2453545695866515,0.8558201058201058,1.172249610247335
expert_2,2638,midogpp-expert_2-27526c5781d242d90a4522a8,0.3098310717252838,647,0.24526156178923428,0.8558201058201058,1.1718052396596748
expert_2,2639,midogpp-expert_2-c7b02bba2fe648d6d6029b2b,0.309111049570756,647,0.2451686244789693,0.8558201058201058,1.1713612058439644
expert_2,2640,midogpp-expert_2-8899b25a9f88d957886a6d05,0.3088895042924398,647,0.24507575757575759,0.8558201058201058,1.1709175084175083
expert_2,2641,midogpp-expert_2-02cae1820ba4cff2c1fa88de,0.3088341179728607,647,0.24498296099962136,0.8558201058201058,1.170474146998191
expert_2,2642,midogpp-expert_2-d58ed30631c7001cac187173,0.3087233453337025,647,0.244890234670704,0.8558201058201058,1.1700311212044747
expert_2,2643,midogpp-expert_2-9299bb5d9b7d83f373cce358,0.3086679590141234,647,0.24479757850926978,0.8558201058201058,1.1695884306554
expert_2,2644,midogpp-expert_2-14c5df131a60dd16d2179e36,0.3081694821379119,647,0.24470499243570348,0.8558201058201058,1.1691460749705833
expert_2,2645,midogpp-expert_2-11ab95df12cd1e4bc295a73b,0.3076156189421213,647,0.2446124763705104,0.8558201058201058,1.1687040537702162
expert_2,2646,midogpp-expert_2-9849b85d8a6d20e261abc9fa,0.3075048463029631,647,0.24452003023431595,0.8558201058201058,1.1682623666750651
expert_2,2647,midogpp-expert_2-2582976a32bddfc49be368c2,0.307394073663805,647,0.2444276539478655,0.8558201058201058,1.1678210133064684
expert_2,2648,midogpp-expert_2-beff8bb85c760ee46c022b84,0.3071725283854888,647,0.24433534743202417,0.8558201058201058,1.1673799932863376
expert_2,2649,midogpp-expert_2-828cf3e15cbc9c75cd93f036,0.3063417335918028,648,0.24462061155152887,0.8571428571428571,1.1687429218573044
expert_2,2650,midogpp-expert_2-d5445388391cb1bb20f3269f,0.3060094156743284,649,0.2449056603773585,0.8584656084656085,1.170104821802935
expert_2,2651,midogpp-expert_2-d4bb0aca3fa9cb99d3d7268a,0.3053447798393797,649,0.24481327800829875,0.8584656084656085,1.1696634393729828
expert_2,2652,midogpp-expert_2-f50a259c0a8daee71be8857d,0.3053447798393797,649,0.2447209653092006,0.8584656084656085,1.169222389810625
expert_2,2653,midogpp-expert_2-a4af863d985b4e0dcda13a52,0.3052893935198006,649,0.24462872220128157,0.8584656084656085,1.1687816727394562
expert_2,2654,midogpp-expert_2-06c84d5328f82b56b0778f91,0.3052340072002215,649,0.24453654860587792,0.8584656084656085,1.168341287783639
expert_2,2655,midogpp-expert_2-7745282bc6b1c5db6cf79a26,0.3052340072002215,649,0.24444444444444444,0.8584656084656085,1.1679012345679012
expert_2,2656,midogpp-expert_2-d1858c25767c40bfa426af46,0.3048463029631681,649,0.24435240963855423,0.8584656084656085,1.1674615127175367
expert_2,2657,midogpp-expert_2-343f68827da201259eff23e2,0.304790916643589,649,0.2442604441098984,0.8584656084656085,1.1670221218584034
expert_2,2658,midogpp-expert_2-836c67a444adf04ee603a2d5,0.304790916643589,649,0.24416854778028593,0.8584656084656085,1.1665830616169217
expert_2,2659,midogpp-expert_2-d5a87969ac39d4af00f4778a,0.3047355303240099,649,0.24407672057164348,0.8584656084656085,1.1661443316200744
expert_2,2660,midogpp-expert_2-48a71a65193b0f81ecb6b4c7,0.3045693713652728,650,0.24436090225563908,0.8597883597883598,1.16750208855472
expert_2,2661,midogpp-expert_2-af3cc37e7690a138c54636c9,0.3040155081694821,650,0.24426907177752724,0.8597883597883598,1.1670633429370745
expert_2,2662,midogpp-expert_2-3492cb97fe055f077d4dc928,0.303904735530324,650,0.24417731029301276,0.8597883597883598,1.1666249269555053
expert_2,2663,midogpp-expert_2-8b356bf23bbdc49899780009,0.3033508723345334,650,0.244085617724371,0.8597883597883598,1.1661868402386615
expert_2,2664,midogpp-expert_2-9f9b93527c6d85ce2b037af4,0.3031847133757962,650,0.243993993993994,0.8597883597883598,1.165749082415749
expert_2,2665,midogpp-expert_2-f9eac4aa74728071f6a57041,0.3031847133757962,650,0.24390243902439024,0.8597883597883598,1.165311653116531
expert_2,2666,midogpp-expert_2-cda1d8bf1babfb73b30deb32,0.303073940736638,650,0.24381095273818454,0.8597883597883598,1.1648745519713262
expert_2,2667,midogpp-expert_2-cf3614ec539fc6fc3d3f4a3b,0.3029631680974799,650,0.24371953505811775,0.8597883597883598,1.164437778611007
expert_2,2668,midogpp-expert_2-9584875e32df25c10568fd0a,0.3025200775408474,650,0.2436281859070465,0.8597883597883598,1.1640013326669998
expert_2,2669,midogpp-expert_2-6e83ef671a82be815f869809,0.3022985322625311,650,0.24353690520794305,0.8597883597883598,1.1635652137712833
expert_2,2670,midogpp-expert_2-4d664c9d1aae3e4f6605b9ae,0.3021877596233731,650,0.24344569288389514,0.8597883597883598,1.1631294215563879
expert_2,2671,midogpp-expert_2-ce5e595149f1d782d689ddc3,0.302132373303794,650,0.2433545488581056,0.8597883597883598,1.1626939556553932
expert_2,2672,midogpp-expert_2-7b6b540cc2945d8acc2f742c,0.3020216006646358,650,0.2432634730538922,0.8597883597883598,1.1622588157019293
expert_2,2673,midogpp-expert_2-d49220c7476aaa5f78fbf963,0.3019662143450567,650,0.24317246539468762,0.8597883597883598,1.1618240013301742
expert_2,2674,midogpp-expert_2-ff0581ae92304cb7cc06ece1,0.3019108280254777,650,0.24308152580403888,0.8597883597883598,1.1613895121748523
expert_2,2675,midogpp-expert_2-8bdf5d37860477fe0b1f4aad,0.3018554417058986,651,0.24336448598130841,0.8611111111111112,1.1627414330218069
expert_2,2676,midogpp-expert_2-dcfa384fe330ebe1f7f30630,0.3013569648296871,651,0.24327354260089687,0.8611111111111112,1.1623069257598406
expert_2,2677,midogpp-expert_2-bf36d5dd2efff4ff14638577,0.3011354195513708,651,0.24318266716473663,0.8611111111111112,1.1618727431204083
expert_2,2678,midogpp-expert_2-eb5fa38003aa3264fb4e7386,0.3011354195513708,652,0.24346527259148618,0.8624338624338624,1.1632229690482117
expert_2,2679,midogpp-expert_2-bcd1a6c7e18bd6fbd1c5f5c8,0.3003600110772639,652,0.24337439343038447,0.8624338624338624,1.1627887686118368
expert_2,2680,midogpp-expert_2-5f9ca02f3f43eca3d1283870,0.2999723068402105,653,0.24365671641791045,0.8637566137566137,1.1641376451077943
expert_2,2681,midogpp-expert_2-fc631dd41b4fbfb21a416a1c,0.2999169205206314,653,0.24356583364416262,0.8637566137566137,1.1637034274109992
expert_2,2682,midogpp-expert_2-d61cc406b657b7bc29a5a922,0.299584602603157,653,0.24347501864280388,0.8637566137566137,1.1632695335156185
expert_2,2683,midogpp-expert_2-283bb313498e67869dcdc6df,0.2994184436444198,653,0.2433842713380544,0.8637566137566137,1.1628359630595932
expert_2,2684,midogpp-expert_2-7087df5bf4d76ca617bd6666,0.2990307394073663,653,0.24329359165424738,0.8637566137566137,1.162402715681404
expert_2,2685,midogpp-expert_2-8eb70fbf0608ed7f25144186,0.2989199667682082,653,0.24320297951582867,0.8637566137566137,1.1619697910200704
expert_2,2686,midogpp-expert_2-245d82bcfddfad7f4f8c01f2,0.2988645804486292,653,0.24311243484735667,0.8637566137566137,1.1615371887151484
expert_2,2687,midogpp-expert_2-1ab23cd1d0b5f2f9cd919173,0.298753807809471,653,0.24302195757350203,0.8637566137566137,1.161104908406732
expert_2,2688,midogpp-expert_2-0f5bf4ada6749a29df39c705,0.2986430351703129,653,0.24293154761904762,0.8637566137566137,1.1606729497354498
expert_2,2689,midogpp-expert_2-8660f6e46e1f3840b9373bb5,0.2984768762115757,653,0.24284120490888805,0.8637566137566137,1.160241312342465
expert_2,2690,midogpp-expert_2-c97ed1bb8b7ba5ef995bba62,0.297867626696206,653,0.24275092936802975,0.8637566137566137,1.1598099958694754
expert_2,2691,midogpp-expert_2-64b9945eaa351e70bfaf410c,0.2977568540570479,654,0.24303232998885171,0.8650793650793651,1.1611544655022914
expert_2,2692,midogpp-expert_2-663141e414d441801cf1b321,0.2975353087787316,654,0.24294205052005943,0.8650793650793651,1.160723130262506
expert_2,2693,midogpp-expert_2-39a729ca64853753a3f89670,0.2974245361395735,654,0.24285183809877461,0.8650793650793651,1.160292115360812
expert_2,2694,midogpp-expert_2-28d5cf08b28d7a22b238267b,0.2972583771808363,654,0.24276169265033407,0.8650793650793651,1.159861420440485
expert_2,2695,midogpp-expert_2-3d5be85ba7087caec2ac4256,0.2970922182220991,654,0.24267161410018553,0.8650793650793651,1.159431045145331
expert_2,2696,midogpp-expert_2-07b70547f60788e84c73a317,0.296981445582941,654,0.24258160237388723,0.8650793650793651,1.1590009891196833
expert_2,2697,midogpp-expert_2-40e716d4b1d088833e40f1bf,0.296981445582941,654,0.2424916573971079,0.8650793650793651,1.1585712520084044
expert_2,2698,midogpp-expert_2-7defcc07fe84eaae291d8894,0.296981445582941,654,0.24240177909562638,0.8650793650793651,1.1581418334568816
expert_2,2699,midogpp-expert_2-aea08a7a5437bcfa37ddcc69,0.2964829687067294,654,0.24231196739533162,0.8650793650793651,1.1577127331110288
expert_2,2700,midogpp-expert_2-027fbb16ecd9e7f04ca9adf2,0.2959291055109388,654,0.24222222222222223,0.8650793650793651,1.1572839506172838
expert_2,2701,midogpp-expert_2-a7b7aa16a911495912501512,0.2959291055109387,654,0.2421325435024065,0.8650793650793651,1.1568554856226088
expert_2,2702,midogpp-expert_2-ef143878fa333e6e5a2297a1,0.2953198559955691,654,0.24204293116210215,0.8650793650793651,1.156427337774488
expert_2,2703,midogpp-expert_2-29efcf8c0a4084efd418fdf1,0.2950983107172528,654,0.24195338512763595,0.8650793650793651,1.1559995067209272
expert_2,2704,midogpp-expert_2-04f70ef0f788d5bad2da763e,0.2948213791193575,654,0.24186390532544377,0.8650793650793651,1.1555719921104535
expert_2,2705,midogpp-expert_2-9b8a7b616372e5e98333a837,0.2947659927997784,654,0.24177449168207024,0.8650793650793651,1.1551447935921133
expert_2,2706,midogpp-expert_2-2d38b64501fb54357afa9384,0.2945444475214622,654,0.24168514412416853,0.8650793650793651,1.1547179108154717
expert_2,2707,midogpp-expert_2-ec8a9a5557f88b66a681687f,0.2942675159235668,654,0.2415958625785002,0.8650793650793651,1.154291343430612
expert_2,2708,midogpp-expert_2-522c079bb1ead9c3e8a993cf,0.2941013569648297,654,0.241506646971935,0.8650793650793651,1.1538650910881338
expert_2,2709,midogpp-expert_2-d56e664b8f00046cc9b8acf8,0.2940459706452506,654,0.24141749723145073,0.8650793650793651,1.1534391534391535
expert_2,2710,midogpp-expert_2-121be597a9682016ec0498c0,0.2929936305732484,655,0.24169741697416974,0.8664021164021164,1.1547765477654777
expert_2,2711,midogpp-expert_2-fd03426e43072f92a44c8f7c,0.2929382442536693,655,0.2416082626337145,0.8664021164021164,1.154350588138858
expert_2,2712,midogpp-expert_2-6e8f0314894c04eb82e6e04d,0.2927166989753531,655,0.24151917404129794,0.8664021164021164,1.1539249426417568
expert_2,2713,midogpp-expert_2-df3cf71d8978c826340840fb,0.292661312655774,655,0.24143015112421673,0.8664021164021164,1.1534996109268132
expert_2,2714,midogpp-expert_2-3188e0675ec443e961495a45,0.2924951536970368,655,0.24134119380987473,0.8664021164021164,1.1530745926471793
expert_2,2715,midogpp-expert_2-61d02492a091a03a60c1b9a7,0.2923289947382996,655,0.24125230202578268,0.8664021164021164,1.1526498874565172
expert_2,2716,midogpp-expert_2-3ecb51f33bb93d36a565ccd1,0.2922736084187206,655,0.24116347569955818,0.8664021164021164,1.152225495009
expert_2,2717,midogpp-expert_2-0302926ad9d552111ad3f1b6,0.291775131542509,655,0.24107471475892528,0.8664021164021164,1.1518014149593097
expert_2,2718,midogpp-expert_2-b7571ecaaa67871a47a85780,0.2916643589033508,655,0.2409860191317145,0.8664021164021164,1.1513776469626358
expert_2,2719,midogpp-expert_2-63ed7845276e3eee7fb70eba,0.2912766546662974,656,0.24126517101875689,0.8677248677248677,1.1527113726451717
expert_2,2720,midogpp-expert_2-054aee7f1bb53e53fedd21c5,0.2910551093879812,656,0.2411764705882353,0.8677248677248677,1.1522875816993463
expert_2,2721,midogpp-expert_2-3cc3f196ce8a5de53ff93c51,0.2910551093879812,656,0.24108783535464903,0.8677248677248677,1.1518641022499898
expert_2,2722,midogpp-expert_2-f1a037070840be0908f58cdc,0.2905012461921905,656,0.24099926524614254,0.8677248677248677,1.151440933953792
expert_2,2723,midogpp-expert_2-ac5f893c72681e5c913113e3,0.2903350872334533,657,0.24127800220345208,0.8690476190476191,1.152772677194271
expert_2,2724,midogpp-expert_2-b5ae7cb4716560e4fe4257f5,0.2902797009138743,657,0.24118942731277532,0.8690476190476191,1.1523494860499264
expert_2,2725,midogpp-expert_2-f09eaa4cac90642e302129d0,0.2902797009138743,658,0.24146788990825688,0.8703703703703703,1.1536799184505606
expert_2,2726,midogpp-expert_2-c5154c69f814cec7ba15a719,0.2897812240376627,658,0.2413793103448276,0.8703703703703703,1.1532567049808429
expert_2,2727,midogpp-expert_2-55757b51b62d06141496f197,0.2896150650789255,658,0.2412907957462413,0.8703703703703703,1.1528338018987083
expert_2,2728,midogpp-expert_2-1b8b486fb735630004613c53,0.2893381334810301,658,0.24120234604105573,0.8703703703703703,1.1524112088628218
expert_2,2729,midogpp-expert_2-063480f9afb54339d936a952,0.2892827471614511,658,0.24111396115793332,0.8703703703703703,1.151988925532348
expert_2,2730,midogpp-expert_2-5b13cf9bd40428f3a02e333a,0.2891165882027139,658,0.24102564102564103,0.8703703703703703,1.1515669515669515
expert_2,2731,midogpp-expert_2-8fc2f24f6c2dbae153d0e580,0.2889504292439767,658,0.24093738557305017,0.8703703703703703,1.1511452866267953
expert_2,2732,midogpp-expert_2-d6bd8814c4f8b42529519810,0.2889504292439767,659,0.24121522693997072,0.8716931216931217,1.1524727509354156
expert_2,2733,midogpp-expert_2-cb649fa6b779da4efd7e5e5c,0.2883965660481861,659,0.2411269667032565,0.8716931216931217,1.152051063137781
expert_2,2734,midogpp-expert_2-6244505da1551080ad542267,0.2882857934090279,659,0.24103877103145574,0.8716931216931217,1.151629683816955
expert_2,2735,midogpp-expert_2-63b7b2f9b1aea63a51bab8ea,0.2881750207698698,659,0.2409506398537477,0.8716931216931217,1.1512086126345724
expert_2,2736,midogpp-expert_2-050773a9b59e111220ae364b,0.2880088618111326,659,0.2408625730994152,0.8716931216931217,1.1507878492527615
expert_2,2737,midogpp-expert_2-1e4c74ff2f7f33b2ae945100,0.2877873165328163,659,0.24077457069784436,0.8716931216931217,1.1503673933341452
expert_2,2738,midogpp-expert_2-c6c9365fa29f7f6f3bb12607,0.2872334533370257,659,0.24068663257852446,0.8716931216931217,1.149947244541839
expert_2,2739,midogpp-expert_2-347a6747455041f2eabbbd46,0.2871780670174467,659,0.24059875867104782,0.8716931216931217,1.1495274025394506
expert_2,2740,midogpp-expert_2-ec2c26c5a4b5be13f579c93b,0.2870672943782886,659,0.2405109489051095,0.8716931216931217,1.1491078669910786
expert_2,2741,midogpp-expert_2-68f1112f3c9b0be56a1cc3a7,0.2867349764608142,659,0.2404232032105071,0.8716931216931217,1.1486886375613117
expert_2,2742,midogpp-expert_2-4afdea95f169d69b50eba35b,0.2860149543062863,660,0.24070021881838075,0.873015873015873,1.1500121565767079
expert_2,2743,midogpp-expert_2-19b8bd0c0f61a444e0b36d81,0.2857934090279701,660,0.24061246810061976,0.873015873015873,1.1495929031474055
expert_2,2744,midogpp-expert_2-187549c0b768dfd7eb223939,0.285682636388812,660,0.24052478134110788,0.873015873015873,1.1491739552964042
expert_2,2745,midogpp-expert_2-32022e367db39c0617d160e4,0.2856272500692329,660,0.24043715846994534,0.873015873015873,1.1487553126897387
expert_2,2746,midogpp-expert_2-1b0111d57cc2afc23863ed96,0.2855718637496538,661,0.24071376547705753,0.8743386243386243,1.150076879501497
expert_2,2747,midogpp-expert_2-037fa2815b2b3f66baad1f55,0.2853503184713375,661,0.24062613760465962,0.8743386243386243,1.1496582130000403
expert_2,2748,midogpp-expert_2-ed295ea34f57ace9a810f716,0.2852949321517585,661,0.2405385735080058,0.8743386243386243,1.1492398512049167
expert_2,2749,midogpp-expert_2-f6c0cec7600538367623214c,0.2849072279147051,661,0.24045107311749728,0.8743386243386243,1.148821793783598
expert_2,2750,midogpp-expert_2-130ce0eb1c881bcbb92a802e,0.2844087510384935,661,0.24036363636363636,0.8743386243386243,1.1484040404040403
expert_2,2751,midogpp-expert_2-9c6eae272686e13296f6daa7,0.2842979783993353,662,0.24063976735732462,0.8756613756613757,1.1497233329294398
expert_2,2752,midogpp-expert_2-eb125314c2e37ea2e0f19e28,0.2837441152035447,662,0.24055232558139536,0.8756613756613757,1.1493055555555556
expert_2,2753,midogpp-expert_2-57fc105fdfeffe07f8cf5e01,0.2836887288839657,662,0.24046494733018525,0.8756613756613757,1.1488880816886629
expert_2,2754,midogpp-expert_2-84c591b204ccbf0340aa57eb,0.2835779562448075,662,0.2403776325344953,0.8756613756613757,1.1484709109981441
expert_2,2755,midogpp-expert_2-c75488cf053f1539b19d2fa3,0.2830794793685959,662,0.24029038112522685,0.8756613756613757,1.1480540431538615
expert_2,2756,midogpp-expert_2-145ba2f8909a79efc9a3f9a6,0.2825810024923844,662,0.24020319303338172,0.8756613756613757,1.147637477826157
expert_2,2757,midogpp-expert_2-39ab49c917a590f73c1c553e,0.2819163666574356,663,0.24047878128400435,0.876984126984127,1.1489541772457985
expert_2,2758,midogpp-expert_2-d823a4fd6b3fbd456bea41c3,0.2818609803378565,663,0.24039158810732414,0.876984126984127,1.148537587623882
expert_2,2759,midogpp-expert_2-2b2af8d219fc5dbf877848b7,0.2818055940182775,663,0.24030445813700615,0.876984126984127,1.1481212999879182
expert_2,2760,midogpp-expert_2-20b9b0f1e936eae0cfefc036,0.2815840487399612,663,0.24021739130434783,0.876984126984127,1.1477053140096618
expert_2,2761,midogpp-expert_2-53a4dfbdf3be9fa38986c234,0.2815286624203822,663,0.24013038754074612,0.876984126984127,1.1472896293613426
expert_2,2762,midogpp-expert_2-9f60913eed34d0e2811902b2,0.2809747992245915,663,0.24004344677769732,0.876984126984127,1.1468742457156649
expert_2,2763,midogpp-expert_2-6cff1d5a102475d99bdc3019,0.2808640265854334,663,0.23995656894679696,0.876984126984127,1.1464591627458076
expert_2,2764,midogpp-expert_2-3ec3ecbb1738992d60902623,0.2805870949875381,663,0.2398697539797395,0.876984126984127,1.146044380125422
expert_2,2765,midogpp-expert_2-dd490eaff2cfa2d6077e36cf,0.2805317086679589,663,0.23978300180831827,0.876984126984127,1.1456298975286316
expert_2,2766,midogpp-expert_2-b506a4daae0a8521c8b895ab,0.2801440044309055,663,0.23969631236442515,0.876984126984127,1.1452157146300312
expert_2,2767,midogpp-expert_2-d15b09fff9e74ef0591ed6ce,0.2800886181113265,663,0.2396096855800506,0.876984126984127,1.1448018311046861
expert_2,2768,midogpp-expert_2-a8cdd9424a29606128ffdf9e,0.2799224591525893,663,0.23952312138728324,0.876984126984127,1.144388246628131
expert_2,2769,midogpp-expert_2-b00be5a2625013f8c002ed7f,0.2797009138742731,663,0.23943661971830985,0.876984126984127,1.1439749608763692
expert_2,2770,midogpp-expert_2-8905d354630450cab1d5aa0a,0.279645527554694,664,0.23971119133574006,0.8783068783068783,1.1452868030485357
expert_2,2771,midogpp-expert_2-1399c139521435726a417e47,0.2796455275546939,664,0.23962468422952002,0.8783068783068783,1.1448734913188179
expert_2,2772,midogpp-expert_2-b1395e2d1bc88c9f848f27b2,0.2793132096372195,664,0.23953823953823955,0.8783068783068783,1.1444604777938112
expert_2,2773,midogpp-expert_2-270e414f6770098444bdf888,0.2790362780393243,664,0.2394518571943743,0.8783068783068783,1.1440477621508995
expert_2,2774,midogpp-expert_2-df0b91108a2bfbe5cb154060,0.2784824148435336,664,0.23936553713049746,0.8783068783068783,1.1436353440679323
expert_2,2775,midogpp-expert_2-8b72d9f3d0f95ecfa7104c70,0.277928551647743,664,0.23927927927927928,0.8783068783068783,1.1432232232232231
expert_2,2776,midogpp-expert_2-b0af0950499547c953d83963,0.2778177790085849,664,0.23919308357348704,0.8783068783068783,1.142811399295549
expert_2,2777,midogpp-expert_2-6d953e856de20e5ee1cf62bc,0.2767100526170035,664,0.2391069499459849,0.8783068783068783,1.14239987196415
expert_2,2778,midogpp-expert_2-439968d97580117f6c91e488,0.2763223483799502,664,0.23902087832973362,0.8783068783068783,1.1419886409087272
expert_2,2779,midogpp-expert_2-9d1763a98b7ab0143a1e4fc2,0.2761561894212129,664,0.23893486865779057,0.8783068783068783,1.1415777058094438
expert_2,2780,midogpp-expert_2-d06758653477281a50a432d1,0.2758238715037385,664,0.23884892086330936,0.8783068783068783,1.1411670663469224
expert_2,2781,midogpp-expert_2-2e3c303aa50828fe0b12c81c,0.2745499861534201,664,0.23876303487953973,0.8783068783068783,1.1407567222022452
expert_2,2782,midogpp-expert_2-03619894577e3d3d9d76c620,0.2740515092772085,664,0.23867721063982747,0.8783068783068783,1.1403466730569534
expert_2,2783,midogpp-expert_2-46afc88613dc5a6cc8801d61,0.2739407366380504,665,0.2389507725476105,0.8796296296296297,1.1416536910608057
expert_2,2784,midogpp-expert_2-235cab60d1b5e5495d2229e3,0.2738299639988922,665,0.23886494252873564,0.8796296296296297,1.141243614303959
expert_2,2785,midogpp-expert_2-2f22af713a7d84a28eaacde8,0.273553032400997,665,0.23877917414721722,0.8796296296296297,1.1408338320367044
expert_2,2786,midogpp-expert_2-4a3e687540030822a31fbdef,0.2733868734422597,665,0.23869346733668342,0.8796296296296297,1.140424343941932
expert_2,2787,midogpp-expert_2-ef3ebdcde2506150bad9fa9c,0.2733314871226807,665,0.23860782203085756,0.8796296296296297,1.140015149702986
expert_2,2788,midogpp-expert_2-d7fd55027e3c1188e7323e09,0.2732761008031016,665,0.2385222381635581,0.8796296296296297,1.1396062490036665
expert_2,2789,midogpp-expert_2-a3b1625f9282c62c2ac53f3e,0.2732207144835226,666,0.23879526712083185,0.8809523809523809,1.1409107206884188
expert_2,2790,midogpp-expert_2-361df674ee628404555a536a,0.2730545555247854,666,0.23870967741935484,0.8809523809523809,1.1405017921146954
expert_2,2791,midogpp-expert_2-9841415a9a2c8d7e89aa2fa0,0.2729437828856272,666,0.23862414905051954,0.8809523809523809,1.1400931565747043
expert_2,2792,midogpp-expert_2-8f4c47cca15f18478fd89b43,0.2725560786485738,666,0.23853868194842406,0.8809523809523809,1.1396848137535815
expert_2,2793,midogpp-expert_2-934ce5fff92c3b6aac399d0a,0.2721683744115203,666,0.23845327604726102,0.8809523809523809,1.1392767633369136
expert_2,2794,midogpp-expert_2-f9b7605ee4a537d0110174d1,0.2721683744115203,666,0.2383679312813171,0.8809523809523809,1.1388690050107373
expert_2,2795,midogpp-expert_2-1c09a08792134042c9662069,0.2721129880919413,666,0.23828264758497317,0.8809523809523809,1.1384615384615384
expert_2,2796,midogpp-expert_2-4ee615c6ba118fdc91e32106,0.2717806701744669,666,0.23819742489270387,0.8809523809523809,1.1380543633762519
expert_2,2797,midogpp-expert_2-c0e01aa601d66abaf7aa640a,0.2711160343395181,666,0.23811226313907757,0.8809523809523809,1.1376474794422595
expert_2,2798,midogpp-expert_2-5696009f668d83ba55eaa68e,0.2708391027416228,666,0.23802716225875625,0.8809523809523809,1.1372408863473908
expert_2,2799,midogpp-expert_2-48c43d8983f378a1d65a5ccf,0.2705067848241484,666,0.2379421221864952,0.8809523809523809,1.1368345837799214
expert_2,2800,midogpp-expert_2-d06f1f53d2e9ac43c7ec8c0b,0.2702852395458321,667,0.2382142857142857,0.8822751322751323,1.1381349206349205
expert_2,2801,midogpp-expert_2-aefcbd7fd937093b6fafcfbb,0.2702298532262531,667,0.23812923955730098,0.8822751322751323,1.1377285889959934
expert_2,2802,midogpp-expert_2-5ec9c03f28d3cd371e56c274,0.270119080587095,668,0.238401142041399,0.8835978835978836,1.1390276786422395
expert_2,2803,midogpp-expert_2-9e44b74bdcc26cbd3f7056f7,0.270119080587095,668,0.23831608990367464,0.8835978835978836,1.1386213184286678
expert_2,2804,midogpp-expert_2-8d1311b72cb080213ecc182d,0.2698975353087787,668,0.23823109843081314,0.8835978835978836,1.1382152480583294
expert_2,2805,midogpp-expert_2-dc478a9c107ca331069b0dce,0.2698975353087787,668,0.23814616755793228,0.8835978835978836,1.137809467221232
expert_2,2806,midogpp-expert_2-ec5771c451829d837c617ff9,0.2698421489891996,669,0.2384176764076978,0.8849206349206349,1.1391066761701116
expert_2,2807,midogpp-expert_2-64fad1ddf0bac21e90dbc534,0.2695098310717253,669,0.23833273957962237,0.8849206349206349,1.138700866880418
expert_2,2808,midogpp-expert_2-a37f027efe0c9f05e908a35c,0.2695098310717252,669,0.23824786324786323,0.8849206349206349,1.1382953466286798
expert_2,2809,midogpp-expert_2-e0fdac8c118ee9720533ce31,0.2694544447521462,669,0.2381630473478106,0.8849206349206349,1.1378901151062062
expert_2,2810,midogpp-expert_2-7c8e2560b25a3b8755a77f0f,0.2689559678759346,670,0.23843416370106763,0.8862433862433863,1.1391854487939896
expert_2,2811,midogpp-expert_2-24570fbecc4ab96d4124216a,0.2686790362780393,670,0.2383493418712202,0.8862433862433863,1.1387801889402742
expert_2,2812,midogpp-expert_2-96c5d47c5e9de13a16699807,0.2685128773193021,671,0.23862019914651494,0.8875661375661376,1.140074284811127
expert_2,2813,midogpp-expert_2-fa73ba722671b8f46e5226ac,0.2680144004430905,671,0.23853537148951298,0.8875661375661376,1.1396689971165619
expert_2,2814,midogpp-expert_2-199b059b965d776cab10e6c2,0.2678482414843534,671,0.23845060412224592,0.8875661375661376,1.1392639974729526
expert_2,2815,midogpp-expert_2-6017962f7ca62c0259d0ef29,0.2677928551647743,671,0.23836589698046182,0.8875661375661376,1.1388592855733175
expert_2,2816,midogpp-expert_2-e0ae73f7851d966c0ab9bcfc,0.2675159235668789,671,0.23828125,0.8875661375661376,1.1384548611111112
expert_2,2817,midogpp-expert_2-55e852312ce7ee0fd724270a,0.2667405150927721,671,0.2381966631167909,0.8875661375661376,1.138050723780223
expert_2,2818,midogpp-expert_2-137b2aa464680a98ec6f2b49,0.2664081971752977,671,0.23811213626685593,0.8875661375661376,1.1376468732749783
expert_2,2819,midogpp-expert_2-f28aa49748aff47db9162066,0.2663528108557186,671,0.2380276693863072,0.8875661375661376,1.1372433092901344
expert_2,2820,midogpp-expert_2-016d7b73235beb8a5a716b57,0.2656327887011908,672,0.23829787234042554,0.8888888888888888,1.138534278959811
expert_2,2821,midogpp-expert_2-93214dcc477d402f627dfd91,0.2655220160620327,673,0.23856788372917406,0.8902116402116402,1.1398243333727205
expert_2,2822,midogpp-expert_2-023a71d1089ebd3c948a6f72,0.2654112434228745,673,0.23848334514528702,0.8902116402116402,1.1394204268052601
expert_2,2823,midogpp-expert_2-cb2af0ffd59577720592890b,0.2653004707837164,673,0.2383988664541268,0.8902116402116402,1.139016806391939
expert_2,2824,midogpp-expert_2-1f38838f2879874c163cc3d6,0.2651343118249792,673,0.238314447592068,0.8902116402116402,1.1386134718287693
expert_2,2825,midogpp-expert_2-6541b36f39edabed91da1c6a,0.2651343118249792,673,0.23823008849557523,0.8902116402116402,1.1382104228121928
expert_2,2826,midogpp-expert_2-4b79e7f8cc015b6264b72d9e,0.2650789255054001,673,0.23814578910120313,0.8902116402116402,1.1378076590390815
expert_2,2827,midogpp-expert_2-90748ac53cdf361db43ac41f,0.2645250623096095,673,0.23806154934559604,0.8902116402116402,1.1374051802067366
expert_2,2828,midogpp-expert_2-112c8f110c6db4cbd8803d03,0.2639711991138189,673,0.23797736916548798,0.8902116402116402,1.137002986012887
expert_2,2829,midogpp-expert_2-3fc9f7363af1cd243ebd17a9,0.2636942675159236,673,0.23789324849770238,0.8902116402116402,1.136601076155689
expert_2,2830,midogpp-expert_2-50dd8ef59e9e24a0ed4e3f0a,0.2635834948767654,673,0.23780918727915196,0.8902116402116402,1.136199450333726
expert_2,2831,midogpp-expert_2-24028b856078989f00323b21,0.2631404043201329,673,0.23772518544683857,0.8902116402116402,1.1357981082460065
expert_2,2832,midogpp-expert_2-7aee7d56ec470a92e0fcbdc8,0.2626973137635004,673,0.2376412429378531,0.8902116402116402,1.1353970495919647
expert_2,2833,midogpp-expert_2-343e78fbdb084f7737ae4539,0.262309609526447,673,0.23755735968937522,0.8902116402116402,1.1349962740714594
expert_2,2834,midogpp-expert_2-1c8c8f062407163062a0365f,0.2618111326502354,674,0.23782639378969656,0.8915343915343915,1.136281659217439
expert_2,2835,midogpp-expert_2-4312ba26a4e4271be86b7901,0.2613680420936028,674,0.23774250440917108,0.8915343915343915,1.1358808543993728
expert_2,2836,midogpp-expert_2-9f3356d6934763da0842f557,0.260648019939075,674,0.23765867418899858,0.8915343915343915,1.1354803322363265
expert_2,2837,midogpp-expert_2-76053457738908216464a0a2,0.2604264746607588,674,0.23757490306661966,0.8915343915343915,1.1350800924294049
expert_2,2838,midogpp-expert_2-514de02b5014c216de8dc364,0.2602049293824425,674,0.23749119097956306,0.8915343915343915,1.1346801346801345
expert_2,2839,midogpp-expert_2-1268b16a665fa06397116df0,0.2599279977845472,674,0.23740753786544558,0.8915343915343915,1.1342804586904622
expert_2,2840,midogpp-expert_2-1c3a647d1620df383c77a41f,0.2598172251453891,674,0.23732394366197182,0.8915343915343915,1.1338810641627541
expert_2,2841,midogpp-expert_2-64e348e86a289ae692e7705f,0.2595956798670728,675,0.2375923970432946,0.8928571428571429,1.1351636747624074
expert_2,2842,midogpp-expert_2-5e6e5f5ef84b132c7d6ca894,0.2594295209083356,676,0.2378606615059817,0.8941798941798942,1.1364453827508014
expert_2,2843,midogpp-expert_2-356f3082e6a042c26ea0c762,0.2590418166712822,676,0.23777699613084768,0.8941798941798942,1.1360456481807166
expert_2,2844,midogpp-expert_2-627dd2b56694a6688368e3d2,0.2587094987538078,676,0.23769338959212377,0.8941798941798942,1.1356461947179246
expert_2,2845,midogpp-expert_2-cadebde2633587b036f20b33,0.2584879534754915,676,0.237609841827768,0.8941798941798942,1.1352470220660027
expert_2,2846,midogpp-expert_2-6ce88d82ea9cfb3606e1d32c,0.2581002492384381,676,0.23752635277582573,0.8941798941798942,1.134848129928945
expert_2,2847,midogpp-expert_2-74e9040e6c4dca4a592ecc03,0.2578233176405428,676,0.2374429223744292,0.8941798941798942,1.1344495180111618
expert_2,2848,midogpp-expert_2-594430255cb9834ce230aa23,0.2577679313209637,676,0.23735955056179775,0.8941798941798942,1.134051186017478
expert_2,2849,midogpp-expert_2-f0050ec55a084099f21bdbaf,0.2577679313209637,676,0.23727623727623728,0.8941798941798942,1.1336531336531337
expert_2,2850,midogpp-expert_2-543400c3ecda3f00bf757ed4,0.2577125450013846,676,0.23719298245614034,0.8941798941798942,1.1332553606237816
expert_2,2851,midogpp-expert_2-9d27406cb165f6ebbaebc221,0.2571032954860149,676,0.23710978603998598,0.8941798941798942,1.1328578666354885
expert_2,2852,midogpp-expert_2-805659f96ab5f34fdb4ede57,0.2569371365272777,676,0.2370266479663394,0.8941798941798942,1.1324606513947326
expert_2,2853,midogpp-expert_2-1d61bd17d444464477e6cee9,0.2567155912489615,676,0.2369435681738521,0.8941798941798942,1.1320637146084045
expert_2,2854,midogpp-expert_2-66033152d0269b061196a290,0.2564386596510661,676,0.23686054660126138,0.8941798941798942,1.1316670559838042
expert_2,2855,midogpp-expert_2-d8ad0e527e7d4d3f99296e46,0.2558847964552755,676,0.23677758318739053,0.8941798941798942,1.1312706752286437
expert_2,2856,midogpp-expert_2-8738d226c2b9432d861323e9,0.255441705898643,676,0.23669467787114845,0.8941798941798942,1.1308745720510425
expert_2,2857,midogpp-expert_2-8c6d0b0d5406be48fd168da1,0.2552755469399058,676,0.23661183059152957,0.8941798941798942,1.13047874615953
expert_2,2858,midogpp-expert_2-7b9e5bf05d552a15236e5d47,0.2551093879811686,676,0.2365290412876137,0.8941798941798942,1.1300831972630432
expert_2,2859,midogpp-expert_2-080cd7e6f15116a69e50e5fc,0.2550540016615896,676,0.23644630989856594,0.8941798941798942,1.1296879250709262
expert_2,2860,midogpp-expert_2-7a33098161f7718dd4b305eb,0.2547770700636942,676,0.23636363636363636,0.8941798941798942,1.1292929292929292
expert_2,2861,midogpp-expert_2-8c15125239d448084227bd4f,0.2547216837441152,676,0.23628102062216008,0.8941798941798942,1.1288982096392093
expert_2,2862,midogpp-expert_2-905e7d9eb4991a7627d7a289,0.254610911104957,676,0.23619846261355695,0.8941798941798942,1.1285037658203276
expert_2,2863,midogpp-expert_2-8d7a946bb5086c1f1ac2812f,0.254555524785378,676,0.23611596227733148,0.8941798941798942,1.1281095975472504
expert_2,2864,midogpp-expert_2-3e15a0c8cb9fc5d2eec6c3a2,0.2540016615895873,676,0.2360335195530726,0.8941798941798942,1.1277157045313468
expert_2,2865,midogpp-expert_2-3c38b8ac29f383b7e2fb72da,0.2536139573525339,677,0.2363001745200698,0.8955026455026455,1.128989722707
expert_2,2866,midogpp-expert_2-2ef9a1f0f32fd2cb06ee70a5,0.2535031847133758,677,0.23621772505233776,0.8955026455026455,1.1285957974722804
expert_2,2867,midogpp-expert_2-4dfbfdd9b63f0b74511d425e,0.2527277762392689,677,0.23613533310080223,0.8955026455026455,1.1282021470371661
expert_2,2868,midogpp-expert_2-62be6f6e4a7d025897d158bb,0.2526723899196899,677,0.23605299860529985,0.8955026455026455,1.1278087711142104
expert_2,2869,midogpp-expert_2-978fd3f770df8cd5e1257fda,0.2526170036001108,678,0.23631927500871383,0.8968253968253969,1.1290809805971882
expert_2,2870,midogpp-expert_2-9090a79cf1ee37bbdbedd8cc,0.2525062309609526,678,0.23623693379790942,0.8968253968253969,1.1286875725900116
expert_2,2871,midogpp-expert_2-f7c12c3f07a23cb15852fda9,0.2523954583217945,678,0.2361546499477534,0.8968253968253969,1.1282944386392662
expert_2,2872,midogpp-expert_2-a382dc6e2db2f5875c41a619,0.2521739130434782,678,0.23607242339832868,0.8968253968253969,1.1279015784586814
expert_2,2873,midogpp-expert_2-b8cf8672da6001f35cd759e8,0.2517308224868457,678,0.2359902540898016,0.8968253968253969,1.1275089917623853
expert_2,2874,midogpp-expert_2-7b641c3f23f2bf8d782290d1,0.2515092772085295,678,0.2359081419624217,0.8968253968253969,1.1271166782649036
expert_2,2875,midogpp-expert_2-799f6ad220f815b72f59a8e1,0.2513431182497923,679,0.23617391304347826,0.8981481481481481,1.1283864734299516
expert_2,2876,midogpp-expert_2-f7aebf84c0e07ad5e0a55837,0.2512323456106342,679,0.23609179415855355,0.8981481481481481,1.1279941276464225
expert_2,2877,midogpp-expert_2-6d606b8e064c21327ae55b13,0.2511769592910551,680,0.23635731664928744,0.8994708994708994,1.1292627351021511
expert_2,2878,midogpp-expert_2-c57f6ce418f056cf33821261,0.2508446413735807,680,0.23627519110493397,0.8994708994708994,1.1288703575013512
expert_2,2879,midogpp-expert_2-61add8c2a16183852b808174,0.2504569371365273,680,0.23619312261201805,0.8994708994708994,1.1284782524796417
expert_2,2880,midogpp-expert_2-20d4a3427a622058aed38b21,0.2504015508169482,680,0.2361111111111111,0.8994708994708994,1.1280864197530864
expert_2,2881,midogpp-expert_2-538403d20a4d51992dc4ebb9,0.2502907781777901,680,0.23602915654286705,0.8994708994708994,1.1276948590381426
expert_2,2882,midogpp-expert_2-7345b12634e3b3117a90141e,0.2500692328994738,680,0.2359472588480222,0.8994708994708994,1.1273035700516616
expert_2,2883,midogpp-expert_2-9345a0a02f7412aff2c35c7b,0.2500692328994738,680,0.23586541796739507,0.8994708994708994,1.1269125525108876
expert_2,2884,midogpp-expert_2-f6dafe174c1b0aca7eeb77d1,0.2499584602603157,680,0.23578363384188628,0.8994708994708994,1.1265218061334565
expert_2,2885,midogpp-expert_2-09c8d5e65a2d72ade6048fbc,0.2492938244253669,681,0.23604852686308492,0.9007936507936508,1.127787406123628
expert_2,2886,midogpp-expert_2-6397763e585d4e3d8671f9d4,0.2492384381057878,681,0.23596673596673598,0.9007936507936508,1.1273966273966274
expert_2,2887,midogpp-expert_2-c1792c90b7187e9de18845e6,0.2492384381057878,681,0.23588500173190163,0.9007936507936508,1.1270061193857521
expert_2,2888,midogpp-expert_2-68ee449c0dae6f869ae1d6c2,0.2489061201883134,681,0.235803324099723,0.9007936507936508,1.1266158818097876
expert_2,2889,midogpp-expert_2-6dead36f16cbb4b79ce7f43e,0.2487399612295763,682,0.23606784354447907,0.9021164021164021,1.1278796969347333
expert_2,2890,midogpp-expert_2-f6bfb2b3e6f37da7028f4099,0.2486291885904181,682,0.23598615916955018,0.9021164021164021,1.1274894271434064
expert_2,2891,midogpp-expert_2-e2698ea261764cc3ea9bb132,0.2481307117142066,682,0.23590453130404704,0.9021164021164021,1.127099427341558
expert_2,2892,midogpp-expert_2-e3922a5eef1dbdab25f8f12e,0.247687621157574,682,0.23582295988934993,0.9021164021164021,1.1267096972491162
expert_2,2893,midogpp-expert_2-11a4e0c2ca25e849d5a62827,0.2471337579617834,683,0.23608710680954026,0.9034391534391535,1.12797173253447
expert_2,2894,midogpp-expert_2-03ef2670f87f3a2843507a3a,0.2465798947659928,683,0.23600552868002764,0.9034391534391535,1.127581970360132
expert_2,2895,midogpp-expert_2-a7f4e62ea0af37a269c17cd6,0.2465245084464137,683,0.23592400690846288,0.9034391534391535,1.1271924774515447
expert_2,2896,midogpp-expert_2-daab45e76a52fac71948d7df,0.2462475768485184,683,0.23584254143646408,0.9034391534391535,1.1268032535297727
expert_2,2897,midogpp-expert_2-f49f9154210ca64b13dce1d2,0.2461921905289393,683,0.23576113220573006,0.9034391534391535,1.1264142983162657
expert_2,2898,midogpp-expert_2-af072ae253ce7541338f3944,0.245915258931044,683,0.23567977915804003,0.9034391534391535,1.126025611532858
expert_2,2899,midogpp-expert_2-4e345ace3568d3f8e6a37459,0.2454167820548324,684,0.23594342876854088,0.9047619047619048,1.1272852707830285
expert_2,2900,midogpp-expert_2-69f3e312b61f99196d7a6818,0.2451398504569371,684,0.23586206896551723,0.9047619047619048,1.1268965517241378
expert_2,2901,midogpp-expert_2-a7b14461c0be89394b1e5245,0.2448629188590418,684,0.23578076525336092,0.9047619047619048,1.1265081006549464
expert_2,2902,midogpp-expert_2-7b55ba0a752f3a19a0dc0eb0,0.2444198283024093,685,0.23604410751206065,0.906084656084656,1.1277662914465119
expert_2,2903,midogpp-expert_2-24cf965c92bb0eb3c9cf33ae,0.2439767377457768,685,0.2359627971064416,0.906084656084656,1.1273778083974433
expert_2,2904,midogpp-expert_2-d110e29618806d2fe591afd3,0.2432567155912489,685,0.23588154269972453,0.906084656084656,1.1269895928986837
expert_2,2905,midogpp-expert_2-bbfc3c224968b84c994a2505,0.2428136250346164,686,0.236144578313253,0.9074074074074074,1.1282463186077643
expert_2,2906,midogpp-expert_2-7dbbb3923cc247c62f50e666,0.2421489891996677,686,0.23606331727460428,0.9074074074074074,1.1278580714231092
expert_2,2907,midogpp-expert_2-74a401809c69ead6c655f608,0.2417612849626142,686,0.23598211214310286,0.9074074074074074,1.1274700913503803
expert_2,2908,midogpp-expert_2-d93f18c80d37a3e0a7aa4ae1,0.2416505123234561,686,0.2359009628610729,0.9074074074074074,1.127082378114015
expert_2,2909,midogpp-expert_2-4969be8deb442d90beedffab,0.2413735807255608,686,0.23581986937091784,0.9074074074074074,1.1266949314388297
expert_2,2910,midogpp-expert_2-06d21ff226f92f93ec4285e1,0.2413735807255607,687,0.23608247422680412,0.9087301587301587,1.1279495990836197
expert_2,2911,midogpp-expert_2-649d751320534d330e1cd030,0.240708944890612,687,0.23600137409824803,0.9087301587301587,1.1275621206916295
expert_2,2912,midogpp-expert_2-f68642ec2050ed296d5d5a8b,0.240653558571033,687,0.23592032967032966,0.9087301587301587,1.1271749084249083
expert_2,2913,midogpp-expert_2-8bd61f66a4b457b615f7509f,0.2404320132927167,688,0.23618262959148645,0.91005291005291,1.1284281191593242
expert_2,2914,midogpp-expert_2-3ff049dd204fa8254579e5a2,0.2397673774577679,688,0.2361015785861359,0.91005291005291,1.1280408754670936
expert_2,2915,midogpp-expert_2-2d0367e5a0e67515e2fe40ff,0.2393796732207144,688,0.2360205831903945,0.91005291005291,1.1276538974652182
expert_2,2916,midogpp-expert_2-b380059ddca24d0b86861d4e,0.2386042647466076,688,0.23593964334705075,0.91005291005291,1.1272671848803535
expert_2,2917,midogpp-expert_2-05b3debba2024623218ba67c,0.2376073109941844,688,0.23585875899897155,0.91005291005291,1.1268807374395307
expert_2,2918,midogpp-expert_2-b54058c9efd34ac834535487,0.2376073109941844,688,0.2357779300891021,0.91005291005291,1.1264945548701544
expert_2,2919,midogpp-expert_2-2da1cf00194c789afc3d550c,0.2374965383550263,688,0.23569715656046591,0.91005291005291,1.1261086369000037
expert_2,2920,midogpp-expert_2-9049e286cd4e70d81ce3890f,0.2373303793962891,688,0.2356164383561644,0.91005291005291,1.1257229832572297
expert_2,2921,midogpp-expert_2-7a09a06667b6815292bb2a8d,0.2362226530047078,689,0.23587812393016092,0.9113756613756614,1.1269732587774355
expert_2,2922,midogpp-expert_2-8346e6e76f9d59fc577bcd33,0.2362226530047078,689,0.23579739904175223,0.9113756613756614,1.1265875731994828
expert_2,2923,midogpp-expert_2-fa3f068926a6a343f48a6a61,0.2360564940459706,689,0.23571672938761545,0.9113756613756614,1.1262021515186071
expert_2,2924,midogpp-expert_2-5c0e7130c92062ea7fb91efb,0.2358903350872334,689,0.23563611491108072,0.9113756613756614,1.1258169934640523
expert_2,2925,midogpp-expert_2-932366443f19d59a0329914e,0.2356687898089172,689,0.23555555555555555,0.9113756613756614,1.125432098765432
expert_2,2926,midogpp-expert_2-16d64b754f89abf7004f609e,0.2356134034893381,689,0.23547505126452495,0.9113756613756614,1.1250474671527302
expert_2,2927,midogpp-expert_2-4762922ea7cb4f3bf4019412,0.2354472445306009,689,0.23539460198155107,0.9113756613756614,1.1246630983562995
expert_2,2928,midogpp-expert_2-95862df060feda3ff6e11003,0.2345610634173359,689,0.23531420765027322,0.9113756613756614,1.124278992106861
expert_2,2929,midogpp-expert_2-26b4802e2209e9c23e97dea0,0.2342841318194405,689,0.23523386821440764,0.9113756613756614,1.123895148135503
expert_2,2930,midogpp-expert_2-59d0c9134d74bfd73a92ca67,0.2338410412628081,689,0.23515358361774744,0.9113756613756614,1.123511566173682
expert_2,2931,midogpp-expert_2-23c0ed883653f4e72f5742f5,0.233785654943229,690,0.23541453428863868,0.9126984126984127,1.1247583304901625
expert_2,2932,midogpp-expert_2-6432774b66181821e00c3004,0.2336194959844918,690,0.23533424283765347,0.9126984126984127,1.1243747157798998
expert_2,2933,midogpp-expert_2-596ad3f1963376dfe048a834,0.2333425643865965,690,0.23525400613706102,0.9126984126984127,1.123991362654847
expert_2,2934,midogpp-expert_2-a4131f58ed598a4f3deba435,0.2325671559124896,690,0.23517382413087934,0.9126984126984127,1.1236082708475346
expert_2,2935,midogpp-expert_2-9702f22a94955aa7570d42ec,0.2325117695929105,690,0.23509369676320271,0.9126984126984127,1.1232254400908575
expert_2,2936,midogpp-expert_2-5c904f19548311e8ebdcd920,0.2316255884796455,690,0.23501362397820164,0.9126984126984127,1.1228428701180744
expert_2,2937,midogpp-expert_2-1820ff82ca2f5f0235cba6f8,0.2314594295209083,690,0.23493360572012256,0.9126984126984127,1.1224605606628077
expert_2,2938,midogpp-expert_2-e63ee5b4f89710d0eb40de6e,0.231237884242592,690,0.23485364193328795,0.9126984126984127,1.1220785114590424
expert_2,2939,midogpp-expert_2-43b826bb757f250ce74248b3,0.231182497923013,690,0.23477373256209594,0.9126984126984127,1.121696722241125
expert_2,2940,midogpp-expert_2-75d96418c86786b3fe46cafe,0.2311271116034339,690,0.23469387755102042,0.9126984126984127,1.1213151927437641
expert_2,2941,midogpp-expert_2-8533a0a0bd7ba5c52ab593d3,0.2304624757684852,690,0.23461407684461066,0.9126984126984127,1.1209339227020287
expert_2,2942,midogpp-expert_2-21c4f351695f5f1543fe1446,0.2302409304901689,690,0.2345343303874915,0.9126984126984127,1.1205529118513482
expert_2,2943,midogpp-expert_2-d1976cf1498a5bc8ad0dfbf9,0.2299639988922736,690,0.2344546381243629,0.9126984126984127,1.1201721599275116
expert_2,2944,midogpp-expert_2-da74a41330e270bf782deba0,0.2297424536139573,690,0.234375,0.9126984126984127,1.1197916666666665
expert_2,2945,midogpp-expert_2-a8931b8c1322678873fa9ac2,0.2296870672943783,690,0.23429541595925296,0.9126984126984127,1.1194114318053197
expert_2,2946,midogpp-expert_2-b98f085efae4c3df1715fbf9,0.2286901135419551,690,0.23421588594704684,0.9126984126984127,1.1190314550803349
expert_2,2947,midogpp-expert_2-5f3540b3cd269651d4e2a0ff,0.2285239545832179,690,0.23413640990838142,0.9126984126984127,1.1186517362289334
expert_2,2948,midogpp-expert_2-bbbd6edb4a3a226518f08c1e,0.2284685682636388,690,0.23405698778833106,0.9126984126984127,1.1182722749886929
expert_2,2949,midogpp-expert_2-7fc5485ee2a1d59212cb2a8e,0.2281362503461645,690,0.23397761953204477,0.9126984126984127,1.1178930710975472
expert_2,2950,midogpp-expert_2-8f08d627e928563e3d210be9,0.2275270008307948,690,0.23389830508474577,0.9126984126984127,1.1175141242937854
expert_2,2951,midogpp-expert_2-61e0511eb4db2863aab7f2ea,0.2273054555524785,690,0.23381904439173162,0.9126984126984127,1.1171354343160511
expert_2,2952,midogpp-expert_2-7b17654e99de8be3c602b02f,0.2272500692328994,690,0.23373983739837398,0.9126984126984127,1.1167570009033423
expert_2,2953,midogpp-expert_2-783c8a3f31dd22868b40c842,0.2271392965937413,690,0.23366068405011853,0.9126984126984127,1.1163788237950107
expert_2,2954,midogpp-expert_2-d539cf32568778945c4eabc7,0.2270839102741622,690,0.23358158429248477,0.9126984126984127,1.1160009027307605
expert_2,2955,midogpp-expert_2-fdf3c90e8cabaf9bd0465810,0.2267515923566879,690,0.233502538071066,0.9126984126984127,1.1156232374506485
expert_2,2956,midogpp-expert_2-c920c455ec2d5ffc49cc1e70,0.2261977291608972,690,0.2334235453315291,0.9126984126984127,1.1152458276950834
expert_2,2957,midogpp-expert_2-6decb662adf5c4737a38aeaf,0.2253669343672112,690,0.2333446060196145,0.9126984126984127,1.1148686732048247
expert_2,2958,midogpp-expert_2-72e67102f5c90f7504ba639e,0.2247022985322625,690,0.2332657200811359,0.9126984126984127,1.1144917737209827
expert_2,2959,midogpp-expert_2-38b99ab79e37cb34cda70eaf,0.2245915258931043,690,0.2331868874619804,0.9126984126984127,1.1141151289850175
expert_2,2960,midogpp-expert_2-4891a84f9f91756abb66adda,0.2242038216560509,690,0.23310810810810811,0.9126984126984127,1.1137387387387387
expert_2,2961,midogpp-expert_2-504756c50be0b9712c129b7e,0.2238715037385766,690,0.23302938196555217,0.9126984126984127,1.1133626027243049
expert_2,2962,midogpp-expert_2-f8d770a6e922c4fb98fa562e,0.2237607310994184,690,0.23295070898041864,0.9126984126984127,1.1129867206842223
expert_2,2963,midogpp-expert_2-297120225b6368aabadac179,0.2231514815840487,690,0.23287208909888626,0.9126984126984127,1.1126110923613455
expert_2,2964,midogpp-expert_2-9704ba0a722b6ff2a69895c1,0.2230407089448906,690,0.23279352226720648,0.9126984126984127,1.1122357174988753
expert_2,2965,midogpp-expert_2-09cb2f398ce23f0578259b2c,0.2225976183882581,690,0.2327150084317032,0.9126984126984127,1.1118605958403598
expert_2,2966,midogpp-expert_2-398940ebd803a68ed3caa30c,0.2224868457491,690,0.23263654753877275,0.9126984126984127,1.111485727129692
expert_2,2967,midogpp-expert_2-13cd36d9d6ac0e4aa8301299,0.2224314594295209,691,0.23289518031681833,0.9140211640211641,1.112721417069243
expert_2,2968,midogpp-expert_2-ab377309f3584aadfb0efc3d,0.2214898919966768,691,0.2328167115902965,0.9140211640211641,1.1123465109314166
expert_2,2969,midogpp-expert_2-639ae5a2cef5e889cc749f15,0.2213791193575187,691,0.2327382957224655,0.9140211640211641,1.1119718573406683
expert_2,2970,midogpp-expert_2-cc29fa78ba691d12ec551615,0.2211575740792024,691,0.23265993265993265,0.9140211640211641,1.1115974560419004
expert_2,2971,midogpp-expert_2-6788a9433a93a0d376d66820,0.220769869842149,691,0.23258162234937732,0.9140211640211641,1.1112233067803583
expert_2,2972,midogpp-expert_2-0a305c23e175628b879b1267,0.2207698698421489,691,0.23250336473755048,0.9140211640211641,1.1108494093016301
expert_2,2973,midogpp-expert_2-fb6302a4d6bf376b5fa9a7f2,0.2207144835225699,691,0.23242515977127481,0.9140211640211641,1.1104757633516462
expert_2,2974,midogpp-expert_2-189785d39251e4327c49c7f3,0.2204929382442537,691,0.23234700739744452,0.9140211640211641,1.1101023686766793
expert_2,2975,midogpp-expert_2-8cf98ff3155613379841cdd3,0.2203267792855164,692,0.23260504201680673,0.9153439153439153,1.1113352007469655
expert_2,2976,midogpp-expert_2-8ffe949fde04287c7d01ce78,0.2203267792855164,692,0.2325268817204301,0.9153439153439153,1.1109617682198327
expert_2,2977,midogpp-expert_2-6a14f9c5a43f66877646abd3,0.2202713929659374,692,0.2324487739334901,0.9153439153439153,1.1105885865711194
expert_2,2978,midogpp-expert_2-6e4787d7bbd7872c39aced05,0.2198836887288839,692,0.23237071860308933,0.9153439153439153,1.1102156555480933
expert_2,2979,midogpp-expert_2-374344382fdb4ad507ebdf7f,0.2196067571309886,692,0.23229271567640147,0.9153439153439153,1.1098429748983625
expert_2,2980,midogpp-expert_2-7e6eae58500ce58383302f02,0.2196067571309886,692,0.23221476510067113,0.9153439153439153,1.1094705443698731
expert_2,2981,midogpp-expert_2-0163f210b3ce910e3fd334bf,0.2193298255330933,693,0.23247232472324722,0.9166666666666666,1.11070110701107
expert_2,2982,midogpp-expert_2-a6fae6636b4e4058b5a91efd,0.2189421212960399,693,0.2323943661971831,0.9166666666666666,1.1103286384976525
expert_2,2983,midogpp-expert_2-8234964b0a20ff62092285cc,0.2188867349764608,693,0.23231645993965805,0.9166666666666666,1.1099564197116996
expert_2,2984,midogpp-expert_2-25174d0bf6f7be4882132984,0.2187759623373026,693,0.2322386058981233,0.9166666666666666,1.1095844504021446
expert_2,2985,midogpp-expert_2-ef623989c209ec17459f78c2,0.2186651896981445,694,0.2324958123953099,0.917989417989418,1.1108133258887027
expert_2,2986,midogpp-expert_2-4a1a59e1a2fda1eae20eeb4b,0.2183328717806701,694,0.23241795043536503,0.917989417989418,1.110441318746744
expert_2,2987,midogpp-expert_2-10d65a40a98f23d5a9c8a145,0.2177236222653004,694,0.232340140609307,0.917989417989418,1.110069560688911
expert_2,2988,midogpp-expert_2-b9711d5c0076f8aee07d5e75,0.2175020769869842,694,0.2322623828647925,0.917989417989418,1.1096980514651198
expert_2,2989,midogpp-expert_2-bd46a1549b62de72fc91fe19,0.217391304347826,694,0.23218467714954835,0.917989417989418,1.10932679082562
expert_2,2990,midogpp-expert_2-3ff1cb96924027985ad12b9b,0.2172805317086679,694,0.23210702341137124,0.917989417989418,1.1089557785209958
expert_2,2991,midogpp-expert_2-4fc597441bbd57ef1d4353e4,0.2171697590695098,694,0.23202942159812773,0.917989417989418,1.1085850143021658
expert_2,2992,midogpp-expert_2-c133e8022a1cbd909b5ff9eb,0.2166158958737191,694,0.23195187165775402,0.917989417989418,1.1082144979203803
expert_2,2993,midogpp-expert_2-1003c6ad9678f3ca4947ae74,0.2163389642758239,694,0.23187437353825593,0.917989417989418,1.1078442291272228
expert_2,2994,midogpp-expert_2-a6f03d78161fa3c3eae167a5,0.215674328440875,694,0.23179692718770875,0.917989417989418,1.1074742076746085
expert_2,2995,midogpp-expert_2-0bdeb09b9710ed7c12ad7098,0.2154527831625588,694,0.2317195325542571,0.917989417989418,1.107104433314784
expert_2,2996,midogpp-expert_2-f998a44ba72aab95ca7d71a1,0.2153420105234007,694,0.23164218958611482,0.917989417989418,1.1067349058003264
expert_2,2997,midogpp-expert_2-9d4713881cac8e12be03c577,0.2145112157297147,694,0.2315648982315649,0.917989417989418,1.1063656248841434
expert_2,2998,midogpp-expert_2-b666cb218a3af01094278e7a,0.2142896704513985,694,0.2314876584389593,0.917989417989418,1.1059965903194722
expert_2,2999,midogpp-expert_2-4dd64a61e1cdce67c8a7fe9d,0.2140681251730822,694,0.2314104701567189,0.917989417989418,1.105627801859879
expert_2,3000,midogpp-expert_2-ad7804473043d8a83100d7fe,0.2137911935751869,694,0.23133333333333334,0.917989417989418,1.1052592592592592
expert_2,3001,midogpp-expert_2-5579b202effd1fbe8429fb89,0.2134034893381335,694,0.23125624791736088,0.917989417989418,1.1048909622718353
expert_2,3002,midogpp-expert_2-1baca475ba111c018fcd5c08,0.2132927166989753,694,0.23117921385742837,0.917989417989418,1.1045229106521577
expert_2,3003,midogpp-expert_2-54d34dd9a48febcad73c9d24,0.2132927166989753,694,0.2311022311022311,0.917989417989418,1.104155104155104
expert_2,3004,midogpp-expert_2-d22790c9f84b8773f85ba5d0,0.2131265577402381,695,0.23135818908122505,0.9193121693121693,1.1053780144991863
expert_2,3005,midogpp-expert_2-7097635e6553e75eb2dbc4d7,0.2126280808640266,695,0.23128119800332778,0.9193121693121693,1.1050101682381215
expert_2,3006,midogpp-expert_2-1818f02a69af52ce54dafff9,0.2126280808640265,695,0.23120425815036594,0.9193121693121693,1.104642566718415
expert_2,3007,midogpp-expert_2-0486cc9f7d23ac51d10375e6,0.2124619219052894,695,0.2311273694712338,0.9193121693121693,1.1042752096958948
expert_2,3008,midogpp-expert_2-d362a708b71d4132ae41f7e1,0.212184990307394,695,0.2310505319148936,0.9193121693121693,1.1039080969267139
expert_2,3009,midogpp-expert_2-53c352ae634188601393636a,0.2119634450290778,695,0.23097374543037555,0.9193121693121693,1.1035412281673498
expert_2,3010,midogpp-expert_2-a65b4201033bd326de6fd52d,0.2119080587094987,695,0.23089700996677742,0.9193121693121693,1.1031746031746033
expert_2,3011,midogpp-expert_2-e3f459f771e83e47151df758,0.2114649681528662,695,0.2308203254732647,0.9193121693121693,1.102808221705598
expert_2,3012,midogpp-expert_2-1bfcdc341b6e78b2021276e4,0.2109664912766546,695,0.23074369189907037,0.9193121693121693,1.1024420835177806
expert_2,3013,midogpp-expert_2-7e67ba2ab2e001748d0992b2,0.2109664912766546,696,0.23099900431463657,0.9206349206349206,1.1036619095032636
expert_2,3014,midogpp-expert_2-da7e9bc5c2a52cdb026f26a4,0.2103572417612849,696,0.2309223623092236,0.9206349206349206,1.1032957310329572
expert_2,3015,midogpp-expert_2-94f1fcb12712c04b9bee2d97,0.2101356964829687,696,0.2308457711442786,0.9206349206349206,1.1029297954671087
expert_2,3016,midogpp-expert_2-a5cdb8f579ba5aa822ee795e,0.209581833287178,696,0.23076923076923078,0.9206349206349206,1.1025641025641026
expert_2,3017,midogpp-expert_2-46e35f439e57d433298627a5,0.2089725837718083,696,0.2306927411335764,0.9206349206349206,1.1021986520826428
expert_2,3018,midogpp-expert_2-766a7939aa10c9bdb7fa84a3,0.2089725837718083,696,0.23061630218687873,0.9206349206349206,1.1018334437817539
expert_2,3019,midogpp-expert_2-4e5fddb6d776eeddb86d52d0,0.2089171974522293,696,0.2305399138787678,0.9206349206349206,1.1014684774207795
expert_2,3020,midogpp-expert_2-5877fedc72772dfceaf500ee,0.2087510384934921,696,0.2304635761589404,0.9206349206349206,1.1011037527593819
expert_2,3021,midogpp-expert_2-8f9545015242cb8a734b0b11,0.2087510384934921,696,0.23038728897715988,0.9206349206349206,1.1007392695575415
expert_2,3022,midogpp-expert_2-5f9731111cf07991161e53ec,0.2085848795347549,696,0.23031105228325613,0.9206349206349206,1.100375027575557
expert_2,3023,midogpp-expert_2-160ca067be4edc09f18668fe,0.2084741068955967,696,0.23023486602712537,0.9206349206349206,1.1000110265740433
expert_2,3024,midogpp-expert_2-ccbcedba2236d7fc666a7685,0.2081417889781223,696,0.23015873015873015,0.9206349206349206,1.099647266313933
expert_2,3025,midogpp-expert_2-6300b0c45cde0846486b6540,0.2080310163389642,696,0.2300826446280992,0.9206349206349206,1.0992837465564738
expert_2,3026,midogpp-expert_2-7d2b82ca908a5849548ca1b6,0.2076986984214899,696,0.23000660938532716,0.9206349206349206,1.0989204670632298
expert_2,3027,midogpp-expert_2-9fa7fe80f259b3d63834ffe0,0.2074217668235945,697,0.23026098447307566,0.921957671957672,1.1001358147046947
expert_2,3028,midogpp-expert_2-ce16d1bc841dbac97a60e9d7,0.2072002215452783,697,0.23018494055482167,0.921957671957672,1.0997724937619258
expert_2,3029,midogpp-expert_2-3b7ead3963aec58de3a4e9dd,0.2070894489061202,697,0.23010894684714428,0.921957671957672,1.0994094127141336
expert_2,3030,midogpp-expert_2-f462a2460fbf0acd969143d0,0.2053724729991692,697,0.23003300330033002,0.921957671957672,1.099046571323799
expert_2,3031,midogpp-expert_2-a49ddd9d00c2abc13ac85fd5,0.2051509277208529,697,0.2299571098647311,0.921957671957672,1.0986839693537152
expert_2,3032,midogpp-expert_2-4023f9df16a2add7b00cf683,0.2050401550816948,697,0.22988126649076518,0.921957671957672,1.0983216065669892
expert_2,3033,midogpp-expert_2-949f714655f7179abc9f9c6f,0.2049293824425367,698,0.23013517969007583,0.9232804232804233,1.09953474740814
expert_2,3034,midogpp-expert_2-cf104ac1e5ef5c620fc2409a,0.2041539739684298,699,0.23038892551087672,0.9246031746031746,1.1007470885519666
expert_2,3035,midogpp-expert_2-36372b58aa3aec89972c5894,0.2038770423705344,699,0.23031301482701813,0.9246031746031746,1.1003844041735311
expert_2,3036,midogpp-expert_2-7c3226587eecb1a39a268e14,0.2036554970922182,700,0.230566534914361,0.9259259259259259,1.101595666813058
expert_2,3037,midogpp-expert_2-fe7015385a3cc855c2261b87,0.203489338133481,700,0.23049061573921634,0.9259259259259259,1.1012329418651448
expert_2,3038,midogpp-expert_2-29ea94f1507199623c25dce1,0.2029354749376903,700,0.2304147465437788,0.9259259259259259,1.1008704557091653
expert_2,3039,midogpp-expert_2-9a1ac3d503f1c5ef9f22ced2,0.2029354749376903,700,0.2303389272787101,0.9259259259259259,1.1005082081093926
expert_2,3040,midogpp-expert_2-cb8946c0f480e5bd2cb63641,0.2022154527831625,700,0.23026315789473684,0.9259259259259259,1.1001461988304093
expert_2,3041,midogpp-expert_2-00da7bf6e1b8a0af6d931fb9,0.2018831348656881,700,0.23018743834265046,0.9259259259259259,1.0997844276371076
expert_2,3042,midogpp-expert_2-d4fb22b874dc11ff262aee77,0.2016062032677928,701,0.2304404996712689,0.9272486772486772,1.1009934984293959
expert_2,3043,midogpp-expert_2-b9cc8ceb3e44d89695509ca8,0.2013846579894765,701,0.2303647716069668,0.9272486772486772,1.100631686566619
expert_2,3044,midogpp-expert_2-d59943ae6d4cbc580ffe07b2,0.2007754084741069,701,0.23028909329829172,0.9272486772486772,1.1002701124251715
expert_2,3045,midogpp-expert_2-f4f80eac810786e06b9b1aea,0.2007200221545278,701,0.2302134646962233,0.9272486772486772,1.0999087757708446
expert_2,3046,midogpp-expert_2-6e8093b18a9abad189b98499,0.2001661589587371,701,0.23013788575180566,0.9272486772486772,1.099547676369738
expert_2,3047,midogpp-expert_2-a6dc41e0638a5c79e157ea75,0.1997784547216837,702,0.23039054808007878,0.9285714285714286,1.100754840827043
expert_2,3048,midogpp-expert_2-3f198f032302429f9ea5a8ae,0.1996122957629465,702,0.23031496062992127,0.9285714285714286,1.1003937007874016
expert_2,3049,midogpp-expert_2-ff45919c0ca008e1445d3063,0.1996122957629465,702,0.23023942276156117,0.9285714285714286,1.10003279763857
expert_2,3050,midogpp-expert_2-400cc6d5cdc072b5817b60c9,0.1990584325671558,702,0.2301639344262295,0.9285714285714286,1.099672131147541
expert_2,3051,midogpp-expert_2-e59faca5aad56fb6ff4effa8,0.1980060924951537,703,0.23041625696492954,0.9298941798941799,1.1008776721657745
expert_2,3052,midogpp-expert_2-aebbdd587b312ca17ed9eafb,0.1967322071448352,703,0.23034076015727392,0.9298941798941799,1.1005169651958642
expert_2,3053,midogpp-expert_2-1b0afdb0dc29a92d7bb71e26,0.1966768208252561,704,0.23059285948247626,0.9312169312169312,1.1017214397496087
expert_2,3054,midogpp-expert_2-279675a3464289a0810c369d,0.1966214345056771,704,0.23051735428945644,0.9312169312169312,1.1013606927162918
expert_2,3055,midogpp-expert_2-02764783701bb72790ad4c69,0.1962891165882027,704,0.23044189852700492,0.9312169312169312,1.1010001818512456
expert_2,3056,midogpp-expert_2-48eca201ceaff6712215c612,0.1960121849903074,705,0.23069371727748691,0.9325396825396826,1.1022033158813263
expert_2,3057,midogpp-expert_2-89405e50142d0055de52ef5c,0.1958460260315702,705,0.23061825318940138,0.9325396825396826,1.101842765238251
expert_2,3058,midogpp-expert_2-da94b913b48e884719ce61c8,0.1956244807532539,705,0.23054283845650753,0.9325396825396826,1.1014824504033136
expert_2,3059,midogpp-expert_2-25cae9f5f83b92d8bf31fc2a,0.1955690944336749,705,0.2304674730304021,0.9325396825396826,1.1011223711452545
expert_2,3060,midogpp-expert_2-929f74ffb905e2336da84107,0.1953475491553586,705,0.23039215686274508,0.9325396825396826,1.1007625272331154
expert_2,3061,midogpp-expert_2-043acce1a87cb0e73f626465,0.1946829133204098,705,0.23031688990525973,0.9325396825396826,1.100402918436241
expert_2,3062,midogpp-expert_2-953bce47c2336e1dff93cd7a,0.1944613680420936,705,0.2302416721097322,0.9325396825396826,1.100043544524276
expert_2,3063,midogpp-expert_2-506ee636261c72d00b3a4374,0.1943505954029354,705,0.23016650342801176,0.9325396825396826,1.0996844052671673
expert_2,3064,midogpp-expert_2-a11f69d64522963f7c3ad11e,0.1938521185267239,705,0.23009138381201044,0.9325396825396826,1.099325500435161
expert_2,3065,midogpp-expert_2-381ae74b7d649f7bf3b29d3a,0.1937967322071448,705,0.2300163132137031,0.9325396825396826,1.0989668297988038
expert_2,3066,midogpp-expert_2-43f48eca5315178db298bc5e,0.1935198006092495,705,0.2299412915851272,0.9325396825396826,1.098608393128941
expert_2,3067,midogpp-expert_2-de7f8c675886e14080a218ef,0.1934644142896704,706,0.23019237039452234,0.9338624338624338,1.09980799188494
expert_2,3068,midogpp-expert_2-1271df45aa2d64fbd0e8436b,0.1932982553309332,706,0.2301173402868318,0.9338624338624338,1.099449514703752
expert_2,3069,midogpp-expert_2-290cd0982359c4bd0b520269,0.1932428690113542,707,0.2303681981101336,0.9351851851851852,1.1006480576373048
expert_2,3070,midogpp-expert_2-c60fc18aa15d2f72d6e04b07,0.193132096372196,707,0.23029315960912053,0.9351851851851852,1.1002895403546868
expert_2,3071,midogpp-expert_2-6ae8eb24d4dc8108580fbbda,0.1929659374134588,708,0.23054379680885706,0.9365079365079365,1.1014870291978727
expert_2,3072,midogpp-expert_2-ddefcb6dba06ecaa61b806b1,0.1929659374134588,708,0.23046875,0.9365079365079365,1.101128472222222
expert_2,3073,midogpp-expert_2-2c490d9a49151e942c29a6fe,0.1925782331764054,708,0.23039375203384316,0.9365079365079365,1.1007701486061394
expert_2,3074,midogpp-expert_2-a9e068746107c2f52bfe9df5,0.1925782331764054,708,0.23031880286271958,0.9365079365079365,1.1004120581218824
expert_2,3075,midogpp-expert_2-0895b42049866e7840468473,0.1917474383827194,708,0.2302439024390244,0.9365079365079365,1.1000542005420053
expert_2,3076,midogpp-expert_2-51471f72dcab5f294f7bf115,0.1916920520631403,708,0.23016905071521457,0.9365079365079365,1.0996965756393584
expert_2,3077,midogpp-expert_2-a6f767cd10867ad09579afab,0.1909166435890334,708,0.2300942476438089,0.9365079365079365,1.099339183187087
expert_2,3078,midogpp-expert_2-e6701c7369ec9a6a8751dda0,0.190473553032401,708,0.2300194931773879,0.9365079365079365,1.0989820229586311
expert_2,3079,midogpp-expert_2-43f047500a5a49090ab1d2b2,0.1900304624757684,708,0.2299447872685937,0.9365079365079365,1.0986250947277254
expert_2,3080,midogpp-expert_2-d665f44018d1c1441534b602,0.1899196898366103,708,0.22987012987012986,0.9365079365079365,1.0982683982683983
expert_2,3081,midogpp-expert_2-22cb2c2c438c713d69dc84c2,0.1898089171974522,708,0.22979552093476144,0.9365079365079365,1.0979119333549712
expert_2,3082,midogpp-expert_2-e3ec42601a1ecf57cf7961e9,0.1894212129603987,708,0.22972096041531473,0.9365079365079365,1.0975556997620592
expert_2,3083,midogpp-expert_2-e2c30de745b0d5fe93017308,0.1888673497646081,708,0.22964644826467726,0.9365079365079365,1.097199697264569
expert_2,3084,midogpp-expert_2-adc56a2dd005ffbc09aafffc,0.1887011908058709,708,0.22957198443579765,0.9365079365079365,1.0968439256376998
expert_2,3085,midogpp-expert_2-aa215f4210e2ef8fd059d0f5,0.1884796455275546,708,0.22949756888168557,0.9365079365079365,1.0964883846569422
expert_2,3086,midogpp-expert_2-822e8c3b9b21cc9ec7042962,0.1883134865688175,708,0.22942320155541154,0.9365079365079365,1.0961330740980773
expert_2,3087,midogpp-expert_2-9e49126eb5131f472868a62b,0.1882027139296593,708,0.2293488824101069,0.9365079365079365,1.0957779937371774
expert_2,3088,midogpp-expert_2-33331f355c20bf39a77185a9,0.1875934644142896,708,0.22927461139896374,0.9365079365079365,1.0954231433506045
expert_2,3089,midogpp-expert_2-f52812bdf1ba9b93306fde17,0.1875934644142896,709,0.22952411783748786,0.9378306878306878,1.0966152296679974
expert_2,3090,midogpp-expert_2-1633af890873320e3a35e30d,0.1873719191359734,709,0.22944983818770226,0.9378306878306878,1.0962603380079108
expert_2,3091,midogpp-expert_2-744abae01b30cec2debabbb4,0.1869842148989199,709,0.22937560659980588,0.9378306878306878,1.0959056759768502
expert_2,3092,midogpp-expert_2-c36506757373069d2d6601f8,0.1863195790639712,709,0.22930142302716688,0.9378306878306878,1.0955512433520196
expert_2,3093,midogpp-expert_2-6e0e0f8fba873b395067df65,0.1858764885073386,709,0.22922728742321372,0.9378306878306878,1.0951970399109099
expert_2,3094,midogpp-expert_2-ed5b1064f51222b051b25daa,0.1850456937136527,709,0.22915319974143503,0.9378306878306878,1.0948430654313006
expert_2,3095,midogpp-expert_2-d842285c34b8fe2435138539,0.1849903073940736,709,0.22907915993537964,0.9378306878306878,1.0944893196912582
expert_2,3096,midogpp-expert_2-3c7e3f6f75d2811f7593edaf,0.1848795347549155,709,0.22900516795865633,0.9378306878306878,1.0941358024691357
expert_2,3097,midogpp-expert_2-82b61af698468d079ae5c02f,0.1846026031570202,709,0.2289312237649338,0.9378306878306878,1.0937825135435726
expert_2,3098,midogpp-expert_2-7733b5fd275d49a5bddf4f70,0.1841041262808086,709,0.22885732730794062,0.9378306878306878,1.093429452693494
expert_2,3099,midogpp-expert_2-a9f4b97d2f66a4126002ba84,0.1840487399612295,709,0.228783478541465,0.9378306878306878,1.0930766196981105
expert_2,3100,midogpp-expert_2-28f2011a50c9e075103e155f,0.1837164220437552,709,0.22870967741935483,0.9378306878306878,1.0927240143369175
expert_2,3101,midogpp-expert_2-511c316fb5ce991392ee0a83,0.1835502630850179,709,0.22863592389551757,0.9378306878306878,1.092371636389695
expert_2,3102,midogpp-expert_2-029bf5b1831584c2695cbc3f,0.1828856272500692,709,0.22856221792392006,0.9378306878306878,1.0920194856365069
expert_2,3103,midogpp-expert_2-1953efd0a63df46515917947,0.1828856272500692,710,0.22881082823074445,0.9391534391534392,1.093207290435779
expert_2,3104,midogpp-expert_2-264c61b861b70b585867a592,0.1828302409304901,710,0.22873711340206185,0.9391534391534392,1.0928550973654065
expert_2,3105,midogpp-expert_2-3d12c2bfebbda062d9172d7b,0.1821102187759623,710,0.2286634460547504,0.9391534391534392,1.092503131150474
expert_2,3106,midogpp-expert_2-66aba5516b9a89f33e396370,0.1817779008584879,710,0.22858982614294912,0.9391534391534392,1.092151391571868
expert_2,3107,midogpp-expert_2-46b8d06acde2dbc3c793b7b8,0.1812794239822764,710,0.22851625362085612,0.9391534391534392,1.091799878410757
expert_2,3108,midogpp-expert_2-d211cc926ea45fd382f7ad47,0.1811686513431182,710,0.22844272844272845,0.9391534391534392,1.0914485914485914
expert_2,3109,midogpp-expert_2-275c8ee5c8ac31ecf1ca91dc,0.1807809471060648,710,0.22836925056288196,0.9391534391534392,1.0910975304671027
expert_2,3110,midogpp-expert_2-3a03cd1b5c1e4f8f4b8d955a,0.1807255607864857,710,0.2282958199356913,0.9391534391534392,1.090746695248303
expert_2,3111,midogpp-expert_2-b8876a3346f31af889fb86b6,0.1805594018277485,710,0.22822243651558985,0.9391534391534392,1.0903960855744848
expert_2,3112,midogpp-expert_2-6d3adea381dfef06bd6a7abf,0.1801716975906951,710,0.22814910025706941,0.9391534391534392,1.0900457012282205
expert_2,3113,midogpp-expert_2-c55905782c558b0669dd34d8,0.1799501523123788,710,0.22807581111468037,0.9391534391534392,1.0896955419923617
expert_2,3114,midogpp-expert_2-3b9cf89ac745f6198ca44884,0.1793409027970091,710,0.22800256904303148,0.9391534391534392,1.0893456076500392
expert_2,3115,midogpp-expert_2-faa20d17d6cf194786fa3475,0.17928551647743,710,0.22792937399678972,0.9391534391534392,1.088995897984662
expert_2,3116,midogpp-expert_2-e88f361d3b47acc955a3eaac,0.179230130157851,710,0.22785622593068036,0.9391534391534392,1.0886464127799171
expert_2,3117,midogpp-expert_2-55e582c849fec8718edffbf4,0.1790639711991138,710,0.22778312479948667,0.9391534391534392,1.0882971518197697
expert_2,3118,midogpp-expert_2-55eff1a484f3e265e0a5f549,0.1790639711991138,710,0.22771007055805004,0.9391534391534392,1.0879481148884613
expert_2,3119,midogpp-expert_2-fc8b376cca4ee4546a7a8573,0.1789531985599557,710,0.22763706316126964,0.9391534391534392,1.0875993017705103
expert_2,3120,midogpp-expert_2-14cce46d284ce51d20038a50,0.1788978122403766,710,0.22756410256410256,0.9391534391534392,1.0872507122507122
expert_2,3121,midogpp-expert_2-22f88ce625734d8f260c4fcf,0.1786762669620603,710,0.2274911887215636,0.9391534391534392,1.0869023461141372
expert_2,3122,midogpp-expert_2-e434b6de899ecd9dab6a17a9,0.1786762669620603,710,0.2274183215887252,0.9391534391534392,1.0865542031461315
expert_2,3123,midogpp-expert_2-85b8eb56144f092404e942e1,0.1781777900858487,710,0.22734550112071725,0.9391534391534392,1.0862062831323156
expert_2,3124,midogpp-expert_2-f735390ebdacdac76564e3d6,0.1779562448075325,710,0.22727272727272727,0.9391534391534392,1.0858585858585859
expert_2,3125,midogpp-expert_2-caf835e5cf998545c7927214,0.1774023816117418,710,0.2272,0.9391534391534392,1.085511111111111
expert_2,3126,midogpp-expert_2-177f8f70a3a0e5ee43021ec6,0.1772916089725837,710,0.2271273192578375,0.9391534391534392,1.0851638586763346
expert_2,3127,midogpp-expert_2-7ab30aa68ce2a50ede242969,0.1769039047355303,710,0.22705468500159898,0.9391534391534392,1.084816828340973
expert_2,3128,midogpp-expert_2-e4816f5ddefc9decba2055b6,0.1769039047355303,710,0.22698209718670076,0.9391534391534392,1.0844700198920147
expert_2,3129,midogpp-expert_2-28dc8b81a2a21143a26cf651,0.1767377457767931,710,0.22690955576861618,0.9391534391534392,1.0841234331167218
expert_2,3130,midogpp-expert_2-c0fcb869b5f1453d7a642e60,0.1767377457767931,710,0.2268370607028754,0.9391534391534392,1.0837770678026268
expert_2,3131,midogpp-expert_2-81171c87cefab234d0db7591,0.1761284962614234,710,0.22676461194506548,0.9391534391534392,1.083430923737535
expert_2,3132,midogpp-expert_2-92f10d2bd99795e43b14521a,0.1755746330656327,710,0.22669220945083013,0.9391534391534392,1.0830850007095216
expert_2,3133,midogpp-expert_2-adfcc95da69b8bd5b879a7f4,0.174909997230684,710,0.22661985317586977,0.9391534391534392,1.0827392985069333
expert_2,3134,midogpp-expert_2-7a232e6e0d525cef1345d768,0.1747992245915259,710,0.2265475430759413,0.9391534391534392,1.0823938169183862
expert_2,3135,midogpp-expert_2-727760bd0073631e8e90cc6b,0.1747992245915258,711,0.22679425837320574,0.9404761904761905,1.083572567783094
expert_2,3136,midogpp-expert_2-76793e7074b2fc8db23db37d,0.1743007477153143,712,0.22704081632653061,0.9417989417989417,1.084750566893424
expert_2,3137,midogpp-expert_2-c59ffe92d2075b9101cdb26c,0.1742453613957352,712,0.22696844118584636,0.9417989417989417,1.0844047745545993
expert_2,3138,midogpp-expert_2-d098d65b76eee39635c19c39,0.1738576571586818,712,0.22689611217335884,0.9417989417989417,1.0840592026060478
expert_2,3139,midogpp-expert_2-c4369daaea08f7bf50f08a09,0.1736361118803655,713,0.22714240203886588,0.9431216931216931,1.0852359208523592
expert_2,3140,midogpp-expert_2-b684e1f7db57e8a45050a1e5,0.1735807255607864,713,0.22707006369426752,0.9431216931216931,1.084890304317056
expert_2,3141,midogpp-expert_2-d49907e19891a8d4c4e17070,0.1735807255607864,713,0.22699777141037886,0.9431216931216931,1.084544907849588
expert_2,3142,midogpp-expert_2-d2dda33ee2f14e2b4461af8f,0.1732484076433121,713,0.22692552514322087,0.9431216931216931,1.084199731239833
expert_2,3143,midogpp-expert_2-68597c73ee29ee3394826e8f,0.1728053170866796,713,0.2268533248488705,0.9431216931216931,1.0838547742779367
expert_2,3144,midogpp-expert_2-73f963019c20e12b0fe5acb6,0.1724729991692052,713,0.22678117048346055,0.9431216931216931,1.0835100367543116
expert_2,3145,midogpp-expert_2-6a1de45f326c2ef03a847545,0.172306840210468,713,0.22670906200317964,0.9431216931216931,1.083165518459636
expert_2,3146,midogpp-expert_2-01b7f9ed563a0118c7645e44,0.1722514538908889,713,0.2266369993642721,0.9431216931216931,1.0828212191848554
expert_2,3147,midogpp-expert_2-291c8a3279263be915bb0060,0.1718637496538355,713,0.2265649825230378,0.9431216931216931,1.0824771387211807
expert_2,3148,midogpp-expert_2-05c2995a3d06cd170ae8247f,0.1716422043755192,713,0.22649301143583228,0.9431216931216931,1.0821332768600875
expert_2,3149,midogpp-expert_2-5974e46ba37f034331f25582,0.171476045416782,713,0.22642108605906636,0.9431216931216931,1.081789633393317
expert_2,3150,midogpp-expert_2-8f20f355bdf39eec0d7fadef,0.171420659097203,713,0.22634920634920636,0.9431216931216931,1.0814462081128748
expert_2,3151,midogpp-expert_2-a3689582599af85c33f07553,0.1713652727776239,713,0.22627737226277372,0.9431216931216931,1.08110300081103
expert_2,3152,midogpp-expert_2-5d621f70c6d01a45d7a5e072,0.1711437274993076,714,0.2265228426395939,0.9444444444444444,1.0822758037225042
expert_2,3153,midogpp-expert_2-a5d93661691692815ee77915,0.1711437274993076,714,0.22645099904852523,0.9444444444444444,1.0819325510096205
expert_2,3154,midogpp-expert_2-4145b1d5ae586007788163d8,0.1709775685405705,714,0.22637920101458464,0.9444444444444444,1.0815895159585711
expert_2,3155,midogpp-expert_2-cd415b8e53c539c0f805bea0,0.1708667959014123,714,0.22630744849445325,0.9444444444444444,1.0812466983623876
expert_2,3156,midogpp-expert_2-1b53ccc143f846e618cc3cd2,0.1706452506230961,714,0.2262357414448669,0.9444444444444444,1.080904098014364
expert_2,3157,midogpp-expert_2-e87d356d08dd4fc233163c28,0.170589864303517,714,0.2261640798226164,0.9444444444444444,1.0805617147080562
expert_2,3158,midogpp-expert_2-8de7c20ed696ec86f19db4a7,0.1704237053447798,714,0.22609246358454718,0.9444444444444444,1.080219548237281
expert_2,3159,midogpp-expert_2-e333e739df2c8ca917290514,0.1703683190252007,715,0.22633744855967078,0.9457671957671958,1.081390032007316
expert_2,3160,midogpp-expert_2-3a102623d6b2478282cda064,0.1695929105510938,715,0.22626582278481014,0.9457671957671958,1.0810478199718707
expert_2,3161,midogpp-expert_2-b9a26536e6820b17e6cdcf95,0.1695375242315148,715,0.2261942423283771,0.9457671957671958,1.0807058244578016
expert_2,3162,midogpp-expert_2-d746f47b2629cf5e7eaed24a,0.1694821379119357,715,0.2261227071473751,0.9457671957671958,1.080364045259681
expert_2,3163,midogpp-expert_2-0c86e7781478e7295b035c06,0.1694267515923566,715,0.22605121719886184,0.9457671957671958,1.0800224821723399
expert_2,3164,midogpp-expert_2-e37014a719d1144f04d72080,0.1692605926336194,715,0.22597977243994943,0.9457671957671958,1.0796811349908695
expert_2,3165,midogpp-expert_2-7d6d09a68d20d6cbebeefdd1,0.1690944336748823,715,0.2259083728278041,0.9457671957671958,1.0793400035106195
expert_2,3166,midogpp-expert_2-8100f5750872f500dff9342b,0.1687067294378288,715,0.22583701831964625,0.9457671957671958,1.0789990875271986
expert_2,3167,midogpp-expert_2-d06253ee82ba4a8084815f5b,0.1678759346441429,715,0.22576570887275024,0.9457671957671958,1.0786583868364734
expert_2,3168,midogpp-expert_2-aeeaf4e6cbbf14cd92c295bb,0.1678205483245638,715,0.22569444444444445,0.9457671957671958,1.0783179012345678
expert_2,3169,midogpp-expert_2-caa11aad5005cbe50e6b6f83,0.1672112988091941,715,0.22562322499211107,0.9457671957671958,1.0779776305178639
expert_2,3170,midogpp-expert_2-bed275ca1df7928cecbf317d,0.1664358903350872,715,0.22555205047318613,0.9457671957671958,1.0776375744830005
expert_2,3171,midogpp-expert_2-8fa031ee3ed12150261624fa,0.1661589587371919,715,0.22548092084515925,0.9457671957671958,1.0772977329268718
expert_2,3172,midogpp-expert_2-e79c1bb13b3bdd5b580f9276,0.1659374134588756,715,0.22540983606557377,0.9457671957671958,1.0769581056466302
expert_2,3173,midogpp-expert_2-c6e81889918dd5837d2d0083,0.1654389365826641,715,0.22533879609202648,0.9457671957671958,1.0766186924396821
expert_2,3174,midogpp-expert_2-3fc5f832f1e39d95505c1c24,0.1647743007477153,716,0.22558286074354128,0.9470899470899471,1.0777847791080306
expert_2,3175,midogpp-expert_2-647a2bcbb5e20410d7400cb0,0.1646635281085571,716,0.22551181102362206,0.9470899470899471,1.077445319335083
expert_2,3176,midogpp-expert_2-834039e04fd66eaabd851c00,0.1644419828302409,716,0.22544080604534006,0.9470899470899471,1.0771060733277358
expert_2,3177,midogpp-expert_2-8d6f7724a679dc4a4b60bc57,0.1642758238715037,716,0.22536984576644634,0.9470899470899471,1.0767670408841323
expert_2,3178,midogpp-expert_2-298f1d7c48c210c1f7c60d83,0.1642204375519247,716,0.2252989301447451,0.9470899470899471,1.076428221802671
expert_2,3179,midogpp-expert_2-ccf96ba9b8ef0a105a444217,0.1635004153973968,716,0.22522805913809374,0.9470899470899471,1.0760896158820035
expert_2,3180,midogpp-expert_2-e0b4efaeb2752d8d37cb0f52,0.1631680974799224,716,0.22515723270440252,0.9470899470899471,1.0757512229210342
expert_2,3181,midogpp-expert_2-f30768a20f459cb6fed7ec7c,0.1623926890058155,716,0.2250864508016347,0.9470899470899471,1.0754130427189212
expert_2,3182,midogpp-expert_2-4b629d3a12e294be6b94192a,0.1620603710883411,716,0.2250157133878064,0.9470899470899471,1.075075075075075
expert_2,3183,midogpp-expert_2-47495ff4b733deeb10a1d0b6,0.1620049847687621,716,0.2249450204209865,0.9470899470899471,1.0747373197891577
expert_2,3184,midogpp-expert_2-830c14f0e460c35697001b01,0.1614511215729714,717,0.22518844221105527,0.9484126984126984,1.0759003350083751
expert_2,3185,midogpp-expert_2-524be2d96b13af79db151e84,0.1611741899750761,717,0.2251177394034537,0.9484126984126984,1.07556253270539
expert_2,3186,midogpp-expert_2-72b4bb8f6f79ce0951d32a4b,0.161063417335918,717,0.22504708097928436,0.9484126984126984,1.0752249424565807
expert_2,3187,midogpp-expert_2-18f7557bd12372b74f06ab3f,0.1610080310163389,717,0.22497646689676812,0.9484126984126984,1.0748875640623365
expert_2,3188,midogpp-expert_2-1be403a5bb135190b9da85a8,0.1608418720576017,717,0.22490589711417816,0.9484126984126984,1.0745503973232955
expert_2,3189,midogpp-expert_2-f174fc4cb4494435d3c01b06,0.1607864857380227,717,0.22483537158984007,0.9484126984126984,1.0742134420403469
expert_2,3190,midogpp-expert_2-c2276bb3aeb142a659fc5913,0.1605095541401274,717,0.22476489028213167,0.9484126984126984,1.073876698014629
expert_2,3191,midogpp-expert_2-e58a26e6edc804a78bacdb30,0.1605095541401273,717,0.22469445314948291,0.9484126984126984,1.0735401650475294
expert_2,3192,midogpp-expert_2-b346136320384fac52cddfde,0.160177236222653,717,0.22462406015037595,0.9484126984126984,1.073203842940685
expert_2,3193,midogpp-expert_2-38ae482ad0127be4d77d8420,0.1600664635834948,717,0.2245537112433448,0.9484126984126984,1.0728677314959807
expert_2,3194,midogpp-expert_2-bcdddc190e0d36d537862a46,0.1599556909443367,717,0.2244834063869756,0.9484126984126984,1.07253183051555
expert_2,3195,midogpp-expert_2-12267a96ffc6a8dd9d211611,0.1596233730268623,717,0.2244131455399061,0.9484126984126984,1.0721961398017736
expert_2,3196,midogpp-expert_2-b9009ee2ee1725e554497ace,0.1596233730268623,717,0.22434292866082603,0.9484126984126984,1.07186065915728
expert_2,3197,midogpp-expert_2-0dfdb2b35d2da47c52665079,0.1592910551093879,717,0.22427275570847668,0.9484126984126984,1.071525388384944
expert_2,3198,midogpp-expert_2-ee3d4c4484627a3adacd1fe0,0.1591248961506507,717,0.22420262664165103,0.9484126984126984,1.0711903272878882
expert_2,3199,midogpp-expert_2-91197d7b81dc27b9b94cf890,0.1588479645527555,717,0.2241325414191935,0.9484126984126984,1.07085547566948
expert_2,3200,midogpp-expert_2-69f86167fe0265133f808361,0.1586818055940182,718,0.224375,0.9497354497354498,1.0720138888888888
expert_2,3201,midogpp-expert_2-4f81cd76701a9a208ce3488e,0.1586264192744392,718,0.22430490471727585,0.9497354497354498,1.0716789892047622
expert_2,3202,midogpp-expert_2-b186bb061ccdd383d8bb2096,0.1586264192744392,718,0.22423485321673953,0.9497354497354498,1.0713442987022
expert_2,3203,midogpp-expert_2-079f6f44e0aea839ad933dce,0.1583494876765439,719,0.22447705276303465,0.951058201058201,1.0725014743122765
expert_2,3204,midogpp-expert_2-5540fa5ab8cd3a684eb71c2a,0.1581279423982276,719,0.22440699126092384,0.951058201058201,1.0721667360244138
expert_2,3205,midogpp-expert_2-00f63b6aced2e17a5c947690,0.1580725560786485,719,0.22433697347893916,0.951058201058201,1.0718322066215982
expert_2,3206,midogpp-expert_2-de248c01c904b5d617d6a7a0,0.1579617834394904,719,0.22426699937616967,0.951058201058201,1.0714978859083661
expert_2,3207,midogpp-expert_2-0c73a73afd08c59eb4a84690,0.1577402381611742,719,0.22419706891175553,0.951058201058201,1.0711637736894986
expert_2,3208,midogpp-expert_2-2b95752de2509caa24c4dbae,0.1575186928828579,719,0.22412718204488777,0.951058201058201,1.0708298697700194
expert_2,3209,midogpp-expert_2-a2dc6ae2215347ef2fbabe4a,0.1571863749653835,719,0.22405733873480835,0.951058201058201,1.0704961739551955
expert_2,3210,midogpp-expert_2-3ba01436a3328235e7734a5c,0.1571309886458045,719,0.22398753894080997,0.951058201058201,1.0701626860505364
expert_2,3211,midogpp-expert_2-ed00c9796e2852e2e5a353eb,0.1569094433674882,720,0.2242292120834631,0.9523809523809523,1.0713173466209904
expert_2,3212,midogpp-expert_2-35a81b5c5f50c14c002d2827,0.1567986707283301,720,0.22415940224159403,0.9523809523809523,1.0709838107098382
expert_2,3213,midogpp-expert_2-0f34361a1d7bae72fb5fab0a,0.1560232622542232,721,0.22440087145969498,0.9537037037037037,1.0721374969740982
expert_2,3214,midogpp-expert_2-c5ed20e60768058ea3465ba2,0.1555247853780116,721,0.22433105164903547,0.9537037037037037,1.0718039134342805
expert_2,3215,midogpp-expert_2-8b76e7030349c1b029f7f4ee,0.1543616726668513,722,0.22457231726283047,0.955026455026455,1.0729566269224122
expert_2,3216,midogpp-expert_2-45a254437ce9ce62905558e6,0.154140127388535,722,0.22450248756218905,0.955026455026455,1.0726229961304588
expert_2,3217,midogpp-expert_2-839edbd2892b6c2bcb6c0456,0.1538078094710606,722,0.22443270127447934,0.955026455026455,1.0722895727558457
expert_2,3218,midogpp-expert_2-4f82f8afb4d5955210645d37,0.1530877873165328,722,0.22436295835922934,0.955026455026455,1.0719563566052068
expert_2,3219,midogpp-expert_2-73123b795e6e25bbdf28c25d,0.1530324009969537,722,0.22429325877601738,0.955026455026455,1.0716233474854164
expert_2,3220,midogpp-expert_2-be6bdb5b567d61065756c19a,0.1528108557186375,722,0.22422360248447204,0.955026455026455,1.0712905452035886
expert_2,3221,midogpp-expert_2-a3f221e77c63dbafc75a6f25,0.1524785378011631,722,0.22415398944427198,0.955026455026455,1.0709579495670771
expert_2,3222,midogpp-expert_2-1ecf519f52b4a60e42cc9ae1,0.1521462198836887,722,0.22408441961514589,0.955026455026455,1.0706255603834747
expert_2,3223,midogpp-expert_2-f69e122adfa53bb2f512a9f4,0.1519246746053724,722,0.2240148929568725,0.955026455026455,1.070293377460613
expert_2,3224,midogpp-expert_2-d7ca29417541f32343f4b3a9,0.1514815840487399,722,0.2239454094292804,0.955026455026455,1.0699614006065619
expert_2,3225,midogpp-expert_2-1e074c81cefb8c72de80fabf,0.1513708114095818,722,0.22387596899224807,0.955026455026455,1.0696296296296297
expert_2,3226,midogpp-expert_2-87a35ff50ba88423b2d83ba3,0.1510938798116865,722,0.22380657160570366,0.955026455026455,1.0692980643383618
expert_2,3227,midogpp-expert_2-9be7d5d91a31d50b5c8587a6,0.1508723345333702,722,0.22373721722962503,0.955026455026455,1.0689667045415419
expert_2,3228,midogpp-expert_2-e94754011252af69a2236953,0.150650789255054,722,0.22366790582403964,0.955026455026455,1.0686355500481894
expert_2,3229,midogpp-expert_2-0a5e0ec8269dd5cf317b9e80,0.1499861534201052,722,0.22359863734902446,0.955026455026455,1.0683046006675612
expert_2,3230,midogpp-expert_2-68bd2d7db3799d1e5d710ff3,0.1494322902243146,722,0.2235294117647059,0.955026455026455,1.0679738562091503
expert_2,3231,midogpp-expert_2-be4e91d3b454c32878101590,0.1483245638327333,722,0.22346022903125967,0.955026455026455,1.067643316482685
expert_2,3232,midogpp-expert_2-44843b07374c556b55789704,0.1482137911935752,722,0.2233910891089109,0.955026455026455,1.0673129812981297
expert_2,3233,midogpp-expert_2-0ec20848e64379dc8552c097,0.1478260869565217,723,0.2236313021961027,0.9563492063492064,1.0684606660480462
expert_2,3234,midogpp-expert_2-44b2ceb7a34dafab573387bf,0.1469399058432567,723,0.22356215213358072,0.9563492063492064,1.0681302824159966
expert_2,3235,midogpp-expert_2-3771e353035dab9c52273d8b,0.1468291332040986,723,0.22349304482225657,0.9563492063492064,1.0678001030396702
expert_2,3236,midogpp-expert_2-6bdbb11a2300b43bb6f78f63,0.1460537247299917,724,0.22373300370828184,0.9576719576719577,1.068946573272902
expert_2,3237,midogpp-expert_2-33084c8e28536b0c60b5b775,0.1458321794516754,724,0.22366388631448872,0.9576719576719577,1.0686163457247795
expert_2,3238,midogpp-expert_2-bede306fcdc6a5c9cd1038d9,0.1450567709775685,724,0.22359481161210623,0.9576719576719577,1.0682863221467298
expert_2,3239,midogpp-expert_2-30764ce435a256105f1170a8,0.1446690667405151,724,0.22352577956159309,0.9576719576719577,1.0679565023498336
expert_2,3240,midogpp-expert_2-466f8aeb10375f1a34ece506,0.1441705898643035,724,0.2234567901234568,0.9576719576719577,1.0676268861454046
expert_2,3241,midogpp-expert_2-7f9ee247435caa8c67d12895,0.1438936582664082,724,0.22338784325825362,0.9576719576719577,1.0672974733449894
expert_2,3242,midogpp-expert_2-690aa7ed42850f5c9c8c2fe4,0.1436721129880919,724,0.22331893892658852,0.9576719576719577,1.0669682637603672
expert_2,3243,midogpp-expert_2-a32f32404e543665419aae00,0.1436167266685128,724,0.223250077089115,0.9576719576719577,1.0666392572035495
expert_2,3244,midogpp-expert_2-62b40d547cdb44c6099c3964,0.1433951813901966,724,0.22318125770653513,0.9576719576719577,1.0663104534867789
expert_2,3245,midogpp-expert_2-ed434a54d8ffbcf73e9ef863,0.142841318194406,724,0.22311248073959938,0.9576719576719577,1.0659818524225304
expert_2,3246,midogpp-expert_2-5feeff4df4b0ca83f5e7e925,0.1425643865965106,724,0.2230437461491066,0.9576719576719577,1.0656534538235092
expert_2,3247,midogpp-expert_2-b1c7446cf30ff21890638670,0.1421212960398781,724,0.2229750538959039,0.9576719576719577,1.065325257502652
expert_2,3248,midogpp-expert_2-6677dcc300cd60c0b0d17efd,0.1419551370811409,724,0.2229064039408867,0.9576719576719577,1.0649972632731253
expert_2,3249,midogpp-expert_2-3a7fd7804d3f95149d0869cb,0.1416782054832456,724,0.22283779624499847,0.9576719576719577,1.064669470948326
expert_2,3250,midogpp-expert_2-79b6d1a5171f85b05f1b4c2c,0.1414566602049293,725,0.2230769230769231,0.958994708994709,1.0658119658119658
expert_2,3251,midogpp-expert_2-938b5e776c98febffb35252e,0.1413458875657712,725,0.22300830513688097,0.958994708994709,1.0654841245428757
expert_2,3252,midogpp-expert_2-7c6e3a26dda0fcef7813b0ed,0.141179728607034,725,0.22293972939729398,0.958994708994709,1.0651564848981823
expert_2,3253,midogpp-expert_2-6040b1a5358120b38f979a99,0.1409027970091387,725,0.22287119581924378,0.958994708994709,1.0648290466919423
expert_2,3254,midogpp-expert_2-e2a72fc781f04912a5483326,0.1405704790916643,726,0.2231100184388445,0.9603174603174603,1.0659700880967016
expert_2,3255,midogpp-expert_2-ed224366146ee7ef3d9b3ac6,0.140293547493769,727,0.22334869431643625,0.9616402116402116,1.0671104284007509
expert_2,3256,midogpp-expert_2-092a353fa8793a7fa991c0fe,0.1399612295762946,728,0.22358722358722358,0.9629629629629629,1.0682500682500682
expert_2,3257,midogpp-expert_2-022015609f2ebee943c84f1e,0.1399058432567156,728,0.223518575376113,0.9629629629629629,1.06792208235254
expert_2,3258,midogpp-expert_2-63f1c98c0b3eb30a65f88e91,0.1396842979783993,728,0.2234499693063229,0.9629629629629629,1.067594297796876
expert_2,3259,midogpp-expert_2-7ce4ebb3ae2623a1972b5977,0.1392965937413459,728,0.22338140533906106,0.9629629629629629,1.0672667143977361
expert_2,3260,midogpp-expert_2-ca4ed2d8fa372f81d162aa64,0.1389088895042924,728,0.2233128834355828,0.9629629629629629,1.0669393319700067
expert_2,3261,midogpp-expert_2-40945c905dbfe9441fd85b74,0.1387427305455552,728,0.22324440355719105,0.9629629629629629,1.0666121503288015
expert_2,3262,midogpp-expert_2-13ff331f59c9adecef2030e7,0.1386873442259761,728,0.22317596566523606,0.9629629629629629,1.066285169289461
expert_2,3263,midogpp-expert_2-3d17558b500e9c936a0387d6,0.1384104126280808,728,0.22310756972111553,0.9629629629629629,1.0659583886675519
expert_2,3264,midogpp-expert_2-813aa1d389ac50e7be3d31d9,0.1383550263085018,728,0.22303921568627452,0.9629629629629629,1.0656318082788672
expert_2,3265,midogpp-expert_2-ead43c9283a25c63744a47c8,0.1382996399889227,728,0.2229709035222052,0.9629629629629629,1.0653054279394247
expert_2,3266,midogpp-expert_2-f0738a34319f9d594a69b5c2,0.1381888673497646,729,0.2232088181261482,0.9642857142857143,1.0664421310471526
expert_2,3267,midogpp-expert_2-60d7954bd7ff79fc93b5e237,0.1380227083910274,729,0.2231404958677686,0.9642857142857143,1.0661157024793388
expert_2,3268,midogpp-expert_2-1bab3636ac4d39b60fa715b4,0.1379673220714483,730,0.2233782129742962,0.9656084656084656,1.067251461988304
expert_2,3269,midogpp-expert_2-0b2d1aeff2db0d284ec151a7,0.1378011631127111,730,0.223309880697461,0.9656084656084656,1.0669249855545357
expert_2,3270,midogpp-expert_2-34ff7cff35ae417d055f16b4,0.1376350041539739,731,0.2235474006116208,0.966931216931217,1.0680598029221882
expert_2,3271,midogpp-expert_2-a9dea0a577c87fa0dc1d222c,0.1371365272777623,731,0.22347905839192908,0.966931216931217,1.067733278983661
expert_2,3272,midogpp-expert_2-de5cc5f5cbf0990d39715e06,0.1370257546386042,731,0.22341075794621026,0.966931216931217,1.0674069546318934
expert_2,3273,midogpp-expert_2-e6c2761abe8d3b116050347d,0.1363611188036554,731,0.22334249923617477,0.966931216931217,1.067080829683946
expert_2,3274,midogpp-expert_2-cabee484ac45d43c85208587,0.1363057324840764,731,0.22327428222357973,0.966931216931217,1.0667549039571032
expert_2,3275,midogpp-expert_2-7fa9ca0487da96eccb690b40,0.1359180282470229,731,0.22320610687022902,0.966931216931217,1.0664291772688719
expert_2,3276,midogpp-expert_2-543d85867c113bb24eacc835,0.1351980060924951,731,0.22313797313797315,0.966931216931217,1.0661036494369829
expert_2,3277,midogpp-expert_2-74cf5e0d796ed23396c25c9e,0.1351980060924951,732,0.2233750381446445,0.9682539682539683,1.0672362933577457
expert_2,3278,midogpp-expert_2-48198dd58f9ce68d91f63cbe,0.135031847133758,732,0.22330689444783405,0.9682539682539683,1.0669107179174293
expert_2,3279,midogpp-expert_2-1d600e734b4b51f8430c748f,0.1344225976183882,732,0.2232387923147301,0.9682539682539683,1.066585341059266
expert_2,3280,midogpp-expert_2-2208fd1b8d365541accdccc9,0.1343672112988091,732,0.22317073170731708,0.9682539682539683,1.066260162601626
expert_2,3281,midogpp-expert_2-cbc530c5a6a1ef233d62b449,0.1342010523400719,732,0.22310271258762573,0.9682539682539683,1.0659351823631007
expert_2,3282,midogpp-expert_2-4970ad4d8999547998cc07df,0.1337579617834395,732,0.2230347349177331,0.9682539682539683,1.0656104001625024
expert_2,3283,midogpp-expert_2-291392b61c3b2474bdaef65a,0.1327056217114372,732,0.2229667986597624,0.9682539682539683,1.0652858158188647
expert_2,3284,midogpp-expert_2-02f9c6f6bd7121279608325a,0.1323733037939629,732,0.22289890377588306,0.9682539682539683,1.0649614291514413
expert_2,3285,midogpp-expert_2-e66510f528d206c647e86873,0.1323179174743838,732,0.2228310502283105,0.9682539682539683,1.0646372399797057
expert_2,3286,midogpp-expert_2-b6168f3d6050010359459217,0.1322625311548047,732,0.22276323797930614,0.9682539682539683,1.0643132481233515
expert_2,3287,midogpp-expert_2-a56abf7afcbe8639330dec11,0.1321517585156466,732,0.22269546699117737,0.9682539682539683,1.0639894534022918
expert_2,3288,midogpp-expert_2-404120709230b18ea9e3c76b,0.1315425090002769,732,0.22262773722627738,0.9682539682539683,1.0636658556366585
expert_2,3289,midogpp-expert_2-bc9b04cfc420a3cd27298219,0.1313209637219606,732,0.22256004864700518,0.9682539682539683,1.0633424546468024
expert_2,3290,midogpp-expert_2-808d65e13e4555448f1099d4,0.1309886458044863,732,0.22249240121580546,0.9682539682539683,1.0630192502532927
expert_2,3291,midogpp-expert_2-e6c52787f1a8d1245e9d677e,0.13076710052617,732,0.22242479489516864,0.9682539682539683,1.0626962422769168
expert_2,3292,midogpp-expert_2-8b9d0c4c42be76dac2ac1c3f,0.1306563278870119,732,0.22235722964763063,0.9682539682539683,1.0623734305386796
expert_2,3293,midogpp-expert_2-bbb720fe38624dc09da667b8,0.1305455552478537,732,0.22228970543577284,0.9682539682539683,1.0620508148598036
expert_2,3294,midogpp-expert_2-283a757d93397f01d251a9f8,0.1295486014954306,732,0.2222222222222222,0.9682539682539683,1.0617283950617282
expert_2,3295,midogpp-expert_2-ede672535bcff975cc7644b0,0.1295486014954306,732,0.222154779969651,0.9682539682539683,1.0614061709661102
expert_2,3296,midogpp-expert_2-4a38d8bc4d6ad7cd5bc62430,0.1293270562171143,732,0.2220873786407767,0.9682539682539683,1.061084142394822
expert_2,3297,midogpp-expert_2-fdb910925803d62fc6cd0a36,0.1293270562171143,732,0.22202001819836215,0.9682539682539683,1.0607623091699525
expert_2,3298,midogpp-expert_2-ee1436fc37eea2eb65006650,0.1291055109387981,732,0.22195269860521527,0.9682539682539683,1.0604406711138061
expert_2,3299,midogpp-expert_2-272a0e2bef61e1683333b491,0.1288285793409028,732,0.22188541982418916,0.9682539682539683,1.0601192280489038
expert_2,3300,midogpp-expert_2-665bfc037548a7452b1c74dc,0.1282193298255331,732,0.22181818181818183,0.9682539682539683,1.0597979797979797
expert_2,3301,midogpp-expert_2-41a12fed01bd136bdf5b5087,0.1279977845472168,733,0.22205392305362012,0.9695767195767195,1.0609242990339627
expert_2,3302,midogpp-expert_2-d0462d754e2d3c27376908e7,0.1268346718360564,733,0.22198667474258024,0.9695767195767195,1.0606030015478833
expert_2,3303,midogpp-expert_2-b0f9d9f8c6f1e0c21966001b,0.1265023539185821,734,0.2222222222222222,0.9708994708994709,1.0617283950617282
expert_2,3304,midogpp-expert_2-ac98bbd016163799f4d12ecd,0.1261700360011077,734,0.2221549636803874,0.9708994708994709,1.061407048695184
expert_2,3305,midogpp-expert_2-b24cc876255dc7e835341dc1,0.125616172805317,734,0.22208774583963692,0.9708994708994709,1.0610858967893764
expert_2,3306,midogpp-expert_2-b8a7b12230ba4fc52cd4ed34,0.1252838548878427,734,0.2220205686630369,0.9708994708994709,1.0607649391678429
expert_2,3307,midogpp-expert_2-4f16761e8ca1fa541af52f10,0.1250623096095264,734,0.22195343211369822,0.9708994708994709,1.060444175654336
expert_2,3308,midogpp-expert_2-f4d4625e4d7ba37d6f6202e2,0.1250069232899474,734,0.2218863361547763,0.9708994708994709,1.06012360607282
expert_2,3309,midogpp-expert_2-198b399f9ff4dd79277d08c5,0.1243422874549986,734,0.22181928074947113,0.9708994708994709,1.0598032302474731
expert_2,3310,midogpp-expert_2-b72650668ed22ac389a2c0c7,0.1241207421766823,734,0.2217522658610272,0.9708994708994709,1.0594830480026853
expert_2,3311,midogpp-expert_2-bafcc3edc6077faa64533e9a,0.1236222653004707,734,0.2216852914527333,0.9708994708994709,1.059163059163059
expert_2,3312,midogpp-expert_2-eed4137928df9c55f9b5aa18,0.1234561063417335,734,0.22161835748792272,0.9708994708994709,1.0588432635534084
expert_2,3313,midogpp-expert_2-8d12fc8d69488604655c853b,0.1231237884242592,734,0.22155146392997283,0.9708994708994709,1.058523660998759
expert_2,3314,midogpp-expert_2-94671333862aafd8969a6e50,0.1227914705067848,734,0.22148461074230538,0.9708994708994709,1.058204251324348
expert_2,3315,midogpp-expert_2-37952c87352cc4c9ea2c5753,0.1227360841872057,734,0.22141779788838611,0.9708994708994709,1.0578850343556225
expert_2,3316,midogpp-expert_2-2cacc2533b7cd9b4562b2dc3,0.1224591525893104,734,0.22135102533172496,0.9708994708994709,1.0575660099182413
expert_2,3317,midogpp-expert_2-3287a50cb12e1d439ad502cb,0.1220714483522569,734,0.2212842930358758,0.9708994708994709,1.0572471778380732
expert_2,3318,midogpp-expert_2-3b4bb3bd23766fef3558b384,0.1216283577956244,734,0.2212176009644364,0.9708994708994709,1.0569285379411961
expert_2,3319,midogpp-expert_2-78632fafcb98c1af49155500,0.1213514261977291,734,0.22115094908104851,0.9708994708994709,1.0566100900538984
expert_2,3320,midogpp-expert_2-44e2787edfd800bd43eb2884,0.1211852672389919,734,0.22108433734939759,0.9708994708994709,1.0562918340026772
expert_2,3321,midogpp-expert_2-86509ba43c29ea1cacdc31ee,0.1211852672389919,734,0.22101776573321288,0.9708994708994709,1.0559737696142393
expert_2,3322,midogpp-expert_2-db7e0c07f9e1e2de15a60c9f,0.1205206314040432,734,0.2209512341962673,0.9708994708994709,1.0556558967154992
expert_2,3323,midogpp-expert_2-4089b55a018f6c738139e1a6,0.1202436998061478,734,0.22088474270237737,0.9708994708994709,1.0553382151335808
expert_2,3324,midogpp-expert_2-4e719c782a15549b3f6d42b2,0.1202436998061478,734,0.22081829121540314,0.9708994708994709,1.055020724695815
expert_2,3325,midogpp-expert_2-5d3548fb71610fddfadd14e0,0.1196344502907781,734,0.22075187969924812,0.9708994708994709,1.054703425229741
expert_2,3326,midogpp-expert_2-030ef7056a58ef645b7f4d30,0.118637496538355,734,0.22068550811785928,0.9708994708994709,1.0543863165631053
expert_2,3327,midogpp-expert_2-7c3adfbdb60e429c4b5f8893,0.1185267238991969,734,0.22061917643522694,0.9708994708994709,1.054069398523862
expert_2,3328,midogpp-expert_2-b6d73913c1852d367823517d,0.1183605649404597,734,0.2205528846153846,0.9708994708994709,1.0537526709401708
expert_2,3329,midogpp-expert_2-1b12b259ebceb96c07d50520,0.1181390196621434,734,0.22048663262240914,0.9708994708994709,1.0534361336403992
expert_2,3330,midogpp-expert_2-e5852bfea24fbf94ddc96506,0.1176405427859318,734,0.22042042042042043,0.9708994708994709,1.0531197864531197
expert_2,3331,midogpp-expert_2-620b774caa7be96760133d6e,0.1170866795901412,734,0.2203542479735815,0.9708994708994709,1.0528036292071115
expert_2,3332,midogpp-expert_2-c5985ea29d96305a153e1705,0.1168651343118249,734,0.22028811524609843,0.9708994708994709,1.052487661731359
expert_2,3333,midogpp-expert_2-4d73a9d8baccb0855959332c,0.1168097479922459,734,0.22022202220222023,0.9708994708994709,1.0521718838550522
expert_2,3334,midogpp-expert_2-7d77e7c09b5907e24e1078c3,0.1168097479922459,734,0.22015596880623875,0.9708994708994709,1.0518562954075852
expert_2,3335,midogpp-expert_2-2e72f2a81fd1a7cbbb25829a,0.1162004984768762,734,0.22008995502248876,0.9708994708994709,1.0515408962185573
expert_2,3336,midogpp-expert_2-c35b33d440670b02fbf7cd64,0.1160897258377181,735,0.22032374100719423,0.9722222222222222,1.052657873701039
expert_2,3337,midogpp-expert_2-b71fff5bcb0be7d95c2d8623,0.1158127942398227,735,0.22025771651183698,0.9722222222222222,1.0523424233343321
expert_2,3338,midogpp-expert_2-d52c372325a131533275796a,0.1154804763223483,735,0.2201917315757939,0.9722222222222222,1.0520271619732373
expert_2,3339,midogpp-expert_2-5ceee6096869776fc84e87e5,0.115148158404874,736,0.22042527702905063,0.9735449735449735,1.0531429902499085
expert_2,3340,midogpp-expert_2-74aa6270eb9fd364017b99ef,0.1150373857657158,736,0.22035928143712574,0.9735449735449735,1.0528276779773784
expert_2,3341,midogpp-expert_2-81a2f1b22358709b32a294b4,0.1149819994461368,736,0.2202933253516911,0.9735449735449735,1.0525125544580796
expert_2,3342,midogpp-expert_2-b440b5bcb8277abb1964c3f2,0.1149819994461368,736,0.22022740873728305,0.9735449735449735,1.0521976195225746
expert_2,3343,midogpp-expert_2-e5ec8411f83989f078c92865,0.1148158404873996,736,0.2201615315584804,0.9735449735449735,1.0518828730016285
expert_2,3344,midogpp-expert_2-daa391b6415c37835e76a249,0.1144281362503461,736,0.22009569377990432,0.9735449735449735,1.0515683147262094
expert_2,3345,midogpp-expert_2-482a515157a4dae180fca636,0.1142619772916089,736,0.22002989536621823,0.9735449735449735,1.051253944527487
expert_2,3346,midogpp-expert_2-0ae1822c01e0e4e0fdf0f8f7,0.1137081140958183,736,0.2199641362821279,0.9735449735449735,1.0509397622368333
expert_2,3347,midogpp-expert_2-936034835f7d0d035322fb82,0.1135973414566602,736,0.21989841649238123,0.9735449735449735,1.0506257676858215
expert_2,3348,midogpp-expert_2-027210cb6f02f6ed9e4201c2,0.1135419551370811,736,0.21983273596176822,0.9735449735449735,1.050311960706226
expert_2,3349,midogpp-expert_2-0daa960b2f57ff13dba8749c,0.1132096372196067,736,0.21976709465512093,0.9735449735449735,1.0499983411300222
expert_2,3350,midogpp-expert_2-c72868eeef41ad1bc6c5725b,0.1129880919412905,736,0.21970149253731344,0.9735449735449735,1.0496849087893865
expert_2,3351,midogpp-expert_2-a6a6eb56fc66da664907693c,0.1128773193021323,736,0.21963592957326172,0.9735449735449735,1.0493716635166948
expert_2,3352,midogpp-expert_2-e36b808524989112cbc13afa,0.1127665466629742,736,0.21957040572792363,0.9735449735449735,1.0490586051445239
expert_2,3353,midogpp-expert_2-40946eb039d3481527545442,0.1118803655497092,736,0.21950492096629884,0.9735449735449735,1.04874573350565
expert_2,3354,midogpp-expert_2-7e2fde5f4591d943f1bcc39a,0.1118803655497092,736,0.21943947525342875,0.9735449735449735,1.0484330484330484
expert_2,3355,midogpp-expert_2-34a75d3bbfbda5354f63a874,0.1117695929105511,736,0.21937406855439642,0.9735449735449735,1.048120549759894
expert_2,3356,midogpp-expert_2-379e1cd8469b1acfd4dc16df,0.111714206590972,736,0.21930870083432658,0.9735449735449735,1.0478082373195603
expert_2,3357,midogpp-expert_2-805becb66bb8d470b492f368,0.1112157297147604,736,0.21924337205838546,0.9735449735449735,1.0474961109456193
expert_2,3358,midogpp-expert_2-460c651669d65b2412bfd934,0.1109387981168651,736,0.2191780821917808,0.9735449735449735,1.0471841704718416
expert_2,3359,midogpp-expert_2-9a4f4aa2036cdad75aa5c103,0.1107172528385488,736,0.21911283119976183,0.9735449735449735,1.0468724157321954
expert_2,3360,midogpp-expert_2-1ed0fd8ba07ee06969e3f96f,0.1100526170036001,736,0.21904761904761905,0.9735449735449735,1.0465608465608465
expert_2,3361,midogpp-expert_2-416c30e3890d37297354a0b4,0.1100526170036001,736,0.21898244570068431,0.9735449735449735,1.0462494627921584
expert_2,3362,midogpp-expert_2-89a465dd8a4de1c2b2ff01ca,0.1096095264469676,736,0.21891731112433074,0.9735449735449735,1.0459382642606914
expert_2,3363,midogpp-expert_2-3190a19f619b1efad99325f0,0.1093325948490722,736,0.21885221528397264,0.9735449735449735,1.0456272508012026
expert_2,3364,midogpp-expert_2-f8fa0acb7ad91d040415c298,0.1092218222099141,736,0.21878715814506539,0.9735449735449735,1.0453164222486457
expert_2,3365,midogpp-expert_2-515b5c640a9142df951b8635,0.109166435890335,736,0.2187221396731055,0.9735449735449735,1.0450057784381706
expert_2,3366,midogpp-expert_2-2c66c8f4083aca942a3270bf,0.109111049570756,736,0.21865715983363043,0.9735449735449735,1.0446953192051232
expert_2,3367,midogpp-expert_2-13bfb0d391e88ad56092f5b6,0.1089448906120188,736,0.21859221859221858,0.9735449735449735,1.0443850443850442
expert_2,3368,midogpp-expert_2-1480522f153f549ad4c998cc,0.1088895042924397,736,0.21852731591448932,0.9735449735449735,1.044074953813671
expert_2,3369,midogpp-expert_2-57a49c43a6099e2fe7643f20,0.10828025477707,736,0.2184624517661027,0.9735449735449735,1.043765047326935
expert_2,3370,midogpp-expert_2-7743877ca55208dd7c5d7db8,0.1073386873442259,736,0.21839762611275965,0.9735449735449735,1.0434553247609628
expert_2,3371,midogpp-expert_2-5cec79a3ce628a263e831275,0.1072833010246469,736,0.21833283892020172,0.9735449735449735,1.0431457859520747
expert_2,3372,midogpp-expert_2-7f37aeda172bd96d11d90356,0.1072279147050678,736,0.21826809015421114,0.9735449735449735,1.0428364307367866
expert_2,3373,midogpp-expert_2-616b777f0b1b040f56c24714,0.1069509831071725,736,0.21820337978061075,0.9735449735449735,1.0425272589518069
expert_2,3374,midogpp-expert_2-41a9b19082fe16e790f1877a,0.1062863472722237,736,0.21813870776526378,0.9735449735449735,1.042218270434038
expert_2,3375,midogpp-expert_2-fa8bfda38d624a09749d9e0f,0.1062309609526447,736,0.2180740740740741,0.9735449735449735,1.0419094650205762
expert_2,3376,midogpp-expert_2-4327a752001b69bdb29849f7,0.1058432567155912,736,0.21800947867298578,0.9735449735449735,1.0416008425487098
expert_2,3377,midogpp-expert_2-fcfa55d79e808d77d55d6d3e,0.1055109387981168,736,0.21794492152798342,0.9735449735449735,1.0412924028559207
expert_2,3378,midogpp-expert_2-6a9fd201f9c9beb367406677,0.1049570756023262,736,0.21788040260509178,0.9735449735449735,1.040984145779883
expert_2,3379,midogpp-expert_2-79d5ca14009864a0c03467f0,0.1049016892827471,736,0.21781592187037585,0.9735449735449735,1.0406760711584624
expert_2,3380,midogpp-expert_2-1031b67908db6c9c8b0d84da,0.1047355303240099,736,0.21775147928994082,0.9735449735449735,1.0403681788297172
expert_2,3381,midogpp-expert_2-aba8ae410913eba7781638dd,0.1047355303240099,736,0.21768707482993196,0.9735449735449735,1.040060468631897
expert_2,3382,midogpp-expert_2-90fef80be21905ccb0200587,0.1044032124065355,736,0.21762270845653459,0.9735449735449735,1.039752940403443
expert_2,3383,midogpp-expert_2-0ec9d7f721053010a98e410c,0.1043478260869565,736,0.21755838013597398,0.9735449735449735,1.0394455939829867
expert_2,3384,midogpp-expert_2-36943f38fdefdc29dd5c225b,0.1037939628911658,736,0.21749408983451538,0.9735449735449735,1.0391384292093513
expert_2,3385,midogpp-expert_2-01fe9ad07635d89295b1b687,0.1037385765715868,736,0.21742983751846381,0.9735449735449735,1.0388314459215493
expert_2,3386,midogpp-expert_2-0d14af5b9e90a7c4b29bc89d,0.1037385765715868,736,0.21736562315416422,0.9735449735449735,1.0385246439587845
expert_2,3387,midogpp-expert_2-ce28eb662a53f74de6a731b5,0.1034616449736915,737,0.21759669323885444,0.9748677248677249,1.0396286454745267
expert_2,3388,midogpp-expert_2-527334bbfaa11395ce986691,0.1033508723345333,737,0.21753246753246752,0.9748677248677249,1.0393217893217892
expert_2,3389,midogpp-expert_2-7dcb9c6a7ffc18df9a4e4f5a,0.1031293270562171,737,0.2174682797285335,0.9748677248677249,1.0390151142585489
expert_2,3390,midogpp-expert_2-cb6d73275446090ee192c0e9,0.1024093049016892,737,0.21740412979351031,0.9748677248677249,1.0387086201245492
expert_2,3391,midogpp-expert_2-7e5a3e028d1c579121e3dd43,0.1023539185821102,737,0.2173400176938956,0.9748677248677249,1.0384023067597234
expert_2,3392,midogpp-expert_2-d523a8c8b92ac7cdb574cb2d,0.1019662143450567,737,0.2172759433962264,0.9748677248677249,1.0380961740041927
expert_2,3393,midogpp-expert_2-840a8db77e5dae74102db7d9,0.1019108280254777,737,0.21721190686707928,0.9748677248677249,1.0377902216982675
expert_2,3394,midogpp-expert_2-975eb5fae48c938064193758,0.1019108280254777,738,0.21744254566882734,0.9761904761904762,1.0388921626399528
expert_2,3395,midogpp-expert_2-dbb4cdde66ee27419639271d,0.101356964829687,738,0.21737849779086893,0.9761904761904762,1.0385861561119292
expert_2,3396,midogpp-expert_2-2c98e5bc114ba5004e2309fc,0.1009138742730545,738,0.21731448763250882,0.9761904761904762,1.0382803297997643
expert_2,3397,midogpp-expert_2-423b9174a02a67a986455d41,0.1005261700360011,738,0.21725051516043567,0.9761904761904762,1.0379746835443038
expert_2,3398,midogpp-expert_2-51be38e91bbf8a20582257c0,0.1001938521185267,738,0.21718658034137728,0.9761904761904762,1.0376692171865802
expert_2,3399,midogpp-expert_2-2f94743b6ee60a2370ac1ee0,0.1000830794793685,738,0.21712268314210062,0.9761904761904762,1.037363930567814
expert_2,3400,midogpp-expert_2-5bf3918e0515154d43466174,0.0990307394073663,738,0.21705882352941178,0.9761904761904762,1.0370588235294118
expert_2,3401,midogpp-expert_2-b7f89f57171a5477231f4c65,0.0989199667682082,738,0.21699500147015582,0.9761904761904762,1.0367538959129667
expert_2,3402,midogpp-expert_2-1c8c26783b271807b2cc86a4,0.098698421489892,738,0.21693121693121692,0.9761904761904762,1.0364491475602586
expert_2,3403,midogpp-expert_2-82305c7107d902ada7f8b5eb,0.0982553309332594,738,0.21686746987951808,0.9761904761904762,1.036144578313253
expert_2,3404,midogpp-expert_2-562cac7523beaebcbaea0afd,0.0975906950983107,739,0.21709753231492362,0.9775132275132276,1.0372437655046352
expert_2,3405,midogpp-expert_2-46dd4275164c0319ba24168d,0.0967599003046247,739,0.2170337738619677,0.9775132275132276,1.0369391417849567
expert_2,3406,midogpp-expert_2-31da76c0d276615027560ee2,0.0954306286347272,739,0.21697005284791546,0.9775132275132276,1.0366346969400404
expert_2,3407,midogpp-expert_2-5c95396ebf38eac381a42554,0.0950983107172528,739,0.21690636923980042,0.9775132275132276,1.0363304308123797
expert_2,3408,midogpp-expert_2-7b86142adea4448726718ffa,0.0936582664081971,739,0.21684272300469484,0.9775132275132276,1.036026343244653
expert_2,3409,midogpp-expert_2-ea0cb8433478df0a757a4d64,0.093547493769039,739,0.2167791141097096,0.9775132275132276,1.0357224340797235
expert_2,3410,midogpp-expert_2-53a5d491c9b9df4ae95c4860,0.0934921074494599,739,0.21671554252199413,0.9775132275132276,1.0354187031606386
expert_2,3411,midogpp-expert_2-28ab2440b4b97a01411c35b9,0.0930490168928274,739,0.21665200820873645,0.9775132275132276,1.0351151503306297
expert_2,3412,midogpp-expert_2-715d9048cb3d17954269af61,0.0929382442536693,739,0.21658851113716296,0.9775132275132276,1.0348117754331119
expert_2,3413,midogpp-expert_2-86cff88d0ef7396c183c0c8f,0.092716698975353,739,0.21652505127453853,0.9775132275132276,1.034508578311684
expert_2,3414,midogpp-expert_2-bf63c1a02298fa4851724c29,0.0921628357795624,739,0.21646162858816637,0.9775132275132276,1.0342055588101282
expert_2,3415,midogpp-expert_2-c50f5e11ef7606148f5ecd4d,0.0921074494599833,739,0.216398243045388,0.9775132275132276,1.0339027167724093
expert_2,3416,midogpp-expert_2-bc33594187ead5f49b21c1df,0.0918859041816671,739,0.21633489461358313,0.9775132275132276,1.033600052042675
expert_2,3417,midogpp-expert_2-08b0812d5942fd59452a1e9e,0.091830517862088,739,0.21627158326016974,0.9775132275132276,1.0332975644652553
expert_2,3418,midogpp-expert_2-991704372e542dafdec66645,0.0916643589033508,739,0.21620830895260387,0.9775132275132276,1.032995253884663
expert_2,3419,midogpp-expert_2-52336334ec528760beeec86e,0.0915535862641927,739,0.21614507165837965,0.9775132275132276,1.0326931201455916
expert_2,3420,midogpp-expert_2-6cb94d3799dd1fe9f879b110,0.0914981999446137,739,0.21608187134502924,0.9775132275132276,1.0323911630929175
expert_2,3421,midogpp-expert_2-a8c056159ff8092c309b78a4,0.0908335641096649,739,0.21601870798012276,0.9775132275132276,1.0320893825716977
expert_2,3422,midogpp-expert_2-5a6c1d21190fcd49a9f80d2f,0.0905566325117696,739,0.21595558153126826,0.9775132275132276,1.0317877784271705
expert_2,3423,midogpp-expert_2-c10cd365f686795dd03fadf0,0.0905012461921905,739,0.2158924919661116,0.9775132275132276,1.0314863505047553
expert_2,3424,midogpp-expert_2-fd0b35555585468500713465,0.0896704513985045,739,0.21582943925233644,0.9775132275132276,1.031185098650052
expert_2,3425,midogpp-expert_2-d44c8beb982899a3f3f83388,0.0894489061201883,739,0.21576642335766424,0.9775132275132276,1.0308840227088403
expert_2,3426,midogpp-expert_2-0b8ef1b8268998ce1663d749,0.0888396566048186,739,0.21570344424985405,0.9775132275132276,1.0305831225270805
expert_2,3427,midogpp-expert_2-7686998cb9982371c5e05c61,0.0887842702852395,739,0.21564050189670267,0.9775132275132276,1.0302823979509126
expert_2,3428,midogpp-expert_2-99cc1e6adcc4b1a0501c218f,0.0881196344502907,739,0.21557759626604434,0.9775132275132276,1.029981848826656
expert_2,3429,midogpp-expert_2-220e56539f85a86d7f49bbb7,0.087510384934921,739,0.21551472732575094,0.9775132275132276,1.02968147500081
expert_2,3430,midogpp-expert_2-15535521dd934dd2fcddca3e,0.0871226806978676,739,0.21545189504373177,0.9775132275132276,1.0293812763200518
expert_2,3431,midogpp-expert_2-c9ba9a7f146e271e75882cb5,0.0870672943782885,739,0.21538909938793355,0.9775132275132276,1.029081252631238
expert_2,3432,midogpp-expert_2-feec11853d7b6ec0126eea11,0.086624203821656,739,0.21532634032634032,0.9775132275132276,1.0287814037814036
expert_2,3433,midogpp-expert_2-119196f82b93b3cb4c7efa3c,0.0862364995846026,740,0.21555490824351878,0.9788359788359788,1.029873450496812
expert_2,3434,midogpp-expert_2-ecb26c4fb9495e7758d7af76,0.0862364995846026,740,0.21549213744903903,0.9788359788359788,1.0295735455898531
expert_2,3435,midogpp-expert_2-893b23218ddafe14e9da7cc7,0.0859595679867072,740,0.21542940320232898,0.9788359788359788,1.0292738153000163
expert_2,3436,midogpp-expert_2-6457fc8f203e97df613bcccd,0.08579340902797,740,0.21536670547147846,0.9788359788359788,1.0289742594748414
expert_2,3437,midogpp-expert_2-9955cb9ad61d53fc4fcf25cd,0.0854610911104957,740,0.2153040442246145,0.9788359788359788,1.028674877962047
expert_2,3438,midogpp-expert_2-0879722b18e6baccd190b0be,0.0852395458321794,740,0.2152414194299011,0.9788359788359788,1.0283756706095275
expert_2,3439,midogpp-expert_2-2c6811defc7c0689453ebc29,0.0851841595126003,740,0.2151788310555394,0.9788359788359788,1.028076637265355
expert_2,3440,midogpp-expert_2-7d1348b6c5676376a669b50a,0.0849626142342841,740,0.21511627906976744,0.9788359788359788,1.0277777777777777
expert_2,3441,midogpp-expert_2-8774b7c6c4ad8e014c8c2224,0.0847964552755469,740,0.21505376344086022,0.9788359788359788,1.027479091995221
expert_2,3442,midogpp-expert_2-75cf0224ddfdfd2a253788b8,0.0838548878427028,740,0.21499128413712956,0.9788359788359788,1.0271805797662856
expert_2,3443,midogpp-expert_2-33299a02de5508e7205fc66c,0.0836333425643865,741,0.21521928550682545,0.9801587301587301,1.0282699196437215
expert_2,3444,midogpp-expert_2-ccc9e929ca3a236c3c14c987,0.0834117972860703,741,0.21515679442508712,0.9801587301587301,1.027971351142083
expert_2,3445,midogpp-expert_2-a501270270b832cfd5e96f0d,0.0833564109664912,741,0.21509433962264152,0.9801587301587301,1.0276729559748428
expert_2,3446,midogpp-expert_2-5af972cca7a3c0ae0fa229f6,0.083134865688175,741,0.2150319210679048,0.9801587301587301,1.0273747339911008
expert_2,3447,midogpp-expert_2-9a109aaf7724bbb34c858741,0.0829133204098587,741,0.21496953872932986,0.9801587301587301,1.0270766850401316
expert_2,3448,midogpp-expert_2-0d0b803455f33df9679a2122,0.0826363888119634,741,0.21490719257540603,0.9801587301587301,1.0267788089713843
expert_2,3449,midogpp-expert_2-2a9eef99a307107b8c15b1a4,0.0818055940182774,742,0.21513482168744563,0.9814814814814815,1.0278663702844624
expert_2,3450,midogpp-expert_2-9ac6a83c505358b204b1d329,0.0818055940182774,742,0.21507246376811595,0.9814814814814815,1.0275684380032206
expert_2,3451,midogpp-expert_2-2bd9952faa6e1e7f725a8fe1,0.0817502076986984,742,0.2150101419878296,0.9814814814814815,1.027270678386297
expert_2,3452,midogpp-expert_2-a4c9997db1670e9635fa4600,0.0815840487399612,743,0.2152375434530707,0.9828042328042328,1.02835715205356
expert_2,3453,midogpp-expert_2-cb251f3c86ca3f96ff2fd9d3,0.0814732761008031,743,0.21517520996235157,0.9828042328042328,1.0280593364867907
expert_2,3454,midogpp-expert_2-cd7013d24f7b6ac6e3198588,0.0806424813071171,743,0.21511291256514187,0.9828042328042328,1.0277616933667888
expert_2,3455,midogpp-expert_2-1a8ec7073c1acef466a69532,0.0804209360288008,743,0.2150506512301013,0.9828042328042328,1.0274642225438173
expert_2,3456,midogpp-expert_2-6765285905692deea4574a7a,0.0803101633896427,743,0.21498842592592593,0.9828042328042328,1.0271669238683128
expert_2,3457,midogpp-expert_2-1a0e66f565a970bfecdf0fdd,0.0801993907504846,744,0.2152155047729245,0.9841269841269841,1.028251856137306
expert_2,3458,midogpp-expert_2-3f4112e4bfb09aaee0b9cc88,0.0792578233176405,744,0.21515326778484672,0.9841269841269841,1.0279545016387122
expert_2,3459,midogpp-expert_2-197a0d754ad933b3574c54bc,0.0783716422043755,744,0.21509106678230702,0.9841269841269841,1.0276573190710223
expert_2,3460,midogpp-expert_2-7b9a1ffdf1d7da402d5ab472,0.0783716422043755,744,0.21502890173410405,0.9841269841269841,1.0273603082851637
expert_2,3461,midogpp-expert_2-c15b8ec5f8f3b6c7b417a558,0.0783716422043755,745,0.2152557064432245,0.9854497354497355,1.0284439307842947
expert_2,3462,midogpp-expert_2-134b24f5549edacc305e2c7d,0.0780947106064802,745,0.21519352975158867,0.9854497354497355,1.0281468643687013
expert_2,3463,midogpp-expert_2-bb11b14bf9620f7045b4ab57,0.0780947106064802,745,0.21513138896910194,0.9854497354497355,1.0278499695190426
expert_2,3464,midogpp-expert_2-8cc3d63916007a3b1acc65f9,0.077983937967322,745,0.21506928406466513,0.9854497354497355,1.0275532460867334
expert_2,3465,midogpp-expert_2-a41f951cae6b0efe845d5349,0.0775408474106895,745,0.215007215007215,0.9854497354497355,1.0272566939233605
expert_2,3466,midogpp-expert_2-56b7d57dece6e3c9c8cec77b,0.0772639158127942,745,0.2149451817657242,0.9854497354497355,1.0269603128806821
expert_2,3467,midogpp-expert_2-6b6f4d0465bd8bc56d67ea63,0.077097756854057,745,0.21488318430920103,0.9854497354497355,1.0266641028106271
expert_2,3468,midogpp-expert_2-1536eeb5709d1f6957d39d95,0.0759346441428967,746,0.21510957324106114,0.9867724867724867,1.0277457388184033
expert_2,3469,midogpp-expert_2-0e81dae93e72129889ac11bc,0.0758238715037385,746,0.21504756413952147,0.9867724867724867,1.027449473111047
expert_2,3470,midogpp-expert_2-fd8ee36ac536f73500fe6b9e,0.0754915535862641,746,0.21498559077809798,0.9867724867724867,1.0271533781620237
expert_2,3471,midogpp-expert_2-ab4a36b65fe962f6124808e2,0.0748823040708945,746,0.2149236531259003,0.9867724867724867,1.0268574538237458
expert_2,3472,midogpp-expert_2-01df6874ee5ec789ec4077c4,0.0748269177513154,746,0.21486175115207373,0.9867724867724867,1.0265616999487968
expert_2,3473,midogpp-expert_2-a2e83d00bca0e8a949b93f94,0.0746053724729991,746,0.214799884825799,0.9867724867724867,1.0262661163899285
expert_2,3474,midogpp-expert_2-70131ba5c3b821b049c7ab5d,0.0745499861534201,746,0.21473805411629246,0.9867724867724867,1.025970703000064
expert_2,3475,midogpp-expert_2-e6e3d992a58f2c4e36e1e9b8,0.0739961229576294,746,0.21467625899280576,0.9867724867724867,1.0256754596322941
expert_2,3476,midogpp-expert_2-e60f42d708eabe230be51ac4,0.0735530324009969,746,0.21461449942462602,0.9867724867724867,1.0253803861398798
expert_2,3477,midogpp-expert_2-15334e37df1d4bcc850c413a,0.0734976460814178,746,0.21455277538107564,0.9867724867724867,1.0250854823762503
expert_2,3478,midogpp-expert_2-7d6814e2cd19f70e647e0175,0.0733314871226807,746,0.21449108683151236,0.9867724867724867,1.0247907481950034
expert_2,3479,midogpp-expert_2-154e6602d720a08998d89ead,0.0723899196898366,746,0.2144294337453291,0.9867724867724867,1.0244961834499058
expert_2,3480,midogpp-expert_2-bc475f13bf3e70f49e57e3c4,0.0718360564940459,746,0.21436781609195402,0.9867724867724867,1.0242017879948913
expert_2,3481,midogpp-expert_2-293dfa0971aac81423f5b91e,0.0715591248961506,746,0.21430623384085032,0.9867724867724867,1.0239075616840625
expert_2,3482,midogpp-expert_2-89b67d1d5f8c8b8cbf11dc44,0.0715037385765716,746,0.21424468696151636,0.9867724867724867,1.0236135043716892
expert_2,3483,midogpp-expert_2-f92162643c6e84d5d39b7ac4,0.0715037385765715,746,0.2141831754234855,0.9867724867724867,1.0233196159122084
expert_2,3484,midogpp-expert_2-cb413d15c22de797591ec8b7,0.069288285793409,746,0.21412169919632607,0.9867724867724867,1.0230258961602245
expert_2,3485,midogpp-expert_2-7fa49bad38d7834bab8a87ee,0.0686236499584602,746,0.2140602582496413,0.9867724867724867,1.0227323449705084
expert_2,3486,midogpp-expert_2-7f898a1d3daa091e2b1c4064,0.0680144004430905,746,0.2139988525530694,0.9867724867724867,1.0224389621979983
expert_2,3487,midogpp-expert_2-7b24c6f7e44bedb864441f93,0.0677928551647743,747,0.21422426154287352,0.9880952380952381,1.0235159162603957
expert_2,3488,midogpp-expert_2-4a9acfbec4953b65564670db,0.0670728330102464,748,0.21444954128440366,0.9894179894179894,1.0245922528032618
expert_2,3489,midogpp-expert_2-5a3cce4991c0e5b2c311741a,0.0665743561340349,748,0.21438807681284036,0.9894179894179894,1.0242985892169039
expert_2,3490,midogpp-expert_2-61e6d666f9d6bf7e51df56ca,0.0665189698144558,748,0.21432664756446992,0.9894179894179894,1.024005093919134
expert_2,3491,midogpp-expert_2-62dd4f9588a55844d603f52c,0.0665189698144558,748,0.2142652535090232,0.9894179894179894,1.023711766765333
expert_2,3492,midogpp-expert_2-c3e0b6f7959a415f783e6e12,0.0661866518969814,748,0.21420389461626574,0.9894179894179894,1.0234186076110474
expert_2,3493,midogpp-expert_2-e7705c82087bc434813efde9,0.0660204929382442,748,0.21414257085599772,0.9894179894179894,1.023125616311989
expert_2,3494,midogpp-expert_2-caf108a17a98140549d66a4b,0.0654666297424536,748,0.2140812821980538,0.9894179894179894,1.0228327927240348
expert_2,3495,midogpp-expert_2-424fd9b0c3d866ae0349aa18,0.0652450844641373,748,0.2140200286123033,0.9894179894179894,1.0225401367032267
expert_2,3496,midogpp-expert_2-3b61427a0f485bc66f3e6a2e,0.0650789255054001,748,0.2139588100686499,0.9894179894179894,1.0222476481057716
expert_2,3497,midogpp-expert_2-249e006629688dc2d3f1dc63,0.0650235391858211,748,0.21389762653703173,0.9894179894179894,1.0219553267880404
expert_2,3498,midogpp-expert_2-a3816f9b1df0ff0b4f401724,0.0650235391858211,748,0.2138364779874214,0.9894179894179894,1.0216631726065688
expert_2,3499,midogpp-expert_2-bdd5f2a63220ab5771e26260,0.0635834948767654,748,0.21377536438982567,0.9894179894179894,1.0213711854180558
expert_2,3500,midogpp-expert_2-eb10b2f8e6a8b03cc8294dd5,0.0635834948767654,748,0.21371428571428572,0.9894179894179894,1.021079365079365
expert_2,3501,midogpp-expert_2-b1f39b89434569a70ad5073b,0.063195790639712,748,0.2136532419308769,0.9894179894179894,1.020787711447523
expert_2,3502,midogpp-expert_2-5edd5bf2703dd407433d2afb,0.062364995846026,748,0.21359223300970873,0.9894179894179894,1.0204962243797193
expert_2,3503,midogpp-expert_2-aa2927d221ac4b1bf9e3cf4a,0.0620880642481307,748,0.21353125892092492,0.9894179894179894,1.0202049037333079
expert_2,3504,midogpp-expert_2-6dd920ffc4e21c697d977da9,0.0609249515369703,749,0.2137557077625571,0.9907407407407407,1.021277270421106
expert_2,3505,midogpp-expert_2-123200e4b922788a1e9285db,0.0608141788978122,749,0.2136947218259629,0.9907407407407407,1.0209858931684894
expert_2,3506,midogpp-expert_2-870bcc1d7bcbccc9eb9a9f9a,0.0607587925782331,749,0.2136337706788363,0.9907407407407407,1.0206946821322178
expert_2,3507,midogpp-expert_2-e86ece9383a97fc83c59a6da,0.0605926336194959,750,0.21385799828913601,0.9920634920634921,1.021765991825872
expert_2,3508,midogpp-expert_2-96bba30f5a79a1786547d90e,0.0604264746607587,750,0.2137970353477765,0.9920634920634921,1.0214747244393765
expert_2,3509,midogpp-expert_2-d4f4e4ea3b87aa9f06e8c4d4,0.0597064525062309,750,0.21373610715303507,0.9920634920634921,1.0211836230645008
expert_2,3510,midogpp-expert_2-0ebe61ae93fcfc4a43a6a89a,0.0595956798670728,750,0.21367521367521367,0.9920634920634921,1.020892687559354
expert_2,3511,midogpp-expert_2-e464d08faf1353e5f476f673,0.0589864303517031,750,0.21361435488464825,0.9920634920634921,1.0206019177822083
expert_2,3512,midogpp-expert_2-fdea301ad88af990418a1592,0.0589864303517031,750,0.21355353075170844,0.9920634920634921,1.0203113135914958
expert_2,3513,midogpp-expert_2-b282c518b8f7fc48f63bf28e,0.058875657712545,750,0.2134927412467976,0.9920634920634921,1.0200208748458106
expert_2,3514,midogpp-expert_2-c85b13bd2ba1478432594b8b,0.0583217945167543,750,0.21343198634035287,0.9920634920634921,1.019730601403908
expert_2,3515,midogpp-expert_2-c1a79d7abe85a17994853c59,0.0573802270839102,750,0.21337126600284495,0.9920634920634921,1.0194404931247036
expert_2,3516,midogpp-expert_2-7ccc991929492a3d2b68770f,0.057158681805594,750,0.21331058020477817,0.9920634920634921,1.0191505498672735
expert_2,3517,midogpp-expert_2-715f015188cc48dce1de0741,0.0566048186098033,750,0.21324992891669037,0.9920634920634921,1.018860771490854
expert_2,3518,midogpp-expert_2-d8e8911283733aceb2d30991,0.0562171143727499,750,0.21318931210915293,0.9920634920634921,1.0185711578548418
expert_2,3519,midogpp-expert_2-18f0d6844094ce061e0a66c3,0.0557740238161174,750,0.21312872975277067,0.9920634920634921,1.0182817088187932
expert_2,3520,midogpp-expert_2-9a0f53e84925689bcdfe9389,0.055441705898643,750,0.21306818181818182,0.9920634920634921,1.0179924242424243
expert_2,3521,midogpp-expert_2-cf7e49542cae40569f4ff56e,0.0553863195790639,750,0.21300766827605794,0.9920634920634921,1.01770330398561
expert_2,3522,midogpp-expert_2-fe9a8e4907e88a8fe09b7c55,0.0553863195790639,750,0.21294718909710392,0.9920634920634921,1.0174143479083853
expert_2,3523,midogpp-expert_2-2d21981248f823bb146734f3,0.0549432290224314,750,0.21288674425205792,0.9920634920634921,1.0171255558709433
expert_2,3524,midogpp-expert_2-c82906c48c3a741a7665bd41,0.0541124342287454,750,0.21282633371169127,0.9920634920634921,1.016836927733636
expert_2,3525,midogpp-expert_2-6a39117aa91dcd08fd79838b,0.0532262531154804,750,0.2127659574468085,0.9920634920634921,1.016548463356974
expert_2,3526,midogpp-expert_2-ae5a6f02a53e8821a707bd70,0.0518415951260038,750,0.2127056154282473,0.9920634920634921,1.016260162601626
expert_2,3527,midogpp-expert_2-375220e843d257f1b630bb8d,0.0515092772085294,750,0.21264530762687836,0.9920634920634921,1.0159720253284188
expert_2,3528,midogpp-expert_2-0d16fcd48eed72c8943fb42d,0.0513985045693713,750,0.21258503401360543,0.9920634920634921,1.015684051398337
expert_2,3529,midogpp-expert_2-5fb9327ded8aece6bc23b0dc,0.0512877319302132,750,0.21252479455936527,0.9920634920634921,1.015396240672523
expert_2,3530,midogpp-expert_2-0052d61cf44158d1ad76924d,0.0505677097756854,750,0.21246458923512748,0.9920634920634921,1.0151085930122756
expert_2,3531,midogpp-expert_2-5b231806e9cb65912555c35f,0.0496261423428413,750,0.21240441801189464,0.9920634920634921,1.0148211082790521
expert_2,3532,midogpp-expert_2-e133f6a3dea64ab642fe11bc,0.0495707560232622,750,0.21234428086070214,0.9920634920634921,1.0145337863344657
expert_2,3533,midogpp-expert_2-892406518277d815cc180018,0.0490722791470506,750,0.21228417775261818,0.9920634920634921,1.0142466270402868
expert_2,3534,midogpp-expert_2-d9599fb50492c4d60f62f171,0.0479091664358903,751,0.2125070741369553,0.9933862433862434,1.0153115764321197
expert_2,3535,midogpp-expert_2-9e6658ed5861e7cff777256c,0.0478537801163112,751,0.21244695898161245,0.9933862433862434,1.0150243595788149
expert_2,3536,midogpp-expert_2-9a8f835ced6f803d955725b8,0.0475214621988368,751,0.2123868778280543,0.9933862433862434,1.0147373051784816
expert_2,3537,midogpp-expert_2-9eaf4fe448181c44110d0fe0,0.0470229853226253,751,0.21232683064744134,0.9933862433862434,1.0144504130933307
expert_2,3538,midogpp-expert_2-56f66412fe4aeb45776f527d,0.045915258931044,751,0.21226681741096665,0.9933862433862434,1.0141636831857295
expert_2,3539,midogpp-expert_2-545c94b5e4ed43df2538926e,0.0454167820548324,751,0.21220683808985588,0.9933862433862434,1.0138771153182002
expert_2,3540,midogpp-expert_2-7fc852be19feb1e83eef94dc,0.0448629188590418,751,0.21214689265536724,0.9933862433862434,1.013590709353421
expert_2,3541,midogpp-expert_2-c516c84e27285ef0c37156b4,0.0445859872611465,751,0.21208698107879131,0.9933862433862434,1.0133044651542251
expert_2,3542,midogpp-expert_2-382da3fc184c18c7d6a435e9,0.0440875103849349,751,0.21202710333145117,0.9933862433862434,1.0130183825835999
expert_2,3543,midogpp-expert_2-622c43044510afa788620598,0.0435890335087233,751,0.21196725938470223,0.9933862433862434,1.0127324615046884
expert_2,3544,midogpp-expert_2-3e237249a905af2e1741af42,0.0422597618388258,752,0.21218961625282168,0.9947089947089947,1.0137948332079258
expert_2,3545,midogpp-expert_2-68f8b5020827e28c5e7b6630,0.0422043755192467,752,0.21212976022566996,0.9947089947089947,1.0135088544115343
expert_2,3546,midogpp-expert_2-f434b74e6a88563b1dc9aa93,0.0416505123234561,752,0.21206993795826284,0.9947089947089947,1.0132230369117001
expert_2,3547,midogpp-expert_2-f999011ae4c0340ec7261c23,0.041595126003877,752,0.2120101494220468,0.9947089947089947,1.0129373805720012
expert_2,3548,midogpp-expert_2-ce500408130adf0aa1dcbd3e,0.0412074217668235,753,0.21223224351747463,0.996031746031746,1.013998496805712
expert_2,3549,midogpp-expert_2-39c283c476100bbc9cfc25aa,0.0411520354472445,753,0.2121724429416737,0.996031746031746,1.0137127829435522
expert_2,3550,midogpp-expert_2-f30e499ae417a3dda7bbaea3,0.0402104680144004,753,0.21211267605633802,0.996031746031746,1.0134272300469482
expert_2,3551,midogpp-expert_2-e10dc697c4284dba59703546,0.0399335364165051,754,0.21233455364686005,0.9973544973544973,1.0144873118683313
expert_2,3552,midogpp-expert_2-42629b43f5db460b43932767,0.0397119911381888,754,0.21227477477477477,0.9973544973544973,1.0142017017017015
expert_2,3553,midogpp-expert_2-3276452bfb3ce53409fe25b0,0.0386042647466075,754,0.21221502955249086,0.9973544973544973,1.0139162523063452
expert_2,3554,midogpp-expert_2-3ef1b6b06a6803b1af470de9,0.0377734699529216,754,0.21215531795160383,0.9973544973544973,1.0136309635465517
expert_2,3555,midogpp-expert_2-f2b73f930676b913e8a093a6,0.0374965383550263,754,0.2120956399437412,0.9973544973544973,1.0133458352867635
expert_2,3556,midogpp-expert_2-e4cc6dcf5344ca9ec9eac4ac,0.0368872888396566,754,0.21203599550056243,0.9973544973544973,1.013060867391576
expert_2,3557,midogpp-expert_2-b39d2eb05cd53532b75b3894,0.0368319025200775,754,0.21197638459375878,0.9973544973544973,1.0127760597257363
expert_2,3558,midogpp-expert_2-af6be63ceca4547d9691c9fa,0.0367211298809194,754,0.2119168071950534,0.9973544973544973,1.012491412154144
expert_2,3559,midogpp-expert_2-eb53ce00e72f380c891b872a,0.0365549709221822,754,0.2118572632762012,0.9973544973544973,1.0122069245418501
expert_2,3560,midogpp-expert_2-9db472aa02439e28583578a2,0.0353364718914428,754,0.21179775280898877,0.9973544973544973,1.0119225967540575
expert_2,3561,midogpp-expert_2-15f4b45edca1e4659bdc2a8e,0.0352256992522846,754,0.2117382757652345,0.9973544973544973,1.0116384286561202
expert_2,3562,midogpp-expert_2-11d8f7a2c19b2b26271026b0,0.034671836056494,754,0.2116788321167883,0.9973544973544973,1.011354420113544
expert_2,3563,midogpp-expert_2-95e956dc241f4199a56589a3,0.0332871780670174,754,0.21161942183553187,0.9973544973544973,1.0110705709919856
expert_2,3564,midogpp-expert_2-82987a10f05aef6405c1638e,0.0327887011908058,754,0.21156004489337824,0.9973544973544973,1.0107868811572516
expert_2,3565,midogpp-expert_2-e639db6875321d56258699b7,0.0327887011908058,754,0.21150070126227208,0.9973544973544973,1.0105033504752998
expert_2,3566,midogpp-expert_2-301cc6af027e7000562ece66,0.0326225422320686,754,0.21144139091418956,0.9973544973544973,1.010219978812239
expert_2,3567,midogpp-expert_2-9d0b33929b0ce2bbac0e5a7f,0.0323456106341733,754,0.21138211382113822,0.9973544973544973,1.009936766034327
expert_2,3568,midogpp-expert_2-de7375e35d49c998849f43b8,0.0321240653558571,754,0.21132286995515695,0.9973544973544973,1.009653712007972
expert_2,3569,midogpp-expert_2-63748f7416541954cda40b9d,0.0318471337579617,754,0.21126365928831606,0.9973544973544973,1.0093708165997322
expert_2,3570,midogpp-expert_2-2d8970c00418650a25e3ed07,0.0309609526446967,754,0.21120448179271709,0.9973544973544973,1.0090880796763149
expert_2,3571,midogpp-expert_2-e769cc1bca2c86b98717149a,0.030351703129327,754,0.21114533744049285,0.9973544973544973,1.008805501104577
expert_2,3572,midogpp-expert_2-785a54650fdf797058892d6d,0.0302963168097479,754,0.2110862262038074,0.9973544973544973,1.0085230807515242
expert_2,3573,midogpp-expert_2-84fcb67ca28e046f7e374aa4,0.0298532262531154,754,0.21102714805485587,0.9973544973544973,1.0082408184843112
expert_2,3574,midogpp-expert_2-9cf566dae0379d0c9b3d0ef2,0.0292439767377457,754,0.21096810296586457,0.9973544973544973,1.0079587141702417
expert_2,3575,midogpp-expert_2-af2d4393c05e37d817376500,0.0287454998615342,754,0.2109090909090909,0.9973544973544973,1.0076767676767675
expert_2,3576,midogpp-expert_2-f6d0079d22a64456c93d5247,0.0276931597895319,754,0.21085011185682326,0.9973544973544973,1.0073949788714889
expert_2,3577,midogpp-expert_2-039951ef50300d886fa14fe6,0.0272500692328994,754,0.21079116578138105,0.9973544973544973,1.0071133476221539
expert_2,3578,midogpp-expert_2-17b2a93f22f4c1d67e065a3f,0.0269731376350041,754,0.21073225265511458,0.9973544973544973,1.0068318737966586
expert_2,3579,midogpp-expert_2-bb679e1521259cfebb5292e4,0.0265300470783716,754,0.21067337245040513,0.9973544973544973,1.0065505572630467
expert_2,3580,midogpp-expert_2-4d7d5361cbaf194b1df4b16b,0.0263085018000553,754,0.2106145251396648,0.9973544973544973,1.0062693978895096
expert_2,3581,midogpp-expert_2-a0b4217127ae44a6bce1952f,0.0262531154804763,755,0.21083496230103324,0.9986772486772487,1.007322597660492
expert_2,3582,midogpp-expert_2-2177bbdcd9e0e594c3d9f008,0.0249792301301578,755,0.21077610273590172,0.9986772486772487,1.007041379738197
expert_2,3583,midogpp-expert_2-fab3ff54c123cf8cae38b3a5,0.0249792301301578,755,0.2107172760256768,0.9986772486772487,1.0067603187893446
expert_2,3584,midogpp-expert_2-73f5dd26cbdb5292ce514830,0.0247576848518415,755,0.21065848214285715,0.9986772486772487,1.0064794146825398
expert_2,3585,midogpp-expert_2-1470dadfdbc4db801d83383a,0.0243699806147881,755,0.2105997210599721,0.9986772486772487,1.0061986672865333
expert_2,3586,midogpp-expert_2-7724b82e356ded44758ac3d9,0.0240376626973137,755,0.2105409927495817,0.9986772486772487,1.0059180764702236
expert_2,3587,midogpp-expert_2-411a26e7579de75e667a33fd,0.0238715037385765,755,0.21048229718427655,0.9986772486772487,1.0056376421026545
expert_2,3588,midogpp-expert_2-a520e5259e2b9b0d9c5c879d,0.0235945721406812,755,0.21042363433667782,0.9986772486772487,1.0053573640530162
expert_2,3589,midogpp-expert_2-5618dbaaab14a572e6295d54,0.0232622542232068,755,0.21036500417943718,0.9986772486772487,1.0050772421906442
expert_2,3590,midogpp-expert_2-c2c2724407ab0b1b5fc20cae,0.0230960952644696,755,0.21030640668523676,0.9986772486772487,1.00479727638502
expert_2,3591,midogpp-expert_2-76333301b66b5a7a84269fe1,0.0225976183882581,755,0.21024784182678918,0.9986772486772487,1.0045174665057706
expert_2,3592,midogpp-expert_2-72b85ccfdf1abb45dd936856,0.021656050955414,755,0.21018930957683743,0.9986772486772487,1.0042378124226676
expert_2,3593,midogpp-expert_2-f6a06f03e9907f10a6d34c3e,0.0206037108834118,755,0.21013080990815475,0.9986772486772487,1.0039583140056283
expert_2,3594,midogpp-expert_2-50a489278d987a59254e6dd9,0.0206037108834117,755,0.2100723427935448,0.9986772486772487,1.003678971124714
expert_2,3595,midogpp-expert_2-063a3409c62bbb8d637d00b6,0.0202713929659374,755,0.21001390820584145,0.9986772486772487,1.0033997836501314
expert_2,3596,midogpp-expert_2-4d1aabec13eaeaafae2d38de,0.0198283024093049,755,0.20995550611790878,0.9986772486772487,1.0031207514522307
expert_2,3597,midogpp-expert_2-3325a3608da2932e01e0b86f,0.0194405981722514,755,0.20989713650264108,0.9986772486772487,1.0028418744015073
expert_2,3598,midogpp-expert_2-aa3612a81a8a3ae4e5d067b6,0.0191636665743561,755,0.20983879933296276,0.9986772486772487,1.0025631523685998
expert_2,3599,midogpp-expert_2-634318c869f5a63adb284550,0.0163943505954029,755,0.2097804945818283,0.9986772486772487,1.0022845852242908
expert_2,3600,midogpp-expert_2-1892597ec7f498c44582571e,0.01478814732761,755,0.20972222222222223,0.9986772486772487,1.0020061728395062
expert_2,3601,midogpp-expert_2-f22e105d11a668f27292cbff,0.0140127388535031,756,0.2099416828658706,1.0,1.003054707025826
expert_2,3602,midogpp-expert_2-fb9f11070cc868cb2f6640b6,0.0135142619772916,756,0.20988339811215992,1.0,1.002776235424764
expert_2,3603,midogpp-expert_2-a2adf9678d1673f76fa9d3f8,0.0127942398227637,756,0.20982514571190675,1.0,1.0024979184013323
expert_2,3604,midogpp-expert_2-498b49050d8db4d6239518c3,0.0122403766269731,756,0.2097669256381798,1.0,1.002219755826859
expert_2,3605,midogpp-expert_2-30e6ddf812d9357d45a0b69e,0.0112434228745499,756,0.20970873786407768,1.0,1.0019417475728156
expert_2,3606,midogpp-expert_2-f947d0f943c12da4972849fe,0.0098033785654943,756,0.2096505823627288,1.0,1.0016638935108153
expert_2,3607,midogpp-expert_2-b9720b1e3e6cc201726f0adf,0.0097479922459152,756,0.20959245910729138,1.0,1.0013861935126143
expert_2,3608,midogpp-expert_2-fccc6443395545b69e5b01ee,0.0079756300193852,756,0.20953436807095344,1.0,1.0011086474501107
expert_2,3609,midogpp-expert_2-1e9ddd4054429d765f6a969d,0.0070894489061201,756,0.20947630922693267,1.0,1.0008312551953449
expert_2,3610,midogpp-expert_2-bec7844b4ce0e40d35974e6a,0.0070340625865411,756,0.20941828254847644,1.0,1.0005540166204985
expert_2,3611,midogpp-expert_2-ebce18170134c281cfa23cf8,0.0050955414012738,756,0.2093602880088618,1.0,1.0002769315978952
expert_2,3612,midogpp-expert_2-7bb7fb3e8d2086daf0f39d8e,0.0044309055663251,756,0.20930232558139536,1.0,1.0
