fold_id,patch_index,cross_class_overlap_pixels,positive_background_pixels,background_only_pixels,positive_only_pixels,all_zero_pixels,void_pixels,background_complement_mismatch_pixels,affected_instance_keys,affected_class_count,affected_class_indices,cross_channel_duplicate_instance_ids
1,0,0,0,59200,6336,0,0,0,0,0,,0
1,1,0,0,56815,8721,0,0,0,0,0,,0
1,2,0,0,52124,13412,0,0,0,0,0,,0
1,3,0,0,52742,12794,0,0,0,0,0,,0
1,4,0,0,59386,6150,0,0,0,0,0,,0
1,5,0,0,58610,6926,0,0,0,0,0,,0
1,6,0,0,55051,10485,0,0,0,0,0,,0
1,7,0,0,51150,14386,0,0,0,0,0,,0
1,8,0,0,54583,10953,0,0,0,0,0,,0
1,9,0,0,57924,7612,0,0,0,0,0,,0
1,10,0,0,48208,17328,0,0,0,0,0,,0
1,11,0,0,55164,10372,0,0,0,0,0,,0
1,12,0,0,57809,7727,0,0,0,0,0,,0
1,13,0,0,57011,8525,0,0,0,0,0,,0
1,14,0,0,57083,8453,0,0,0,0,0,,0
1,15,0,0,55934,9602,0,0,0,0,0,,0
1,16,0,0,56401,9135,0,0,0,0,0,,0
1,17,0,0,52734,12802,0,0,0,0,0,,0
1,18,0,0,58700,6836,0,0,0,0,0,,0
1,19,0,0,59932,5604,0,0,0,0,0,,0
1,20,0,0,56368,9168,0,0,0,0,0,,0
1,21,0,0,52290,13246,0,0,0,0,0,,0
1,22,0,0,53540,11996,0,0,0,0,0,,0
1,23,0,0,59311,6225,0,0,0,0,0,,0
1,24,0,0,53668,11868,0,0,0,0,0,,0
1,25,0,0,52040,13496,0,0,0,0,0,,0
1,26,0,0,56834,8702,0,0,0,0,0,,0
1,27,0,0,58364,7172,0,0,0,0,0,,0
1,28,0,0,56290,9246,0,0,0,0,0,,0
1,29,0,0,56455,9081,0,0,0,0,0,,0
1,30,0,0,54860,10676,0,0,0,0,0,,0
1,31,0,0,58050,7486,0,0,0,0,0,,0
1,32,0,0,59056,6480,0,0,0,0,0,,0
1,33,0,0,47665,17871,0,0,0,0,0,,0
1,34,0,0,57738,7798,0,0,0,0,0,,0
1,35,0,0,54430,11106,0,0,0,0,0,,0
1,36,0,0,54790,10746,0,0,0,0,0,,0
1,37,0,0,62341,3195,0,0,0,0,0,,0
1,38,0,0,62386,3150,0,0,0,0,0,,0
1,39,0,0,54428,11108,0,0,0,0,0,,0
1,40,0,0,60022,5514,0,0,0,0,0,,0
1,41,0,0,61237,4299,0,0,0,0,0,,0
1,42,0,0,55802,9734,0,0,0,0,0,,0
1,43,0,0,59873,5663,0,0,0,0,0,,0
1,44,0,0,61434,4102,0,0,0,0,0,,0
1,45,0,0,56127,9409,0,0,0,0,0,,0
1,46,0,0,56842,8694,0,0,0,0,0,,0
1,47,0,0,57074,8462,0,0,0,0,0,,0
1,48,0,0,62808,2728,0,0,0,0,0,,0
1,49,0,0,55388,10148,0,0,0,0,0,,0
1,50,0,0,59746,5790,0,0,0,0,0,,0
1,51,0,0,58349,7187,0,0,0,0,0,,0
1,52,0,0,62313,3223,0,0,0,0,0,,0
1,53,0,0,43780,21756,0,0,0,0,0,,0
1,54,0,0,61899,3637,0,0,0,0,0,,0
1,55,0,0,55401,10135,0,0,0,0,0,,0
1,56,0,0,58956,6580,0,0,0,0,0,,0
1,57,0,0,59748,5788,0,0,0,0,0,,0
1,58,0,0,54146,11390,0,0,0,0,0,,0
1,59,0,0,56029,9507,0,0,0,0,0,,0
1,60,0,0,56889,8647,0,0,0,0,0,,0
1,61,0,0,51571,13965,0,0,0,0,0,,0
1,62,0,0,59180,6356,0,0,0,0,0,,0
1,63,0,0,57164,8372,0,0,0,0,0,,0
1,64,0,0,50392,15144,0,0,0,0,0,,0
1,65,0,0,58147,7389,0,0,0,0,0,,0
1,66,0,0,52547,12989,0,0,0,0,0,,0
1,67,0,0,50536,15000,0,0,0,0,0,,0
1,68,0,0,56063,9473,0,0,0,0,0,,0
1,69,0,0,58072,7464,0,0,0,0,0,,0
1,70,0,0,56134,9402,0,0,0,0,0,,0
1,71,0,0,53990,11546,0,0,0,0,0,,0
1,72,0,0,43984,21552,0,0,0,0,0,,0
1,73,0,0,62282,3254,0,0,0,0,0,,0
1,74,0,0,59003,6533,0,0,0,0,0,,0
1,75,0,0,55288,10248,0,0,0,0,0,,0
1,76,0,0,56598,8938,0,0,0,0,0,,0
1,77,0,0,59470,6066,0,0,0,0,0,,0
1,78,0,0,59005,6531,0,0,0,0,0,,0
1,79,0,0,59984,5552,0,0,0,0,0,,0
1,80,0,0,64175,1361,0,0,0,0,0,,0
1,81,2,0,58138,7398,0,0,0,2,2,0;2,0
1,82,0,0,59508,6028,0,0,0,0,0,,0
1,83,0,0,54570,10966,0,0,0,0,0,,0
1,84,0,0,46571,18965,0,0,0,0,0,,0
1,85,0,0,52513,13023,0,0,0,0,0,,0
1,86,7,0,44432,21104,0,0,0,2,2,1;4,0
1,87,0,0,56447,9089,0,0,0,0,0,,0
1,88,0,0,52952,12584,0,0,0,0,0,,0
1,89,0,0,57714,7822,0,0,0,0,0,,0
1,90,0,0,45327,20209,0,0,0,0,0,,0
1,91,0,0,55924,9612,0,0,0,0,0,,0
1,92,0,0,52961,12575,0,0,0,0,0,,0
1,93,0,0,58279,7257,0,0,0,0,0,,0
1,94,0,0,56729,8807,0,0,0,0,0,,0
1,95,0,0,50334,15202,0,0,0,0,0,,0
1,96,0,0,59598,5938,0,0,0,0,0,,0
1,97,0,0,51858,13678,0,0,0,0,0,,0
1,98,0,0,55860,9676,0,0,0,0,0,,0
1,99,0,0,59315,6221,0,0,0,0,0,,0
1,100,0,0,55837,9699,0,0,0,0,0,,0
1,101,0,0,52924,12612,0,0,0,0,0,,0
1,102,0,0,53961,11575,0,0,0,0,0,,0
1,103,0,0,53084,12452,0,0,0,0,0,,0
1,104,0,0,56067,9469,0,0,0,0,0,,0
1,105,0,0,52634,12902,0,0,0,0,0,,0
1,106,0,0,44878,20658,0,0,0,0,0,,0
1,107,0,0,53411,12125,0,0,0,0,0,,0
1,108,0,0,54857,10679,0,0,0,0,0,,0
1,109,0,0,53764,11772,0,0,0,0,0,,0
1,110,0,0,51591,13945,0,0,0,0,0,,0
1,111,0,0,54987,10549,0,0,0,0,0,,0
1,112,0,0,37515,28021,0,0,0,0,0,,0
1,113,0,0,47390,18146,0,0,0,0,0,,0
1,114,0,0,48168,17368,0,0,0,0,0,,0
1,115,0,0,45352,20184,0,0,0,0,0,,0
1,116,0,0,40385,25151,0,0,0,0,0,,0
1,117,0,0,42401,23135,0,0,0,0,0,,0
1,118,0,0,46721,18815,0,0,0,0,0,,0
1,119,13,0,40014,25522,0,0,0,6,2,0;1,0
1,120,0,0,39863,25673,0,0,0,0,0,,0
1,121,0,0,44627,20909,0,0,0,0,0,,0
1,122,13,0,43241,22295,0,0,0,2,2,0;2,0
1,123,0,0,53204,12332,0,0,0,0,0,,0
1,124,0,0,49717,15819,0,0,0,0,0,,0
1,125,0,0,48513,17023,0,0,0,0,0,,0
1,126,0,0,55760,9776,0,0,0,0,0,,0
1,127,0,0,52849,12687,0,0,0,0,0,,0
1,128,0,0,48647,16889,0,0,0,0,0,,0
1,129,1,0,48597,16939,0,0,0,2,2,1;2,0
1,130,0,0,57161,8375,0,0,0,0,0,,0
1,131,0,0,47002,18534,0,0,0,0,0,,0
1,132,0,0,51244,14292,0,0,0,0,0,,0
1,133,0,0,64491,1045,0,0,0,0,0,,0
1,134,0,0,61149,4387,0,0,0,0,0,,0
1,135,0,0,53019,12517,0,0,0,0,0,,0
1,136,0,0,56059,9477,0,0,0,0,0,,0
1,137,0,0,54316,11220,0,0,0,0,0,,0
1,138,0,0,49647,15889,0,0,0,0,0,,0
1,139,0,0,49798,15738,0,0,0,0,0,,0
1,140,0,0,62093,3443,0,0,0,0,0,,0
1,141,0,0,59883,5653,0,0,0,0,0,,0
1,142,0,0,52093,13443,0,0,0,0,0,,0
1,143,0,0,48577,16959,0,0,0,0,0,,0
1,144,0,0,55538,9998,0,0,0,0,0,,0
1,145,0,0,60783,4753,0,0,0,0,0,,0
1,146,0,0,58075,7461,0,0,0,0,0,,0
1,147,0,0,55754,9782,0,0,0,0,0,,0
1,148,0,0,59049,6487,0,0,0,0,0,,0
1,149,0,0,48109,17427,0,0,0,0,0,,0
1,150,0,0,49636,15900,0,0,0,0,0,,0
1,151,0,0,51036,14500,0,0,0,0,0,,0
1,152,0,0,51095,14441,0,0,0,0,0,,0
1,153,0,0,52832,12704,0,0,0,0,0,,0
1,154,0,0,56054,9482,0,0,0,0,0,,0
1,155,0,0,57430,8106,0,0,0,0,0,,0
1,156,0,0,58051,7485,0,0,0,0,0,,0
1,157,0,0,56080,9456,0,0,0,0,0,,0
1,158,0,0,63271,2265,0,0,0,0,0,,0
1,159,0,0,59755,5781,0,0,0,0,0,,0
1,160,0,0,58280,7256,0,0,0,0,0,,0
1,161,0,0,51759,13777,0,0,0,0,0,,0
1,162,0,0,53401,12135,0,0,0,0,0,,0
1,163,0,0,57291,8245,0,0,0,0,0,,0
1,164,0,0,63786,1750,0,0,0,0,0,,0
1,165,0,0,57759,7777,0,0,0,0,0,,0
1,166,0,0,53027,12509,0,0,0,0,0,,0
1,167,0,0,52460,13076,0,0,0,0,0,,0
1,168,0,0,56563,8973,0,0,0,0,0,,0
1,169,0,0,54922,10614,0,0,0,0,0,,0
1,170,0,0,52881,12655,0,0,0,0,0,,0
1,171,0,0,55220,10316,0,0,0,0,0,,0
1,172,0,0,61281,4255,0,0,0,0,0,,0
1,173,0,0,61777,3759,0,0,0,0,0,,0
1,174,0,0,63484,2052,0,0,0,0,0,,0
1,175,0,0,51254,14282,0,0,0,0,0,,0
1,176,0,0,51896,13640,0,0,0,0,0,,0
1,177,0,0,52672,12864,0,0,0,0,0,,0
1,178,0,0,50511,15025,0,0,0,0,0,,0
1,179,0,0,43240,22296,0,0,0,0,0,,0
1,180,0,0,63002,2534,0,0,0,0,0,,0
1,181,0,0,62098,3438,0,0,0,0,0,,0
1,182,0,0,61767,3769,0,0,0,0,0,,0
1,183,0,0,60176,5360,0,0,0,0,0,,0
1,184,0,0,52270,13266,0,0,0,0,0,,0
1,185,2,0,49592,15944,0,0,0,2,2,1;2,0
1,186,0,0,45137,20399,0,0,0,0,0,,0
1,187,0,0,48049,17487,0,0,0,0,0,,0
1,188,0,0,51148,14388,0,0,0,0,0,,0
1,189,0,0,48888,16648,0,0,0,0,0,,0
1,190,0,0,56009,9527,0,0,0,0,0,,0
1,191,0,0,58488,7048,0,0,0,0,0,,0
1,192,0,0,45259,20277,0,0,0,0,0,,0
1,193,0,0,53793,11743,0,0,0,0,0,,0
1,194,0,0,63607,1929,0,0,0,0,0,,0
1,195,0,0,59984,5552,0,0,0,0,0,,0
1,196,0,0,58472,7064,0,0,0,0,0,,0
1,197,0,0,48534,17002,0,0,0,0,0,,0
1,198,0,0,58637,6899,0,0,0,0,0,,0
1,199,0,0,60389,5147,0,0,0,0,0,,0
1,200,0,0,54625,10911,0,0,0,0,0,,0
1,201,0,0,42552,22984,0,0,0,0,0,,0
1,202,0,0,55828,9708,0,0,0,0,0,,0
1,203,0,0,61065,4471,0,0,0,0,0,,0
1,204,0,0,46077,19459,0,0,0,0,0,,0
1,205,0,0,50263,15273,0,0,0,0,0,,0
1,206,0,0,50926,14610,0,0,0,0,0,,0
1,207,0,0,48927,16609,0,0,0,0,0,,0
1,208,0,0,49568,15968,0,0,0,0,0,,0
1,209,0,0,49017,16519,0,0,0,0,0,,0
1,210,0,0,51477,14059,0,0,0,0,0,,0
1,211,0,0,59168,6368,0,0,0,0,0,,0
1,212,0,0,44192,21344,0,0,0,0,0,,0
1,213,0,0,50182,15354,0,0,0,0,0,,0
1,214,0,0,52229,13307,0,0,0,0,0,,0
1,215,0,0,52388,13148,0,0,0,0,0,,0
1,216,0,0,58019,7517,0,0,0,0,0,,0
1,217,0,0,52934,12602,0,0,0,0,0,,0
1,218,0,0,57636,7900,0,0,0,0,0,,0
1,219,0,0,54780,10756,0,0,0,0,0,,0
1,220,0,0,49960,15576,0,0,0,0,0,,0
1,221,0,0,51341,14195,0,0,0,0,0,,0
1,222,0,0,48514,17022,0,0,0,0,0,,0
1,223,0,0,48974,16562,0,0,0,0,0,,0
1,224,0,0,49945,15591,0,0,0,0,0,,0
1,225,0,0,54772,10764,0,0,0,0,0,,0
1,226,0,0,59559,5977,0,0,0,0,0,,0
1,227,0,0,47475,18061,0,0,0,0,0,,0
1,228,5,0,50925,14611,0,0,0,2,2,1;2,0
1,229,0,0,52726,12810,0,0,0,0,0,,0
1,230,0,0,50341,15195,0,0,0,0,0,,0
1,231,0,0,56661,8875,0,0,0,0,0,,0
1,232,9,0,50283,15253,0,0,0,4,2,1;4,0
1,233,0,0,48115,17421,0,0,0,0,0,,0
1,234,0,0,63721,1815,0,0,0,0,0,,0
1,235,0,0,57881,7655,0,0,0,0,0,,0
1,236,0,0,64083,1453,0,0,0,0,0,,0
1,237,0,0,63120,2416,0,0,0,0,0,,0
1,238,0,0,54514,11022,0,0,0,0,0,,0
1,239,0,0,63598,1938,0,0,0,0,0,,0
1,240,0,0,52218,13318,0,0,0,0,0,,0
1,241,0,0,56643,8893,0,0,0,0,0,,0
1,242,0,0,54578,10958,0,0,0,0,0,,0
1,243,0,0,55194,10342,0,0,0,0,0,,0
1,244,0,0,59768,5768,0,0,0,0,0,,0
1,245,0,0,55437,10099,0,0,0,0,0,,0
1,246,1,0,57495,8041,0,0,0,2,2,1;4,0
1,247,0,0,48891,16645,0,0,0,0,0,,0
1,248,22,0,46215,19321,0,0,0,4,2,1;4,0
1,249,0,0,44976,20560,0,0,0,0,0,,0
1,250,0,0,46714,18822,0,0,0,0,0,,0
1,251,0,0,49997,15539,0,0,0,0,0,,0
1,252,0,0,43347,22189,0,0,0,0,0,,0
1,253,0,0,47016,18520,0,0,0,0,0,,0
1,254,0,0,48373,17163,0,0,0,0,0,,0
1,255,0,0,47837,17699,0,0,0,0,0,,0
1,256,0,0,62912,2624,0,0,0,0,0,,0
1,257,0,0,59292,6244,0,0,0,0,0,,0
1,258,0,0,55422,10114,0,0,0,0,0,,0
1,259,0,0,55289,10247,0,0,0,0,0,,0
1,260,0,0,54812,10724,0,0,0,0,0,,0
1,261,5,0,41708,23828,0,0,0,2,2,0;1,0
1,262,0,0,43370,22166,0,0,0,0,0,,0
1,263,0,0,50572,14964,0,0,0,0,0,,0
1,264,0,0,53585,11951,0,0,0,0,0,,0
1,265,0,0,45708,19828,0,0,0,0,0,,0
1,266,0,0,41856,23680,0,0,0,0,0,,0
1,267,0,0,50946,14590,0,0,0,0,0,,0
1,268,0,0,41796,23740,0,0,0,0,0,,0
1,269,0,0,49393,16143,0,0,0,0,0,,0
1,270,0,0,48041,17495,0,0,0,0,0,,0
1,271,16,0,46782,18754,0,0,0,4,2,1;2,0
1,272,0,0,44135,21401,0,0,0,0,0,,0
1,273,0,0,42415,23121,0,0,0,0,0,,0
1,274,0,0,45561,19975,0,0,0,0,0,,0
1,275,0,0,56548,8988,0,0,0,0,0,,0
1,276,0,0,49658,15878,0,0,0,0,0,,0
1,277,0,0,45903,19633,0,0,0,0,0,,0
1,278,0,0,42576,22960,0,0,0,0,0,,0
1,279,0,0,60115,5421,0,0,0,0,0,,0
1,280,0,0,54934,10602,0,0,0,0,0,,0
1,281,0,0,50153,15383,0,0,0,0,0,,0
1,282,1,0,54861,10675,0,0,0,2,2,1;2,0
1,283,0,0,55195,10341,0,0,0,0,0,,0
1,284,0,0,55921,9615,0,0,0,0,0,,0
1,285,0,0,47869,17667,0,0,0,0,0,,0
1,286,0,0,52951,12585,0,0,0,0,0,,0
1,287,0,0,54256,11280,0,0,0,0,0,,0
1,288,0,0,53601,11935,0,0,0,0,0,,0
1,289,0,0,52403,13133,0,0,0,0,0,,0
1,290,0,0,48328,17208,0,0,0,0,0,,0
1,291,0,0,51495,14041,0,0,0,0,0,,0
1,292,0,0,56179,9357,0,0,0,0,0,,0
1,293,0,0,60069,5467,0,0,0,0,0,,0
1,294,0,0,58484,7052,0,0,0,0,0,,0
1,295,0,0,50370,15166,0,0,0,0,0,,0
1,296,0,0,42088,23448,0,0,0,0,0,,0
1,297,0,0,56074,9462,0,0,0,0,0,,0
1,298,0,0,54665,10871,0,0,0,0,0,,0
1,299,0,0,57512,8024,0,0,0,0,0,,0
1,300,0,0,57946,7590,0,0,0,0,0,,0
1,301,0,0,53046,12490,0,0,0,0,0,,0
1,302,0,0,53991,11545,0,0,0,0,0,,0
1,303,0,0,57618,7918,0,0,0,0,0,,0
1,304,0,0,58580,6956,0,0,0,0,0,,0
1,305,0,0,59377,6159,0,0,0,0,0,,0
1,306,0,0,59108,6428,0,0,0,0,0,,0
1,307,0,0,56231,9305,0,0,0,0,0,,0
1,308,0,0,52531,13005,0,0,0,0,0,,0
1,309,0,0,50490,15046,0,0,0,0,0,,0
1,310,0,0,60930,4606,0,0,0,0,0,,0
1,311,0,0,54161,11375,0,0,0,0,0,,0
1,312,0,0,56151,9385,0,0,0,0,0,,0
1,313,0,0,58359,7177,0,0,0,0,0,,0
1,314,0,0,59440,6096,0,0,0,0,0,,0
1,315,0,0,54471,11065,0,0,0,0,0,,0
1,316,0,0,44494,21042,0,0,0,0,0,,0
1,317,0,0,53540,11996,0,0,0,0,0,,0
1,318,0,0,50026,15510,0,0,0,0,0,,0
1,319,0,0,52628,12908,0,0,0,0,0,,0
1,320,0,0,44401,21135,0,0,0,0,0,,0
1,321,0,0,54148,11388,0,0,0,0,0,,0
1,322,0,0,48410,17126,0,0,0,0,0,,0
1,323,0,0,59261,6275,0,0,0,0,0,,0
1,324,0,0,48205,17331,0,0,0,0,0,,0
1,325,0,0,52590,12946,0,0,0,0,0,,0
1,326,2,0,50525,15011,0,0,0,2,2,0;1,0
1,327,0,0,45501,20035,0,0,0,0,0,,0
1,328,0,0,49093,16443,0,0,0,0,0,,0
1,329,0,0,40545,24991,0,0,0,0,0,,0
1,330,0,0,41926,23610,0,0,0,0,0,,0
1,331,2,0,46938,18598,0,0,0,2,2,0;2,0
1,332,0,0,44215,21321,0,0,0,0,0,,0
1,333,12,0,47384,18152,0,0,0,2,2,0;2,0
1,334,0,0,45112,20424,0,0,0,0,0,,0
1,335,0,0,48639,16897,0,0,0,0,0,,0
1,336,0,0,49013,16523,0,0,0,0,0,,0
1,337,0,0,61063,4473,0,0,0,0,0,,0
1,338,0,0,64339,1197,0,0,0,0,0,,0
1,339,0,0,58989,6547,0,0,0,0,0,,0
1,340,0,0,59616,5920,0,0,0,0,0,,0
1,341,0,0,59358,6178,0,0,0,0,0,,0
1,342,0,0,57746,7790,0,0,0,0,0,,0
1,343,0,0,53109,12427,0,0,0,0,0,,0
1,344,0,0,59857,5679,0,0,0,0,0,,0
1,345,0,0,52648,12888,0,0,0,0,0,,0
1,346,0,0,60300,5236,0,0,0,0,0,,0
1,347,0,0,58089,7447,0,0,0,0,0,,0
1,348,0,0,58334,7202,0,0,0,0,0,,0
1,349,0,0,60832,4704,0,0,0,0,0,,0
1,350,0,0,41985,23551,0,0,0,0,0,,0
1,351,0,0,48301,17235,0,0,0,0,0,,0
1,352,0,0,40468,25068,0,0,0,0,0,,0
1,353,0,0,42777,22759,0,0,0,0,0,,0
1,354,0,0,42765,22771,0,0,0,0,0,,0
1,355,0,0,44490,21046,0,0,0,0,0,,0
1,356,0,0,58695,6841,0,0,0,0,0,,0
1,357,0,0,62559,2977,0,0,0,0,0,,0
1,358,0,0,51557,13979,0,0,0,0,0,,0
1,359,0,0,63965,1571,0,0,0,0,0,,0
1,360,0,0,55448,10088,0,0,0,0,0,,0
1,361,0,0,54402,11134,0,0,0,0,0,,0
1,362,0,0,54884,10652,0,0,0,0,0,,0
1,363,0,0,45862,19674,0,0,0,0,0,,0
1,364,0,0,54015,11521,0,0,0,0,0,,0
1,365,0,0,58937,6599,0,0,0,0,0,,0
1,366,0,0,55215,10321,0,0,0,0,0,,0
1,367,0,0,46936,18600,0,0,0,0,0,,0
1,368,0,0,43945,21591,0,0,0,0,0,,0
1,369,0,0,38884,26652,0,0,0,0,0,,0
1,370,0,0,50680,14856,0,0,0,0,0,,0
1,371,0,0,48108,17428,0,0,0,0,0,,0
1,372,0,0,56574,8962,0,0,0,0,0,,0
1,373,0,0,49978,15558,0,0,0,0,0,,0
1,374,0,0,44639,20897,0,0,0,0,0,,0
1,375,0,0,53487,12049,0,0,0,0,0,,0
1,376,0,0,51968,13568,0,0,0,0,0,,0
1,377,0,0,46327,19209,0,0,0,0,0,,0
1,378,0,0,53633,11903,0,0,0,0,0,,0
1,379,0,0,53547,11989,0,0,0,0,0,,0
1,380,0,0,53591,11945,0,0,0,0,0,,0
1,381,0,0,52740,12796,0,0,0,0,0,,0
1,382,0,0,52551,12985,0,0,0,0,0,,0
1,383,0,0,53717,11819,0,0,0,0,0,,0
1,384,0,0,48887,16649,0,0,0,0,0,,0
1,385,0,0,48024,17512,0,0,0,0,0,,0
1,386,17,0,47088,18448,0,0,0,4,2,1;2,0
1,387,0,0,54796,10740,0,0,0,0,0,,0
1,388,0,0,35939,29597,0,0,0,0,0,,0
1,389,0,0,53474,12062,0,0,0,0,0,,0
1,390,0,0,41212,24324,0,0,0,0,0,,0
1,391,0,0,52198,13338,0,0,0,0,0,,0
1,392,0,0,56650,8886,0,0,0,0,0,,0
1,393,0,0,57688,7848,0,0,0,0,0,,0
1,394,0,0,55726,9810,0,0,0,0,0,,0
1,395,0,0,53778,11758,0,0,0,0,0,,0
1,396,0,0,61174,4362,0,0,0,0,0,,0
1,397,0,0,52242,13294,0,0,0,0,0,,0
1,398,0,0,52111,13425,0,0,0,0,0,,0
1,399,0,0,52982,12554,0,0,0,0,0,,0
1,400,0,0,42643,22893,0,0,0,0,0,,0
1,401,0,0,52551,12985,0,0,0,0,0,,0
1,402,0,0,60352,5184,0,0,0,0,0,,0
1,403,0,0,56452,9084,0,0,0,0,0,,0
1,404,0,0,59774,5762,0,0,0,0,0,,0
1,405,0,0,58787,6749,0,0,0,0,0,,0
1,406,0,0,57028,8508,0,0,0,0,0,,0
1,407,0,0,62893,2643,0,0,0,0,0,,0
1,408,0,0,59099,6437,0,0,0,0,0,,0
1,409,0,0,60098,5438,0,0,0,0,0,,0
1,410,0,0,54827,10709,0,0,0,0,0,,0
1,411,0,0,56612,8924,0,0,0,0,0,,0
1,412,0,0,63176,2360,0,0,0,0,0,,0
1,413,0,0,59188,6348,0,0,0,0,0,,0
1,414,0,0,45960,19576,0,0,0,0,0,,0
1,415,0,0,55707,9829,0,0,0,0,0,,0
1,416,0,0,51356,14180,0,0,0,0,0,,0
1,417,0,0,57434,8102,0,0,0,0,0,,0
1,418,0,0,64661,875,0,0,0,0,0,,0
1,419,0,0,60473,5063,0,0,0,0,0,,0
1,420,0,0,53970,11566,0,0,0,0,0,,0
1,421,0,0,52065,13471,0,0,0,0,0,,0
1,422,0,0,55413,10123,0,0,0,0,0,,0
1,423,0,0,59439,6097,0,0,0,0,0,,0
1,424,0,0,50233,15303,0,0,0,0,0,,0
1,425,0,0,47024,18512,0,0,0,0,0,,0
1,426,0,0,53600,11936,0,0,0,0,0,,0
1,427,0,0,47709,17827,0,0,0,0,0,,0
1,428,0,0,50296,15240,0,0,0,0,0,,0
1,429,0,0,51602,13934,0,0,0,0,0,,0
1,430,0,0,49294,16242,0,0,0,0,0,,0
1,431,0,0,53986,11550,0,0,0,0,0,,0
1,432,0,0,47891,17645,0,0,0,0,0,,0
1,433,0,0,54416,11120,0,0,0,0,0,,0
1,434,0,0,50645,14891,0,0,0,0,0,,0
1,435,0,0,50548,14988,0,0,0,0,0,,0
1,436,0,0,58291,7245,0,0,0,0,0,,0
1,437,0,0,47278,18258,0,0,0,0,0,,0
1,438,0,0,50533,15003,0,0,0,0,0,,0
1,439,0,0,52532,13004,0,0,0,0,0,,0
1,440,0,0,56056,9480,0,0,0,0,0,,0
1,441,0,0,57623,7913,0,0,0,0,0,,0
1,442,0,0,53106,12430,0,0,0,0,0,,0
1,443,0,0,59083,6453,0,0,0,0,0,,0
1,444,0,0,54169,11367,0,0,0,0,0,,0
1,445,0,0,60727,4809,0,0,0,0,0,,0
1,446,0,0,52602,12934,0,0,0,0,0,,0
1,447,0,0,56669,8867,0,0,0,0,0,,0
1,448,0,0,57847,7689,0,0,0,0,0,,0
1,449,0,0,52256,13280,0,0,0,0,0,,0
1,450,0,0,47734,17802,0,0,0,0,0,,0
1,451,0,0,57008,8528,0,0,0,0,0,,0
1,452,0,0,48844,16692,0,0,0,0,0,,0
1,453,0,0,53841,11695,0,0,0,0,0,,0
1,454,0,0,51843,13693,0,0,0,0,0,,0
1,455,0,0,51410,14126,0,0,0,0,0,,0
1,456,0,0,58849,6687,0,0,0,0,0,,0
1,457,0,0,60447,5089,0,0,0,0,0,,0
1,458,0,0,55762,9774,0,0,0,0,0,,0
1,459,0,0,45736,19800,0,0,0,0,0,,0
1,460,0,0,60937,4599,0,0,0,0,0,,0
1,461,0,0,58165,7371,0,0,0,0,0,,0
1,462,0,0,61188,4348,0,0,0,0,0,,0
1,463,0,0,56306,9230,0,0,0,0,0,,0
1,464,0,0,58560,6976,0,0,0,0,0,,0
1,465,0,0,62804,2732,0,0,0,0,0,,0
1,466,0,0,63810,1726,0,0,0,0,0,,0
1,467,4,0,53215,12321,0,0,0,2,2,0;1,0
1,468,0,0,63923,1613,0,0,0,0,0,,0
1,469,0,0,61515,4021,0,0,0,0,0,,0
1,470,0,0,50418,15118,0,0,0,0,0,,0
1,471,0,0,58943,6593,0,0,0,0,0,,0
1,472,0,0,63493,2043,0,0,0,0,0,,0
1,473,0,0,50591,14945,0,0,0,0,0,,0
1,474,0,0,56070,9466,0,0,0,0,0,,0
1,475,0,0,57998,7538,0,0,0,0,0,,0
1,476,0,0,61158,4378,0,0,0,0,0,,0
1,477,0,0,54608,10928,0,0,0,0,0,,0
1,478,0,0,55027,10509,0,0,0,0,0,,0
1,479,0,0,53966,11570,0,0,0,0,0,,0
1,480,0,0,53241,12295,0,0,0,0,0,,0
1,481,0,0,58721,6815,0,0,0,0,0,,0
1,482,0,0,57495,8041,0,0,0,0,0,,0
1,483,0,0,54437,11099,0,0,0,0,0,,0
1,484,0,0,57874,7662,0,0,0,0,0,,0
1,485,0,0,56739,8797,0,0,0,0,0,,0
1,486,0,0,56493,9043,0,0,0,0,0,,0
1,487,0,0,55306,10230,0,0,0,0,0,,0
1,488,0,0,55327,10209,0,0,0,0,0,,0
1,489,0,0,53544,11992,0,0,0,0,0,,0
1,490,0,0,51817,13719,0,0,0,0,0,,0
1,491,0,0,49746,15790,0,0,0,0,0,,0
1,492,0,0,56737,8799,0,0,0,0,0,,0
1,493,0,0,60855,4681,0,0,0,0,0,,0
1,494,0,0,58929,6607,0,0,0,0,0,,0
1,495,0,0,57705,7831,0,0,0,0,0,,0
1,496,0,0,57967,7569,0,0,0,0,0,,0
1,497,0,0,49729,15807,0,0,0,0,0,,0
1,498,0,0,57600,7936,0,0,0,0,0,,0
1,499,0,0,52627,12909,0,0,0,0,0,,0
1,500,0,0,49761,15775,0,0,0,0,0,,0
1,501,0,0,59669,5867,0,0,0,0,0,,0
1,502,0,0,53057,12479,0,0,0,0,0,,0
1,503,0,0,61030,4506,0,0,0,0,0,,0
1,504,0,0,59050,6486,0,0,0,0,0,,0
1,505,0,0,56395,9141,0,0,0,0,0,,0
1,506,0,0,57933,7603,0,0,0,0,0,,0
1,507,0,0,50415,15121,0,0,0,0,0,,0
1,508,0,0,53391,12145,0,0,0,0,0,,0
1,509,0,0,39022,26514,0,0,0,0,0,,0
1,510,0,0,38496,27040,0,0,0,0,0,,0
1,511,0,0,42977,22559,0,0,0,0,0,,0
1,512,0,0,56448,9088,0,0,0,0,0,,0
1,513,0,0,45056,20480,0,0,0,0,0,,0
1,514,0,0,47628,17908,0,0,0,0,0,,0
1,515,0,0,57319,8217,0,0,0,0,0,,0
1,516,0,0,52814,12722,0,0,0,0,0,,0
1,517,0,0,52453,13083,0,0,0,0,0,,0
1,518,0,0,56397,9139,0,0,0,0,0,,0
1,519,0,0,55599,9937,0,0,0,0,0,,0
1,520,0,0,57766,7770,0,0,0,0,0,,0
1,521,0,0,45949,19587,0,0,0,0,0,,0
1,522,0,0,48719,16817,0,0,0,0,0,,0
1,523,0,0,53124,12412,0,0,0,0,0,,0
1,524,0,0,50577,14959,0,0,0,0,0,,0
1,525,0,0,52002,13534,0,0,0,0,0,,0
1,526,0,0,50331,15205,0,0,0,0,0,,0
1,527,9,0,41759,23777,0,0,0,3,2,0;2,0
1,528,22,0,39081,26455,0,0,0,3,2,0;1,0
1,529,0,0,43589,21947,0,0,0,0,0,,0
1,530,0,0,45922,19614,0,0,0,0,0,,0
1,531,0,0,42960,22576,0,0,0,0,0,,0
1,532,0,0,49712,15824,0,0,0,0,0,,0
1,533,11,0,52955,12581,0,0,0,2,2,0;2,0
1,534,14,0,50912,14624,0,0,0,2,2,0;2,0
1,535,0,0,53076,12460,0,0,0,0,0,,0
1,536,0,0,53226,12310,0,0,0,0,0,,0
1,537,0,0,54914,10622,0,0,0,0,0,,0
1,538,0,0,56106,9430,0,0,0,0,0,,0
1,539,0,0,56389,9147,0,0,0,0,0,,0
1,540,0,0,48922,16614,0,0,0,0,0,,0
1,541,0,0,57349,8187,0,0,0,0,0,,0
1,542,0,0,48938,16598,0,0,0,0,0,,0
1,543,0,0,54674,10862,0,0,0,0,0,,0
1,544,0,0,52000,13536,0,0,0,0,0,,0
1,545,0,0,48558,16978,0,0,0,0,0,,0
1,546,0,0,51401,14135,0,0,0,0,0,,0
1,547,0,0,49008,16528,0,0,0,0,0,,0
1,548,0,0,49374,16162,0,0,0,0,0,,0
1,549,0,0,55933,9603,0,0,0,0,0,,0
1,550,1,0,52669,12867,0,0,0,2,2,0;1,0
1,551,0,0,54254,11282,0,0,0,0,0,,0
1,552,0,0,53277,12259,0,0,0,0,0,,0
1,553,0,0,53405,12131,0,0,0,0,0,,0
1,554,0,0,49031,16505,0,0,0,0,0,,0
1,555,0,0,49690,15846,0,0,0,0,0,,0
1,556,12,0,54196,11340,0,0,0,4,3,0;1;2,0
1,557,0,0,51149,14387,0,0,0,0,0,,0
1,558,0,0,53124,12412,0,0,0,0,0,,0
1,559,0,0,56220,9316,0,0,0,0,0,,0
1,560,0,0,53679,11857,0,0,0,0,0,,0
1,561,0,0,50993,14543,0,0,0,0,0,,0
1,562,0,0,55248,10288,0,0,0,0,0,,0
1,563,0,0,50988,14548,0,0,0,0,0,,0
1,564,0,0,59277,6259,0,0,0,0,0,,0
1,565,0,0,49943,15593,0,0,0,0,0,,0
1,566,0,0,63897,1639,0,0,0,0,0,,0
1,567,0,0,62615,2921,0,0,0,0,0,,0
1,568,0,0,57375,8161,0,0,0,0,0,,0
1,569,0,0,60908,4628,0,0,0,0,0,,0
1,570,0,0,58616,6920,0,0,0,0,0,,0
1,571,0,0,53714,11822,0,0,0,0,0,,0
1,572,0,0,56791,8745,0,0,0,0,0,,0
1,573,0,0,55448,10088,0,0,0,0,0,,0
1,574,0,0,46412,19124,0,0,0,0,0,,0
1,575,0,0,48056,17480,0,0,0,0,0,,0
1,576,0,0,49572,15964,0,0,0,0,0,,0
1,577,0,0,51075,14461,0,0,0,0,0,,0
1,578,1,0,50735,14801,0,0,0,2,2,0;2,0
1,579,0,0,55289,10247,0,0,0,0,0,,0
1,580,0,0,51353,14183,0,0,0,0,0,,0
1,581,0,0,57628,7908,0,0,0,0,0,,0
1,582,0,0,63639,1897,0,0,0,0,0,,0
1,583,0,0,64596,940,0,0,0,0,0,,0
1,584,0,0,65536,0,0,0,0,0,0,,0
1,585,0,0,58693,6843,0,0,0,0,0,,0
1,586,0,0,65536,0,0,0,0,0,0,,0
1,587,0,0,59890,5646,0,0,0,0,0,,0
1,588,0,0,61445,4091,0,0,0,0,0,,0
1,589,0,0,62684,2852,0,0,0,0,0,,0
1,590,0,0,61306,4230,0,0,0,0,0,,0
1,591,0,0,52997,12539,0,0,0,0,0,,0
1,592,0,0,64025,1511,0,0,0,0,0,,0
1,593,0,0,59476,6060,0,0,0,0,0,,0
1,594,0,0,59284,6252,0,0,0,0,0,,0
1,595,0,0,52143,13393,0,0,0,0,0,,0
1,596,0,0,56149,9387,0,0,0,0,0,,0
1,597,0,0,58313,7223,0,0,0,0,0,,0
1,598,0,0,49061,16475,0,0,0,0,0,,0
1,599,0,0,64639,897,0,0,0,0,0,,0
1,600,0,0,44883,20653,0,0,0,0,0,,0
1,601,0,0,57915,7621,0,0,0,0,0,,0
1,602,0,0,53425,12111,0,0,0,0,0,,0
1,603,0,0,42111,23425,0,0,0,0,0,,0
1,604,0,0,65536,0,0,0,0,0,0,,0
1,605,0,0,50793,14743,0,0,0,0,0,,0
1,606,0,0,49847,15689,0,0,0,0,0,,0
1,607,0,0,61911,3625,0,0,0,0,0,,0
1,608,0,0,59509,6027,0,0,0,0,0,,0
1,609,0,0,64050,1486,0,0,0,0,0,,0
1,610,0,0,48120,17416,0,0,0,0,0,,0
1,611,0,0,52348,13188,0,0,0,0,0,,0
1,612,0,0,58666,6870,0,0,0,0,0,,0
1,613,0,0,46538,18998,0,0,0,0,0,,0
1,614,0,0,49215,16321,0,0,0,0,0,,0
1,615,0,0,41295,24241,0,0,0,0,0,,0
1,616,0,0,59342,6194,0,0,0,0,0,,0
1,617,0,0,56899,8637,0,0,0,0,0,,0
1,618,0,0,50315,15221,0,0,0,0,0,,0
1,619,0,0,54280,11256,0,0,0,0,0,,0
1,620,0,0,50122,15414,0,0,0,0,0,,0
1,621,0,0,43574,21962,0,0,0,0,0,,0
1,622,0,0,45404,20132,0,0,0,0,0,,0
1,623,9,0,55546,9990,0,0,0,2,2,1;4,0
1,624,0,0,51973,13563,0,0,0,0,0,,0
1,625,0,0,50846,14690,0,0,0,0,0,,0
1,626,0,0,56205,9331,0,0,0,0,0,,0
1,627,0,0,61786,3750,0,0,0,0,0,,0
1,628,0,0,59766,5770,0,0,0,0,0,,0
1,629,0,0,57581,7955,0,0,0,0,0,,0
1,630,0,0,62215,3321,0,0,0,0,0,,0
1,631,0,0,60652,4884,0,0,0,0,0,,0
1,632,0,0,63001,2535,0,0,0,0,0,,0
1,633,0,0,63080,2456,0,0,0,0,0,,0
1,634,0,0,60454,5082,0,0,0,0,0,,0
1,635,0,0,63978,1558,0,0,0,0,0,,0
1,636,0,0,60603,4933,0,0,0,0,0,,0
1,637,0,0,63217,2319,0,0,0,0,0,,0
1,638,0,0,54602,10934,0,0,0,0,0,,0
1,639,0,0,63120,2416,0,0,0,0,0,,0
1,640,0,0,60401,5135,0,0,0,0,0,,0
1,641,0,0,56279,9257,0,0,0,0,0,,0
1,642,0,0,57886,7650,0,0,0,0,0,,0
1,643,0,0,59972,5564,0,0,0,0,0,,0
1,644,0,0,65259,277,0,0,0,0,0,,0
1,645,0,0,59241,6295,0,0,0,0,0,,0
1,646,0,0,57270,8266,0,0,0,0,0,,0
1,647,0,0,51702,13834,0,0,0,0,0,,0
1,648,0,0,54516,11020,0,0,0,0,0,,0
1,649,0,0,54727,10809,0,0,0,0,0,,0
1,650,0,0,50210,15326,0,0,0,0,0,,0
1,651,0,0,54911,10625,0,0,0,0,0,,0
1,652,9,0,53477,12059,0,0,0,2,2,0;2,0
1,653,0,0,49417,16119,0,0,0,0,0,,0
1,654,0,0,41437,24099,0,0,0,0,0,,0
1,655,0,0,52102,13434,0,0,0,0,0,,0
1,656,0,0,58048,7488,0,0,0,0,0,,0
1,657,0,0,58979,6557,0,0,0,0,0,,0
1,658,0,0,60643,4893,0,0,0,0,0,,0
1,659,0,0,62075,3461,0,0,0,0,0,,0
1,660,0,0,61949,3587,0,0,0,0,0,,0
1,661,0,0,47276,18260,0,0,0,0,0,,0
1,662,0,0,54928,10608,0,0,0,0,0,,0
1,663,1,0,51508,14028,0,0,0,2,2,1;2,0
1,664,0,0,55768,9768,0,0,0,0,0,,0
1,665,0,0,51587,13949,0,0,0,0,0,,0
1,666,0,0,56977,8559,0,0,0,0,0,,0
1,667,0,0,54017,11519,0,0,0,0,0,,0
1,668,0,0,54015,11521,0,0,0,0,0,,0
1,669,0,0,53457,12079,0,0,0,0,0,,0
1,670,0,0,55900,9636,0,0,0,0,0,,0
1,671,0,0,44836,20700,0,0,0,0,0,,0
1,672,0,0,45638,19898,0,0,0,0,0,,0
1,673,0,0,46368,19168,0,0,0,0,0,,0
1,674,0,0,42461,23075,0,0,0,0,0,,0
1,675,0,0,55499,10037,0,0,0,0,0,,0
1,676,0,0,44518,21018,0,0,0,0,0,,0
1,677,0,0,49135,16401,0,0,0,0,0,,0
1,678,0,0,53739,11797,0,0,0,0,0,,0
1,679,0,0,47133,18403,0,0,0,0,0,,0
1,680,0,0,47256,18280,0,0,0,0,0,,0
1,681,0,0,49018,16518,0,0,0,0,0,,0
1,682,0,0,48783,16753,0,0,0,0,0,,0
1,683,0,0,54145,11391,0,0,0,0,0,,0
1,684,0,0,49755,15781,0,0,0,0,0,,0
1,685,0,0,55386,10150,0,0,0,0,0,,0
1,686,6,0,47901,17635,0,0,0,4,3,0;1;2,0
1,687,0,0,56290,9246,0,0,0,0,0,,0
1,688,0,0,53663,11873,0,0,0,0,0,,0
1,689,0,0,57698,7838,0,0,0,0,0,,0
1,690,0,0,52833,12703,0,0,0,0,0,,0
1,691,0,0,55901,9635,0,0,0,0,0,,0
1,692,0,0,59225,6311,0,0,0,0,0,,0
1,693,0,0,55447,10089,0,0,0,0,0,,0
1,694,0,0,53752,11784,0,0,0,0,0,,0
1,695,0,0,56772,8764,0,0,0,0,0,,0
1,696,0,0,52214,13322,0,0,0,0,0,,0
1,697,0,0,57401,8135,0,0,0,0,0,,0
1,698,0,0,56442,9094,0,0,0,0,0,,0
1,699,0,0,54182,11354,0,0,0,0,0,,0
1,700,0,0,57582,7954,0,0,0,0,0,,0
1,701,0,0,52975,12561,0,0,0,0,0,,0
1,702,0,0,60568,4968,0,0,0,0,0,,0
1,703,0,0,56382,9154,0,0,0,0,0,,0
1,704,0,0,52871,12665,0,0,0,0,0,,0
1,705,0,0,52396,13140,0,0,0,0,0,,0
1,706,0,0,61340,4196,0,0,0,0,0,,0
1,707,0,0,52708,12828,0,0,0,0,0,,0
1,708,0,0,46060,19476,0,0,0,0,0,,0
1,709,0,0,56158,9378,0,0,0,0,0,,0
1,710,0,0,55920,9616,0,0,0,0,0,,0
1,711,0,0,60786,4750,0,0,0,0,0,,0
1,712,0,0,51751,13785,0,0,0,0,0,,0
1,713,0,0,50997,14539,0,0,0,0,0,,0
1,714,0,0,44259,21277,0,0,0,0,0,,0
1,715,0,0,54833,10703,0,0,0,0,0,,0
1,716,0,0,57421,8115,0,0,0,0,0,,0
1,717,0,0,43334,22202,0,0,0,0,0,,0
1,718,0,0,52423,13113,0,0,0,0,0,,0
1,719,0,0,52499,13037,0,0,0,0,0,,0
1,720,0,0,53586,11950,0,0,0,0,0,,0
1,721,0,0,62881,2655,0,0,0,0,0,,0
1,722,0,0,51688,13848,0,0,0,0,0,,0
1,723,0,0,49894,15642,0,0,0,0,0,,0
1,724,0,0,56702,8834,0,0,0,0,0,,0
1,725,0,0,53271,12265,0,0,0,0,0,,0
1,726,0,0,54651,10885,0,0,0,0,0,,0
1,727,0,0,56650,8886,0,0,0,0,0,,0
1,728,0,0,52232,13304,0,0,0,0,0,,0
1,729,0,0,52548,12988,0,0,0,0,0,,0
1,730,0,0,55653,9883,0,0,0,0,0,,0
1,731,0,0,53795,11741,0,0,0,0,0,,0
1,732,0,0,56644,8892,0,0,0,0,0,,0
1,733,0,0,59790,5746,0,0,0,0,0,,0
1,734,0,0,53831,11705,0,0,0,0,0,,0
1,735,0,0,52719,12817,0,0,0,0,0,,0
1,736,0,0,58072,7464,0,0,0,0,0,,0
1,737,0,0,56436,9100,0,0,0,0,0,,0
1,738,2,0,51736,13800,0,0,0,2,2,1;2,0
1,739,0,0,48205,17331,0,0,0,0,0,,0
1,740,0,0,51300,14236,0,0,0,0,0,,0
1,741,4,0,43894,21642,0,0,0,2,2,0;2,0
1,742,0,0,45520,20016,0,0,0,0,0,,0
1,743,3,0,45964,19572,0,0,0,2,2,0;2,0
1,744,2,0,42401,23135,0,0,0,2,2,1;2,0
1,745,0,0,62327,3209,0,0,0,0,0,,0
1,746,0,0,62177,3359,0,0,0,0,0,,0
1,747,0,0,61273,4263,0,0,0,0,0,,0
1,748,0,0,65536,0,0,0,0,0,0,,0
1,749,0,0,59733,5803,0,0,0,0,0,,0
1,750,0,0,65536,0,0,0,0,0,0,,0
1,751,1,0,57168,8368,0,0,0,2,2,1;2,0
1,752,0,0,65343,193,0,0,0,0,0,,0
1,753,0,0,59463,6073,0,0,0,0,0,,0
1,754,6,0,45863,19673,0,0,0,2,2,0;2,0
1,755,0,0,49208,16328,0,0,0,0,0,,0
1,756,0,0,48262,17274,0,0,0,0,0,,0
1,757,0,0,61822,3714,0,0,0,0,0,,0
1,758,0,0,51691,13845,0,0,0,0,0,,0
1,759,0,0,47028,18508,0,0,0,0,0,,0
1,760,0,0,56515,9021,0,0,0,0,0,,0
1,761,0,0,61768,3768,0,0,0,0,0,,0
1,762,0,0,60920,4616,0,0,0,0,0,,0
1,763,0,0,60675,4861,0,0,0,0,0,,0
1,764,0,0,61098,4438,0,0,0,0,0,,0
1,765,0,0,60549,4987,0,0,0,0,0,,0
1,766,1,0,47831,17705,0,0,0,2,2,0;1,0
1,767,0,0,46134,19402,0,0,0,0,0,,0
1,768,0,0,45477,20059,0,0,0,0,0,,0
1,769,2,0,48422,17114,0,0,0,2,2,0;1,0
1,770,0,0,51070,14466,0,0,0,0,0,,0
1,771,0,0,54898,10638,0,0,0,0,0,,0
1,772,0,0,51415,14121,0,0,0,0,0,,0
1,773,0,0,48763,16773,0,0,0,0,0,,0
1,774,0,0,64013,1523,0,0,0,0,0,,0
1,775,0,0,62069,3467,0,0,0,0,0,,0
1,776,0,0,61722,3814,0,0,0,0,0,,0
1,777,0,0,64378,1158,0,0,0,0,0,,0
1,778,0,0,63418,2118,0,0,0,0,0,,0
1,779,0,0,65307,229,0,0,0,0,0,,0
1,780,0,0,65536,0,0,0,0,0,0,,0
1,781,0,0,54079,11457,0,0,0,0,0,,0
1,782,0,0,57960,7576,0,0,0,0,0,,0
1,783,0,0,57912,7624,0,0,0,0,0,,0
1,784,0,0,55469,10067,0,0,0,0,0,,0
1,785,0,0,45010,20526,0,0,0,0,0,,0
1,786,11,0,43454,22082,0,0,0,4,3,0;1;2,0
1,787,0,0,58009,7527,0,0,0,0,0,,0
1,788,0,0,51194,14342,0,0,0,0,0,,0
1,789,0,0,53524,12012,0,0,0,0,0,,0
1,790,0,0,54687,10849,0,0,0,0,0,,0
1,791,0,0,46423,19113,0,0,0,0,0,,0
1,792,0,0,56303,9233,0,0,0,0,0,,0
1,793,0,0,53234,12302,0,0,0,0,0,,0
1,794,0,0,59263,6273,0,0,0,0,0,,0
1,795,0,0,48266,17270,0,0,0,0,0,,0
1,796,0,0,50539,14997,0,0,0,0,0,,0
1,797,0,0,56061,9475,0,0,0,0,0,,0
1,798,0,0,56792,8744,0,0,0,0,0,,0
1,799,0,0,54144,11392,0,0,0,0,0,,0
1,800,0,0,62142,3394,0,0,0,0,0,,0
1,801,0,0,59092,6444,0,0,0,0,0,,0
1,802,0,0,62314,3222,0,0,0,0,0,,0
1,803,0,0,61958,3578,0,0,0,0,0,,0
1,804,0,0,64809,727,0,0,0,0,0,,0
1,805,0,0,63198,2338,0,0,0,0,0,,0
1,806,0,0,59232,6304,0,0,0,0,0,,0
1,807,0,0,61673,3863,0,0,0,0,0,,0
1,808,0,0,65262,274,0,0,0,0,0,,0
1,809,0,0,65395,141,0,0,0,0,0,,0
1,810,0,0,64929,607,0,0,0,0,0,,0
1,811,0,0,65536,0,0,0,0,0,0,,0
1,812,0,0,65536,0,0,0,0,0,0,,0
1,813,0,0,65536,0,0,0,0,0,0,,0
1,814,0,0,65188,348,0,0,0,0,0,,0
1,815,0,0,63538,1998,0,0,0,0,0,,0
1,816,0,0,65209,327,0,0,0,0,0,,0
1,817,0,0,37891,27645,0,0,0,0,0,,0
1,818,18,0,42899,22637,0,0,0,2,2,1;2,0
1,819,0,0,37268,28268,0,0,0,0,0,,0
1,820,0,0,64865,671,0,0,0,0,0,,0
1,821,0,0,64811,725,0,0,0,0,0,,0
1,822,0,0,62247,3289,0,0,0,0,0,,0
1,823,0,0,54578,10958,0,0,0,0,0,,0
1,824,0,0,56906,8630,0,0,0,0,0,,0
1,825,0,0,38378,27158,0,0,0,0,0,,0
1,826,4,0,42176,23360,0,0,0,2,2,1;2,0
1,827,3,0,41570,23966,0,0,0,4,2,1;2,0
1,828,0,0,65536,0,0,0,0,0,0,,0
1,829,0,0,65296,240,0,0,0,0,0,,0
1,830,0,0,65536,0,0,0,0,0,0,,0
1,831,0,0,65185,351,0,0,0,0,0,,0
1,832,0,0,65536,0,0,0,0,0,0,,0
1,833,0,0,65536,0,0,0,0,0,0,,0
1,834,0,0,53361,12175,0,0,0,0,0,,0
1,835,0,0,46387,19149,0,0,0,0,0,,0
1,836,0,0,55040,10496,0,0,0,0,0,,0
1,837,0,0,64457,1079,0,0,0,0,0,,0
1,838,0,0,62062,3474,0,0,0,0,0,,0
1,839,0,0,61062,4474,0,0,0,0,0,,0
1,840,0,0,59209,6327,0,0,0,0,0,,0
1,841,0,0,60499,5037,0,0,0,0,0,,0
1,842,2,0,59513,6023,0,0,0,2,2,1;2,0
1,843,0,0,56683,8853,0,0,0,0,0,,0
1,844,0,0,47435,18101,0,0,0,0,0,,0
1,845,7,0,45836,19700,0,0,0,6,2,1;2,0
1,846,0,0,57241,8295,0,0,0,0,0,,0
1,847,0,0,57602,7934,0,0,0,0,0,,0
1,848,0,0,56027,9509,0,0,0,0,0,,0
1,849,0,0,57161,8375,0,0,0,0,0,,0
1,850,0,0,57523,8013,0,0,0,0,0,,0
1,851,0,0,52195,13341,0,0,0,0,0,,0
1,852,0,0,53100,12436,0,0,0,0,0,,0
1,853,0,0,44128,21408,0,0,0,0,0,,0
1,854,0,0,57589,7947,0,0,0,0,0,,0
1,855,0,0,57380,8156,0,0,0,0,0,,0
1,856,0,0,53966,11570,0,0,0,0,0,,0
1,857,0,0,58240,7296,0,0,0,0,0,,0
1,858,0,0,53977,11559,0,0,0,0,0,,0
1,859,0,0,55580,9956,0,0,0,0,0,,0
1,860,0,0,55550,9986,0,0,0,0,0,,0
1,861,0,0,51482,14054,0,0,0,0,0,,0
1,862,0,0,55272,10264,0,0,0,0,0,,0
1,863,0,0,51450,14086,0,0,0,0,0,,0
1,864,0,0,48674,16862,0,0,0,0,0,,0
1,865,0,0,56812,8724,0,0,0,0,0,,0
1,866,1,0,43770,21766,0,0,0,2,2,1;2,0
1,867,0,0,40250,25286,0,0,0,0,0,,0
1,868,0,0,52939,12597,0,0,0,0,0,,0
1,869,0,0,37294,28242,0,0,0,0,0,,0
1,870,0,0,43699,21837,0,0,0,0,0,,0
1,871,0,0,37245,28291,0,0,0,0,0,,0
1,872,0,0,53134,12402,0,0,0,0,0,,0
1,873,0,0,57259,8277,0,0,0,0,0,,0
1,874,0,0,51963,13573,0,0,0,0,0,,0
1,875,0,0,50716,14820,0,0,0,0,0,,0
1,876,0,0,50095,15441,0,0,0,0,0,,0
1,877,0,0,59105,6431,0,0,0,0,0,,0
1,878,0,0,57636,7900,0,0,0,0,0,,0
1,879,3,0,41955,23581,0,0,0,2,2,0;2,0
1,880,0,0,46678,18858,0,0,0,0,0,,0
1,881,0,0,45093,20443,0,0,0,0,0,,0
1,882,0,0,50485,15051,0,0,0,0,0,,0
1,883,2,0,48529,17007,0,0,0,2,2,0;2,0
1,884,0,0,48856,16680,0,0,0,0,0,,0
1,885,0,0,51558,13978,0,0,0,0,0,,0
1,886,0,0,47905,17631,0,0,0,0,0,,0
1,887,0,0,52419,13117,0,0,0,0,0,,0
1,888,0,0,55659,9877,0,0,0,0,0,,0
1,889,0,0,43196,22340,0,0,0,0,0,,0
1,890,4,0,45325,20211,0,0,0,2,2,0;2,0
1,891,0,0,42691,22845,0,0,0,0,0,,0
1,892,0,0,46194,19342,0,0,0,0,0,,0
1,893,5,0,49703,15833,0,0,0,2,2,0;2,0
1,894,0,0,37422,28114,0,0,0,0,0,,0
1,895,0,0,48286,17250,0,0,0,0,0,,0
1,896,0,0,37055,28481,0,0,0,0,0,,0
1,897,0,0,55964,9572,0,0,0,0,0,,0
1,898,0,0,55265,10271,0,0,0,0,0,,0
1,899,0,0,53912,11624,0,0,0,0,0,,0
1,900,0,0,51546,13990,0,0,0,0,0,,0
1,901,0,0,55530,10006,0,0,0,0,0,,0
1,902,0,0,46085,19451,0,0,0,0,0,,0
1,903,0,0,51977,13559,0,0,0,0,0,,0
1,904,0,0,50923,14613,0,0,0,0,0,,0
1,905,0,0,43515,22021,0,0,0,0,0,,0
1,906,8,0,42480,23056,0,0,0,2,2,0;2,0
1,907,0,0,42779,22757,0,0,0,0,0,,0
1,908,0,0,43394,22142,0,0,0,0,0,,0
1,909,0,0,48084,17452,0,0,0,0,0,,0
1,910,3,0,45588,19948,0,0,0,2,2,0;2,0
1,911,0,0,46401,19135,0,0,0,0,0,,0
1,912,0,0,59344,6192,0,0,0,0,0,,0
1,913,0,0,58414,7122,0,0,0,0,0,,0
1,914,0,0,60171,5365,0,0,0,0,0,,0
1,915,0,0,58204,7332,0,0,0,0,0,,0
1,916,0,0,56111,9425,0,0,0,0,0,,0
1,917,0,0,60792,4744,0,0,0,0,0,,0
1,918,0,0,54988,10548,0,0,0,0,0,,0
1,919,0,0,46033,19503,0,0,0,0,0,,0
1,920,0,0,53437,12099,0,0,0,0,0,,0
1,921,0,0,52895,12641,0,0,0,0,0,,0
1,922,0,0,51536,14000,0,0,0,0,0,,0
1,923,0,0,48508,17028,0,0,0,0,0,,0
1,924,0,0,59606,5930,0,0,0,0,0,,0
1,925,0,0,52513,13023,0,0,0,0,0,,0
1,926,0,0,48203,17333,0,0,0,0,0,,0
1,927,0,0,49272,16264,0,0,0,0,0,,0
1,928,0,0,44274,21262,0,0,0,0,0,,0
1,929,0,0,60115,5421,0,0,0,0,0,,0
1,930,0,0,52349,13187,0,0,0,0,0,,0
1,931,0,0,44555,20981,0,0,0,0,0,,0
1,932,0,0,52263,13273,0,0,0,0,0,,0
1,933,0,0,44365,21171,0,0,0,0,0,,0
1,934,4,0,44597,20939,0,0,0,2,2,0;2,0
1,935,0,0,47827,17709,0,0,0,0,0,,0
1,936,0,0,43921,21615,0,0,0,0,0,,0
1,937,0,0,54985,10551,0,0,0,0,0,,0
1,938,0,0,52620,12916,0,0,0,0,0,,0
1,939,0,0,52420,13116,0,0,0,0,0,,0
1,940,0,0,51958,13578,0,0,0,0,0,,0
1,941,0,0,52574,12962,0,0,0,0,0,,0
1,942,0,0,48672,16864,0,0,0,0,0,,0
1,943,0,0,51205,14331,0,0,0,0,0,,0
1,944,4,0,48497,17039,0,0,0,2,2,0;1,0
1,945,0,0,51390,14146,0,0,0,0,0,,0
1,946,0,0,51686,13850,0,0,0,0,0,,0
1,947,0,0,43392,22144,0,0,0,0,0,,0
1,948,0,0,57847,7689,0,0,0,0,0,,0
1,949,0,0,48242,17294,0,0,0,0,0,,0
1,950,0,0,48585,16951,0,0,0,0,0,,0
1,951,0,0,48560,16976,0,0,0,0,0,,0
1,952,0,0,43837,21699,0,0,0,0,0,,0
1,953,0,0,51820,13716,0,0,0,0,0,,0
1,954,0,0,54050,11486,0,0,0,0,0,,0
1,955,0,0,56557,8979,0,0,0,0,0,,0
1,956,0,0,57953,7583,0,0,0,0,0,,0
1,957,0,0,49924,15612,0,0,0,0,0,,0
1,958,0,0,47910,17626,0,0,0,0,0,,0
1,959,0,0,46800,18736,0,0,0,0,0,,0
1,960,0,0,41885,23651,0,0,0,0,0,,0
1,961,0,0,43648,21888,0,0,0,0,0,,0
1,962,0,0,37759,27777,0,0,0,0,0,,0
1,963,0,0,44463,21073,0,0,0,0,0,,0
1,964,0,0,46132,19404,0,0,0,0,0,,0
1,965,0,0,56987,8549,0,0,0,0,0,,0
1,966,1,0,47903,17633,0,0,0,2,2,1;2,0
1,967,0,0,44109,21427,0,0,0,0,0,,0
1,968,0,0,39377,26159,0,0,0,0,0,,0
1,969,0,0,58926,6610,0,0,0,0,0,,0
1,970,0,0,60073,5463,0,0,0,0,0,,0
1,971,0,0,45577,19959,0,0,0,0,0,,0
1,972,0,0,59342,6194,0,0,0,0,0,,0
1,973,0,0,48662,16874,0,0,0,0,0,,0
1,974,0,0,61346,4190,0,0,0,0,0,,0
1,975,0,0,54736,10800,0,0,0,0,0,,0
1,976,0,0,52528,13008,0,0,0,0,0,,0
1,977,0,0,45542,19994,0,0,0,0,0,,0
1,978,0,0,45788,19748,0,0,0,0,0,,0
1,979,0,0,38105,27431,0,0,0,0,0,,0
1,980,0,0,36102,29434,0,0,0,0,0,,0
1,981,0,0,37404,28132,0,0,0,0,0,,0
1,982,0,0,43755,21781,0,0,0,0,0,,0
1,983,0,0,41987,23549,0,0,0,0,0,,0
1,984,0,0,33339,32197,0,0,0,0,0,,0
1,985,2,0,39238,26298,0,0,0,2,2,0;1,0
1,986,0,0,40194,25342,0,0,0,0,0,,0
1,987,0,0,40635,24901,0,0,0,0,0,,0
1,988,0,0,38544,26992,0,0,0,0,0,,0
1,989,0,0,34477,31059,0,0,0,0,0,,0
1,990,0,0,43596,21940,0,0,0,0,0,,0
1,991,0,0,40976,24560,0,0,0,0,0,,0
1,992,0,0,40002,25534,0,0,0,0,0,,0
1,993,0,0,40283,25253,0,0,0,0,0,,0
1,994,0,0,41528,24008,0,0,0,0,0,,0
1,995,0,0,60063,5473,0,0,0,0,0,,0
1,996,0,0,65536,0,0,0,0,0,0,,0
1,997,0,0,64785,751,0,0,0,0,0,,0
1,998,0,0,65536,0,0,0,0,0,0,,0
1,999,0,0,63634,1902,0,0,0,0,0,,0
1,1000,0,0,63959,1577,0,0,0,0,0,,0
1,1001,0,0,62598,2938,0,0,0,0,0,,0
1,1002,0,0,63679,1857,0,0,0,0,0,,0
1,1003,0,0,63029,2507,0,0,0,0,0,,0
1,1004,0,0,62996,2540,0,0,0,0,0,,0
1,1005,0,0,63563,1973,0,0,0,0,0,,0
1,1006,0,0,63783,1753,0,0,0,0,0,,0
1,1007,0,0,63596,1940,0,0,0,0,0,,0
1,1008,0,0,56989,8547,0,0,0,0,0,,0
1,1009,0,0,58253,7283,0,0,0,0,0,,0
1,1010,0,0,56837,8699,0,0,0,0,0,,0
1,1011,0,0,63249,2287,0,0,0,0,0,,0
1,1012,0,0,59662,5874,0,0,0,0,0,,0
1,1013,0,0,65054,482,0,0,0,0,0,,0
1,1014,0,0,58060,7476,0,0,0,0,0,,0
1,1015,0,0,64182,1354,0,0,0,0,0,,0
1,1016,0,0,61534,4002,0,0,0,0,0,,0
1,1017,0,0,62495,3041,0,0,0,0,0,,0
1,1018,5,0,50062,15474,0,0,0,2,2,1;2,0
1,1019,0,0,46219,19317,0,0,0,0,0,,0
1,1020,0,0,46357,19179,0,0,0,0,0,,0
1,1021,0,0,44314,21222,0,0,0,0,0,,0
1,1022,0,0,54049,11487,0,0,0,0,0,,0
1,1023,0,0,48266,17270,0,0,0,0,0,,0
1,1024,0,0,47807,17729,0,0,0,0,0,,0
1,1025,0,0,61842,3694,0,0,0,0,0,,0
1,1026,0,0,54725,10811,0,0,0,0,0,,0
1,1027,1,0,55799,9737,0,0,0,2,2,0;3,0
1,1028,0,0,59140,6396,0,0,0,0,0,,0
1,1029,0,0,52367,13169,0,0,0,0,0,,0
1,1030,6,0,57112,8424,0,0,0,2,2,0;3,0
1,1031,7,0,55159,10377,0,0,0,3,2,0;3,0
1,1032,0,0,59339,6197,0,0,0,0,0,,0
1,1033,0,0,59946,5590,0,0,0,0,0,,0
1,1034,0,0,57641,7895,0,0,0,0,0,,0
1,1035,1,0,54589,10947,0,0,0,2,2,2;3,0
1,1036,0,0,55468,10068,0,0,0,0,0,,0
1,1037,0,0,52438,13098,0,0,0,0,0,,0
1,1038,0,0,51710,13826,0,0,0,0,0,,0
1,1039,0,0,60881,4655,0,0,0,0,0,,0
1,1040,0,0,54408,11128,0,0,0,0,0,,0
1,1041,0,0,59824,5712,0,0,0,0,0,,0
1,1042,0,0,55236,10300,0,0,0,0,0,,0
1,1043,0,0,54760,10776,0,0,0,0,0,,0
1,1044,0,0,59389,6147,0,0,0,0,0,,0
1,1045,0,0,50235,15301,0,0,0,0,0,,0
1,1046,0,0,53984,11552,0,0,0,0,0,,0
1,1047,0,0,57525,8011,0,0,0,0,0,,0
1,1048,0,0,54561,10975,0,0,0,0,0,,0
1,1049,0,0,52980,12556,0,0,0,0,0,,0
1,1050,0,0,51311,14225,0,0,0,0,0,,0
1,1051,0,0,59271,6265,0,0,0,0,0,,0
1,1052,0,0,60164,5372,0,0,0,0,0,,0
1,1053,0,0,63750,1786,0,0,0,0,0,,0
1,1054,0,0,55269,10267,0,0,0,0,0,,0
1,1055,0,0,55923,9613,0,0,0,0,0,,0
1,1056,0,0,54817,10719,0,0,0,0,0,,0
1,1057,0,0,49217,16319,0,0,0,0,0,,0
1,1058,0,0,55488,10048,0,0,0,0,0,,0
1,1059,0,0,52535,13001,0,0,0,0,0,,0
1,1060,0,0,45183,20353,0,0,0,0,0,,0
1,1061,3,0,50172,15364,0,0,0,4,2,1;2,0
1,1062,9,0,47242,18294,0,0,0,6,2,1;2,0
1,1063,3,0,43978,21558,0,0,0,2,2,1;2,0
1,1064,0,0,54669,10867,0,0,0,0,0,,0
1,1065,0,0,54720,10816,0,0,0,0,0,,0
1,1066,0,0,59578,5958,0,0,0,0,0,,0
1,1067,0,0,62684,2852,0,0,0,0,0,,0
1,1068,0,0,59772,5764,0,0,0,0,0,,0
1,1069,0,0,54270,11266,0,0,0,0,0,,0
1,1070,1,0,53847,11689,0,0,0,2,2,1;2,0
1,1071,0,0,55632,9904,0,0,0,0,0,,0
1,1072,0,0,57161,8375,0,0,0,0,0,,0
1,1073,2,0,54157,11379,0,0,0,2,2,1;2,0
1,1074,0,0,52460,13076,0,0,0,0,0,,0
1,1075,0,0,52859,12677,0,0,0,0,0,,0
1,1076,0,0,55648,9888,0,0,0,0,0,,0
1,1077,0,0,55239,10297,0,0,0,0,0,,0
1,1078,0,0,52052,13484,0,0,0,0,0,,0
1,1079,0,0,57406,8130,0,0,0,0,0,,0
1,1080,0,0,55592,9944,0,0,0,0,0,,0
1,1081,0,0,53646,11890,0,0,0,0,0,,0
1,1082,0,0,58390,7146,0,0,0,0,0,,0
1,1083,0,0,58441,7095,0,0,0,0,0,,0
1,1084,0,0,57707,7829,0,0,0,0,0,,0
1,1085,0,0,56475,9061,0,0,0,0,0,,0
1,1086,0,0,41239,24297,0,0,0,0,0,,0
1,1087,0,0,47099,18437,0,0,0,0,0,,0
1,1088,0,0,51275,14261,0,0,0,0,0,,0
1,1089,0,0,49297,16239,0,0,0,0,0,,0
1,1090,0,0,46426,19110,0,0,0,0,0,,0
1,1091,0,0,62592,2944,0,0,0,0,0,,0
1,1092,0,0,62161,3375,0,0,0,0,0,,0
1,1093,0,0,58395,7141,0,0,0,0,0,,0
1,1094,0,0,63946,1590,0,0,0,0,0,,0
1,1095,0,0,48861,16675,0,0,0,0,0,,0
1,1096,12,0,46253,19283,0,0,0,2,2,2;4,0
1,1097,0,0,64144,1392,0,0,0,0,0,,0
1,1098,0,0,64160,1376,0,0,0,0,0,,0
1,1099,0,0,56182,9354,0,0,0,0,0,,0
1,1100,0,0,64288,1248,0,0,0,0,0,,0
1,1101,0,0,63728,1808,0,0,0,0,0,,0
1,1102,0,0,61360,4176,0,0,0,0,0,,0
1,1103,0,0,46948,18588,0,0,0,0,0,,0
1,1104,0,0,63719,1817,0,0,0,0,0,,0
1,1105,0,0,61651,3885,0,0,0,0,0,,0
1,1106,0,0,64622,914,0,0,0,0,0,,0
1,1107,0,0,62259,3277,0,0,0,0,0,,0
1,1108,0,0,53913,11623,0,0,0,0,0,,0
1,1109,0,0,63567,1969,0,0,0,0,0,,0
1,1110,0,0,64654,882,0,0,0,0,0,,0
1,1111,0,0,50851,14685,0,0,0,0,0,,0
1,1112,0,0,47358,18178,0,0,0,0,0,,0
1,1113,0,0,50643,14893,0,0,0,0,0,,0
1,1114,0,0,52228,13308,0,0,0,0,0,,0
1,1115,0,0,60574,4962,0,0,0,0,0,,0
1,1116,0,0,62319,3217,0,0,0,0,0,,0
1,1117,0,0,62526,3010,0,0,0,0,0,,0
1,1118,0,0,61640,3896,0,0,0,0,0,,0
1,1119,0,0,60150,5386,0,0,0,0,0,,0
1,1120,0,0,63532,2004,0,0,0,0,0,,0
1,1121,0,0,63379,2157,0,0,0,0,0,,0
1,1122,0,0,62853,2683,0,0,0,0,0,,0
1,1123,0,0,63220,2316,0,0,0,0,0,,0
1,1124,0,0,63555,1981,0,0,0,0,0,,0
1,1125,0,0,60907,4629,0,0,0,0,0,,0
1,1126,0,0,61414,4122,0,0,0,0,0,,0
1,1127,0,0,58567,6969,0,0,0,0,0,,0
1,1128,0,0,60504,5032,0,0,0,0,0,,0
1,1129,0,0,61256,4280,0,0,0,0,0,,0
1,1130,0,0,63545,1991,0,0,0,0,0,,0
1,1131,0,0,61275,4261,0,0,0,0,0,,0
1,1132,0,0,62502,3034,0,0,0,0,0,,0
1,1133,8,0,49973,15563,0,0,0,2,2,0;2,0
1,1134,0,0,41394,24142,0,0,0,0,0,,0
1,1135,0,0,40635,24901,0,0,0,0,0,,0
1,1136,0,0,45410,20126,0,0,0,0,0,,0
1,1137,0,0,42036,23500,0,0,0,0,0,,0
1,1138,0,0,36329,29207,0,0,0,0,0,,0
1,1139,0,0,39678,25858,0,0,0,0,0,,0
1,1140,0,0,50797,14739,0,0,0,0,0,,0
1,1141,0,0,45964,19572,0,0,0,0,0,,0
1,1142,0,0,36466,29070,0,0,0,0,0,,0
1,1143,0,0,51782,13754,0,0,0,0,0,,0
1,1144,6,0,46992,18544,0,0,0,2,2,0;2,0
1,1145,0,0,41290,24246,0,0,0,0,0,,0
1,1146,9,0,42858,22678,0,0,0,2,2,0;2,0
1,1147,0,0,65536,0,0,0,0,0,0,,0
1,1148,0,0,65536,0,0,0,0,0,0,,0
1,1149,0,0,65536,0,0,0,0,0,0,,0
1,1150,0,0,64682,854,0,0,0,0,0,,0
1,1151,0,0,64752,784,0,0,0,0,0,,0
1,1152,0,0,65536,0,0,0,0,0,0,,0
1,1153,0,0,64801,735,0,0,0,0,0,,0
1,1154,0,0,65398,138,0,0,0,0,0,,0
1,1155,0,0,65536,0,0,0,0,0,0,,0
1,1156,0,0,64389,1147,0,0,0,0,0,,0
1,1157,0,0,64839,697,0,0,0,0,0,,0
1,1158,0,0,65536,0,0,0,0,0,0,,0
1,1159,0,0,64848,688,0,0,0,0,0,,0
1,1160,0,0,65536,0,0,0,0,0,0,,0
1,1161,0,0,65536,0,0,0,0,0,0,,0
1,1162,0,0,65023,513,0,0,0,0,0,,0
1,1163,0,0,63828,1708,0,0,0,0,0,,0
1,1164,0,0,65536,0,0,0,0,0,0,,0
1,1165,0,0,65369,167,0,0,0,0,0,,0
1,1166,0,0,65536,0,0,0,0,0,0,,0
1,1167,0,0,65375,161,0,0,0,0,0,,0
1,1168,0,0,64904,632,0,0,0,0,0,,0
1,1169,0,0,64255,1281,0,0,0,0,0,,0
1,1170,0,0,65042,494,0,0,0,0,0,,0
1,1171,0,0,48993,16543,0,0,0,0,0,,0
1,1172,0,0,54718,10818,0,0,0,0,0,,0
1,1173,0,0,52067,13469,0,0,0,0,0,,0
1,1174,7,0,54425,11111,0,0,0,2,2,0;1,0
1,1175,0,0,55999,9537,0,0,0,0,0,,0
1,1176,0,0,54067,11469,0,0,0,0,0,,0
1,1177,2,0,55892,9644,0,0,0,2,2,0;2,0
1,1178,0,0,56068,9468,0,0,0,0,0,,0
1,1179,0,0,53162,12374,0,0,0,0,0,,0
1,1180,8,0,54038,11498,0,0,0,2,2,1;2,0
1,1181,3,0,54535,11001,0,0,0,2,2,0;2,0
1,1182,5,0,52487,13049,0,0,0,2,2,0;2,0
1,1183,3,0,57899,7637,0,0,0,2,2,0;2,0
1,1184,0,0,53516,12020,0,0,0,0,0,,0
1,1185,0,0,51777,13759,0,0,0,0,0,,0
1,1186,0,0,63206,2330,0,0,0,0,0,,0
1,1187,7,0,56581,8955,0,0,0,2,2,0;2,0
1,1188,0,0,58579,6957,0,0,0,0,0,,0
1,1189,0,0,65375,161,0,0,0,0,0,,0
1,1190,0,0,63923,1613,0,0,0,0,0,,0
1,1191,0,0,60458,5078,0,0,0,0,0,,0
1,1192,0,0,58724,6812,0,0,0,0,0,,0
1,1193,0,0,56827,8709,0,0,0,0,0,,0
1,1194,0,0,56557,8979,0,0,0,0,0,,0
1,1195,0,0,54548,10988,0,0,0,0,0,,0
1,1196,0,0,55818,9718,0,0,0,0,0,,0
1,1197,0,0,55625,9911,0,0,0,0,0,,0
1,1198,0,0,53808,11728,0,0,0,0,0,,0
1,1199,0,0,50890,14646,0,0,0,0,0,,0
1,1200,0,0,57685,7851,0,0,0,0,0,,0
1,1201,0,0,60616,4920,0,0,0,0,0,,0
1,1202,0,0,50336,15200,0,0,0,0,0,,0
1,1203,0,0,55330,10206,0,0,0,0,0,,0
1,1204,0,0,58279,7257,0,0,0,0,0,,0
1,1205,0,0,60689,4847,0,0,0,0,0,,0
1,1206,0,0,53400,12136,0,0,0,0,0,,0
1,1207,0,0,56163,9373,0,0,0,0,0,,0
1,1208,0,0,56450,9086,0,0,0,0,0,,0
1,1209,0,0,57549,7987,0,0,0,0,0,,0
1,1210,0,0,55819,9717,0,0,0,0,0,,0
1,1211,0,0,61842,3694,0,0,0,0,0,,0
1,1212,0,0,58814,6722,0,0,0,0,0,,0
1,1213,0,0,61216,4320,0,0,0,0,0,,0
1,1214,0,0,60450,5086,0,0,0,0,0,,0
1,1215,0,0,55656,9880,0,0,0,0,0,,0
1,1216,0,0,60142,5394,0,0,0,0,0,,0
1,1217,0,0,59645,5891,0,0,0,0,0,,0
1,1218,0,0,56671,8865,0,0,0,0,0,,0
1,1219,0,0,57714,7822,0,0,0,0,0,,0
1,1220,0,0,54500,11036,0,0,0,0,0,,0
1,1221,0,0,54617,10919,0,0,0,0,0,,0
1,1222,0,0,55096,10440,0,0,0,0,0,,0
1,1223,0,0,52581,12955,0,0,0,0,0,,0
1,1224,0,0,52622,12914,0,0,0,0,0,,0
1,1225,0,0,57287,8249,0,0,0,0,0,,0
1,1226,0,0,56168,9368,0,0,0,0,0,,0
1,1227,0,0,56238,9298,0,0,0,0,0,,0
1,1228,0,0,56307,9229,0,0,0,0,0,,0
1,1229,0,0,52671,12865,0,0,0,0,0,,0
1,1230,0,0,55463,10073,0,0,0,0,0,,0
1,1231,9,0,50754,14782,0,0,0,2,2,0;1,0
1,1232,0,0,51091,14445,0,0,0,0,0,,0
1,1233,0,0,53831,11705,0,0,0,0,0,,0
1,1234,0,0,52768,12768,0,0,0,0,0,,0
1,1235,0,0,51452,14084,0,0,0,0,0,,0
1,1236,0,0,50023,15513,0,0,0,0,0,,0
1,1237,0,0,56793,8743,0,0,0,0,0,,0
1,1238,0,0,59236,6300,0,0,0,0,0,,0
1,1239,0,0,61087,4449,0,0,0,0,0,,0
1,1240,0,0,56824,8712,0,0,0,0,0,,0
1,1241,0,0,63569,1967,0,0,0,0,0,,0
1,1242,0,0,61953,3583,0,0,0,0,0,,0
1,1243,0,0,57548,7988,0,0,0,0,0,,0
1,1244,0,0,62344,3192,0,0,0,0,0,,0
1,1245,2,0,52073,13463,0,0,0,2,2,1;2,0
1,1246,0,0,56717,8819,0,0,0,0,0,,0
1,1247,0,0,59319,6217,0,0,0,0,0,,0
1,1248,0,0,59226,6310,0,0,0,0,0,,0
1,1249,0,0,53728,11808,0,0,0,0,0,,0
1,1250,0,0,48829,16707,0,0,0,0,0,,0
1,1251,0,0,56995,8541,0,0,0,0,0,,0
1,1252,0,0,44108,21428,0,0,0,0,0,,0
1,1253,0,0,50624,14912,0,0,0,0,0,,0
1,1254,0,0,58184,7352,0,0,0,0,0,,0
1,1255,0,0,42344,23192,0,0,0,0,0,,0
1,1256,0,0,59796,5740,0,0,0,0,0,,0
1,1257,1,0,56077,9459,0,0,0,2,2,0;2,0
1,1258,0,0,45014,20522,0,0,0,0,0,,0
1,1259,0,0,49907,15629,0,0,0,0,0,,0
1,1260,0,0,60008,5528,0,0,0,0,0,,0
1,1261,0,0,52709,12827,0,0,0,0,0,,0
1,1262,0,0,55913,9623,0,0,0,0,0,,0
1,1263,0,0,58928,6608,0,0,0,0,0,,0
1,1264,0,0,53398,12138,0,0,0,0,0,,0
1,1265,0,0,59658,5878,0,0,0,0,0,,0
1,1266,0,0,59473,6063,0,0,0,0,0,,0
1,1267,5,0,54973,10563,0,0,0,2,2,1;4,0
1,1268,6,0,51725,13811,0,0,0,2,2,0;4,0
1,1269,0,0,54084,11452,0,0,0,0,0,,0
1,1270,0,0,56900,8636,0,0,0,0,0,,0
1,1271,0,0,54930,10606,0,0,0,0,0,,0
1,1272,0,0,48993,16543,0,0,0,0,0,,0
1,1273,1,0,52827,12709,0,0,0,2,2,2;4,0
1,1274,0,0,51848,13688,0,0,0,0,0,,0
1,1275,0,0,54934,10602,0,0,0,0,0,,0
1,1276,0,0,48290,17246,0,0,0,0,0,,0
1,1277,0,0,54742,10794,0,0,0,0,0,,0
1,1278,7,0,57383,8153,0,0,0,2,2,2;4,0
1,1279,0,0,47326,18210,0,0,0,0,0,,0
1,1280,4,0,48752,16784,0,0,0,2,2,1;2,0
1,1281,0,0,52039,13497,0,0,0,0,0,,0
1,1282,0,0,59903,5633,0,0,0,0,0,,0
1,1283,0,0,59711,5825,0,0,0,0,0,,0
1,1284,2,0,57488,8048,0,0,0,2,2,1;2,0
1,1285,0,0,57883,7653,0,0,0,0,0,,0
1,1286,0,0,57114,8422,0,0,0,0,0,,0
1,1287,0,0,59350,6186,0,0,0,0,0,,0
1,1288,0,0,61084,4452,0,0,0,0,0,,0
1,1289,0,0,58460,7076,0,0,0,0,0,,0
1,1290,0,0,61150,4386,0,0,0,0,0,,0
1,1291,0,0,47842,17694,0,0,0,0,0,,0
1,1292,0,0,58576,6960,0,0,0,0,0,,0
1,1293,0,0,61887,3649,0,0,0,0,0,,0
1,1294,0,0,55553,9983,0,0,0,0,0,,0
1,1295,0,0,59371,6165,0,0,0,0,0,,0
1,1296,0,0,56250,9286,0,0,0,0,0,,0
1,1297,0,0,54221,11315,0,0,0,0,0,,0
1,1298,0,0,54848,10688,0,0,0,0,0,,0
1,1299,0,0,57397,8139,0,0,0,0,0,,0
1,1300,0,0,44832,20704,0,0,0,0,0,,0
1,1301,0,0,55071,10465,0,0,0,0,0,,0
1,1302,0,0,54747,10789,0,0,0,0,0,,0
1,1303,0,0,57018,8518,0,0,0,0,0,,0
1,1304,0,0,60165,5371,0,0,0,0,0,,0
1,1305,0,0,52551,12985,0,0,0,0,0,,0
1,1306,0,0,58481,7055,0,0,0,0,0,,0
1,1307,0,0,61014,4522,0,0,0,0,0,,0
1,1308,0,0,56529,9007,0,0,0,0,0,,0
1,1309,0,0,54098,11438,0,0,0,0,0,,0
1,1310,0,0,57946,7590,0,0,0,0,0,,0
1,1311,0,0,58514,7022,0,0,0,0,0,,0
1,1312,0,0,56761,8775,0,0,0,0,0,,0
1,1313,0,0,56390,9146,0,0,0,0,0,,0
1,1314,0,0,53378,12158,0,0,0,0,0,,0
1,1315,0,0,53296,12240,0,0,0,0,0,,0
1,1316,0,0,57049,8487,0,0,0,0,0,,0
1,1317,0,0,53016,12520,0,0,0,0,0,,0
1,1318,0,0,52428,13108,0,0,0,0,0,,0
1,1319,0,0,46366,19170,0,0,0,0,0,,0
1,1320,0,0,45268,20268,0,0,0,0,0,,0
1,1321,2,0,48980,16556,0,0,0,2,2,0;1,0
1,1322,0,0,42083,23453,0,0,0,0,0,,0
1,1323,19,0,44982,20554,0,0,0,2,2,0;1,0
1,1324,0,0,52473,13063,0,0,0,0,0,,0
1,1325,0,0,50839,14697,0,0,0,0,0,,0
1,1326,0,0,49678,15858,0,0,0,0,0,,0
1,1327,0,0,49655,15881,0,0,0,0,0,,0
1,1328,0,0,50231,15305,0,0,0,0,0,,0
1,1329,0,0,48126,17410,0,0,0,0,0,,0
1,1330,0,0,56499,9037,0,0,0,0,0,,0
1,1331,0,0,45696,19840,0,0,0,0,0,,0
1,1332,0,0,42327,23209,0,0,0,0,0,,0
1,1333,2,0,54180,11356,0,0,0,2,2,1;2,0
1,1334,0,0,46508,19028,0,0,0,0,0,,0
1,1335,0,0,45025,20511,0,0,0,0,0,,0
1,1336,0,0,48183,17353,0,0,0,0,0,,0
1,1337,0,0,51262,14274,0,0,0,0,0,,0
1,1338,0,0,42316,23220,0,0,0,0,0,,0
1,1339,0,0,36705,28831,0,0,0,0,0,,0
1,1340,0,0,47899,17637,0,0,0,0,0,,0
1,1341,0,0,46266,19270,0,0,0,0,0,,0
1,1342,0,0,47095,18441,0,0,0,0,0,,0
1,1343,0,0,43260,22276,0,0,0,0,0,,0
1,1344,0,0,52689,12847,0,0,0,0,0,,0
1,1345,0,0,44232,21304,0,0,0,0,0,,0
1,1346,0,0,63831,1705,0,0,0,0,0,,0
1,1347,0,0,52765,12771,0,0,0,0,0,,0
1,1348,0,0,42610,22926,0,0,0,0,0,,0
1,1349,0,0,47122,18414,0,0,0,0,0,,0
1,1350,0,0,60624,4912,0,0,0,0,0,,0
1,1351,0,0,45684,19852,0,0,0,0,0,,0
1,1352,0,0,40850,24686,0,0,0,0,0,,0
1,1353,0,0,60050,5486,0,0,0,0,0,,0
1,1354,0,0,60550,4986,0,0,0,0,0,,0
1,1355,1,0,62233,3303,0,0,0,2,2,1;2,0
1,1356,0,0,54773,10763,0,0,0,0,0,,0
1,1357,0,0,58543,6993,0,0,0,0,0,,0
1,1358,1,0,58205,7331,0,0,0,2,2,1;2,0
1,1359,0,0,60209,5327,0,0,0,0,0,,0
1,1360,0,0,53021,12515,0,0,0,0,0,,0
1,1361,0,0,59955,5581,0,0,0,0,0,,0
1,1362,0,0,59243,6293,0,0,0,0,0,,0
1,1363,0,0,61285,4251,0,0,0,0,0,,0
1,1364,0,0,60680,4856,0,0,0,0,0,,0
1,1365,10,0,59412,6124,0,0,0,2,2,1;2,0
1,1366,0,0,60617,4919,0,0,0,0,0,,0
1,1367,0,0,59419,6117,0,0,0,0,0,,0
1,1368,0,0,60474,5062,0,0,0,0,0,,0
1,1369,0,0,55849,9687,0,0,0,0,0,,0
1,1370,0,0,59172,6364,0,0,0,0,0,,0
1,1371,0,0,60846,4690,0,0,0,0,0,,0
1,1372,0,0,52893,12643,0,0,0,0,0,,0
1,1373,0,0,60202,5334,0,0,0,0,0,,0
1,1374,0,0,49043,16493,0,0,0,0,0,,0
1,1375,0,0,56795,8741,0,0,0,0,0,,0
1,1376,0,0,61442,4094,0,0,0,0,0,,0
1,1377,2,0,54096,11440,0,0,0,4,2,0;2,0
1,1378,0,0,58713,6823,0,0,0,0,0,,0
1,1379,0,0,57264,8272,0,0,0,0,0,,0
1,1380,0,0,58757,6779,0,0,0,0,0,,0
1,1381,0,0,53877,11659,0,0,0,0,0,,0
1,1382,0,0,56370,9166,0,0,0,0,0,,0
1,1383,4,0,57659,7877,0,0,0,2,2,1;2,0
1,1384,4,0,53743,11793,0,0,0,2,2,0;2,0
1,1385,0,0,55877,9659,0,0,0,0,0,,0
1,1386,0,0,61497,4039,0,0,0,0,0,,0
1,1387,0,0,59514,6022,0,0,0,0,0,,0
1,1388,0,0,54139,11397,0,0,0,0,0,,0
1,1389,0,0,56877,8659,0,0,0,0,0,,0
1,1390,0,0,58440,7096,0,0,0,0,0,,0
1,1391,1,0,52911,12625,0,0,0,2,2,0;2,0
1,1392,0,0,60981,4555,0,0,0,0,0,,0
1,1393,0,0,57298,8238,0,0,0,0,0,,0
1,1394,0,0,54770,10766,0,0,0,0,0,,0
1,1395,0,0,59379,6157,0,0,0,0,0,,0
1,1396,0,0,57834,7702,0,0,0,0,0,,0
1,1397,0,0,55271,10265,0,0,0,0,0,,0
1,1398,0,0,58215,7321,0,0,0,0,0,,0
1,1399,0,0,54210,11326,0,0,0,0,0,,0
1,1400,0,0,64145,1391,0,0,0,0,0,,0
1,1401,0,0,55352,10184,0,0,0,0,0,,0
1,1402,0,0,52949,12587,0,0,0,0,0,,0
1,1403,0,0,61470,4066,0,0,0,0,0,,0
1,1404,0,0,58658,6878,0,0,0,0,0,,0
1,1405,0,0,61842,3694,0,0,0,0,0,,0
1,1406,0,0,56583,8953,0,0,0,0,0,,0
1,1407,0,0,59881,5655,0,0,0,0,0,,0
1,1408,0,0,58429,7107,0,0,0,0,0,,0
1,1409,0,0,55648,9888,0,0,0,0,0,,0
1,1410,0,0,58663,6873,0,0,0,0,0,,0
1,1411,0,0,51171,14365,0,0,0,0,0,,0
1,1412,0,0,51326,14210,0,0,0,0,0,,0
1,1413,0,0,55905,9631,0,0,0,0,0,,0
1,1414,0,0,61258,4278,0,0,0,0,0,,0
1,1415,0,0,52715,12821,0,0,0,0,0,,0
1,1416,0,0,58737,6799,0,0,0,0,0,,0
1,1417,0,0,53336,12200,0,0,0,0,0,,0
1,1418,0,0,58776,6760,0,0,0,0,0,,0
1,1419,0,0,59428,6108,0,0,0,0,0,,0
1,1420,0,0,58523,7013,0,0,0,0,0,,0
1,1421,0,0,59657,5879,0,0,0,0,0,,0
1,1422,0,0,59693,5843,0,0,0,0,0,,0
1,1423,0,0,56290,9246,0,0,0,0,0,,0
1,1424,0,0,61077,4459,0,0,0,0,0,,0
1,1425,0,0,55483,10053,0,0,0,0,0,,0
1,1426,0,0,56335,9201,0,0,0,0,0,,0
1,1427,0,0,52334,13202,0,0,0,0,0,,0
1,1428,0,0,50558,14978,0,0,0,0,0,,0
1,1429,0,0,61248,4288,0,0,0,0,0,,0
1,1430,0,0,65322,214,0,0,0,0,0,,0
1,1431,0,0,56200,9336,0,0,0,0,0,,0
1,1432,0,0,65536,0,0,0,0,0,0,,0
1,1433,0,0,65536,0,0,0,0,0,0,,0
1,1434,0,0,59876,5660,0,0,0,0,0,,0
1,1435,0,0,57766,7770,0,0,0,0,0,,0
1,1436,0,0,55034,10502,0,0,0,0,0,,0
1,1437,0,0,56033,9503,0,0,0,0,0,,0
1,1438,0,0,54694,10842,0,0,0,0,0,,0
1,1439,0,0,52676,12860,0,0,0,0,0,,0
1,1440,0,0,54502,11034,0,0,0,0,0,,0
1,1441,0,0,53478,12058,0,0,0,0,0,,0
1,1442,0,0,48623,16913,0,0,0,0,0,,0
1,1443,0,0,60875,4661,0,0,0,0,0,,0
1,1444,0,0,50903,14633,0,0,0,0,0,,0
1,1445,0,0,52368,13168,0,0,0,0,0,,0
1,1446,0,0,47665,17871,0,0,0,0,0,,0
1,1447,0,0,59614,5922,0,0,0,0,0,,0
1,1448,0,0,48118,17418,0,0,0,0,0,,0
1,1449,0,0,53605,11931,0,0,0,0,0,,0
1,1450,0,0,54024,11512,0,0,0,0,0,,0
1,1451,0,0,54369,11167,0,0,0,0,0,,0
1,1452,0,0,54255,11281,0,0,0,0,0,,0
1,1453,0,0,56539,8997,0,0,0,0,0,,0
1,1454,0,0,58550,6986,0,0,0,0,0,,0
1,1455,0,0,57545,7991,0,0,0,0,0,,0
1,1456,0,0,45231,20305,0,0,0,0,0,,0
1,1457,0,0,55439,10097,0,0,0,0,0,,0
1,1458,0,0,52614,12922,0,0,0,0,0,,0
1,1459,0,0,63997,1539,0,0,0,0,0,,0
1,1460,0,0,57444,8092,0,0,0,0,0,,0
1,1461,0,0,55619,9917,0,0,0,0,0,,0
1,1462,3,0,48769,16767,0,0,0,2,2,0;1,0
1,1463,0,0,52314,13222,0,0,0,0,0,,0
1,1464,0,0,51667,13869,0,0,0,0,0,,0
1,1465,0,0,42255,23281,0,0,0,0,0,,0
1,1466,0,0,52131,13405,0,0,0,0,0,,0
1,1467,0,0,42384,23152,0,0,0,0,0,,0
1,1468,0,0,41398,24138,0,0,0,0,0,,0
1,1469,0,0,50575,14961,0,0,0,0,0,,0
1,1470,0,0,39519,26017,0,0,0,0,0,,0
1,1471,0,0,42570,22966,0,0,0,0,0,,0
1,1472,0,0,52914,12622,0,0,0,0,0,,0
1,1473,0,0,44334,21202,0,0,0,0,0,,0
1,1474,0,0,44651,20885,0,0,0,0,0,,0
1,1475,0,0,57543,7993,0,0,0,0,0,,0
1,1476,0,0,59435,6101,0,0,0,0,0,,0
1,1477,2,0,52131,13405,0,0,0,2,2,0;2,0
1,1478,0,0,53724,11812,0,0,0,0,0,,0
1,1479,0,0,50622,14914,0,0,0,0,0,,1
1,1480,0,0,47307,18229,0,0,0,0,0,,2
1,1481,0,0,39644,25892,0,0,0,0,0,,0
1,1482,0,0,54570,10966,0,0,0,0,0,,2
1,1483,0,0,50019,15517,0,0,0,0,0,,8
1,1484,0,0,55502,10034,0,0,0,0,0,,1
1,1485,0,0,51452,14084,0,0,0,0,0,,3
1,1486,0,0,37223,28313,0,0,0,0,0,,11
1,1487,0,0,34148,31388,0,0,0,0,0,,6
1,1488,0,0,43838,21698,0,0,0,0,0,,0
1,1489,0,0,51871,13665,0,0,0,0,0,,0
1,1490,0,0,46416,19120,0,0,0,0,0,,0
1,1491,0,0,47769,17767,0,0,0,0,0,,0
1,1492,0,0,54697,10839,0,0,0,0,0,,1
1,1493,0,0,55259,10277,0,0,0,0,0,,0
1,1494,0,0,53250,12286,0,0,0,0,0,,1
1,1495,0,0,54957,10579,0,0,0,0,0,,0
1,1496,0,0,55185,10351,0,0,0,0,0,,0
1,1497,0,0,58586,6950,0,0,0,0,0,,0
1,1498,0,0,60203,5333,0,0,0,0,0,,0
1,1499,0,0,61766,3770,0,0,0,0,0,,0
1,1500,0,0,37281,28255,0,0,0,0,0,,1
1,1501,0,0,57207,8329,0,0,0,0,0,,2
1,1502,0,0,44014,21522,0,0,0,0,0,,0
1,1503,0,0,40602,24934,0,0,0,0,0,,0
1,1504,0,0,49162,16374,0,0,0,0,0,,1
1,1505,0,0,55563,9973,0,0,0,0,0,,1
1,1506,0,0,44662,20874,0,0,0,0,0,,5
1,1507,0,0,57463,8073,0,0,0,0,0,,0
1,1508,0,0,41524,24012,0,0,0,0,0,,2
1,1509,0,0,59455,6081,0,0,0,0,0,,0
1,1510,0,0,62521,3015,0,0,0,0,0,,0
1,1511,0,0,61679,3857,0,0,0,0,0,,0
1,1512,0,0,65536,0,0,0,0,0,0,,0
1,1513,0,0,32142,33394,0,0,0,0,0,,0
1,1514,0,0,42518,23018,0,0,0,0,0,,1
1,1515,0,0,52559,12977,0,0,0,0,0,,0
1,1516,0,0,37336,28200,0,0,0,0,0,,0
1,1517,0,0,36449,29087,0,0,0,0,0,,1
1,1518,0,0,59072,6464,0,0,0,0,0,,1
1,1519,0,0,54521,11015,0,0,0,0,0,,1
1,1520,0,0,49984,15552,0,0,0,0,0,,0
1,1521,0,0,47684,17852,0,0,0,0,0,,0
1,1522,0,0,46656,18880,0,0,0,0,0,,0
1,1523,0,0,52921,12615,0,0,0,0,0,,0
1,1524,0,0,49247,16289,0,0,0,0,0,,0
1,1525,0,0,54210,11326,0,0,0,0,0,,0
1,1526,0,0,56465,9071,0,0,0,0,0,,0
1,1527,0,0,65460,76,0,0,0,0,0,,0
1,1528,0,0,63961,1575,0,0,0,0,0,,0
1,1529,0,0,60608,4928,0,0,0,0,0,,0
1,1530,0,0,65316,220,0,0,0,0,0,,0
1,1531,0,0,61973,3563,0,0,0,0,0,,0
1,1532,0,0,61294,4242,0,0,0,0,0,,0
1,1533,0,0,56141,9395,0,0,0,0,0,,0
1,1534,0,0,58429,7107,0,0,0,0,0,,0
1,1535,0,0,56987,8549,0,0,0,0,0,,0
1,1536,0,0,58031,7505,0,0,0,0,0,,0
1,1537,0,0,57540,7996,0,0,0,0,0,,0
1,1538,0,0,60429,5107,0,0,0,0,0,,0
1,1539,0,0,60596,4940,0,0,0,0,0,,0
1,1540,0,0,49745,15791,0,0,0,0,0,,0
1,1541,0,0,53518,12018,0,0,0,0,0,,0
1,1542,0,0,63643,1893,0,0,0,0,0,,0
1,1543,0,0,62483,3053,0,0,0,0,0,,0
1,1544,0,0,63935,1601,0,0,0,0,0,,0
1,1545,0,0,64089,1447,0,0,0,0,0,,0
1,1546,0,0,64027,1509,0,0,0,0,0,,0
1,1547,0,0,63263,2273,0,0,0,0,0,,0
1,1548,0,0,55000,10536,0,0,0,0,0,,0
1,1549,0,0,61827,3709,0,0,0,0,0,,0
1,1550,0,0,63056,2480,0,0,0,0,0,,0
1,1551,0,0,61703,3833,0,0,0,0,0,,0
1,1552,0,0,59818,5718,0,0,0,0,0,,0
1,1553,0,0,59629,5907,0,0,0,0,0,,0
1,1554,0,0,60292,5244,0,0,0,0,0,,0
1,1555,0,0,58081,7455,0,0,0,0,0,,0
1,1556,0,0,61592,3944,0,0,0,0,0,,0
1,1557,0,0,54939,10597,0,0,0,0,0,,0
1,1558,2,0,52368,13168,0,0,0,2,2,0;1,0
1,1559,0,0,55574,9962,0,0,0,0,0,,0
1,1560,8,0,54267,11269,0,0,0,2,2,1;2,0
1,1561,0,0,61776,3760,0,0,0,0,0,,0
1,1562,0,0,58404,7132,0,0,0,0,0,,0
1,1563,0,0,53426,12110,0,0,0,0,0,,0
1,1564,0,0,55278,10258,0,0,0,0,0,,0
1,1565,0,0,59285,6251,0,0,0,0,0,,0
1,1566,0,0,58251,7285,0,0,0,0,0,,0
1,1567,0,0,63090,2446,0,0,0,0,0,,0
1,1568,0,0,58786,6750,0,0,0,0,0,,0
1,1569,0,0,63172,2364,0,0,0,0,0,,0
1,1570,0,0,55406,10130,0,0,0,0,0,,0
1,1571,0,0,56288,9248,0,0,0,0,0,,0
1,1572,0,0,60472,5064,0,0,0,0,0,,0
1,1573,0,0,55183,10353,0,0,0,0,0,,0
1,1574,0,0,65193,343,0,0,0,0,0,,0
1,1575,0,0,63002,2534,0,0,0,0,0,,0
1,1576,0,0,63100,2436,0,0,0,0,0,,0
1,1577,0,0,64600,936,0,0,0,0,0,,0
1,1578,0,0,65536,0,0,0,0,0,0,,0
1,1579,0,0,63612,1924,0,0,0,0,0,,0
1,1580,0,0,53603,11933,0,0,0,0,0,,0
1,1581,0,0,55002,10534,0,0,0,0,0,,0
1,1582,21,0,56597,8939,0,0,0,4,3,1;2;4,0
1,1583,0,0,59641,5895,0,0,0,0,0,,0
1,1584,8,0,46113,19423,0,0,0,2,2,1;2,0
1,1585,0,0,62881,2655,0,0,0,0,0,,0
1,1586,0,0,62528,3008,0,0,0,0,0,,0
1,1587,0,0,63068,2468,0,0,0,0,0,,0
1,1588,0,0,59422,6114,0,0,0,0,0,,0
1,1589,0,0,61366,4170,0,0,0,0,0,,0
1,1590,0,0,61681,3855,0,0,0,0,0,,0
1,1591,0,0,57519,8017,0,0,0,0,0,,0
1,1592,0,0,57017,8519,0,0,0,0,0,,0
1,1593,0,0,60962,4574,0,0,0,0,0,,0
1,1594,0,0,62621,2915,0,0,0,0,0,,0
1,1595,0,0,59240,6296,0,0,0,0,0,,0
1,1596,0,0,55827,9709,0,0,0,0,0,,0
1,1597,0,0,58888,6648,0,0,0,0,0,,0
1,1598,0,0,59594,5942,0,0,0,0,0,,0
1,1599,0,0,58077,7459,0,0,0,0,0,,0
1,1600,0,0,60416,5120,0,0,0,0,0,,0
1,1601,0,0,57227,8309,0,0,0,0,0,,0
1,1602,0,0,55282,10254,0,0,0,0,0,,0
1,1603,0,0,57970,7566,0,0,0,0,0,,0
1,1604,0,0,61839,3697,0,0,0,0,0,,0
1,1605,0,0,58106,7430,0,0,0,0,0,,0
1,1606,6,0,50540,14996,0,0,0,2,2,1;2,0
1,1607,0,0,48891,16645,0,0,0,0,0,,0
1,1608,0,0,49677,15859,0,0,0,0,0,,0
1,1609,0,0,51194,14342,0,0,0,0,0,,0
1,1610,6,0,47237,18299,0,0,0,2,2,0;2,0
1,1611,7,0,45721,19815,0,0,0,2,2,0;2,0
1,1612,0,0,48017,17519,0,0,0,0,0,,0
1,1613,0,0,48608,16928,0,0,0,0,0,,0
1,1614,0,0,0,0,65536,65536,65536,0,0,,0
1,1615,0,0,0,0,65536,65536,65536,0,0,,0
1,1616,0,0,0,0,65536,65536,65536,0,0,,0
1,1617,0,0,0,0,65536,65536,65536,0,0,,0
1,1618,0,0,0,0,65536,65536,65536,0,0,,0
1,1619,0,0,0,0,65536,65536,65536,0,0,,0
1,1620,0,0,0,0,65536,65536,65536,0,0,,0
1,1621,2,0,51527,14009,0,0,0,2,2,1;2,0
1,1622,5,0,47374,18162,0,0,0,2,2,1;2,0
1,1623,1,0,50895,14641,0,0,0,2,2,1;2,0
1,1624,0,0,46648,18888,0,0,0,0,0,,0
1,1625,22,0,44493,21043,0,0,0,2,2,0;2,0
1,1626,0,0,45052,20484,0,0,0,0,0,,0
1,1627,0,0,53459,12077,0,0,0,0,0,,0
1,1628,0,0,63839,1697,0,0,0,0,0,,0
1,1629,0,0,65536,0,0,0,0,0,0,,0
1,1630,0,0,59925,5611,0,0,0,0,0,,0
1,1631,0,0,65045,491,0,0,0,0,0,,0
1,1632,0,0,65536,0,0,0,0,0,0,,0
1,1633,0,0,62022,3514,0,0,0,0,0,,0
1,1634,0,0,58430,7106,0,0,0,0,0,,0
1,1635,0,0,58045,7491,0,0,0,0,0,,0
1,1636,0,0,58097,7439,0,0,0,0,0,,0
1,1637,0,0,43788,21748,0,0,0,0,0,,0
1,1638,0,0,47585,17951,0,0,0,0,0,,0
1,1639,0,0,53972,11564,0,0,0,0,0,,0
1,1640,0,0,52713,12823,0,0,0,0,0,,0
1,1641,0,0,52893,12643,0,0,0,0,0,,0
1,1642,0,0,51926,13610,0,0,0,0,0,,0
1,1643,0,0,58534,7002,0,0,0,0,0,,0
1,1644,0,0,56735,8801,0,0,0,0,0,,0
1,1645,0,0,61085,4451,0,0,0,0,0,,0
1,1646,0,0,58935,6601,0,0,0,0,0,,0
1,1647,1,0,58047,7489,0,0,0,2,2,1;2,0
1,1648,0,0,48127,17409,0,0,0,0,0,,0
1,1649,5,0,49646,15890,0,0,0,2,2,1;2,0
1,1650,0,0,56723,8813,0,0,0,0,0,,0
1,1651,0,0,54932,10604,0,0,0,0,0,,0
1,1652,0,0,55360,10176,0,0,0,0,0,,0
1,1653,0,0,59560,5976,0,0,0,0,0,,0
1,1654,0,0,59958,5578,0,0,0,0,0,,0
1,1655,0,0,63554,1982,0,0,0,0,0,,0
1,1656,0,0,57670,7866,0,0,0,0,0,,0
1,1657,0,0,59994,5542,0,0,0,0,0,,0
1,1658,0,0,61570,3966,0,0,0,0,0,,0
1,1659,0,0,61492,4044,0,0,0,0,0,,0
1,1660,0,0,46963,18573,0,0,0,0,0,,0
1,1661,0,0,51339,14197,0,0,0,0,0,,0
1,1662,0,0,43355,22181,0,0,0,0,0,,0
1,1663,0,0,62493,3043,0,0,0,0,0,,0
1,1664,0,0,64245,1291,0,0,0,0,0,,0
1,1665,0,0,63583,1953,0,0,0,0,0,,0
1,1666,0,0,63285,2251,0,0,0,0,0,,0
1,1667,0,0,64307,1229,0,0,0,0,0,,0
1,1668,0,0,62571,2965,0,0,0,0,0,,0
1,1669,0,0,62073,3463,0,0,0,0,0,,0
1,1670,0,0,60473,5063,0,0,0,0,0,,0
1,1671,0,0,62624,2912,0,0,0,0,0,,0
1,1672,0,0,63426,2110,0,0,0,0,0,,0
1,1673,0,0,63736,1800,0,0,0,0,0,,0
1,1674,0,0,63296,2240,0,0,0,0,0,,0
1,1675,0,0,64802,734,0,0,0,0,0,,0
1,1676,0,0,62609,2927,0,0,0,0,0,,0
1,1677,0,0,63310,2226,0,0,0,0,0,,0
1,1678,0,0,63586,1950,0,0,0,0,0,,0
1,1679,0,0,64846,690,0,0,0,0,0,,0
1,1680,0,0,65032,504,0,0,0,0,0,,0
1,1681,0,0,63351,2185,0,0,0,0,0,,0
1,1682,0,0,65018,518,0,0,0,0,0,,0
1,1683,0,0,54541,10995,0,0,0,0,0,,0
1,1684,0,0,49066,16470,0,0,0,0,0,,0
1,1685,0,0,61387,4149,0,0,0,0,0,,0
1,1686,0,0,55637,9899,0,0,0,0,0,,0
1,1687,0,0,48013,17523,0,0,0,0,0,,0
1,1688,0,0,48755,16781,0,0,0,0,0,,0
1,1689,0,0,52732,12804,0,0,0,0,0,,0
1,1690,0,0,50589,14947,0,0,0,0,0,,0
1,1691,3,0,53130,12406,0,0,0,2,2,1;2,0
1,1692,0,0,57692,7844,0,0,0,0,0,,0
1,1693,0,0,43702,21834,0,0,0,0,0,,0
1,1694,0,0,57394,8142,0,0,0,0,0,,0
1,1695,0,0,55134,10402,0,0,0,0,0,,0
1,1696,0,0,45276,20260,0,0,0,0,0,,0
1,1697,0,0,57769,7767,0,0,0,0,0,,0
1,1698,0,0,44493,21043,0,0,0,0,0,,0
1,1699,0,0,42256,23280,0,0,0,0,0,,0
1,1700,0,0,44836,20700,0,0,0,0,0,,0
1,1701,0,0,48420,17116,0,0,0,0,0,,0
1,1702,0,0,43561,21975,0,0,0,0,0,,0
1,1703,0,0,51727,13809,0,0,0,0,0,,0
1,1704,0,0,65536,0,0,0,0,0,0,,0
1,1705,0,0,65536,0,0,0,0,0,0,,0
1,1706,0,0,65152,384,0,0,0,0,0,,0
1,1707,0,0,65536,0,0,0,0,0,0,,0
1,1708,0,0,65536,0,0,0,0,0,0,,0
1,1709,0,0,65536,0,0,0,0,0,0,,0
1,1710,0,0,55674,9862,0,0,0,0,0,,0
1,1711,0,0,56177,9359,0,0,0,0,0,,0
1,1712,0,0,56425,9111,0,0,0,0,0,,0
1,1713,0,0,53272,12264,0,0,0,0,0,,0
1,1714,0,0,55937,9599,0,0,0,0,0,,0
1,1715,0,0,52217,13319,0,0,0,0,0,,0
1,1716,0,0,53961,11575,0,0,0,0,0,,0
1,1717,0,0,56580,8956,0,0,0,0,0,,0
1,1718,0,0,60491,5045,0,0,0,0,0,,0
1,1719,0,0,61046,4490,0,0,0,0,0,,0
1,1720,0,0,60815,4721,0,0,0,0,0,,0
1,1721,0,0,62497,3039,0,0,0,0,0,,0
1,1722,0,0,61484,4052,0,0,0,0,0,,0
1,1723,0,0,0,0,65536,65536,65536,0,0,,0
1,1724,0,0,0,0,65536,65536,65536,0,0,,0
1,1725,0,0,0,0,65536,65536,65536,0,0,,0
1,1726,11,0,48507,17029,0,0,0,4,2,0;2,0
1,1727,1,0,47924,17612,0,0,0,2,2,0;2,0
1,1728,5,0,48293,17243,0,0,0,4,2,0;2,0
1,1729,0,0,49169,16367,0,0,0,0,0,,0
1,1730,0,0,47203,18333,0,0,0,0,0,,0
1,1731,0,0,48180,17356,0,0,0,0,0,,0
1,1732,9,0,46198,19338,0,0,0,2,2,1;2,0
1,1733,2,0,45401,20135,0,0,0,2,2,0;2,0
1,1734,0,0,44688,20848,0,0,0,0,0,,0
1,1735,0,0,47669,17867,0,0,0,0,0,,0
1,1736,0,0,46542,18994,0,0,0,0,0,,0
1,1737,0,0,40603,24933,0,0,0,0,0,,0
1,1738,0,0,41610,23926,0,0,0,0,0,,0
1,1739,2,0,56938,8598,0,0,0,2,2,1;2,0
1,1740,0,0,49942,15594,0,0,0,0,0,,0
1,1741,32,0,52374,13162,0,0,0,6,2,0;2,0
1,1742,14,0,49331,16205,0,0,0,3,2,0;1,0
1,1743,0,0,39474,26062,0,0,0,0,0,,0
1,1744,0,0,54571,10965,0,0,0,0,0,,0
1,1745,11,0,44631,20905,0,0,0,2,2,0;2,0
1,1746,2,0,55547,9989,0,0,0,2,2,0;2,0
1,1747,0,0,51194,14342,0,0,0,0,0,,0
1,1748,0,0,0,0,65536,65536,65536,0,0,,0
1,1749,0,0,0,0,65536,65536,65536,0,0,,0
1,1750,0,0,0,0,65536,65536,65536,0,0,,0
1,1751,0,0,0,0,65536,65536,65536,0,0,,0
1,1752,0,0,0,0,65536,65536,65536,0,0,,0
1,1753,0,0,0,0,65536,65536,65536,0,0,,0
1,1754,0,0,32976,32560,0,0,0,0,0,,0
1,1755,0,0,40635,24901,0,0,0,0,0,,0
1,1756,0,0,62253,3283,0,0,0,0,0,,0
1,1757,0,0,59851,5685,0,0,0,0,0,,0
1,1758,0,0,42756,22780,0,0,0,0,0,,0
1,1759,0,0,48751,16785,0,0,0,0,0,,0
1,1760,5,0,33862,31674,0,0,0,2,2,0;1,0
1,1761,0,0,36846,28690,0,0,0,0,0,,0
1,1762,0,0,36681,28855,0,0,0,0,0,,0
1,1763,0,0,36576,28960,0,0,0,0,0,,0
1,1764,6,0,47322,18214,0,0,0,4,2,0;1,0
1,1765,14,0,52550,12986,0,0,0,2,2,1;2,0
1,1766,5,0,58147,7389,0,0,0,2,2,1;2,0
1,1767,0,0,49317,16219,0,0,0,0,0,,0
1,1768,0,0,55530,10006,0,0,0,0,0,,0
1,1769,0,0,44237,21299,0,0,0,0,0,,0
1,1770,0,0,45750,19786,0,0,0,0,0,,0
1,1771,0,0,55291,10245,0,0,0,0,0,,0
1,1772,0,0,44112,21424,0,0,0,0,0,,0
1,1773,0,0,52170,13366,0,0,0,0,0,,0
1,1774,0,0,57959,7577,0,0,0,0,0,,0
1,1775,0,0,62589,2947,0,0,0,0,0,,0
1,1776,0,0,63101,2435,0,0,0,0,0,,0
1,1777,0,0,60271,5265,0,0,0,0,0,,0
1,1778,0,0,62177,3359,0,0,0,0,0,,0
1,1779,0,0,55634,9902,0,0,0,0,0,,0
1,1780,0,0,63432,2104,0,0,0,0,0,,0
1,1781,0,0,56553,8983,0,0,0,0,0,,0
1,1782,0,0,62039,3497,0,0,0,0,0,,0
1,1783,0,0,61052,4484,0,0,0,0,0,,0
1,1784,0,0,60695,4841,0,0,0,0,0,,0
1,1785,0,0,58680,6856,0,0,0,0,0,,0
1,1786,0,0,58719,6817,0,0,0,0,0,,0
1,1787,0,0,49651,15885,0,0,0,0,0,,0
1,1788,0,0,42339,23197,0,0,0,0,0,,0
1,1789,4,0,60046,5490,0,0,0,2,2,0;1,0
1,1790,0,0,45715,19821,0,0,0,0,0,,0
1,1791,0,0,48114,17422,0,0,0,0,0,,0
1,1792,0,0,59553,5983,0,0,0,0,0,,0
1,1793,0,0,45391,20145,0,0,0,0,0,,0
1,1794,0,0,52593,12943,0,0,0,0,0,,0
1,1795,0,0,44202,21334,0,0,0,0,0,,0
1,1796,0,0,45799,19737,0,0,0,0,0,,0
1,1797,0,0,44139,21397,0,0,0,0,0,,0
1,1798,0,0,46951,18585,0,0,0,0,0,,0
1,1799,0,0,45809,19727,0,0,0,0,0,,0
1,1800,0,0,48094,17442,0,0,0,0,0,,0
1,1801,0,0,50561,14975,0,0,0,0,0,,0
1,1802,8,0,43868,21668,0,0,0,2,2,0;1,0
1,1803,0,0,50976,14560,0,0,0,0,0,,0
1,1804,0,0,48950,16586,0,0,0,0,0,,0
1,1805,0,0,54811,10725,0,0,0,0,0,,0
1,1806,0,0,43927,21609,0,0,0,0,0,,0
1,1807,5,0,49451,16085,0,0,0,2,2,1;2,0
1,1808,0,0,53130,12406,0,0,0,0,0,,0
1,1809,0,0,52566,12970,0,0,0,0,0,,0
1,1810,10,0,47740,17796,0,0,0,4,3,0;1;2,0
1,1811,0,0,52715,12821,0,0,0,0,0,,0
1,1812,1,0,50815,14721,0,0,0,2,2,0;1,0
1,1813,7,0,43366,22170,0,0,0,6,3,0;1;2,0
1,1814,0,0,49727,15809,0,0,0,0,0,,0
1,1815,0,0,38993,26543,0,0,0,0,0,,0
1,1816,0,0,54780,10756,0,0,0,0,0,,0
1,1817,0,0,47106,18430,0,0,0,0,0,,0
1,1818,0,0,43130,22406,0,0,0,0,0,,0
1,1819,0,0,51421,14115,0,0,0,0,0,,0
1,1820,0,0,42413,23123,0,0,0,0,0,,0
1,1821,0,0,49772,15764,0,0,0,0,0,,0
1,1822,0,0,59232,6304,0,0,0,0,0,,0
1,1823,16,0,43121,22415,0,0,0,2,2,1;2,0
1,1824,17,0,48170,17366,0,0,0,2,2,1;2,0
1,1825,0,0,54410,11126,0,0,0,0,0,,0
1,1826,0,0,39941,25595,0,0,0,0,0,,0
1,1827,0,0,44432,21104,0,0,0,0,0,,0
1,1828,13,0,42798,22738,0,0,0,2,2,1;2,0
1,1829,0,0,45960,19576,0,0,0,0,0,,0
1,1830,0,0,56898,8638,0,0,0,0,0,,0
1,1831,0,0,46375,19161,0,0,0,0,0,,0
1,1832,0,0,46641,18895,0,0,0,0,0,,0
1,1833,0,0,46075,19461,0,0,0,0,0,,0
1,1834,0,0,49025,16511,0,0,0,0,0,,0
1,1835,0,0,49026,16510,0,0,0,0,0,,0
1,1836,0,0,52400,13136,0,0,0,0,0,,0
1,1837,0,0,49657,15879,0,0,0,0,0,,0
1,1838,0,0,54668,10868,0,0,0,0,0,,0
1,1839,0,0,61303,4233,0,0,0,0,0,,0
1,1840,9,0,39600,25936,0,0,0,2,2,2;4,0
1,1841,0,0,45100,20436,0,0,0,0,0,,0
1,1842,0,0,48743,16793,0,0,0,0,0,,0
1,1843,0,0,49833,15703,0,0,0,0,0,,0
1,1844,0,0,38492,27044,0,0,0,0,0,,0
1,1845,0,0,48290,17246,0,0,0,0,0,,0
1,1846,0,0,51629,13907,0,0,0,0,0,,0
1,1847,0,0,63337,2199,0,0,0,0,0,,0
1,1848,2,0,44623,20913,0,0,0,2,2,2;4,0
1,1849,0,0,57286,8250,0,0,0,0,0,,0
1,1850,0,0,46795,18741,0,0,0,0,0,,0
1,1851,0,0,49433,16103,0,0,0,0,0,,0
1,1852,10,0,53614,11922,0,0,0,2,2,1;2,0
1,1853,0,0,46685,18851,0,0,0,0,0,,0
1,1854,8,0,45177,20359,0,0,0,2,2,1;4,0
1,1855,0,0,60863,4673,0,0,0,0,0,,0
1,1856,0,0,52391,13145,0,0,0,0,0,,0
1,1857,0,0,48090,17446,0,0,0,0,0,,0
1,1858,0,0,49520,16016,0,0,0,0,0,,0
1,1859,0,0,65536,0,0,0,0,0,0,,0
1,1860,0,0,48691,16845,0,0,0,0,0,,0
1,1861,0,0,45162,20374,0,0,0,0,0,,0
1,1862,0,0,54694,10842,0,0,0,0,0,,0
1,1863,0,0,47479,18057,0,0,0,0,0,,0
1,1864,0,0,65536,0,0,0,0,0,0,,0
1,1865,0,0,57040,8496,0,0,0,0,0,,0
1,1866,0,0,57169,8367,0,0,0,0,0,,0
1,1867,0,0,59758,5778,0,0,0,0,0,,0
1,1868,0,0,57566,7970,0,0,0,0,0,,0
1,1869,0,0,62357,3179,0,0,0,0,0,,0
1,1870,0,0,65536,0,0,0,0,0,0,,0
1,1871,0,0,56517,9019,0,0,0,0,0,,0
1,1872,0,0,57816,7720,0,0,0,0,0,,0
1,1873,0,0,56311,9225,0,0,0,0,0,,0
1,1874,0,0,51784,13752,0,0,0,0,0,,0
1,1875,2,0,53750,11786,0,0,0,2,2,2;4,0
1,1876,0,0,63696,1840,0,0,0,0,0,,0
1,1877,0,0,60205,5331,0,0,0,0,0,,0
1,1878,0,0,61845,3691,0,0,0,0,0,,0
1,1879,0,0,51187,14349,0,0,0,0,0,,0
1,1880,0,0,65536,0,0,0,0,0,0,,0
1,1881,8,0,55081,10455,0,0,0,2,2,2;4,0
1,1882,4,0,51549,13987,0,0,0,2,2,2;4,0
1,1883,0,0,61475,4061,0,0,0,0,0,,0
1,1884,0,0,64211,1325,0,0,0,0,0,,0
1,1885,0,0,58414,7122,0,0,0,0,0,,0
1,1886,0,0,56675,8861,0,0,0,0,0,,0
1,1887,0,0,54798,10738,0,0,0,0,0,,0
1,1888,0,0,60907,4629,0,0,0,0,0,,0
1,1889,0,0,64442,1094,0,0,0,0,0,,0
1,1890,0,0,65312,224,0,0,0,0,0,,0
1,1891,0,0,61067,4469,0,0,0,0,0,,0
1,1892,0,0,63127,2409,0,0,0,0,0,,0
1,1893,0,0,57320,8216,0,0,0,0,0,,0
1,1894,0,0,64429,1107,0,0,0,0,0,,0
1,1895,0,0,59599,5937,0,0,0,0,0,,0
1,1896,0,0,61745,3791,0,0,0,0,0,,0
1,1897,0,0,60169,5367,0,0,0,0,0,,0
1,1898,0,0,62746,2790,0,0,0,0,0,,0
1,1899,0,0,53835,11701,0,0,0,0,0,,0
1,1900,0,0,63937,1599,0,0,0,0,0,,0
1,1901,0,0,58937,6599,0,0,0,0,0,,0
1,1902,0,0,47526,18010,0,0,0,0,0,,0
1,1903,0,0,55468,10068,0,0,0,0,0,,0
1,1904,0,0,40108,25428,0,0,0,0,0,,0
1,1905,0,0,42271,23265,0,0,0,0,0,,0
1,1906,0,0,43442,22094,0,0,0,0,0,,0
1,1907,0,0,44622,20914,0,0,0,0,0,,0
1,1908,0,0,47123,18413,0,0,0,0,0,,0
1,1909,0,0,64234,1302,0,0,0,0,0,,0
1,1910,0,0,45155,20381,0,0,0,0,0,,0
1,1911,0,0,58587,6949,0,0,0,0,0,,0
1,1912,0,0,53838,11698,0,0,0,0,0,,0
1,1913,0,0,55272,10264,0,0,0,0,0,,0
1,1914,0,0,50768,14768,0,0,0,0,0,,0
1,1915,0,0,48414,17122,0,0,0,0,0,,0
1,1916,0,0,60355,5181,0,0,0,0,0,,0
1,1917,0,0,47598,17938,0,0,0,0,0,,0
1,1918,0,0,63431,2105,0,0,0,0,0,,0
1,1919,0,0,53349,12187,0,0,0,0,0,,0
1,1920,0,0,44158,21378,0,0,0,0,0,,0
1,1921,0,0,42633,22903,0,0,0,0,0,,0
1,1922,0,0,63256,2280,0,0,0,0,0,,0
1,1923,0,0,65536,0,0,0,0,0,0,,0
1,1924,0,0,55280,10256,0,0,0,0,0,,0
1,1925,0,0,58921,6615,0,0,0,0,0,,0
1,1926,0,0,59764,5772,0,0,0,0,0,,0
1,1927,0,0,53917,11619,0,0,0,0,0,,0
1,1928,0,0,58331,7205,0,0,0,0,0,,0
1,1929,0,0,49643,15893,0,0,0,0,0,,0
1,1930,0,0,46602,18934,0,0,0,0,0,,0
1,1931,0,0,44168,21368,0,0,0,0,0,,0
1,1932,0,0,42099,23437,0,0,0,0,0,,0
1,1933,0,0,63877,1659,0,0,0,0,0,,0
1,1934,0,0,52795,12741,0,0,0,0,0,,0
1,1935,0,0,45314,20222,0,0,0,0,0,,0
1,1936,0,0,65357,179,0,0,0,0,0,,0
1,1937,0,0,53342,12194,0,0,0,0,0,,0
1,1938,0,0,51292,14244,0,0,0,0,0,,0
1,1939,0,0,65536,0,0,0,0,0,0,,0
1,1940,0,0,65536,0,0,0,0,0,0,,0
1,1941,0,0,63390,2146,0,0,0,0,0,,0
1,1942,0,0,58306,7230,0,0,0,0,0,,0
1,1943,0,0,45147,20389,0,0,0,0,0,,0
1,1944,15,0,42739,22797,0,0,0,4,2,1;2,0
1,1945,0,0,65536,0,0,0,0,0,0,,0
1,1946,0,0,65536,0,0,0,0,0,0,,0
1,1947,0,0,46413,19123,0,0,0,0,0,,0
1,1948,0,0,61554,3982,0,0,0,0,0,,0
1,1949,0,0,62167,3369,0,0,0,0,0,,0
1,1950,12,0,48096,17440,0,0,0,3,3,1;2;4,0
1,1951,0,0,58482,7054,0,0,0,0,0,,0
1,1952,0,0,63042,2494,0,0,0,0,0,,0
1,1953,0,0,46154,19382,0,0,0,0,0,,0
1,1954,0,0,50620,14916,0,0,0,0,0,,0
1,1955,0,0,48590,16946,0,0,0,0,0,,0
1,1956,0,0,58875,6661,0,0,0,0,0,,0
1,1957,0,0,64920,616,0,0,0,0,0,,0
1,1958,20,0,42291,23245,0,0,0,2,2,2;4,0
1,1959,0,0,56268,9268,0,0,0,0,0,,0
1,1960,0,0,45475,20061,0,0,0,0,0,,0
1,1961,0,0,46332,19204,0,0,0,0,0,,0
1,1962,0,0,50745,14791,0,0,0,0,0,,0
1,1963,0,0,49871,15665,0,0,0,0,0,,0
1,1964,0,0,61788,3748,0,0,0,0,0,,0
1,1965,0,0,62332,3204,0,0,0,0,0,,0
1,1966,0,0,0,0,65536,65536,65536,0,0,,0
1,1967,0,0,0,0,65536,65536,65536,0,0,,0
1,1968,0,0,0,0,65536,65536,65536,0,0,,0
1,1969,0,0,0,0,65536,65536,65536,0,0,,0
1,1970,0,0,0,0,65536,65536,65536,0,0,,0
1,1971,0,0,0,0,65536,65536,65536,0,0,,0
1,1972,0,0,0,0,65536,65536,65536,0,0,,0
1,1973,0,0,0,0,65536,65536,65536,0,0,,0
1,1974,0,0,0,0,65536,65536,65536,0,0,,0
1,1975,0,0,0,0,65536,65536,65536,0,0,,0
1,1976,0,0,0,0,65536,65536,65536,0,0,,0
1,1977,0,0,0,0,65536,65536,65536,0,0,,0
1,1978,0,0,0,0,65536,65536,65536,0,0,,0
1,1979,0,0,0,0,65536,65536,65536,0,0,,0
1,1980,18,0,46381,19155,0,0,0,2,2,1;4,0
1,1981,0,0,44193,21343,0,0,0,0,0,,0
1,1982,39,0,44239,21297,0,0,0,2,2,0;4,0
1,1983,0,0,49633,15903,0,0,0,0,0,,0
1,1984,3,0,49777,15759,0,0,0,2,2,1;4,0
1,1985,0,0,53261,12275,0,0,0,0,0,,0
1,1986,8,0,39285,26251,0,0,0,2,2,1;4,0
1,1987,0,0,45084,20452,0,0,0,0,0,,0
1,1988,0,0,52170,13366,0,0,0,0,0,,0
1,1989,0,0,50787,14749,0,0,0,0,0,,0
1,1990,0,0,51283,14253,0,0,0,0,0,,0
1,1991,0,0,42122,23414,0,0,0,0,0,,0
1,1992,0,0,46449,19087,0,0,0,0,0,,0
1,1993,0,0,43464,22072,0,0,0,0,0,,0
1,1994,0,0,58730,6806,0,0,0,0,0,,0
1,1995,0,0,48614,16922,0,0,0,0,0,,0
1,1996,0,0,46376,19160,0,0,0,0,0,,0
1,1997,0,0,47800,17736,0,0,0,0,0,,0
1,1998,0,0,45619,19917,0,0,0,0,0,,0
1,1999,0,0,47616,17920,0,0,0,0,0,,0
1,2000,0,0,50606,14930,0,0,0,0,0,,0
1,2001,0,0,50958,14578,0,0,0,0,0,,0
1,2002,0,0,55520,10016,0,0,0,0,0,,0
1,2003,0,0,44026,21510,0,0,0,0,0,,0
1,2004,0,0,46995,18541,0,0,0,0,0,,0
1,2005,1,0,46977,18559,0,0,0,2,2,1;2,0
1,2006,0,0,52245,13291,0,0,0,0,0,,0
1,2007,0,0,65536,0,0,0,0,0,0,,0
1,2008,0,0,45860,19676,0,0,0,0,0,,0
1,2009,0,0,65536,0,0,0,0,0,0,,0
1,2010,0,0,54721,10815,0,0,0,0,0,,0
1,2011,0,0,58317,7219,0,0,0,0,0,,0
1,2012,0,0,52499,13037,0,0,0,0,0,,0
1,2013,0,0,54932,10604,0,0,0,0,0,,0
1,2014,0,0,52129,13407,0,0,0,0,0,,0
1,2015,0,0,60267,5269,0,0,0,0,0,,0
1,2016,0,0,47236,18300,0,0,0,0,0,,0
1,2017,0,0,55062,10474,0,0,0,0,0,,0
1,2018,0,0,47786,17750,0,0,0,0,0,,0
1,2019,0,0,65536,0,0,0,0,0,0,,0
1,2020,0,0,65536,0,0,0,0,0,0,,0
1,2021,0,0,58421,7115,0,0,0,0,0,,0
1,2022,0,0,65536,0,0,0,0,0,0,,0
1,2023,0,0,55004,10532,0,0,0,0,0,,0
1,2024,0,0,53411,12125,0,0,0,0,0,,0
1,2025,0,0,57588,7948,0,0,0,0,0,,0
1,2026,0,0,45995,19541,0,0,0,0,0,,0
1,2027,0,0,62656,2880,0,0,0,0,0,,0
1,2028,0,0,51153,14383,0,0,0,0,0,,0
1,2029,0,0,57458,8078,0,0,0,0,0,,0
1,2030,0,0,55090,10446,0,0,0,0,0,,0
1,2031,0,0,50793,14743,0,0,0,0,0,,0
1,2032,0,0,42531,23005,0,0,0,0,0,,0
1,2033,0,0,58018,7518,0,0,0,0,0,,0
1,2034,0,0,57074,8462,0,0,0,0,0,,0
1,2035,0,0,55471,10065,0,0,0,0,0,,0
1,2036,0,0,55767,9769,0,0,0,0,0,,0
1,2037,0,0,52620,12916,0,0,0,0,0,,0
1,2038,0,0,54303,11233,0,0,0,0,0,,0
1,2039,0,0,55316,10220,0,0,0,0,0,,0
1,2040,0,0,58515,7021,0,0,0,0,0,,0
1,2041,0,0,48746,16790,0,0,0,0,0,,0
1,2042,0,0,51021,14515,0,0,0,0,0,,0
1,2043,0,0,48200,17336,0,0,0,0,0,,0
1,2044,0,0,50834,14702,0,0,0,0,0,,0
1,2045,0,0,50106,15430,0,0,0,0,0,,0
1,2046,0,0,49464,16072,0,0,0,0,0,,0
1,2047,0,0,51326,14210,0,0,0,0,0,,0
1,2048,0,0,63784,1752,0,0,0,0,0,,0
1,2049,0,0,50397,15139,0,0,0,0,0,,0
1,2050,0,0,48048,17488,0,0,0,0,0,,0
1,2051,0,0,51528,14008,0,0,0,0,0,,0
1,2052,0,0,48509,17027,0,0,0,0,0,,0
1,2053,0,0,53488,12048,0,0,0,0,0,,0
1,2054,0,0,51929,13607,0,0,0,0,0,,0
1,2055,0,0,48401,17135,0,0,0,0,0,,0
1,2056,0,0,42574,22962,0,0,0,0,0,,0
1,2057,0,0,51088,14448,0,0,0,0,0,,0
1,2058,0,0,53919,11617,0,0,0,0,0,,0
1,2059,0,0,59987,5549,0,0,0,0,0,,0
1,2060,2,0,55975,9561,0,0,0,3,2,0;2,0
1,2061,0,0,48790,16746,0,0,0,0,0,,0
1,2062,0,0,53410,12126,0,0,0,0,0,,0
1,2063,0,0,47421,18115,0,0,0,0,0,,0
1,2064,0,0,41760,23776,0,0,0,0,0,,0
1,2065,0,0,41601,23935,0,0,0,0,0,,0
1,2066,0,0,61654,3882,0,0,0,0,0,,0
1,2067,1,0,45176,20360,0,0,0,2,2,0;1,0
1,2068,0,0,47147,18389,0,0,0,0,0,,0
1,2069,0,0,52482,13054,0,0,0,0,0,,0
1,2070,9,0,52580,12956,0,0,0,5,2,0;2,0
1,2071,0,0,54336,11200,0,0,0,0,0,,0
1,2072,0,0,45586,19950,0,0,0,0,0,,0
1,2073,0,0,50284,15252,0,0,0,0,0,,0
1,2074,0,0,54705,10831,0,0,0,0,0,,0
1,2075,0,0,57973,7563,0,0,0,0,0,,0
1,2076,0,0,51097,14439,0,0,0,0,0,,0
1,2077,8,0,53906,11630,0,0,0,2,2,0;2,0
1,2078,0,0,48285,17251,0,0,0,0,0,,0
1,2079,0,0,58543,6993,0,0,0,0,0,,0
1,2080,0,0,58280,7256,0,0,0,0,0,,0
1,2081,0,0,56384,9152,0,0,0,0,0,,0
1,2082,0,0,58406,7130,0,0,0,0,0,,0
1,2083,0,0,58527,7009,0,0,0,0,0,,0
1,2084,2,0,55876,9660,0,0,0,2,2,1;2,0
1,2085,0,0,55810,9726,0,0,0,0,0,,0
1,2086,3,0,47749,17787,0,0,0,2,2,0;2,0
1,2087,0,0,52755,12781,0,0,0,0,0,,0
1,2088,0,0,55308,10228,0,0,0,0,0,,0
1,2089,17,0,56382,9154,0,0,0,2,2,0;2,0
1,2090,0,0,54459,11077,0,0,0,0,0,,0
1,2091,0,0,56917,8619,0,0,0,0,0,,0
1,2092,0,0,58263,7273,0,0,0,0,0,,0
1,2093,0,0,58625,6911,0,0,0,0,0,,0
1,2094,0,0,57456,8080,0,0,0,0,0,,0
1,2095,0,0,57290,8246,0,0,0,0,0,,0
1,2096,0,0,58319,7217,0,0,0,0,0,,0
1,2097,0,0,59804,5732,0,0,0,0,0,,0
1,2098,0,0,0,0,65536,65536,65536,0,0,,0
1,2099,0,0,56529,9007,0,0,0,0,0,,0
1,2100,0,0,53757,11779,0,0,0,0,0,,0
1,2101,0,0,55546,9990,0,0,0,0,0,,0
1,2102,0,0,57542,7994,0,0,0,0,0,,0
1,2103,0,0,63582,1954,0,0,0,0,0,,0
1,2104,0,0,60369,5167,0,0,0,0,0,,0
1,2105,0,0,58094,7442,0,0,0,0,0,,0
1,2106,0,0,57317,8219,0,0,0,0,0,,0
1,2107,0,0,57443,8093,0,0,0,0,0,,0
1,2108,0,0,65536,0,0,0,0,0,0,,0
1,2109,0,0,65536,0,0,0,0,0,0,,0
1,2110,0,0,65536,0,0,0,0,0,0,,0
1,2111,0,0,65536,0,0,0,0,0,0,,0
1,2112,0,0,53762,11774,0,0,0,0,0,,0
1,2113,0,0,48241,17295,0,0,0,0,0,,0
1,2114,0,0,62904,2632,0,0,0,0,0,,0
1,2115,0,0,65536,0,0,0,0,0,0,,0
1,2116,0,0,63168,2368,0,0,0,0,0,,0
1,2117,0,0,59966,5570,0,0,0,0,0,,0
1,2118,3,0,42199,23337,0,0,0,2,2,1;2,0
1,2119,0,0,40689,24847,0,0,0,0,0,,0
1,2120,1,0,41935,23601,0,0,0,2,2,1;2,0
1,2121,0,0,40117,25419,0,0,0,0,0,,0
1,2122,0,0,53246,12290,0,0,0,0,0,,0
1,2123,0,0,52976,12560,0,0,0,0,0,,0
1,2124,0,0,49500,16036,0,0,0,0,0,,0
1,2125,0,0,62410,3126,0,0,0,0,0,,0
1,2126,0,0,63619,1917,0,0,0,0,0,,0
1,2127,0,0,63514,2022,0,0,0,0,0,,0
1,2128,0,0,61329,4207,0,0,0,0,0,,0
1,2129,0,0,62414,3122,0,0,0,0,0,,0
1,2130,0,0,61288,4248,0,0,0,0,0,,0
1,2131,0,0,0,0,65536,65536,65536,0,0,,0
1,2132,0,0,0,0,65536,65536,65536,0,0,,0
1,2133,0,0,0,0,65536,65536,65536,0,0,,0
1,2134,0,0,0,0,65536,65536,65536,0,0,,0
1,2135,0,0,0,0,65536,65536,65536,0,0,,0
1,2136,0,0,64656,880,0,0,0,0,0,,0
1,2137,0,0,65536,0,0,0,0,0,0,,0
1,2138,0,0,63609,1927,0,0,0,0,0,,0
1,2139,0,0,61489,4047,0,0,0,0,0,,0
1,2140,0,0,62147,3389,0,0,0,0,0,,0
1,2141,0,0,62549,2987,0,0,0,0,0,,0
1,2142,0,0,63409,2127,0,0,0,0,0,,0
1,2143,0,0,62059,3477,0,0,0,0,0,,0
1,2144,0,0,62697,2839,0,0,0,0,0,,0
1,2145,0,0,63712,1824,0,0,0,0,0,,0
1,2146,0,0,60674,4862,0,0,0,0,0,,0
1,2147,0,0,64139,1397,0,0,0,0,0,,0
1,2148,0,0,60947,4589,0,0,0,0,0,,0
1,2149,0,0,61797,3739,0,0,0,0,0,,0
1,2150,0,0,60928,4608,0,0,0,0,0,,0
1,2151,0,0,62906,2630,0,0,0,0,0,,0
1,2152,0,0,61145,4391,0,0,0,0,0,,0
1,2153,0,0,35984,29552,0,0,0,0,0,,0
1,2154,0,0,39151,26385,0,0,0,0,0,,0
1,2155,0,0,56164,9372,0,0,0,0,0,,0
1,2156,0,0,61579,3957,0,0,0,0,0,,0
1,2157,0,0,61445,4091,0,0,0,0,0,,0
1,2158,0,0,60855,4681,0,0,0,0,0,,0
1,2159,0,0,42380,23156,0,0,0,0,0,,0
1,2160,0,0,40794,24742,0,0,0,0,0,,0
1,2161,0,0,62985,2551,0,0,0,0,0,,0
1,2162,0,0,52124,13412,0,0,0,0,0,,0
1,2163,0,0,65536,0,0,0,0,0,0,,0
1,2164,0,0,65536,0,0,0,0,0,0,,0
1,2165,0,0,65536,0,0,0,0,0,0,,0
1,2166,0,0,34929,30607,0,0,0,0,0,,0
1,2167,0,0,35112,30424,0,0,0,0,0,,0
1,2168,0,0,63546,1990,0,0,0,0,0,,0
1,2169,0,0,57654,7882,0,0,0,0,0,,0
1,2170,0,0,61990,3546,0,0,0,0,0,,0
1,2171,0,0,57973,7563,0,0,0,0,0,,0
1,2172,0,0,56051,9485,0,0,0,0,0,,0
1,2173,0,0,55069,10467,0,0,0,0,0,,0
1,2174,0,0,65536,0,0,0,0,0,0,,0
1,2175,0,0,65145,391,0,0,0,0,0,,0
1,2176,0,0,65536,0,0,0,0,0,0,,0
1,2177,0,0,62525,3011,0,0,0,0,0,,0
1,2178,0,0,61780,3756,0,0,0,0,0,,0
1,2179,0,0,60265,5271,0,0,0,0,0,,0
1,2180,0,0,61852,3684,0,0,0,0,0,,0
1,2181,0,0,61291,4245,0,0,0,0,0,,0
1,2182,0,0,54499,11037,0,0,0,0,0,,0
1,2183,0,0,53814,11722,0,0,0,0,0,,0
1,2184,0,0,54045,11491,0,0,0,0,0,,0
1,2185,0,0,60405,5131,0,0,0,0,0,,0
1,2186,0,0,60800,4736,0,0,0,0,0,,0
1,2187,0,0,60285,5251,0,0,0,0,0,,0
1,2188,0,0,57713,7823,0,0,0,0,0,,0
1,2189,0,0,54420,11116,0,0,0,0,0,,0
1,2190,0,0,58916,6620,0,0,0,0,0,,0
1,2191,0,0,61434,4102,0,0,0,0,0,,0
1,2192,0,0,54516,11020,0,0,0,0,0,,0
1,2193,0,0,49801,15735,0,0,0,0,0,,0
1,2194,0,0,55411,10125,0,0,0,0,0,,0
1,2195,0,0,60038,5498,0,0,0,0,0,,0
1,2196,0,0,56468,9068,0,0,0,0,0,,0
1,2197,0,0,53816,11720,0,0,0,0,0,,0
1,2198,0,0,53868,11668,0,0,0,0,0,,0
1,2199,2,0,52466,13070,0,0,0,2,2,0;2,0
1,2200,0,0,60475,5061,0,0,0,0,0,,0
1,2201,0,0,62132,3404,0,0,0,0,0,,0
1,2202,0,0,65536,0,0,0,0,0,0,,0
1,2203,0,0,53449,12087,0,0,0,0,0,,0
1,2204,0,0,57676,7860,0,0,0,0,0,,0
1,2205,0,0,53635,11901,0,0,0,0,0,,0
1,2206,0,0,49492,16044,0,0,0,0,0,,0
1,2207,0,0,57024,8512,0,0,0,0,0,,0
1,2208,0,0,53220,12316,0,0,0,0,0,,0
1,2209,0,0,55428,10108,0,0,0,0,0,,0
1,2210,0,0,56585,8951,0,0,0,0,0,,0
1,2211,0,0,56725,8811,0,0,0,0,0,,0
1,2212,0,0,56773,8763,0,0,0,0,0,,0
1,2213,0,0,61283,4253,0,0,0,0,0,,0
1,2214,0,0,58507,7029,0,0,0,0,0,,0
1,2215,3,0,55838,9698,0,0,0,2,2,2;4,0
1,2216,0,0,59034,6502,0,0,0,0,0,,0
1,2217,0,0,53361,12175,0,0,0,0,0,,0
1,2218,0,0,56491,9045,0,0,0,0,0,,0
1,2219,0,0,53914,11622,0,0,0,0,0,,0
1,2220,0,0,50544,14992,0,0,0,0,0,,0
1,2221,0,0,49551,15985,0,0,0,0,0,,0
1,2222,0,0,55917,9619,0,0,0,0,0,,0
1,2223,0,0,53851,11685,0,0,0,0,0,,0
1,2224,0,0,61520,4016,0,0,0,0,0,,0
1,2225,0,0,50201,15335,0,0,0,0,0,,0
1,2226,0,0,50499,15037,0,0,0,0,0,,0
1,2227,0,0,59150,6386,0,0,0,0,0,,0
1,2228,0,0,62271,3265,0,0,0,0,0,,0
1,2229,0,0,61095,4441,0,0,0,0,0,,0
1,2230,0,0,61139,4397,0,0,0,0,0,,0
1,2231,0,0,51841,13695,0,0,0,0,0,,0
1,2232,0,0,50707,14829,0,0,0,0,0,,0
1,2233,0,0,50766,14770,0,0,0,0,0,,0
1,2234,6,0,50281,15255,0,0,0,2,2,0;2,0
1,2235,0,0,54200,11336,0,0,0,0,0,,0
1,2236,0,0,45702,19834,0,0,0,0,0,,0
1,2237,0,0,50974,14562,0,0,0,0,0,,0
1,2238,0,0,56573,8963,0,0,0,0,0,,0
1,2239,0,0,60197,5339,0,0,0,0,0,,0
1,2240,0,0,53817,11719,0,0,0,0,0,,0
1,2241,0,0,54962,10574,0,0,0,0,0,,0
1,2242,0,0,59714,5822,0,0,0,0,0,,0
1,2243,0,0,60725,4811,0,0,0,0,0,,0
1,2244,0,0,58863,6673,0,0,0,0,0,,0
1,2245,0,0,60731,4805,0,0,0,0,0,,0
1,2246,0,0,57394,8142,0,0,0,0,0,,0
1,2247,0,0,52521,13015,0,0,0,0,0,,0
1,2248,0,0,55500,10036,0,0,0,0,0,,0
1,2249,0,0,51716,13820,0,0,0,0,0,,0
1,2250,4,0,51517,14019,0,0,0,2,2,0;2,0
1,2251,0,0,51930,13606,0,0,0,0,0,,0
1,2252,0,0,55566,9970,0,0,0,0,0,,0
1,2253,0,0,54426,11110,0,0,0,0,0,,0
1,2254,0,0,55571,9965,0,0,0,0,0,,0
1,2255,0,0,50536,15000,0,0,0,0,0,,0
1,2256,0,0,54492,11044,0,0,0,0,0,,0
1,2257,0,0,49802,15734,0,0,0,0,0,,0
1,2258,0,0,50967,14569,0,0,0,0,0,,0
1,2259,0,0,47127,18409,0,0,0,0,0,,0
1,2260,0,0,50897,14639,0,0,0,0,0,,0
1,2261,0,0,53395,12141,0,0,0,0,0,,0
1,2262,0,0,54497,11039,0,0,0,0,0,,0
1,2263,0,0,65536,0,0,0,0,0,0,,0
1,2264,0,0,65536,0,0,0,0,0,0,,0
1,2265,0,0,65536,0,0,0,0,0,0,,0
1,2266,0,0,61372,4164,0,0,0,0,0,,0
1,2267,0,0,65536,0,0,0,0,0,0,,0
1,2268,0,0,59450,6086,0,0,0,0,0,,0
1,2269,0,0,56846,8690,0,0,0,0,0,,0
1,2270,0,0,56557,8979,0,0,0,0,0,,0
1,2271,0,0,58908,6628,0,0,0,0,0,,0
1,2272,0,0,62992,2544,0,0,0,0,0,,0
1,2273,0,0,48343,17193,0,0,0,0,0,,0
1,2274,0,0,50568,14968,0,0,0,0,0,,0
1,2275,0,0,49893,15643,0,0,0,0,0,,0
1,2276,0,0,44010,21526,0,0,0,0,0,,0
1,2277,0,0,40050,25486,0,0,0,0,0,,0
1,2278,0,0,57280,8256,0,0,0,0,0,,0
1,2279,0,0,57178,8358,0,0,0,0,0,,0
1,2280,0,0,56893,8643,0,0,0,0,0,,0
1,2281,0,0,52183,13353,0,0,0,0,0,,0
1,2282,0,0,45817,19719,0,0,0,0,0,,0
1,2283,0,0,53233,12303,0,0,0,0,0,,0
1,2284,0,0,39183,26353,0,0,0,0,0,,0
1,2285,0,0,59501,6035,0,0,0,0,0,,0
1,2286,0,0,54743,10793,0,0,0,0,0,,0
1,2287,0,0,57186,8350,0,0,0,0,0,,0
1,2288,0,0,44126,21410,0,0,0,0,0,,0
1,2289,0,0,47627,17909,0,0,0,0,0,,0
1,2290,0,0,48162,17374,0,0,0,0,0,,0
1,2291,0,0,59625,5911,0,0,0,0,0,,0
1,2292,0,0,58524,7012,0,0,0,0,0,,0
1,2293,0,0,49462,16074,0,0,0,0,0,,0
1,2294,0,0,55096,10440,0,0,0,0,0,,0
1,2295,0,0,47542,17994,0,0,0,0,0,,0
1,2296,4,0,45293,20243,0,0,0,4,3,0;1;2,0
1,2297,0,0,44117,21419,0,0,0,0,0,,0
1,2298,0,0,51020,14516,0,0,0,0,0,,0
1,2299,1,0,48355,17181,0,0,0,2,2,0;1,0
1,2300,0,0,58095,7441,0,0,0,0,0,,0
1,2301,0,0,50478,15058,0,0,0,0,0,,0
1,2302,0,0,47179,18357,0,0,0,0,0,,0
1,2303,0,0,46232,19304,0,0,0,0,0,,0
1,2304,0,0,34390,31146,0,0,0,0,0,,0
1,2305,0,0,33004,32532,0,0,0,0,0,,0
1,2306,0,0,34407,31129,0,0,0,0,0,,0
1,2307,0,0,34489,31047,0,0,0,0,0,,0
1,2308,0,0,29855,35681,0,0,0,0,0,,0
1,2309,0,0,29215,36321,0,0,0,0,0,,0
1,2310,0,0,32890,32646,0,0,0,0,0,,0
1,2311,0,0,32951,32585,0,0,0,0,0,,0
1,2312,0,0,31203,34333,0,0,0,0,0,,0
1,2313,0,0,60303,5233,0,0,0,0,0,,0
1,2314,0,0,64946,590,0,0,0,0,0,,0
1,2315,0,0,60714,4822,0,0,0,0,0,,0
1,2316,0,0,57378,8158,0,0,0,0,0,,0
1,2317,0,0,61753,3783,0,0,0,0,0,,0
1,2318,0,0,56823,8713,0,0,0,0,0,,0
1,2319,0,0,61522,4014,0,0,0,0,0,,0
1,2320,0,0,62806,2730,0,0,0,0,0,,0
1,2321,7,0,60060,5476,0,0,0,2,2,0;2,0
1,2322,0,0,58165,7371,0,0,0,0,0,,0
1,2323,0,0,60547,4989,0,0,0,0,0,,0
1,2324,0,0,58295,7241,0,0,0,0,0,,0
1,2325,0,0,50564,14972,0,0,0,0,0,,0
1,2326,0,0,51011,14525,0,0,0,0,0,,0
1,2327,0,0,54769,10767,0,0,0,0,0,,0
1,2328,0,0,49442,16094,0,0,0,0,0,,0
1,2329,0,0,54575,10961,0,0,0,0,0,,0
1,2330,0,0,50697,14839,0,0,0,0,0,,0
1,2331,0,0,56526,9010,0,0,0,0,0,,0
1,2332,0,0,57886,7650,0,0,0,0,0,,0
1,2333,0,0,54011,11525,0,0,0,0,0,,0
1,2334,0,0,54714,10822,0,0,0,0,0,,0
1,2335,0,0,54185,11351,0,0,0,0,0,,0
1,2336,0,0,57505,8031,0,0,0,0,0,,0
1,2337,0,0,55183,10353,0,0,0,0,0,,0
1,2338,0,0,57674,7862,0,0,0,0,0,,0
1,2339,0,0,55056,10480,0,0,0,0,0,,0
1,2340,3,0,51607,13929,0,0,0,2,2,1;2,0
1,2341,0,0,64281,1255,0,0,0,0,0,,0
1,2342,0,0,59507,6029,0,0,0,0,0,,0
1,2343,0,0,60664,4872,0,0,0,0,0,,0
1,2344,0,0,59538,5998,0,0,0,0,0,,0
1,2345,0,0,57947,7589,0,0,0,0,0,,0
1,2346,0,0,63232,2304,0,0,0,0,0,,0
1,2347,0,0,56815,8721,0,0,0,0,0,,0
1,2348,0,0,56471,9065,0,0,0,0,0,,0
1,2349,0,0,59187,6349,0,0,0,0,0,,0
1,2350,0,0,57651,7885,0,0,0,0,0,,0
1,2351,0,0,61134,4402,0,0,0,0,0,,0
1,2352,0,0,59511,6025,0,0,0,0,0,,0
1,2353,0,0,60354,5182,0,0,0,0,0,,0
1,2354,0,0,58997,6539,0,0,0,0,0,,0
1,2355,0,0,61036,4500,0,0,0,0,0,,0
1,2356,0,0,56701,8835,0,0,0,0,0,,0
1,2357,0,0,53972,11564,0,0,0,0,0,,0
1,2358,0,0,55954,9582,0,0,0,0,0,,0
1,2359,0,0,51652,13884,0,0,0,0,0,,0
1,2360,0,0,52139,13397,0,0,0,0,0,,0
1,2361,1,0,59093,6443,0,0,0,2,2,2;4,0
1,2362,0,0,56580,8956,0,0,0,0,0,,0
1,2363,0,0,62399,3137,0,0,0,0,0,,0
1,2364,5,0,59518,6018,0,0,0,2,2,2;4,0
1,2365,0,0,52650,12886,0,0,0,0,0,,0
1,2366,0,0,49440,16096,0,0,0,0,0,,0
1,2367,0,0,48403,17133,0,0,0,0,0,,0
1,2368,0,0,53968,11568,0,0,0,0,0,,0
1,2369,0,0,51062,14474,0,0,0,0,0,,0
1,2370,0,0,59193,6343,0,0,0,0,0,,0
1,2371,0,0,50324,15212,0,0,0,0,0,,0
1,2372,0,0,43287,22249,0,0,0,0,0,,0
1,2373,0,0,57008,8528,0,0,0,0,0,,0
1,2374,0,0,45110,20426,0,0,0,0,0,,0
1,2375,0,0,57265,8271,0,0,0,0,0,,0
1,2376,0,0,61456,4080,0,0,0,0,0,,0
1,2377,0,0,61718,3818,0,0,0,0,0,,0
1,2378,0,0,60886,4650,0,0,0,0,0,,0
1,2379,0,0,59077,6459,0,0,0,0,0,,0
1,2380,0,0,64296,1240,0,0,0,0,0,,0
1,2381,0,0,62765,2771,0,0,0,0,0,,0
1,2382,0,0,63046,2490,0,0,0,0,0,,0
1,2383,0,0,63781,1755,0,0,0,0,0,,0
1,2384,0,0,42458,23078,0,0,0,0,0,,0
1,2385,0,0,55873,9663,0,0,0,0,0,,0
1,2386,0,0,50898,14638,0,0,0,0,0,,0
1,2387,0,0,43498,22038,0,0,0,0,0,,0
1,2388,0,0,43739,21797,0,0,0,0,0,,0
1,2389,0,0,43678,21858,0,0,0,0,0,,0
1,2390,0,0,44112,21424,0,0,0,0,0,,0
1,2391,0,0,53947,11589,0,0,0,0,0,,0
1,2392,0,0,50601,14935,0,0,0,0,0,,0
1,2393,0,0,64431,1105,0,0,0,0,0,,0
1,2394,0,0,64813,723,0,0,0,0,0,,0
1,2395,0,0,64398,1138,0,0,0,0,0,,0
1,2396,0,0,64008,1528,0,0,0,0,0,,0
1,2397,0,0,64473,1063,0,0,0,0,0,,0
1,2398,0,0,65034,502,0,0,0,0,0,,0
1,2399,0,0,64015,1521,0,0,0,0,0,,0
1,2400,0,0,54264,11272,0,0,0,0,0,,0
1,2401,0,0,55410,10126,0,0,0,0,0,,0
1,2402,0,0,56124,9412,0,0,0,0,0,,0
1,2403,0,0,56584,8952,0,0,0,0,0,,0
1,2404,0,0,62100,3436,0,0,0,0,0,,0
1,2405,0,0,62894,2642,0,0,0,0,0,,0
1,2406,0,0,65536,0,0,0,0,0,0,,0
1,2407,0,0,65536,0,0,0,0,0,0,,0
1,2408,0,0,65526,10,0,0,0,0,0,,0
1,2409,0,0,58520,7016,0,0,0,0,0,,0
1,2410,0,0,53292,12244,0,0,0,0,0,,0
1,2411,0,0,56919,8617,0,0,0,0,0,,0
1,2412,0,0,60614,4922,0,0,0,0,0,,0
1,2413,13,0,44606,20930,0,0,0,5,2,0;1,0
1,2414,15,0,32695,32841,0,0,0,4,2,0;1,0
1,2415,0,0,46464,19072,0,0,0,0,0,,0
1,2416,0,0,40642,24894,0,0,0,0,0,,0
1,2417,0,0,63355,2181,0,0,0,0,0,,0
1,2418,0,0,63004,2532,0,0,0,0,0,,0
1,2419,0,0,65050,486,0,0,0,0,0,,0
1,2420,0,0,64780,756,0,0,0,0,0,,0
1,2421,0,0,51634,13902,0,0,0,0,0,,0
1,2422,0,0,51908,13628,0,0,0,0,0,,0
1,2423,1,0,46774,18762,0,0,0,2,2,0;2,0
1,2424,0,0,52343,13193,0,0,0,0,0,,0
1,2425,0,0,51526,14010,0,0,0,0,0,,0
1,2426,1,0,53552,11984,0,0,0,2,2,0;2,0
1,2427,0,0,52565,12971,0,0,0,0,0,,0
1,2428,0,0,64049,1487,0,0,0,0,0,,0
1,2429,0,0,65234,302,0,0,0,0,0,,0
1,2430,0,0,53132,12404,0,0,0,0,0,,0
1,2431,0,0,63085,2451,0,0,0,0,0,,0
1,2432,0,0,62391,3145,0,0,0,0,0,,0
1,2433,0,0,64218,1318,0,0,0,0,0,,0
1,2434,8,0,43075,22461,0,0,0,4,2,1;2,0
1,2435,4,0,30398,35138,0,0,0,2,2,1;2,0
1,2436,0,0,30545,34991,0,0,0,0,0,,0
1,2437,3,0,34829,30707,0,0,0,2,2,1;2,0
1,2438,1,0,41134,24402,0,0,0,2,2,1;2,0
1,2439,8,0,30317,35219,0,0,0,6,2,1;2,0
1,2440,7,0,31973,33563,0,0,0,2,2,1;2,0
1,2441,0,0,55592,9944,0,0,0,0,0,,0
1,2442,0,0,53235,12301,0,0,0,0,0,,0
1,2443,0,0,55795,9741,0,0,0,0,0,,0
1,2444,0,0,52436,13100,0,0,0,0,0,,0
1,2445,0,0,61578,3958,0,0,0,0,0,,0
1,2446,0,0,43031,22505,0,0,0,0,0,,0
1,2447,0,0,44068,21468,0,0,0,0,0,,0
1,2448,0,0,45703,19833,0,0,0,0,0,,0
1,2449,0,0,44752,20784,0,0,0,0,0,,0
1,2450,0,0,59563,5973,0,0,0,0,0,,0
1,2451,0,0,52560,12976,0,0,0,0,0,,0
1,2452,0,0,53876,11660,0,0,0,0,0,,0
1,2453,0,0,55841,9695,0,0,0,0,0,,0
1,2454,0,0,41706,23830,0,0,0,0,0,,0
1,2455,0,0,45637,19899,0,0,0,0,0,,0
1,2456,0,0,41590,23946,0,0,0,0,0,,0
1,2457,0,0,45435,20101,0,0,0,0,0,,0
1,2458,0,0,41642,23894,0,0,0,0,0,,0
1,2459,0,0,48242,17294,0,0,0,0,0,,0
1,2460,0,0,43769,21767,0,0,0,0,0,,0
1,2461,0,0,65380,156,0,0,0,0,0,,0
1,2462,0,0,65536,0,0,0,0,0,0,,0
1,2463,0,0,65536,0,0,0,0,0,0,,0
1,2464,0,0,65536,0,0,0,0,0,0,,0
1,2465,0,0,65536,0,0,0,0,0,0,,0
1,2466,0,0,60964,4572,0,0,0,0,0,,0
1,2467,0,0,60752,4784,0,0,0,0,0,,0
1,2468,0,0,62047,3489,0,0,0,0,0,,0
1,2469,0,0,58548,6988,0,0,0,0,0,,0
1,2470,0,0,56096,9440,0,0,0,0,0,,0
1,2471,0,0,47737,17799,0,0,0,0,0,,0
1,2472,0,0,49294,16242,0,0,0,0,0,,0
1,2473,0,0,46477,19059,0,0,0,0,0,,0
1,2474,0,0,59744,5792,0,0,0,0,0,,0
1,2475,0,0,53810,11726,0,0,0,0,0,,0
1,2476,0,0,43387,22149,0,0,0,0,0,,0
1,2477,0,0,51500,14036,0,0,0,0,0,,0
1,2478,4,0,47727,17809,0,0,0,2,2,0;1,0
1,2479,0,0,51035,14501,0,0,0,0,0,,0
1,2480,8,0,48574,16962,0,0,0,2,2,0;1,0
1,2481,3,0,50789,14747,0,0,0,2,2,0;1,0
1,2482,0,0,51362,14174,0,0,0,0,0,,0
1,2483,0,0,48759,16777,0,0,0,0,0,,0
1,2484,7,0,48806,16730,0,0,0,4,3,0;1;2,0
1,2485,2,0,48838,16698,0,0,0,2,2,0;2,0
1,2486,0,0,54960,10576,0,0,0,0,0,,0
1,2487,0,0,55499,10037,0,0,0,0,0,,0
1,2488,0,0,62087,3449,0,0,0,0,0,,0
1,2489,0,0,61358,4178,0,0,0,0,0,,0
1,2490,0,0,62105,3431,0,0,0,0,0,,0
1,2491,0,0,60184,5352,0,0,0,0,0,,0
1,2492,0,0,60310,5226,0,0,0,0,0,,0
1,2493,0,0,60426,5110,0,0,0,0,0,,0
1,2494,0,0,47118,18418,0,0,0,0,0,,0
1,2495,5,0,47957,17579,0,0,0,2,2,0;2,0
1,2496,0,0,49120,16416,0,0,0,0,0,,0
1,2497,0,0,61640,3896,0,0,0,0,0,,0
1,2498,0,0,59561,5975,0,0,0,0,0,,0
1,2499,0,0,64152,1384,0,0,0,0,0,,0
1,2500,0,0,58216,7320,0,0,0,0,0,,0
1,2501,0,0,58510,7026,0,0,0,0,0,,0
1,2502,0,0,59484,6052,0,0,0,0,0,,0
1,2503,0,0,59570,5966,0,0,0,0,0,,0
1,2504,0,0,52768,12768,0,0,0,0,0,,0
1,2505,0,0,47893,17643,0,0,0,0,0,,0
1,2506,1,0,49483,16053,0,0,0,2,2,0;1,0
1,2507,5,0,45693,19843,0,0,0,2,2,0;3,0
1,2508,0,0,57205,8331,0,0,0,0,0,,0
1,2509,0,0,49337,16199,0,0,0,0,0,,0
1,2510,0,0,57038,8498,0,0,0,0,0,,0
1,2511,5,0,51548,13988,0,0,0,2,2,0;2,0
1,2512,0,0,64972,564,0,0,0,0,0,,0
1,2513,0,0,63984,1552,0,0,0,0,0,,0
1,2514,0,0,64241,1295,0,0,0,0,0,,0
1,2515,0,0,65536,0,0,0,0,0,0,,0
1,2516,0,0,61248,4288,0,0,0,0,0,,0
1,2517,0,0,57819,7717,0,0,0,0,0,,0
1,2518,0,0,62062,3474,0,0,0,0,0,,0
1,2519,0,0,52824,12712,0,0,0,0,0,,0
1,2520,0,0,60983,4553,0,0,0,0,0,,0
1,2521,0,0,52572,12964,0,0,0,0,0,,0
1,2522,0,0,50217,15319,0,0,0,0,0,,0
1,2523,0,0,47810,17726,0,0,0,0,0,,0
1,2524,0,0,51889,13647,0,0,0,0,0,,0
1,2525,0,0,43146,22390,0,0,0,0,0,,0
1,2526,6,0,43998,21538,0,0,0,4,2,1;2,0
1,2527,0,0,52698,12838,0,0,0,0,0,,0
1,2528,13,0,41892,23644,0,0,0,6,3,0;1;2,0
1,2529,0,0,47631,17905,0,0,0,0,0,,0
1,2530,0,0,45161,20375,0,0,0,0,0,,0
1,2531,0,0,38433,27103,0,0,0,0,0,,0
1,2532,0,0,42101,23435,0,0,0,0,0,,0
1,2533,0,0,46870,18666,0,0,0,0,0,,0
1,2534,0,0,50209,15327,0,0,0,0,0,,0
1,2535,0,0,48386,17150,0,0,0,0,0,,0
1,2536,0,0,49331,16205,0,0,0,0,0,,0
1,2537,0,0,57041,8495,0,0,0,0,0,,0
1,2538,0,0,57497,8039,0,0,0,0,0,,0
1,2539,0,0,56418,9118,0,0,0,0,0,,0
1,2540,0,0,63475,2061,0,0,0,0,0,,0
1,2541,0,0,53852,11684,0,0,0,0,0,,0
1,2542,0,0,56264,9272,0,0,0,0,0,,0
1,2543,0,0,59732,5804,0,0,0,0,0,,0
1,2544,0,0,51182,14354,0,0,0,0,0,,0
1,2545,11,0,53242,12294,0,0,0,3,2,2;4,0
1,2546,0,0,52017,13519,0,0,0,0,0,,0
1,2547,0,0,55967,9569,0,0,0,0,0,,0
1,2548,0,0,60413,5123,0,0,0,0,0,,0
1,2549,0,0,63109,2427,0,0,0,0,0,,0
1,2550,0,0,65536,0,0,0,0,0,0,,0
1,2551,0,0,65536,0,0,0,0,0,0,,0
1,2552,0,0,65536,0,0,0,0,0,0,,0
1,2553,2,0,50843,14693,0,0,0,2,2,2;4,0
1,2554,0,0,53165,12371,0,0,0,0,0,,0
1,2555,0,0,46290,19246,0,0,0,0,0,,0
1,2556,0,0,50593,14943,0,0,0,0,0,,0
1,2557,0,0,45096,20440,0,0,0,0,0,,0
1,2558,4,0,54099,11437,0,0,0,2,2,2;4,0
1,2559,0,0,51177,14359,0,0,0,0,0,,0
1,2560,0,0,44957,20579,0,0,0,0,0,,0
1,2561,1,0,57620,7916,0,0,0,2,2,2;4,0
1,2562,0,0,49382,16154,0,0,0,0,0,,0
1,2563,0,0,60019,5517,0,0,0,0,0,,0
1,2564,0,0,42390,23146,0,0,0,0,0,,0
1,2565,0,0,44237,21299,0,0,0,0,0,,0
1,2566,0,0,57288,8248,0,0,0,0,0,,0
1,2567,0,0,50972,14564,0,0,0,0,0,,0
1,2568,0,0,54338,11198,0,0,0,0,0,,0
1,2569,0,0,52742,12794,0,0,0,0,0,,0
1,2570,0,0,51338,14198,0,0,0,0,0,,0
1,2571,0,0,53637,11899,0,0,0,0,0,,0
1,2572,0,0,46517,19019,0,0,0,0,0,,0
1,2573,0,0,53340,12196,0,0,0,0,0,,0
1,2574,0,0,54456,11080,0,0,0,0,0,,0
1,2575,0,0,49743,15793,0,0,0,0,0,,0
1,2576,0,0,55699,9837,0,0,0,0,0,,0
1,2577,0,0,50250,15286,0,0,0,0,0,,0
1,2578,0,0,54861,10675,0,0,0,0,0,,0
1,2579,0,0,55160,10376,0,0,0,0,0,,0
1,2580,0,0,60296,5240,0,0,0,0,0,,0
1,2581,0,0,40547,24989,0,0,0,0,0,,0
1,2582,0,0,64140,1396,0,0,0,0,0,,0
1,2583,0,0,56034,9502,0,0,0,0,0,,0
1,2584,8,0,49547,15989,0,0,0,2,2,0;2,0
1,2585,0,0,52783,12753,0,0,0,0,0,,0
1,2586,0,0,50219,15317,0,0,0,0,0,,0
1,2587,4,0,53144,12392,0,0,0,2,2,1;2,0
1,2588,0,0,53869,11667,0,0,0,0,0,,0
1,2589,0,0,50641,14895,0,0,0,0,0,,0
1,2590,0,0,38561,26975,0,0,0,0,0,,0
1,2591,0,0,46359,19177,0,0,0,0,0,,0
1,2592,0,0,49239,16297,0,0,0,0,0,,5
1,2593,0,0,48226,17310,0,0,0,0,0,,5
1,2594,0,0,46536,19000,0,0,0,0,0,,4
1,2595,0,0,62243,3293,0,0,0,0,0,,0
1,2596,0,0,61953,3583,0,0,0,0,0,,0
1,2597,0,0,64427,1109,0,0,0,0,0,,0
1,2598,0,0,61686,3850,0,0,0,0,0,,2
1,2599,0,0,40835,24701,0,0,0,0,0,,1
1,2600,0,0,60158,5378,0,0,0,0,0,,0
1,2601,0,0,58935,6601,0,0,0,0,0,,0
1,2602,0,0,41124,24412,0,0,0,0,0,,0
1,2603,0,0,39842,25694,0,0,0,0,0,,1
1,2604,0,0,61705,3831,0,0,0,0,0,,0
1,2605,0,0,59990,5546,0,0,0,0,0,,2
1,2606,0,0,60916,4620,0,0,0,0,0,,0
1,2607,0,0,64167,1369,0,0,0,0,0,,0
1,2608,0,0,49436,16100,0,0,0,0,0,,1
1,2609,0,0,37281,28255,0,0,0,0,0,,0
1,2610,0,0,39285,26251,0,0,0,0,0,,2
1,2611,0,0,40539,24997,0,0,0,0,0,,1
1,2612,0,0,39271,26265,0,0,0,0,0,,1
1,2613,0,0,43757,21779,0,0,0,0,0,,4
1,2614,0,0,43712,21824,0,0,0,0,0,,1
1,2615,0,0,58420,7116,0,0,0,0,0,,1
1,2616,0,0,57817,7719,0,0,0,0,0,,0
1,2617,0,0,50872,14664,0,0,0,0,0,,3
1,2618,0,0,53251,12285,0,0,0,0,0,,1
1,2619,0,0,50450,15086,0,0,0,0,0,,0
1,2620,0,0,53076,12460,0,0,0,0,0,,2
1,2621,0,0,55119,10417,0,0,0,0,0,,0
1,2622,0,0,54860,10676,0,0,0,0,0,,1
1,2623,0,0,56569,8967,0,0,0,0,0,,0
1,2624,0,0,50381,15155,0,0,0,0,0,,2
1,2625,0,0,49828,15708,0,0,0,0,0,,0
1,2626,0,0,65536,0,0,0,0,0,0,,0
1,2627,0,0,64534,1002,0,0,0,0,0,,0
1,2628,0,0,65330,206,0,0,0,0,0,,0
1,2629,0,0,63547,1989,0,0,0,0,0,,0
1,2630,0,0,63298,2238,0,0,0,0,0,,0
1,2631,0,0,65524,12,0,0,0,0,0,,0
1,2632,0,0,64250,1286,0,0,0,0,0,,0
1,2633,0,0,53149,12387,0,0,0,0,0,,1
1,2634,0,0,54150,11386,0,0,0,0,0,,4
1,2635,0,0,47796,17740,0,0,0,0,0,,1
1,2636,0,0,65536,0,0,0,0,0,0,,0
1,2637,0,0,65289,247,0,0,0,0,0,,0
1,2638,0,0,63567,1969,0,0,0,0,0,,0
1,2639,0,0,65536,0,0,0,0,0,0,,0
1,2640,0,0,65536,0,0,0,0,0,0,,0
1,2641,0,0,65092,444,0,0,0,0,0,,0
1,2642,0,0,47184,18352,0,0,0,0,0,,9
1,2643,0,0,49988,15548,0,0,0,0,0,,3
1,2644,0,0,43258,22278,0,0,0,0,0,,0
1,2645,0,0,40363,25173,0,0,0,0,0,,2
1,2646,0,0,43277,22259,0,0,0,0,0,,2
1,2647,0,0,43639,21897,0,0,0,0,0,,0
1,2648,0,0,47554,17982,0,0,0,0,0,,0
1,2649,0,0,44489,21047,0,0,0,0,0,,9
1,2650,0,0,41394,24142,0,0,0,0,0,,6
1,2651,0,0,30112,35424,0,0,0,0,0,,3
1,2652,0,0,44381,21155,0,0,0,0,0,,7
1,2653,0,0,59173,6363,0,0,0,0,0,,0
1,2654,0,0,59457,6079,0,0,0,0,0,,0
1,2655,0,0,58859,6677,0,0,0,0,0,,0
2,0,0,0,57643,7893,0,0,0,0,0,,0
2,1,0,0,57347,8189,0,0,0,0,0,,0
2,2,0,0,58109,7427,0,0,0,0,0,,0
2,3,0,0,47789,17747,0,0,0,0,0,,0
2,4,0,0,60231,5305,0,0,0,0,0,,0
2,5,0,0,57284,8252,0,0,0,0,0,,0
2,6,0,0,49113,16423,0,0,0,0,0,,0
2,7,0,0,50553,14983,0,0,0,0,0,,0
2,8,0,0,49994,15542,0,0,0,0,0,,0
2,9,0,0,50715,14821,0,0,0,0,0,,0
2,10,0,0,54095,11441,0,0,0,0,0,,0
2,11,0,0,58281,7255,0,0,0,0,0,,0
2,12,0,0,56130,9406,0,0,0,0,0,,0
2,13,0,0,50589,14947,0,0,0,0,0,,0
2,14,0,0,54607,10929,0,0,0,0,0,,0
2,15,0,0,51890,13646,0,0,0,0,0,,0
2,16,0,0,59452,6084,0,0,0,0,0,,0
2,17,0,0,50240,15296,0,0,0,0,0,,0
2,18,0,0,50272,15264,0,0,0,0,0,,0
2,19,0,0,55380,10156,0,0,0,0,0,,0
2,20,0,0,61542,3994,0,0,0,0,0,,0
2,21,0,0,55099,10437,0,0,0,0,0,,0
2,22,0,0,60953,4583,0,0,0,0,0,,0
2,23,0,0,60018,5518,0,0,0,0,0,,0
2,24,0,0,59246,6290,0,0,0,0,0,,0
2,25,0,0,54257,11279,0,0,0,0,0,,0
2,26,0,0,59105,6431,0,0,0,0,0,,0
2,27,0,0,61381,4155,0,0,0,0,0,,0
2,28,0,0,61057,4479,0,0,0,0,0,,0
2,29,0,0,62373,3163,0,0,0,0,0,,0
2,30,0,0,52784,12752,0,0,0,0,0,,0
2,31,0,0,56841,8695,0,0,0,0,0,,0
2,32,0,0,58168,7368,0,0,0,0,0,,0
2,33,0,0,56582,8954,0,0,0,0,0,,0
2,34,0,0,52086,13450,0,0,0,0,0,,0
2,35,0,0,52293,13243,0,0,0,0,0,,0
2,36,0,0,61707,3829,0,0,0,0,0,,0
2,37,0,0,59913,5623,0,0,0,0,0,,0
2,38,0,0,57056,8480,0,0,0,0,0,,0
2,39,0,0,61976,3560,0,0,0,0,0,,0
2,40,0,0,58577,6959,0,0,0,0,0,,0
2,41,0,0,59721,5815,0,0,0,0,0,,0
2,42,0,0,48740,16796,0,0,0,0,0,,0
2,43,0,0,58830,6706,0,0,0,0,0,,0
2,44,0,0,50675,14861,0,0,0,0,0,,0
2,45,0,0,48285,17251,0,0,0,0,0,,0
2,46,0,0,57323,8213,0,0,0,0,0,,0
2,47,0,0,59204,6332,0,0,0,0,0,,0
2,48,0,0,49303,16233,0,0,0,0,0,,0
2,49,0,0,53573,11963,0,0,0,0,0,,0
2,50,0,0,57352,8184,0,0,0,0,0,,0
2,51,0,0,57902,7634,0,0,0,0,0,,0
2,52,0,0,50464,15072,0,0,0,0,0,,0
2,53,0,0,56157,9379,0,0,0,0,0,,0
2,54,0,0,53799,11737,0,0,0,0,0,,0
2,55,0,0,56751,8785,0,0,0,0,0,,0
2,56,0,0,55905,9631,0,0,0,0,0,,0
2,57,0,0,61841,3695,0,0,0,0,0,,0
2,58,0,0,51988,13548,0,0,0,0,0,,0
2,59,0,0,47537,17999,0,0,0,0,0,,0
2,60,0,0,57048,8488,0,0,0,0,0,,0
2,61,0,0,64633,903,0,0,0,0,0,,0
2,62,0,0,58530,7006,0,0,0,0,0,,0
2,63,0,0,59721,5815,0,0,0,0,0,,0
2,64,0,0,55092,10444,0,0,0,0,0,,0
2,65,0,0,56669,8867,0,0,0,0,0,,0
2,66,0,0,61804,3732,0,0,0,0,0,,0
2,67,0,0,62669,2867,0,0,0,0,0,,0
2,68,0,0,57473,8063,0,0,0,0,0,,0
2,69,0,0,60704,4832,0,0,0,0,0,,0
2,70,0,0,56011,9525,0,0,0,0,0,,0
2,71,0,0,59584,5952,0,0,0,0,0,,0
2,72,0,0,55075,10461,0,0,0,0,0,,0
2,73,0,0,56303,9233,0,0,0,0,0,,0
2,74,0,0,52718,12818,0,0,0,0,0,,0
2,75,0,0,47885,17651,0,0,0,0,0,,0
2,76,0,0,49859,15677,0,0,0,0,0,,0
2,77,0,0,53357,12179,0,0,0,0,0,,0
2,78,0,0,47905,17631,0,0,0,0,0,,0
2,79,0,0,48527,17009,0,0,0,0,0,,0
2,80,0,0,51614,13922,0,0,0,0,0,,0
2,81,0,0,63418,2118,0,0,0,0,0,,0
2,82,0,0,53739,11797,0,0,0,0,0,,0
2,83,0,0,56434,9102,0,0,0,0,0,,0
2,84,0,0,59071,6465,0,0,0,0,0,,0
2,85,0,0,58696,6840,0,0,0,0,0,,0
2,86,0,0,58745,6791,0,0,0,0,0,,0
2,87,0,0,48314,17222,0,0,0,0,0,,0
2,88,0,0,54044,11492,0,0,0,0,0,,0
2,89,0,0,53529,12007,0,0,0,0,0,,0
2,90,0,0,54081,11455,0,0,0,0,0,,0
2,91,0,0,62801,2735,0,0,0,0,0,,0
2,92,0,0,65090,446,0,0,0,0,0,,0
2,93,0,0,54002,11534,0,0,0,0,0,,0
2,94,0,0,61031,4505,0,0,0,0,0,,0
2,95,0,0,50722,14814,0,0,0,0,0,,0
2,96,5,0,51688,13848,0,0,0,2,2,1;2,0
2,97,0,0,55142,10394,0,0,0,0,0,,0
2,98,0,0,56111,9425,0,0,0,0,0,,0
2,99,0,0,52968,12568,0,0,0,0,0,,0
2,100,0,0,50921,14615,0,0,0,0,0,,0
2,101,0,0,56361,9175,0,0,0,0,0,,0
2,102,0,0,60083,5453,0,0,0,0,0,,0
2,103,0,0,49429,16107,0,0,0,0,0,,0
2,104,0,0,53019,12517,0,0,0,0,0,,0
2,105,0,0,44782,20754,0,0,0,0,0,,0
2,106,0,0,50138,15398,0,0,0,0,0,,0
2,107,0,0,38170,27366,0,0,0,0,0,,0
2,108,0,0,43243,22293,0,0,0,0,0,,0
2,109,0,0,38755,26781,0,0,0,0,0,,0
2,110,0,0,45678,19858,0,0,0,0,0,,0
2,111,0,0,45333,20203,0,0,0,0,0,,0
2,112,0,0,45345,20191,0,0,0,0,0,,0
2,113,5,0,48216,17320,0,0,0,2,2,2;4,0
2,114,0,0,54070,11466,0,0,0,0,0,,0
2,115,0,0,53134,12402,0,0,0,0,0,,0
2,116,0,0,50528,15008,0,0,0,0,0,,0
2,117,0,0,52236,13300,0,0,0,0,0,,0
2,118,0,0,50839,14697,0,0,0,0,0,,0
2,119,0,0,53832,11704,0,0,0,0,0,,0
2,120,0,0,52628,12908,0,0,0,0,0,,0
2,121,0,0,51548,13988,0,0,0,0,0,,0
2,122,0,0,49638,15898,0,0,0,0,0,,0
2,123,0,0,55278,10258,0,0,0,0,0,,0
2,124,0,0,61377,4159,0,0,0,0,0,,0
2,125,0,0,55304,10232,0,0,0,0,0,,0
2,126,0,0,52862,12674,0,0,0,0,0,,0
2,127,0,0,58391,7145,0,0,0,0,0,,0
2,128,0,0,64293,1243,0,0,0,0,0,,0
2,129,0,0,52405,13131,0,0,0,0,0,,0
2,130,0,0,47273,18263,0,0,0,0,0,,0
2,131,0,0,47557,17979,0,0,0,0,0,,0
2,132,0,0,47380,18156,0,0,0,0,0,,0
2,133,0,0,55047,10489,0,0,0,0,0,,0
2,134,0,0,52065,13471,0,0,0,0,0,,0
2,135,0,0,51595,13941,0,0,0,0,0,,0
2,136,0,0,62812,2724,0,0,0,0,0,,0
2,137,0,0,61636,3900,0,0,0,0,0,,0
2,138,0,0,61804,3732,0,0,0,0,0,,0
2,139,0,0,56301,9235,0,0,0,0,0,,0
2,140,0,0,63896,1640,0,0,0,0,0,,0
2,141,0,0,62853,2683,0,0,0,0,0,,0
2,142,0,0,61603,3933,0,0,0,0,0,,0
2,143,0,0,63845,1691,0,0,0,0,0,,0
2,144,0,0,63400,2136,0,0,0,0,0,,0
2,145,0,0,62105,3431,0,0,0,0,0,,0
2,146,0,0,63982,1554,0,0,0,0,0,,0
2,147,0,0,49989,15547,0,0,0,0,0,,0
2,148,0,0,59595,5941,0,0,0,0,0,,0
2,149,0,0,60200,5336,0,0,0,0,0,,0
2,150,0,0,55733,9803,0,0,0,0,0,,0
2,151,0,0,48208,17328,0,0,0,0,0,,0
2,152,0,0,44745,20791,0,0,0,0,0,,0
2,153,0,0,40331,25205,0,0,0,0,0,,0
2,154,0,0,62961,2575,0,0,0,0,0,,0
2,155,0,0,61858,3678,0,0,0,0,0,,0
2,156,0,0,63749,1787,0,0,0,0,0,,0
2,157,0,0,62978,2558,0,0,0,0,0,,0
2,158,0,0,59661,5875,0,0,0,0,0,,0
2,159,0,0,52998,12538,0,0,0,0,0,,0
2,160,0,0,42147,23389,0,0,0,0,0,,0
2,161,0,0,49885,15651,0,0,0,0,0,,0
2,162,0,0,57351,8185,0,0,0,0,0,,0
2,163,0,0,54911,10625,0,0,0,0,0,,0
2,164,0,0,58245,7291,0,0,0,0,0,,0
2,165,0,0,56732,8804,0,0,0,0,0,,0
2,166,0,0,44050,21486,0,0,0,0,0,,0
2,167,0,0,43087,22449,0,0,0,0,0,,0
2,168,0,0,47096,18440,0,0,0,0,0,,0
2,169,0,0,53926,11610,0,0,0,0,0,,0
2,170,0,0,57048,8488,0,0,0,0,0,,0
2,171,0,0,63954,1582,0,0,0,0,0,,0
2,172,0,0,65004,532,0,0,0,0,0,,0
2,173,0,0,45887,19649,0,0,0,0,0,,0
2,174,0,0,58734,6802,0,0,0,0,0,,0
2,175,0,0,56324,9212,0,0,0,0,0,,0
2,176,0,0,64146,1390,0,0,0,0,0,,0
2,177,0,0,53439,12097,0,0,0,0,0,,0
2,178,3,0,44202,21334,0,0,0,4,3,1;2;4,0
2,179,0,0,46767,18769,0,0,0,0,0,,0
2,180,0,0,61173,4363,0,0,0,0,0,,0
2,181,0,0,54463,11073,0,0,0,0,0,,0
2,182,0,0,55436,10100,0,0,0,0,0,,0
2,183,0,0,54653,10883,0,0,0,0,0,,0
2,184,0,0,61582,3954,0,0,0,0,0,,0
2,185,0,0,53857,11679,0,0,0,0,0,,0
2,186,0,0,53970,11566,0,0,0,0,0,,0
2,187,0,0,52376,13160,0,0,0,0,0,,0
2,188,0,0,52570,12966,0,0,0,0,0,,0
2,189,0,0,54520,11016,0,0,0,0,0,,0
2,190,0,0,54363,11173,0,0,0,0,0,,0
2,191,0,0,55233,10303,0,0,0,0,0,,0
2,192,0,0,51740,13796,0,0,0,0,0,,0
2,193,0,0,49036,16500,0,0,0,0,0,,0
2,194,0,0,59236,6300,0,0,0,0,0,,0
2,195,0,0,53416,12120,0,0,0,0,0,,0
2,196,0,0,60498,5038,0,0,0,0,0,,0
2,197,0,0,54506,11030,0,0,0,0,0,,0
2,198,0,0,48753,16783,0,0,0,0,0,,0
2,199,0,0,56693,8843,0,0,0,0,0,,0
2,200,0,0,48884,16652,0,0,0,0,0,,0
2,201,0,0,51940,13596,0,0,0,0,0,,0
2,202,0,0,55763,9773,0,0,0,0,0,,0
2,203,0,0,60572,4964,0,0,0,0,0,,0
2,204,0,0,52501,13035,0,0,0,0,0,,0
2,205,0,0,55589,9947,0,0,0,0,0,,0
2,206,0,0,44947,20589,0,0,0,0,0,,0
2,207,0,0,56809,8727,0,0,0,0,0,,0
2,208,0,0,51923,13613,0,0,0,0,0,,0
2,209,0,0,52083,13453,0,0,0,0,0,,0
2,210,0,0,56892,8644,0,0,0,0,0,,0
2,211,0,0,49810,15726,0,0,0,0,0,,0
2,212,0,0,62341,3195,0,0,0,0,0,,0
2,213,0,0,58292,7244,0,0,0,0,0,,0
2,214,0,0,56912,8624,0,0,0,0,0,,0
2,215,0,0,51705,13831,0,0,0,0,0,,0
2,216,0,0,60493,5043,0,0,0,0,0,,0
2,217,0,0,51946,13590,0,0,0,0,0,,0
2,218,0,0,40481,25055,0,0,0,0,0,,0
2,219,0,0,50593,14943,0,0,0,0,0,,0
2,220,0,0,54740,10796,0,0,0,0,0,,0
2,221,0,0,44708,20828,0,0,0,0,0,,0
2,222,0,0,52511,13025,0,0,0,0,0,,0
2,223,0,0,51344,14192,0,0,0,0,0,,0
2,224,0,0,64840,696,0,0,0,0,0,,0
2,225,0,0,57542,7994,0,0,0,0,0,,0
2,226,1,0,48737,16799,0,0,0,2,2,1;4,0
2,227,0,0,52681,12855,0,0,0,0,0,,0
2,228,0,0,53712,11824,0,0,0,0,0,,0
2,229,0,0,55438,10098,0,0,0,0,0,,0
2,230,0,0,50810,14726,0,0,0,0,0,,0
2,231,0,0,58530,7006,0,0,0,0,0,,0
2,232,0,0,53692,11844,0,0,0,0,0,,0
2,233,0,0,47009,18527,0,0,0,0,0,,0
2,234,0,0,50031,15505,0,0,0,0,0,,0
2,235,0,0,61496,4040,0,0,0,0,0,,0
2,236,0,0,44730,20806,0,0,0,0,0,,0
2,237,0,0,49740,15796,0,0,0,0,0,,0
2,238,0,0,50182,15354,0,0,0,0,0,,0
2,239,0,0,49392,16144,0,0,0,0,0,,0
2,240,0,0,45404,20132,0,0,0,0,0,,0
2,241,0,0,49873,15663,0,0,0,0,0,,0
2,242,0,0,47181,18355,0,0,0,0,0,,0
2,243,0,0,47551,17985,0,0,0,0,0,,0
2,244,0,0,55707,9829,0,0,0,0,0,,0
2,245,0,0,54190,11346,0,0,0,0,0,,0
2,246,0,0,56649,8887,0,0,0,0,0,,0
2,247,0,0,48772,16764,0,0,0,0,0,,0
2,248,0,0,43355,22181,0,0,0,0,0,,0
2,249,0,0,46849,18687,0,0,0,0,0,,0
2,250,0,0,48388,17148,0,0,0,0,0,,0
2,251,0,0,48467,17069,0,0,0,0,0,,0
2,252,1,0,41230,24306,0,0,0,2,2,0;2,0
2,253,0,0,54552,10984,0,0,0,0,0,,0
2,254,0,0,48791,16745,0,0,0,0,0,,0
2,255,0,0,46547,18989,0,0,0,0,0,,0
2,256,0,0,42283,23253,0,0,0,0,0,,0
2,257,0,0,42370,23166,0,0,0,0,0,,0
2,258,0,0,39972,25564,0,0,0,0,0,,0
2,259,0,0,48341,17195,0,0,0,0,0,,0
2,260,0,0,49987,15549,0,0,0,0,0,,0
2,261,42,0,39392,26144,0,0,0,7,2,0;2,0
2,262,0,0,54526,11010,0,0,0,0,0,,0
2,263,0,0,48500,17036,0,0,0,0,0,,0
2,264,0,0,54114,11422,0,0,0,0,0,,0
2,265,0,0,52267,13269,0,0,0,0,0,,0
2,266,0,0,47306,18230,0,0,0,0,0,,0
2,267,0,0,48654,16882,0,0,0,0,0,,0
2,268,0,0,50426,15110,0,0,0,0,0,,0
2,269,0,0,52979,12557,0,0,0,0,0,,0
2,270,0,0,49461,16075,0,0,0,0,0,,0
2,271,0,0,51589,13947,0,0,0,0,0,,0
2,272,0,0,52637,12899,0,0,0,0,0,,0
2,273,1,0,46760,18776,0,0,0,2,2,1;2,0
2,274,0,0,53305,12231,0,0,0,0,0,,0
2,275,0,0,54796,10740,0,0,0,0,0,,0
2,276,0,0,49059,16477,0,0,0,0,0,,0
2,277,0,0,49522,16014,0,0,0,0,0,,0
2,278,0,0,46655,18881,0,0,0,0,0,,0
2,279,0,0,52801,12735,0,0,0,0,0,,0
2,280,0,0,48401,17135,0,0,0,0,0,,0
2,281,0,0,60163,5373,0,0,0,0,0,,0
2,282,0,0,62531,3005,0,0,0,0,0,,0
2,283,0,0,60031,5505,0,0,0,0,0,,0
2,284,0,0,59448,6088,0,0,0,0,0,,0
2,285,0,0,61015,4521,0,0,0,0,0,,0
2,286,0,0,53456,12080,0,0,0,0,0,,0
2,287,0,0,52946,12590,0,0,0,0,0,,0
2,288,0,0,52099,13437,0,0,0,0,0,,0
2,289,0,0,49704,15832,0,0,0,0,0,,0
2,290,0,0,54183,11353,0,0,0,0,0,,0
2,291,6,0,54620,10916,0,0,0,2,2,1;4,0
2,292,0,0,62250,3286,0,0,0,0,0,,0
2,293,0,0,56981,8555,0,0,0,0,0,,0
2,294,0,0,47463,18073,0,0,0,0,0,,0
2,295,0,0,57330,8206,0,0,0,0,0,,0
2,296,0,0,47871,17665,0,0,0,0,0,,0
2,297,0,0,52174,13362,0,0,0,0,0,,0
2,298,84,0,53818,11718,0,0,0,2,2,0;4,0
2,299,0,0,57127,8409,0,0,0,0,0,,0
2,300,0,0,62632,2904,0,0,0,0,0,,0
2,301,0,0,50573,14963,0,0,0,0,0,,0
2,302,3,0,47236,18300,0,0,0,2,2,0;1,0
2,303,0,0,46375,19161,0,0,0,0,0,,0
2,304,7,0,49374,16162,0,0,0,2,2,0;1,0
2,305,0,0,56250,9286,0,0,0,0,0,,0
2,306,0,0,40117,25419,0,0,0,0,0,,0
2,307,0,0,45247,20289,0,0,0,0,0,,0
2,308,0,0,49341,16195,0,0,0,0,0,,0
2,309,0,0,52878,12658,0,0,0,0,0,,0
2,310,0,0,43593,21943,0,0,0,0,0,,0
2,311,0,0,51774,13762,0,0,0,0,0,,0
2,312,0,0,49483,16053,0,0,0,0,0,,0
2,313,0,0,47750,17786,0,0,0,0,0,,0
2,314,12,0,49959,15577,0,0,0,2,2,1;2,0
2,315,0,0,52206,13330,0,0,0,0,0,,0
2,316,0,0,44644,20892,0,0,0,0,0,,0
2,317,0,0,58463,7073,0,0,0,0,0,,0
2,318,0,0,60396,5140,0,0,0,0,0,,0
2,319,0,0,60785,4751,0,0,0,0,0,,0
2,320,0,0,54603,10933,0,0,0,0,0,,0
2,321,0,0,58069,7467,0,0,0,0,0,,0
2,322,0,0,62431,3105,0,0,0,0,0,,0
2,323,0,0,57769,7767,0,0,0,0,0,,0
2,324,0,0,55756,9780,0,0,0,0,0,,0
2,325,0,0,57300,8236,0,0,0,0,0,,0
2,326,0,0,56812,8724,0,0,0,0,0,,0
2,327,0,0,56505,9031,0,0,0,0,0,,0
2,328,0,0,54432,11104,0,0,0,0,0,,0
2,329,0,0,56388,9148,0,0,0,0,0,,0
2,330,0,0,58398,7138,0,0,0,0,0,,0
2,331,0,0,58986,6550,0,0,0,0,0,,0
2,332,0,0,60376,5160,0,0,0,0,0,,0
2,333,0,0,42003,23533,0,0,0,0,0,,0
2,334,0,0,44216,21320,0,0,0,0,0,,0
2,335,0,0,51443,14093,0,0,0,0,0,,0
2,336,0,0,43360,22176,0,0,0,0,0,,0
2,337,0,0,41942,23594,0,0,0,0,0,,0
2,338,0,0,42770,22766,0,0,0,0,0,,0
2,339,0,0,65005,531,0,0,0,0,0,,0
2,340,0,0,50394,15142,0,0,0,0,0,,0
2,341,0,0,62258,3278,0,0,0,0,0,,0
2,342,0,0,59226,6310,0,0,0,0,0,,0
2,343,0,0,58492,7044,0,0,0,0,0,,0
2,344,0,0,56354,9182,0,0,0,0,0,,0
2,345,0,0,54372,11164,0,0,0,0,0,,0
2,346,0,0,60948,4588,0,0,0,0,0,,0
2,347,0,0,60432,5104,0,0,0,0,0,,0
2,348,0,0,54658,10878,0,0,0,0,0,,0
2,349,0,0,58582,6954,0,0,0,0,0,,0
2,350,0,0,56754,8782,0,0,0,0,0,,0
2,351,0,0,43006,22530,0,0,0,0,0,,0
2,352,0,0,56176,9360,0,0,0,0,0,,0
2,353,0,0,50909,14627,0,0,0,0,0,,0
2,354,0,0,53877,11659,0,0,0,0,0,,0
2,355,0,0,48938,16598,0,0,0,0,0,,0
2,356,0,0,56860,8676,0,0,0,0,0,,0
2,357,0,0,48632,16904,0,0,0,0,0,,0
2,358,0,0,50832,14704,0,0,0,0,0,,0
2,359,0,0,49633,15903,0,0,0,0,0,,0
2,360,0,0,40786,24750,0,0,0,0,0,,0
2,361,0,0,45063,20473,0,0,0,0,0,,0
2,362,0,0,54164,11372,0,0,0,0,0,,0
2,363,0,0,53414,12122,0,0,0,0,0,,0
2,364,0,0,52552,12984,0,0,0,0,0,,0
2,365,0,0,56198,9338,0,0,0,0,0,,0
2,366,0,0,49384,16152,0,0,0,0,0,,0
2,367,0,0,45972,19564,0,0,0,0,0,,0
2,368,0,0,50743,14793,0,0,0,0,0,,0
2,369,0,0,48037,17499,0,0,0,0,0,,0
2,370,0,0,50816,14720,0,0,0,0,0,,0
2,371,0,0,48274,17262,0,0,0,0,0,,0
2,372,0,0,50369,15167,0,0,0,0,0,,0
2,373,0,0,59400,6136,0,0,0,0,0,,0
2,374,0,0,57504,8032,0,0,0,0,0,,0
2,375,0,0,53269,12267,0,0,0,0,0,,0
2,376,0,0,52994,12542,0,0,0,0,0,,0
2,377,0,0,46919,18617,0,0,0,0,0,,0
2,378,0,0,57966,7570,0,0,0,0,0,,0
2,379,0,0,38927,26609,0,0,0,0,0,,0
2,380,0,0,47085,18451,0,0,0,0,0,,0
2,381,0,0,48047,17489,0,0,0,0,0,,0
2,382,0,0,54892,10644,0,0,0,0,0,,0
2,383,0,0,61748,3788,0,0,0,0,0,,0
2,384,0,0,57667,7869,0,0,0,0,0,,0
2,385,0,0,47287,18249,0,0,0,0,0,,0
2,386,0,0,57308,8228,0,0,0,0,0,,0
2,387,0,0,47759,17777,0,0,0,0,0,,0
2,388,0,0,56333,9203,0,0,0,0,0,,0
2,389,0,0,60515,5021,0,0,0,0,0,,0
2,390,0,0,64420,1116,0,0,0,0,0,,0
2,391,0,0,57700,7836,0,0,0,0,0,,0
2,392,0,0,64674,862,0,0,0,0,0,,0
2,393,0,0,58750,6786,0,0,0,0,0,,0
2,394,0,0,56744,8792,0,0,0,0,0,,0
2,395,0,0,57335,8201,0,0,0,0,0,,0
2,396,0,0,61518,4018,0,0,0,0,0,,0
2,397,19,0,56215,9321,0,0,0,2,2,1;2,0
2,398,0,0,60205,5331,0,0,0,0,0,,0
2,399,0,0,52336,13200,0,0,0,0,0,,0
2,400,12,0,53701,11835,0,0,0,2,2,0;2,0
2,401,0,0,50296,15240,0,0,0,0,0,,0
2,402,0,0,50652,14884,0,0,0,0,0,,0
2,403,0,0,49755,15781,0,0,0,0,0,,0
2,404,0,0,52953,12583,0,0,0,0,0,,0
2,405,0,0,59170,6366,0,0,0,0,0,,0
2,406,0,0,57490,8046,0,0,0,0,0,,0
2,407,0,0,57655,7881,0,0,0,0,0,,0
2,408,0,0,52397,13139,0,0,0,0,0,,0
2,409,0,0,57607,7929,0,0,0,0,0,,0
2,410,0,0,53521,12015,0,0,0,0,0,,0
2,411,0,0,60941,4595,0,0,0,0,0,,0
2,412,0,0,58663,6873,0,0,0,0,0,,0
2,413,0,0,52927,12609,0,0,0,0,0,,0
2,414,0,0,53188,12348,0,0,0,0,0,,0
2,415,0,0,64092,1444,0,0,0,0,0,,0
2,416,0,0,47865,17671,0,0,0,0,0,,0
2,417,0,0,50803,14733,0,0,0,0,0,,0
2,418,0,0,58435,7101,0,0,0,0,0,,0
2,419,54,0,54930,10606,0,0,0,6,3,0;1;2,0
2,420,0,0,55048,10488,0,0,0,0,0,,0
2,421,0,0,52955,12581,0,0,0,0,0,,0
2,422,0,0,55937,9599,0,0,0,0,0,,0
2,423,0,0,54498,11038,0,0,0,0,0,,0
2,424,0,0,58296,7240,0,0,0,0,0,,0
2,425,0,0,54732,10804,0,0,0,0,0,,0
2,426,8,0,51583,13953,0,0,0,2,2,0;2,0
2,427,0,0,55705,9831,0,0,0,0,0,,0
2,428,0,0,45241,20295,0,0,0,0,0,,0
2,429,0,0,53335,12201,0,0,0,0,0,,0
2,430,0,0,57846,7690,0,0,0,0,0,,0
2,431,0,0,52106,13430,0,0,0,0,0,,0
2,432,0,0,61301,4235,0,0,0,0,0,,0
2,433,0,0,58830,6706,0,0,0,0,0,,0
2,434,0,0,53535,12001,0,0,0,0,0,,0
2,435,0,0,61601,3935,0,0,0,0,0,,0
2,436,0,0,61547,3989,0,0,0,0,0,,0
2,437,0,0,63427,2109,0,0,0,0,0,,0
2,438,0,0,60584,4952,0,0,0,0,0,,0
2,439,0,0,60382,5154,0,0,0,0,0,,0
2,440,0,0,54787,10749,0,0,0,0,0,,0
2,441,0,0,53809,11727,0,0,0,0,0,,0
2,442,0,0,58357,7179,0,0,0,0,0,,0
2,443,0,0,55890,9646,0,0,0,0,0,,0
2,444,0,0,57617,7919,0,0,0,0,0,,0
2,445,0,0,59313,6223,0,0,0,0,0,,0
2,446,0,0,60795,4741,0,0,0,0,0,,0
2,447,0,0,56290,9246,0,0,0,0,0,,0
2,448,0,0,56585,8951,0,0,0,0,0,,0
2,449,0,0,50512,15024,0,0,0,0,0,,0
2,450,0,0,58648,6888,0,0,0,0,0,,0
2,451,0,0,57535,8001,0,0,0,0,0,,0
2,452,0,0,58901,6635,0,0,0,0,0,,0
2,453,0,0,53824,11712,0,0,0,0,0,,0
2,454,0,0,51118,14418,0,0,0,0,0,,0
2,455,0,0,59452,6084,0,0,0,0,0,,0
2,456,0,0,58169,7367,0,0,0,0,0,,0
2,457,0,0,61104,4432,0,0,0,0,0,,0
2,458,0,0,50865,14671,0,0,0,0,0,,0
2,459,0,0,52213,13323,0,0,0,0,0,,0
2,460,0,0,50974,14562,0,0,0,0,0,,0
2,461,0,0,52457,13079,0,0,0,0,0,,0
2,462,0,0,55407,10129,0,0,0,0,0,,0
2,463,0,0,55287,10249,0,0,0,0,0,,0
2,464,0,0,59654,5882,0,0,0,0,0,,0
2,465,0,0,52883,12653,0,0,0,0,0,,0
2,466,0,0,61110,4426,0,0,0,0,0,,0
2,467,0,0,55950,9586,0,0,0,0,0,,0
2,468,0,0,58216,7320,0,0,0,0,0,,0
2,469,0,0,57553,7983,0,0,0,0,0,,0
2,470,0,0,55995,9541,0,0,0,0,0,,0
2,471,0,0,60469,5067,0,0,0,0,0,,0
2,472,0,0,60230,5306,0,0,0,0,0,,0
2,473,0,0,62924,2612,0,0,0,0,0,,0
2,474,0,0,59671,5865,0,0,0,0,0,,0
2,475,0,0,58411,7125,0,0,0,0,0,,0
2,476,0,0,45002,20534,0,0,0,0,0,,0
2,477,0,0,43087,22449,0,0,0,0,0,,0
2,478,0,0,52298,13238,0,0,0,0,0,,0
2,479,0,0,50351,15185,0,0,0,0,0,,0
2,480,0,0,47762,17774,0,0,0,0,0,,0
2,481,0,0,48489,17047,0,0,0,0,0,,0
2,482,0,0,56376,9160,0,0,0,0,0,,0
2,483,0,0,46319,19217,0,0,0,0,0,,0
2,484,0,0,46666,18870,0,0,0,0,0,,0
2,485,0,0,52652,12884,0,0,0,0,0,,0
2,486,0,0,57786,7750,0,0,0,0,0,,0
2,487,0,0,56471,9065,0,0,0,0,0,,0
2,488,0,0,56844,8692,0,0,0,0,0,,0
2,489,0,0,45062,20474,0,0,0,0,0,,0
2,490,0,0,42823,22713,0,0,0,0,0,,0
2,491,0,0,37651,27885,0,0,0,0,0,,0
2,492,0,0,33874,31662,0,0,0,0,0,,0
2,493,0,0,42423,23113,0,0,0,0,0,,0
2,494,0,0,54500,11036,0,0,0,0,0,,0
2,495,0,0,49690,15846,0,0,0,0,0,,0
2,496,0,0,47699,17837,0,0,0,0,0,,0
2,497,0,0,59503,6033,0,0,0,0,0,,0
2,498,0,0,51330,14206,0,0,0,0,0,,0
2,499,0,0,54178,11358,0,0,0,0,0,,0
2,500,21,0,52722,12814,0,0,0,2,2,0;2,0
2,501,0,0,53844,11692,0,0,0,0,0,,0
2,502,0,0,44948,20588,0,0,0,0,0,,0
2,503,0,0,46066,19470,0,0,0,0,0,,0
2,504,4,0,51530,14006,0,0,0,2,2,0;2,0
2,505,0,0,56477,9059,0,0,0,0,0,,0
2,506,1,0,50757,14779,0,0,0,2,2,0;2,0
2,507,9,0,51320,14216,0,0,0,2,2,0;1,0
2,508,0,0,58720,6816,0,0,0,0,0,,0
2,509,0,0,52596,12940,0,0,0,0,0,,0
2,510,0,0,52245,13291,0,0,0,0,0,,0
2,511,0,0,53087,12449,0,0,0,0,0,,0
2,512,0,0,55003,10533,0,0,0,0,0,,0
2,513,0,0,55257,10279,0,0,0,0,0,,0
2,514,0,0,54198,11338,0,0,0,0,0,,0
2,515,0,0,59048,6488,0,0,0,0,0,,0
2,516,0,0,58356,7180,0,0,0,0,0,,0
2,517,0,0,61832,3704,0,0,0,0,0,,0
2,518,0,0,58719,6817,0,0,0,0,0,,0
2,519,0,0,60966,4570,0,0,0,0,0,,0
2,520,0,0,61516,4020,0,0,0,0,0,,0
2,521,0,0,57239,8297,0,0,0,0,0,,0
2,522,0,0,61182,4354,0,0,0,0,0,,0
2,523,0,0,58814,6722,0,0,0,0,0,,0
2,524,0,0,55624,9912,0,0,0,0,0,,0
2,525,0,0,49633,15903,0,0,0,0,0,,0
2,526,0,0,62225,3311,0,0,0,0,0,,0
2,527,0,0,62520,3016,0,0,0,0,0,,0
2,528,0,0,55166,10370,0,0,0,0,0,,0
2,529,0,0,61927,3609,0,0,0,0,0,,0
2,530,0,0,61772,3764,0,0,0,0,0,,0
2,531,0,0,51820,13716,0,0,0,0,0,,0
2,532,0,0,52871,12665,0,0,0,0,0,,0
2,533,0,0,57347,8189,0,0,0,0,0,,0
2,534,0,0,48800,16736,0,0,0,0,0,,0
2,535,0,0,51901,13635,0,0,0,0,0,,0
2,536,0,0,49063,16473,0,0,0,0,0,,0
2,537,0,0,59428,6108,0,0,0,0,0,,0
2,538,0,0,64435,1101,0,0,0,0,0,,0
2,539,0,0,62219,3317,0,0,0,0,0,,0
2,540,0,0,57619,7917,0,0,0,0,0,,0
2,541,0,0,51488,14048,0,0,0,0,0,,0
2,542,0,0,64619,917,0,0,0,0,0,,0
2,543,0,0,51254,14282,0,0,0,0,0,,0
2,544,0,0,65536,0,0,0,0,0,0,,0
2,545,0,0,64544,992,0,0,0,0,0,,0
2,546,0,0,62152,3384,0,0,0,0,0,,0
2,547,0,0,53491,12045,0,0,0,0,0,,0
2,548,0,0,65145,391,0,0,0,0,0,,0
2,549,0,0,62316,3220,0,0,0,0,0,,0
2,550,0,0,62744,2792,0,0,0,0,0,,0
2,551,0,0,35858,29678,0,0,0,0,0,,0
2,552,0,0,51012,14524,0,0,0,0,0,,0
2,553,0,0,56998,8538,0,0,0,0,0,,0
2,554,0,0,52382,13154,0,0,0,0,0,,0
2,555,0,0,49029,16507,0,0,0,0,0,,0
2,556,0,0,64629,907,0,0,0,0,0,,0
2,557,0,0,51982,13554,0,0,0,0,0,,0
2,558,0,0,56545,8991,0,0,0,0,0,,0
2,559,0,0,39657,25879,0,0,0,0,0,,0
2,560,0,0,53547,11989,0,0,0,0,0,,0
2,561,2,0,55117,10419,0,0,0,2,2,0;2,0
2,562,0,0,63813,1723,0,0,0,0,0,,0
2,563,0,0,52296,13240,0,0,0,0,0,,0
2,564,0,0,58140,7396,0,0,0,0,0,,0
2,565,0,0,56136,9400,0,0,0,0,0,,0
2,566,0,0,61824,3712,0,0,0,0,0,,0
2,567,0,0,58941,6595,0,0,0,0,0,,0
2,568,0,0,59673,5863,0,0,0,0,0,,0
2,569,0,0,50564,14972,0,0,0,0,0,,0
2,570,0,0,49005,16531,0,0,0,0,0,,0
2,571,0,0,45885,19651,0,0,0,0,0,,0
2,572,0,0,52532,13004,0,0,0,0,0,,0
2,573,0,0,61057,4479,0,0,0,0,0,,0
2,574,0,0,48503,17033,0,0,0,0,0,,0
2,575,0,0,54554,10982,0,0,0,0,0,,0
2,576,0,0,59294,6242,0,0,0,0,0,,0
2,577,0,0,57523,8013,0,0,0,0,0,,0
2,578,0,0,59400,6136,0,0,0,0,0,,0
2,579,0,0,63710,1826,0,0,0,0,0,,0
2,580,0,0,64455,1081,0,0,0,0,0,,0
2,581,0,0,57259,8277,0,0,0,0,0,,0
2,582,4,0,62238,3298,0,0,0,2,2,1;2,0
2,583,0,0,48684,16852,0,0,0,0,0,,0
2,584,2,0,47714,17822,0,0,0,2,2,0;1,0
2,585,0,0,59890,5646,0,0,0,0,0,,0
2,586,0,0,51216,14320,0,0,0,0,0,,0
2,587,0,0,61991,3545,0,0,0,0,0,,0
2,588,0,0,58214,7322,0,0,0,0,0,,0
2,589,0,0,61534,4002,0,0,0,0,0,,0
2,590,0,0,53142,12394,0,0,0,0,0,,0
2,591,0,0,52182,13354,0,0,0,0,0,,0
2,592,0,0,52231,13305,0,0,0,0,0,,0
2,593,0,0,53039,12497,0,0,0,0,0,,0
2,594,0,0,50963,14573,0,0,0,0,0,,0
2,595,0,0,55262,10274,0,0,0,0,0,,0
2,596,0,0,58626,6910,0,0,0,0,0,,0
2,597,0,0,62712,2824,0,0,0,0,0,,0
2,598,0,0,61262,4274,0,0,0,0,0,,0
2,599,3,0,57475,8061,0,0,0,2,2,1;2,0
2,600,0,0,60414,5122,0,0,0,0,0,,0
2,601,0,0,51895,13641,0,0,0,0,0,,0
2,602,0,0,61362,4174,0,0,0,0,0,,0
2,603,0,0,47802,17734,0,0,0,0,0,,0
2,604,0,0,61714,3822,0,0,0,0,0,,0
2,605,0,0,56196,9340,0,0,0,0,0,,0
2,606,0,0,53927,11609,0,0,0,0,0,,0
2,607,0,0,56891,8645,0,0,0,0,0,,0
2,608,0,0,55074,10462,0,0,0,0,0,,0
2,609,0,0,52735,12801,0,0,0,0,0,,0
2,610,0,0,55488,10048,0,0,0,0,0,,0
2,611,0,0,58463,7073,0,0,0,0,0,,0
2,612,0,0,50985,14551,0,0,0,0,0,,0
2,613,0,0,38987,26549,0,0,0,0,0,,0
2,614,0,0,48533,17003,0,0,0,0,0,,0
2,615,0,0,48699,16837,0,0,0,0,0,,0
2,616,0,0,50432,15104,0,0,0,0,0,,0
2,617,0,0,46279,19257,0,0,0,0,0,,0
2,618,0,0,49330,16206,0,0,0,0,0,,0
2,619,0,0,49559,15977,0,0,0,0,0,,0
2,620,0,0,51850,13686,0,0,0,0,0,,0
2,621,0,0,43309,22227,0,0,0,0,0,,0
2,622,0,0,50906,14630,0,0,0,0,0,,0
2,623,0,0,58278,7258,0,0,0,0,0,,0
2,624,0,0,46824,18712,0,0,0,0,0,,0
2,625,0,0,42830,22706,0,0,0,0,0,,0
2,626,0,0,52703,12833,0,0,0,0,0,,0
2,627,0,0,52146,13390,0,0,0,0,0,,0
2,628,0,0,49412,16124,0,0,0,0,0,,0
2,629,0,0,52998,12538,0,0,0,0,0,,0
2,630,0,0,53021,12515,0,0,0,0,0,,0
2,631,0,0,48481,17055,0,0,0,0,0,,0
2,632,0,0,52293,13243,0,0,0,0,0,,0
2,633,0,0,55026,10510,0,0,0,0,0,,0
2,634,0,0,56716,8820,0,0,0,0,0,,0
2,635,0,0,51914,13622,0,0,0,0,0,,0
2,636,1,0,54329,11207,0,0,0,2,2,1;2,0
2,637,0,0,58324,7212,0,0,0,0,0,,0
2,638,0,0,51897,13639,0,0,0,0,0,,0
2,639,0,0,51370,14166,0,0,0,0,0,,0
2,640,7,0,54444,11092,0,0,0,2,2,1;2,0
2,641,9,0,53396,12140,0,0,0,2,2,1;2,0
2,642,0,0,59471,6065,0,0,0,0,0,,0
2,643,4,0,60440,5096,0,0,0,2,2,1;2,0
2,644,0,0,60096,5440,0,0,0,0,0,,0
2,645,0,0,58230,7306,0,0,0,0,0,,0
2,646,0,0,55226,10310,0,0,0,0,0,,0
2,647,0,0,57851,7685,0,0,0,0,0,,0
2,648,0,0,57948,7588,0,0,0,0,0,,0
2,649,0,0,57964,7572,0,0,0,0,0,,0
2,650,0,0,58830,6706,0,0,0,0,0,,0
2,651,0,0,53290,12246,0,0,0,0,0,,0
2,652,0,0,59439,6097,0,0,0,0,0,,0
2,653,0,0,44845,20691,0,0,0,0,0,,0
2,654,0,0,51281,14255,0,0,0,0,0,,0
2,655,0,0,54592,10944,0,0,0,0,0,,0
2,656,0,0,54002,11534,0,0,0,0,0,,0
2,657,0,0,53959,11577,0,0,0,0,0,,0
2,658,0,0,62063,3473,0,0,0,0,0,,0
2,659,0,0,64525,1011,0,0,0,0,0,,0
2,660,0,0,64577,959,0,0,0,0,0,,0
2,661,0,0,46360,19176,0,0,0,0,0,,0
2,662,0,0,50191,15345,0,0,0,0,0,,0
2,663,0,0,57820,7716,0,0,0,0,0,,0
2,664,0,0,49873,15663,0,0,0,0,0,,0
2,665,0,0,43494,22042,0,0,0,0,0,,0
2,666,0,0,59977,5559,0,0,0,0,0,,0
2,667,0,0,52962,12574,0,0,0,0,0,,0
2,668,0,0,56919,8617,0,0,0,0,0,,0
2,669,9,0,58032,7504,0,0,0,2,2,1;2,0
2,670,0,0,53550,11986,0,0,0,0,0,,0
2,671,0,0,51390,14146,0,0,0,0,0,,0
2,672,0,0,55197,10339,0,0,0,0,0,,0
2,673,0,0,58421,7115,0,0,0,0,0,,0
2,674,0,0,55539,9997,0,0,0,0,0,,0
2,675,0,0,53900,11636,0,0,0,0,0,,0
2,676,0,0,56241,9295,0,0,0,0,0,,0
2,677,0,0,49454,16082,0,0,0,0,0,,0
2,678,0,0,60392,5144,0,0,0,0,0,,0
2,679,0,0,65536,0,0,0,0,0,0,,0
2,680,0,0,65536,0,0,0,0,0,0,,0
2,681,0,0,60213,5323,0,0,0,0,0,,0
2,682,0,0,57537,7999,0,0,0,0,0,,0
2,683,0,0,65343,193,0,0,0,0,0,,0
2,684,0,0,47733,17803,0,0,0,0,0,,0
2,685,0,0,62952,2584,0,0,0,0,0,,0
2,686,0,0,60793,4743,0,0,0,0,0,,0
2,687,0,0,61376,4160,0,0,0,0,0,,0
2,688,0,0,63344,2192,0,0,0,0,0,,0
2,689,0,0,64618,918,0,0,0,0,0,,0
2,690,0,0,56151,9385,0,0,0,0,0,,0
2,691,0,0,49723,15813,0,0,0,0,0,,0
2,692,0,0,47777,17759,0,0,0,0,0,,0
2,693,0,0,55211,10325,0,0,0,0,0,,0
2,694,0,0,53740,11796,0,0,0,0,0,,0
2,695,0,0,48023,17513,0,0,0,0,0,,0
2,696,0,0,54530,11006,0,0,0,0,0,,0
2,697,0,0,48952,16584,0,0,0,0,0,,0
2,698,0,0,64633,903,0,0,0,0,0,,0
2,699,0,0,64275,1261,0,0,0,0,0,,0
2,700,0,0,62788,2748,0,0,0,0,0,,0
2,701,0,0,63201,2335,0,0,0,0,0,,0
2,702,0,0,64116,1420,0,0,0,0,0,,0
2,703,0,0,46808,18728,0,0,0,0,0,,0
2,704,0,0,47205,18331,0,0,0,0,0,,0
2,705,0,0,59631,5905,0,0,0,0,0,,0
2,706,0,0,53465,12071,0,0,0,0,0,,0
2,707,0,0,50865,14671,0,0,0,0,0,,0
2,708,0,0,50363,15173,0,0,0,0,0,,0
2,709,0,0,55955,9581,0,0,0,0,0,,0
2,710,0,0,56741,8795,0,0,0,0,0,,0
2,711,0,0,58414,7122,0,0,0,0,0,,0
2,712,0,0,60109,5427,0,0,0,0,0,,0
2,713,0,0,61491,4045,0,0,0,0,0,,0
2,714,0,0,63091,2445,0,0,0,0,0,,0
2,715,0,0,63473,2063,0,0,0,0,0,,0
2,716,0,0,56349,9187,0,0,0,0,0,,0
2,717,0,0,59039,6497,0,0,0,0,0,,0
2,718,0,0,60758,4778,0,0,0,0,0,,0
2,719,0,0,63633,1903,0,0,0,0,0,,0
2,720,0,0,64070,1466,0,0,0,0,0,,0
2,721,0,0,65229,307,0,0,0,0,0,,0
2,722,0,0,64508,1028,0,0,0,0,0,,0
2,723,0,0,65071,465,0,0,0,0,0,,0
2,724,0,0,65536,0,0,0,0,0,0,,0
2,725,0,0,38487,27049,0,0,0,0,0,,0
2,726,0,0,37231,28305,0,0,0,0,0,,0
2,727,0,0,40655,24881,0,0,0,0,0,,0
2,728,3,0,38304,27232,0,0,0,2,2,1;2,0
2,729,0,0,65460,76,0,0,0,0,0,,0
2,730,0,0,63151,2385,0,0,0,0,0,,0
2,731,0,0,59258,6278,0,0,0,0,0,,0
2,732,0,0,63115,2421,0,0,0,0,0,,0
2,733,0,0,62563,2973,0,0,0,0,0,,0
2,734,0,0,58374,7162,0,0,0,0,0,,0
2,735,0,0,45963,19573,0,0,0,0,0,,0
2,736,0,0,60644,4892,0,0,0,0,0,,0
2,737,0,0,61289,4247,0,0,0,0,0,,0
2,738,0,0,54506,11030,0,0,0,0,0,,0
2,739,0,0,50833,14703,0,0,0,0,0,,0
2,740,0,0,52904,12632,0,0,0,0,0,,0
2,741,0,0,53717,11819,0,0,0,0,0,,0
2,742,0,0,48549,16987,0,0,0,0,0,,0
2,743,0,0,52333,13203,0,0,0,0,0,,0
2,744,0,0,62602,2934,0,0,0,0,0,,0
2,745,18,0,43491,22045,0,0,0,6,2,1;2,0
2,746,12,0,38878,26658,0,0,0,5,2,1;2,0
2,747,3,0,35821,29715,0,0,0,2,2,1;2,0
2,748,0,0,43028,22508,0,0,0,0,0,,0
2,749,0,0,65536,0,0,0,0,0,0,,0
2,750,0,0,65536,0,0,0,0,0,0,,0
2,751,0,0,65002,534,0,0,0,0,0,,0
2,752,0,0,65536,0,0,0,0,0,0,,0
2,753,0,0,65536,0,0,0,0,0,0,,0
2,754,0,0,62394,3142,0,0,0,0,0,,0
2,755,0,0,57955,7581,0,0,0,0,0,,0
2,756,0,0,62991,2545,0,0,0,0,0,,0
2,757,0,0,60580,4956,0,0,0,0,0,,0
2,758,0,0,58813,6723,0,0,0,0,0,,0
2,759,0,0,62422,3114,0,0,0,0,0,,0
2,760,0,0,57096,8440,0,0,0,0,0,,0
2,761,0,0,62458,3078,0,0,0,0,0,,0
2,762,2,0,57143,8393,0,0,0,2,2,0;2,0
2,763,0,0,40729,24807,0,0,0,0,0,,0
2,764,0,0,45100,20436,0,0,0,0,0,,0
2,765,0,0,56066,9470,0,0,0,0,0,,0
2,766,0,0,62081,3455,0,0,0,0,0,,0
2,767,0,0,51173,14363,0,0,0,0,0,,0
2,768,0,0,62126,3410,0,0,0,0,0,,0
2,769,0,0,59981,5555,0,0,0,0,0,,0
2,770,4,0,48756,16780,0,0,0,2,2,1;2,0
2,771,0,0,38846,26690,0,0,0,0,0,,0
2,772,0,0,38387,27149,0,0,0,0,0,,0
2,773,0,0,56619,8917,0,0,0,0,0,,0
2,774,1,0,46643,18893,0,0,0,2,2,0;2,0
2,775,0,0,46944,18592,0,0,0,0,0,,0
2,776,12,0,46785,18751,0,0,0,6,3,0;1;2,0
2,777,1,0,50092,15444,0,0,0,2,2,1;2,0
2,778,3,0,46402,19134,0,0,0,2,2,0;2,0
2,779,0,0,46185,19351,0,0,0,0,0,,0
2,780,7,0,53586,11950,0,0,0,2,2,1;2,0
2,781,0,0,56009,9527,0,0,0,0,0,,0
2,782,0,0,54689,10847,0,0,0,0,0,,0
2,783,0,0,46006,19530,0,0,0,0,0,,0
2,784,0,0,55864,9672,0,0,0,0,0,,0
2,785,0,0,55348,10188,0,0,0,0,0,,0
2,786,0,0,56479,9057,0,0,0,0,0,,0
2,787,0,0,46814,18722,0,0,0,0,0,,0
2,788,0,0,52048,13488,0,0,0,0,0,,0
2,789,0,0,54259,11277,0,0,0,0,0,,0
2,790,0,0,52985,12551,0,0,0,0,0,,0
2,791,0,0,55777,9759,0,0,0,0,0,,0
2,792,0,0,48701,16835,0,0,0,0,0,,0
2,793,0,0,55850,9686,0,0,0,0,0,,0
2,794,0,0,47687,17849,0,0,0,0,0,,0
2,795,0,0,49035,16501,0,0,0,0,0,,0
2,796,0,0,50029,15507,0,0,0,0,0,,0
2,797,0,0,45941,19595,0,0,0,0,0,,0
2,798,0,0,57280,8256,0,0,0,0,0,,0
2,799,0,0,57788,7748,0,0,0,0,0,,0
2,800,0,0,60083,5453,0,0,0,0,0,,0
2,801,0,0,57125,8411,0,0,0,0,0,,0
2,802,0,0,59179,6357,0,0,0,0,0,,0
2,803,0,0,57563,7973,0,0,0,0,0,,0
2,804,0,0,58084,7452,0,0,0,0,0,,0
2,805,0,0,59494,6042,0,0,0,0,0,,0
2,806,0,0,58433,7103,0,0,0,0,0,,0
2,807,0,0,57427,8109,0,0,0,0,0,,0
2,808,0,0,56130,9406,0,0,0,0,0,,0
2,809,0,0,59492,6044,0,0,0,0,0,,0
2,810,0,0,59907,5629,0,0,0,0,0,,0
2,811,0,0,57386,8150,0,0,0,0,0,,0
2,812,2,0,53516,12020,0,0,0,2,2,0;2,0
2,813,0,0,55468,10068,0,0,0,0,0,,0
2,814,0,0,48650,16886,0,0,0,0,0,,0
2,815,0,0,50639,14897,0,0,0,0,0,,0
2,816,0,0,49449,16087,0,0,0,0,0,,0
2,817,0,0,50738,14798,0,0,0,0,0,,0
2,818,0,0,52169,13367,0,0,0,0,0,,0
2,819,0,0,50055,15481,0,0,0,0,0,,0
2,820,0,0,45621,19915,0,0,0,0,0,,0
2,821,0,0,60141,5395,0,0,0,0,0,,0
2,822,0,0,51997,13539,0,0,0,0,0,,0
2,823,0,0,60203,5333,0,0,0,0,0,,0
2,824,0,0,62348,3188,0,0,0,0,0,,0
2,825,0,0,62313,3223,0,0,0,0,0,,0
2,826,0,0,54086,11450,0,0,0,0,0,,0
2,827,0,0,52831,12705,0,0,0,0,0,,0
2,828,0,0,53479,12057,0,0,0,0,0,,0
2,829,5,0,52713,12823,0,0,0,4,2,0;2,0
2,830,3,0,46141,19395,0,0,0,2,2,0;2,0
2,831,0,0,51655,13881,0,0,0,0,0,,0
2,832,0,0,54686,10850,0,0,0,0,0,,0
2,833,0,0,55002,10534,0,0,0,0,0,,0
2,834,0,0,54461,11075,0,0,0,0,0,,0
2,835,0,0,54634,10902,0,0,0,0,0,,0
2,836,0,0,50139,15397,0,0,0,0,0,,0
2,837,0,0,52516,13020,0,0,0,0,0,,0
2,838,0,0,48509,17027,0,0,0,0,0,,0
2,839,0,0,53259,12277,0,0,0,0,0,,0
2,840,0,0,45438,20098,0,0,0,0,0,,0
2,841,0,0,42728,22808,0,0,0,0,0,,0
2,842,0,0,41010,24526,0,0,0,0,0,,0
2,843,0,0,36506,29030,0,0,0,0,0,,0
2,844,9,0,47657,17879,0,0,0,8,2,1;2,0
2,845,0,0,37752,27784,0,0,0,0,0,,0
2,846,0,0,38745,26791,0,0,0,0,0,,0
2,847,0,0,41606,23930,0,0,0,0,0,,0
2,848,0,0,41333,24203,0,0,0,0,0,,0
2,849,0,0,45068,20468,0,0,0,0,0,,0
2,850,0,0,43590,21946,0,0,0,0,0,,0
2,851,0,0,41633,23903,0,0,0,0,0,,0
2,852,15,0,48737,16799,0,0,0,2,2,0;2,0
2,853,0,0,48018,17518,0,0,0,0,0,,0
2,854,0,0,45829,19707,0,0,0,0,0,,0
2,855,5,0,51672,13864,0,0,0,2,2,1;2,0
2,856,0,0,44433,21103,0,0,0,0,0,,0
2,857,0,0,49074,16462,0,0,0,0,0,,0
2,858,2,0,42411,23125,0,0,0,2,2,1;2,0
2,859,0,0,41016,24520,0,0,0,0,0,,0
2,860,0,0,61825,3711,0,0,0,0,0,,0
2,861,0,0,44151,21385,0,0,0,0,0,,0
2,862,0,0,47044,18492,0,0,0,0,0,,0
2,863,0,0,41500,24036,0,0,0,0,0,,0
2,864,0,0,56713,8823,0,0,0,0,0,,0
2,865,0,0,34941,30595,0,0,0,0,0,,0
2,866,0,0,38183,27353,0,0,0,0,0,,0
2,867,1,0,39540,25996,0,0,0,2,2,0;2,0
2,868,0,0,37353,28183,0,0,0,0,0,,0
2,869,0,0,43592,21944,0,0,0,0,0,,0
2,870,0,0,37832,27704,0,0,0,0,0,,0
2,871,0,0,40267,25269,0,0,0,0,0,,0
2,872,0,0,41646,23890,0,0,0,0,0,,0
2,873,0,0,39037,26499,0,0,0,0,0,,0
2,874,0,0,46922,18614,0,0,0,0,0,,0
2,875,0,0,43917,21619,0,0,0,0,0,,0
2,876,0,0,39687,25849,0,0,0,0,0,,0
2,877,0,0,40872,24664,0,0,0,0,0,,0
2,878,0,0,63433,2103,0,0,0,0,0,,0
2,879,0,0,63777,1759,0,0,0,0,0,,0
2,880,0,0,64305,1231,0,0,0,0,0,,0
2,881,0,0,63308,2228,0,0,0,0,0,,0
2,882,0,0,63051,2485,0,0,0,0,0,,0
2,883,0,0,64144,1392,0,0,0,0,0,,0
2,884,0,0,61756,3780,0,0,0,0,0,,0
2,885,0,0,64313,1223,0,0,0,0,0,,0
2,886,0,0,62813,2723,0,0,0,0,0,,0
2,887,0,0,63440,2096,0,0,0,0,0,,0
2,888,0,0,63227,2309,0,0,0,0,0,,0
2,889,0,0,60629,4907,0,0,0,0,0,,0
2,890,0,0,63485,2051,0,0,0,0,0,,0
2,891,0,0,63494,2042,0,0,0,0,0,,0
2,892,0,0,58095,7441,0,0,0,0,0,,0
2,893,0,0,45123,20413,0,0,0,0,0,,0
2,894,0,0,46004,19532,0,0,0,0,0,,0
2,895,0,0,55008,10528,0,0,0,0,0,,0
2,896,0,0,57511,8025,0,0,0,0,0,,0
2,897,1,0,59226,6310,0,0,0,2,2,0;3,0
2,898,5,0,56527,9009,0,0,0,2,2,0;3,0
2,899,0,0,56530,9006,0,0,0,0,0,,0
2,900,2,0,53509,12027,0,0,0,2,2,0;2,0
2,901,0,0,54274,11262,0,0,0,0,0,,0
2,902,0,0,51365,14171,0,0,0,0,0,,0
2,903,0,0,57296,8240,0,0,0,0,0,,0
2,904,0,0,59239,6297,0,0,0,0,0,,0
2,905,0,0,55884,9652,0,0,0,0,0,,0
2,906,0,0,53248,12288,0,0,0,0,0,,0
2,907,0,0,58756,6780,0,0,0,0,0,,0
2,908,0,0,53773,11763,0,0,0,0,0,,0
2,909,3,0,53458,12078,0,0,0,2,2,0;2,0
2,910,0,0,57785,7751,0,0,0,0,0,,0
2,911,0,0,51184,14352,0,0,0,0,0,,0
2,912,0,0,55924,9612,0,0,0,0,0,,0
2,913,0,0,50140,15396,0,0,0,0,0,,0
2,914,0,0,47237,18299,0,0,0,0,0,,0
2,915,0,0,58673,6863,0,0,0,0,0,,0
2,916,0,0,52407,13129,0,0,0,0,0,,0
2,917,0,0,60636,4900,0,0,0,0,0,,0
2,918,0,0,54909,10627,0,0,0,0,0,,0
2,919,0,0,56479,9057,0,0,0,0,0,,0
2,920,0,0,53266,12270,0,0,0,0,0,,0
2,921,0,0,52318,13218,0,0,0,0,0,,0
2,922,0,0,56301,9235,0,0,0,0,0,,0
2,923,0,0,58892,6644,0,0,0,0,0,,0
2,924,0,0,56819,8717,0,0,0,0,0,,0
2,925,0,0,52698,12838,0,0,0,0,0,,0
2,926,0,0,50783,14753,0,0,0,0,0,,0
2,927,4,0,48609,16927,0,0,0,2,2,0;2,0
2,928,0,0,50655,14881,0,0,0,0,0,,0
2,929,0,0,53865,11671,0,0,0,0,0,,0
2,930,4,0,48042,17494,0,0,0,4,3,0;1;2,0
2,931,0,0,49730,15806,0,0,0,0,0,,0
2,932,4,0,43740,21796,0,0,0,6,2,1;2,0
2,933,2,0,52172,13364,0,0,0,2,2,1;2,0
2,934,0,0,52813,12723,0,0,0,0,0,,0
2,935,0,0,55060,10476,0,0,0,0,0,,0
2,936,0,0,53595,11941,0,0,0,0,0,,0
2,937,0,0,51912,13624,0,0,0,0,0,,0
2,938,0,0,52627,12909,0,0,0,0,0,,0
2,939,0,0,57155,8381,0,0,0,0,0,,0
2,940,0,0,53015,12521,0,0,0,0,0,,0
2,941,0,0,54657,10879,0,0,0,0,0,,0
2,942,0,0,54744,10792,0,0,0,0,0,,0
2,943,0,0,52814,12722,0,0,0,0,0,,0
2,944,0,0,50518,15018,0,0,0,0,0,,0
2,945,0,0,59495,6041,0,0,0,0,0,,0
2,946,0,0,54349,11187,0,0,0,0,0,,0
2,947,0,0,59812,5724,0,0,0,0,0,,0
2,948,0,0,59988,5548,0,0,0,0,0,,0
2,949,0,0,53456,12080,0,0,0,0,0,,0
2,950,0,0,58676,6860,0,0,0,0,0,,0
2,951,0,0,58970,6566,0,0,0,0,0,,0
2,952,0,0,53482,12054,0,0,0,0,0,,0
2,953,6,0,47046,18490,0,0,0,2,2,0;2,0
2,954,0,0,52087,13449,0,0,0,0,0,,0
2,955,0,0,53708,11828,0,0,0,0,0,,0
2,956,0,0,52026,13510,0,0,0,0,0,,0
2,957,0,0,50002,15534,0,0,0,0,0,,0
2,958,1,0,52988,12548,0,0,0,2,2,0;2,0
2,959,0,0,39520,26016,0,0,0,0,0,,0
2,960,0,0,40539,24997,0,0,0,0,0,,0
2,961,0,0,43177,22359,0,0,0,0,0,,0
2,962,0,0,39619,25917,0,0,0,0,0,,0
2,963,0,0,45725,19811,0,0,0,0,0,,0
2,964,0,0,54196,11340,0,0,0,0,0,,0
2,965,0,0,48827,16709,0,0,0,0,0,,0
2,966,0,0,57661,7875,0,0,0,0,0,,0
2,967,0,0,45984,19552,0,0,0,0,0,,0
2,968,0,0,62468,3068,0,0,0,0,0,,0
2,969,0,0,52089,13447,0,0,0,0,0,,0
2,970,2,0,44726,20810,0,0,0,2,2,1;2,0
2,971,0,0,50586,14950,0,0,0,0,0,,0
2,972,0,0,61544,3992,0,0,0,0,0,,0
2,973,0,0,61777,3759,0,0,0,0,0,,0
2,974,0,0,62904,2632,0,0,0,0,0,,0
2,975,0,0,64186,1350,0,0,0,0,0,,0
2,976,0,0,65333,203,0,0,0,0,0,,0
2,977,0,0,64134,1402,0,0,0,0,0,,0
2,978,0,0,62705,2831,0,0,0,0,0,,0
2,979,0,0,63323,2213,0,0,0,0,0,,0
2,980,0,0,64213,1323,0,0,0,0,0,,0
2,981,0,0,58398,7138,0,0,0,0,0,,0
2,982,0,0,48609,16927,0,0,0,0,0,,0
2,983,0,0,49605,15931,0,0,0,0,0,,0
2,984,0,0,55864,9672,0,0,0,0,0,,0
2,985,0,0,49553,15983,0,0,0,0,0,,0
2,986,0,0,54964,10572,0,0,0,0,0,,0
2,987,0,0,51160,14376,0,0,0,0,0,,0
2,988,0,0,48601,16935,0,0,0,0,0,,0
2,989,0,0,45577,19959,0,0,0,0,0,,0
2,990,0,0,64611,925,0,0,0,0,0,,0
2,991,0,0,63708,1828,0,0,0,0,0,,0
2,992,0,0,61512,4024,0,0,0,0,0,,0
2,993,0,0,61743,3793,0,0,0,0,0,,0
2,994,0,0,60638,4898,0,0,0,0,0,,0
2,995,0,0,59398,6138,0,0,0,0,0,,0
2,996,0,0,57043,8493,0,0,0,0,0,,0
2,997,0,0,60588,4948,0,0,0,0,0,,0
2,998,0,0,59492,6044,0,0,0,0,0,,0
2,999,0,0,58503,7033,0,0,0,0,0,,0
2,1000,0,0,59248,6288,0,0,0,0,0,,0
2,1001,0,0,60465,5071,0,0,0,0,0,,0
2,1002,0,0,64448,1088,0,0,0,0,0,,0
2,1003,0,0,59974,5562,0,0,0,0,0,,0
2,1004,0,0,62651,2885,0,0,0,0,0,,0
2,1005,0,0,61354,4182,0,0,0,0,0,,0
2,1006,0,0,60265,5271,0,0,0,0,0,,0
2,1007,0,0,42559,22977,0,0,0,0,0,,0
2,1008,0,0,39300,26236,0,0,0,0,0,,0
2,1009,0,0,41911,23625,0,0,0,0,0,,0
2,1010,0,0,37503,28033,0,0,0,0,0,,0
2,1011,0,0,40734,24802,0,0,0,0,0,,0
2,1012,0,0,42214,23322,0,0,0,0,0,,0
2,1013,0,0,39213,26323,0,0,0,0,0,,0
2,1014,0,0,45977,19559,0,0,0,0,0,,0
2,1015,4,0,48618,16918,0,0,0,2,2,0;2,0
2,1016,0,0,41557,23979,0,0,0,0,0,,0
2,1017,0,0,53454,12082,0,0,0,0,0,,0
2,1018,14,0,54770,10766,0,0,0,2,2,1;2,0
2,1019,0,0,36706,28830,0,0,0,0,0,,0
2,1020,0,0,56376,9160,0,0,0,0,0,,0
2,1021,0,0,56716,8820,0,0,0,0,0,,0
2,1022,4,0,56541,8995,0,0,0,2,2,0;2,0
2,1023,0,0,64334,1202,0,0,0,0,0,,0
2,1024,0,0,64753,783,0,0,0,0,0,,0
2,1025,0,0,64308,1228,0,0,0,0,0,,0
2,1026,0,0,64216,1320,0,0,0,0,0,,0
2,1027,0,0,65534,2,0,0,0,0,0,,0
2,1028,0,0,65536,0,0,0,0,0,0,,0
2,1029,0,0,65536,0,0,0,0,0,0,,0
2,1030,0,0,64168,1368,0,0,0,0,0,,0
2,1031,0,0,54593,10943,0,0,0,0,0,,0
2,1032,0,0,55313,10223,0,0,0,0,0,,0
2,1033,0,0,52917,12619,0,0,0,0,0,,0
2,1034,0,0,56421,9115,0,0,0,0,0,,0
2,1035,1,0,52907,12629,0,0,0,2,2,0;2,0
2,1036,0,0,52997,12539,0,0,0,0,0,,0
2,1037,0,0,53485,12051,0,0,0,0,0,,0
2,1038,0,0,52763,12773,0,0,0,0,0,,0
2,1039,0,0,58828,6708,0,0,0,0,0,,0
2,1040,0,0,55970,9566,0,0,0,0,0,,0
2,1041,0,0,52492,13044,0,0,0,0,0,,0
2,1042,0,0,56731,8805,0,0,0,0,0,,0
2,1043,0,0,53033,12503,0,0,0,0,0,,0
2,1044,0,0,54787,10749,0,0,0,0,0,,0
2,1045,0,0,60897,4639,0,0,0,0,0,,0
2,1046,0,0,64844,692,0,0,0,0,0,,0
2,1047,0,0,57320,8216,0,0,0,0,0,,0
2,1048,0,0,57407,8129,0,0,0,0,0,,0
2,1049,0,0,56569,8967,0,0,0,0,0,,0
2,1050,0,0,57260,8276,0,0,0,0,0,,0
2,1051,0,0,53528,12008,0,0,0,0,0,,0
2,1052,0,0,55268,10268,0,0,0,0,0,,0
2,1053,0,0,54766,10770,0,0,0,0,0,,0
2,1054,0,0,55883,9653,0,0,0,0,0,,0
2,1055,0,0,56881,8655,0,0,0,0,0,,0
2,1056,0,0,61006,4530,0,0,0,0,0,,0
2,1057,0,0,55133,10403,0,0,0,0,0,,0
2,1058,0,0,59748,5788,0,0,0,0,0,,0
2,1059,0,0,56936,8600,0,0,0,0,0,,0
2,1060,0,0,61210,4326,0,0,0,0,0,,0
2,1061,0,0,55147,10389,0,0,0,0,0,,0
2,1062,0,0,54757,10779,0,0,0,0,0,,0
2,1063,0,0,55990,9546,0,0,0,0,0,,0
2,1064,0,0,59165,6371,0,0,0,0,0,,0
2,1065,2,0,60409,5127,0,0,0,2,2,0;2,0
2,1066,0,0,60454,5082,0,0,0,0,0,,0
2,1067,0,0,60254,5282,0,0,0,0,0,,0
2,1068,0,0,59168,6368,0,0,0,0,0,,0
2,1069,0,0,57487,8049,0,0,0,0,0,,0
2,1070,0,0,58385,7151,0,0,0,0,0,,0
2,1071,0,0,58204,7332,0,0,0,0,0,,0
2,1072,0,0,59484,6052,0,0,0,0,0,,0
2,1073,0,0,60159,5377,0,0,0,0,0,,0
2,1074,0,0,56234,9302,0,0,0,0,0,,0
2,1075,0,0,55567,9969,0,0,0,0,0,,0
2,1076,0,0,52534,13002,0,0,0,0,0,,0
2,1077,0,0,54976,10560,0,0,0,0,0,,0
2,1078,0,0,51146,14390,0,0,0,0,0,,0
2,1079,0,0,57943,7593,0,0,0,0,0,,0
2,1080,0,0,57658,7878,0,0,0,0,0,,0
2,1081,0,0,48395,17141,0,0,0,0,0,,0
2,1082,0,0,57072,8464,0,0,0,0,0,,0
2,1083,0,0,54678,10858,0,0,0,0,0,,0
2,1084,0,0,51465,14071,0,0,0,0,0,,0
2,1085,0,0,50730,14806,0,0,0,0,0,,0
2,1086,0,0,54786,10750,0,0,0,0,0,,0
2,1087,0,0,55444,10092,0,0,0,0,0,,0
2,1088,0,0,54610,10926,0,0,0,0,0,,0
2,1089,0,0,64915,621,0,0,0,0,0,,0
2,1090,0,0,55509,10027,0,0,0,0,0,,0
2,1091,67,0,54596,10940,0,0,0,2,2,2;4,0
2,1092,0,0,56300,9236,0,0,0,0,0,,0
2,1093,0,0,44784,20752,0,0,0,0,0,,0
2,1094,0,0,45121,20415,0,0,0,0,0,,0
2,1095,5,0,57114,8422,0,0,0,2,2,1;2,0
2,1096,0,0,54119,11417,0,0,0,0,0,,0
2,1097,4,0,53561,11975,0,0,0,2,2,0;2,0
2,1098,0,0,54160,11376,0,0,0,0,0,,0
2,1099,0,0,46276,19260,0,0,0,0,0,,0
2,1100,9,0,54149,11387,0,0,0,2,2,0;2,0
2,1101,0,0,56301,9235,0,0,0,0,0,,0
2,1102,0,0,56185,9351,0,0,0,0,0,,0
2,1103,0,0,58954,6582,0,0,0,0,0,,0
2,1104,0,0,62506,3030,0,0,0,0,0,,0
2,1105,0,0,40829,24707,0,0,0,0,0,,0
2,1106,0,0,59146,6390,0,0,0,0,0,,0
2,1107,0,0,57459,8077,0,0,0,0,0,,0
2,1108,0,0,60561,4975,0,0,0,0,0,,0
2,1109,0,0,58331,7205,0,0,0,0,0,,0
2,1110,0,0,55438,10098,0,0,0,0,0,,0
2,1111,0,0,54702,10834,0,0,0,0,0,,0
2,1112,0,0,55637,9899,0,0,0,0,0,,0
2,1113,0,0,55964,9572,0,0,0,0,0,,0
2,1114,0,0,56905,8631,0,0,0,0,0,,0
2,1115,0,0,59604,5932,0,0,0,0,0,,0
2,1116,0,0,49440,16096,0,0,0,0,0,,0
2,1117,0,0,56411,9125,0,0,0,0,0,,0
2,1118,0,0,56712,8824,0,0,0,0,0,,0
2,1119,0,0,53618,11918,0,0,0,0,0,,0
2,1120,0,0,52424,13112,0,0,0,0,0,,0
2,1121,1,0,57809,7727,0,0,0,2,2,1;2,0
2,1122,0,0,55735,9801,0,0,0,0,0,,0
2,1123,2,0,53829,11707,0,0,0,2,2,1;4,0
2,1124,5,0,50499,15037,0,0,0,2,2,1;4,0
2,1125,4,0,51384,14152,0,0,0,2,2,1;2,0
2,1126,2,0,46120,19416,0,0,0,2,2,1;2,0
2,1127,0,0,56780,8756,0,0,0,0,0,,0
2,1128,0,0,61942,3594,0,0,0,0,0,,0
2,1129,0,0,52423,13113,0,0,0,0,0,,0
2,1130,0,0,56626,8910,0,0,0,0,0,,0
2,1131,0,0,56192,9344,0,0,0,0,0,,0
2,1132,0,0,60697,4839,0,0,0,0,0,,0
2,1133,0,0,57325,8211,0,0,0,0,0,,0
2,1134,0,0,59409,6127,0,0,0,0,0,,0
2,1135,0,0,58853,6683,0,0,0,0,0,,0
2,1136,0,0,60431,5105,0,0,0,0,0,,0
2,1137,0,0,59938,5598,0,0,0,0,0,,0
2,1138,0,0,58163,7373,0,0,0,0,0,,0
2,1139,0,0,52496,13040,0,0,0,0,0,,0
2,1140,0,0,55851,9685,0,0,0,0,0,,0
2,1141,0,0,55391,10145,0,0,0,0,0,,0
2,1142,0,0,58191,7345,0,0,0,0,0,,0
2,1143,0,0,48770,16766,0,0,0,0,0,,0
2,1144,0,0,61722,3814,0,0,0,0,0,,0
2,1145,0,0,58687,6849,0,0,0,0,0,,0
2,1146,0,0,48510,17026,0,0,0,0,0,,0
2,1147,0,0,60358,5178,0,0,0,0,0,,0
2,1148,0,0,59588,5948,0,0,0,0,0,,0
2,1149,2,0,58123,7413,0,0,0,2,2,1;2,0
2,1150,0,0,57107,8429,0,0,0,0,0,,0
2,1151,0,0,57968,7568,0,0,0,0,0,,0
2,1152,0,0,56626,8910,0,0,0,0,0,,0
2,1153,0,0,57091,8445,0,0,0,0,0,,0
2,1154,0,0,59113,6423,0,0,0,0,0,,0
2,1155,0,0,60799,4737,0,0,0,0,0,,0
2,1156,0,0,52234,13302,0,0,0,0,0,,0
2,1157,0,0,62593,2943,0,0,0,0,0,,0
2,1158,0,0,53821,11715,0,0,0,0,0,,0
2,1159,0,0,58505,7031,0,0,0,0,0,,0
2,1160,0,0,58547,6989,0,0,0,0,0,,0
2,1161,0,0,56473,9063,0,0,0,0,0,,0
2,1162,0,0,49007,16529,0,0,0,0,0,,0
2,1163,4,0,59209,6327,0,0,0,2,2,0;2,0
2,1164,0,0,53339,12197,0,0,0,0,0,,0
2,1165,0,0,53277,12259,0,0,0,0,0,,0
2,1166,0,0,55758,9778,0,0,0,0,0,,0
2,1167,0,0,53573,11963,0,0,0,0,0,,0
2,1168,0,0,58341,7195,0,0,0,0,0,,0
2,1169,0,0,51029,14507,0,0,0,0,0,,0
2,1170,0,0,52647,12889,0,0,0,0,0,,0
2,1171,0,0,46139,19397,0,0,0,0,0,,0
2,1172,0,0,50571,14965,0,0,0,0,0,,0
2,1173,0,0,40945,24591,0,0,0,0,0,,0
2,1174,0,0,44985,20551,0,0,0,0,0,,0
2,1175,0,0,49200,16336,0,0,0,0,0,,0
2,1176,0,0,43894,21642,0,0,0,0,0,,0
2,1177,0,0,45386,20150,0,0,0,0,0,,0
2,1178,0,0,47128,18408,0,0,0,0,0,,0
2,1179,0,0,44727,20809,0,0,0,0,0,,0
2,1180,0,0,51039,14497,0,0,0,0,0,,0
2,1181,0,0,50522,15014,0,0,0,0,0,,0
2,1182,0,0,44176,21360,0,0,0,0,0,,0
2,1183,4,0,54931,10605,0,0,0,2,2,0;3,0
2,1184,0,0,43414,22122,0,0,0,0,0,,0
2,1185,0,0,42607,22929,0,0,0,0,0,,0
2,1186,0,0,51615,13921,0,0,0,0,0,,0
2,1187,0,0,47084,18452,0,0,0,0,0,,0
2,1188,0,0,44617,20919,0,0,0,0,0,,0
2,1189,0,0,50351,15185,0,0,0,0,0,,0
2,1190,0,0,61564,3972,0,0,0,0,0,,0
2,1191,0,0,62992,2544,0,0,0,0,0,,0
2,1192,0,0,59909,5627,0,0,0,0,0,,0
2,1193,0,0,60203,5333,0,0,0,0,0,,0
2,1194,0,0,56288,9248,0,0,0,0,0,,0
2,1195,1,0,53188,12348,0,0,0,2,2,0;2,0
2,1196,0,0,56174,9362,0,0,0,0,0,,0
2,1197,0,0,60749,4787,0,0,0,0,0,,0
2,1198,0,0,56989,8547,0,0,0,0,0,,0
2,1199,0,0,55469,10067,0,0,0,0,0,,0
2,1200,0,0,55583,9953,0,0,0,0,0,,0
2,1201,0,0,48384,17152,0,0,0,0,0,,0
2,1202,0,0,61220,4316,0,0,0,0,0,,0
2,1203,0,0,58908,6628,0,0,0,0,0,,0
2,1204,0,0,55786,9750,0,0,0,0,0,,0
2,1205,0,0,60240,5296,0,0,0,0,0,,0
2,1206,0,0,53766,11770,0,0,0,0,0,,0
2,1207,0,0,56558,8978,0,0,0,0,0,,0
2,1208,0,0,56624,8912,0,0,0,0,0,,0
2,1209,0,0,57727,7809,0,0,0,0,0,,0
2,1210,0,0,57964,7572,0,0,0,0,0,,0
2,1211,0,0,57410,8126,0,0,0,0,0,,0
2,1212,0,0,56395,9141,0,0,0,0,0,,0
2,1213,0,0,57046,8490,0,0,0,0,0,,0
2,1214,0,0,51967,13569,0,0,0,0,0,,0
2,1215,0,0,54438,11098,0,0,0,0,0,,0
2,1216,0,0,49164,16372,0,0,0,0,0,,0
2,1217,0,0,50947,14589,0,0,0,0,0,,0
2,1218,0,0,59108,6428,0,0,0,0,0,,0
2,1219,0,0,51680,13856,0,0,0,0,0,,0
2,1220,0,0,55260,10276,0,0,0,0,0,,0
2,1221,0,0,52828,12708,0,0,0,0,0,,0
2,1222,0,0,53397,12139,0,0,0,0,0,,0
2,1223,0,0,55528,10008,0,0,0,0,0,,0
2,1224,0,0,56869,8667,0,0,0,0,0,,0
2,1225,5,0,55684,9852,0,0,0,2,2,0;2,0
2,1226,0,0,55520,10016,0,0,0,0,0,,0
2,1227,0,0,55149,10387,0,0,0,0,0,,0
2,1228,0,0,56690,8846,0,0,0,0,0,,0
2,1229,3,0,55582,9954,0,0,0,2,2,0;2,0
2,1230,28,0,52102,13434,0,0,0,4,2,0;2,0
2,1231,0,0,61441,4095,0,0,0,0,0,,0
2,1232,0,0,58790,6746,0,0,0,0,0,,0
2,1233,0,0,59418,6118,0,0,0,0,0,,0
2,1234,0,0,59821,5715,0,0,0,0,0,,0
2,1235,0,0,58778,6758,0,0,0,0,0,,0
2,1236,0,0,59537,5999,0,0,0,0,0,,0
2,1237,0,0,52563,12973,0,0,0,0,0,,0
2,1238,0,0,52749,12787,0,0,0,0,0,,0
2,1239,0,0,55436,10100,0,0,0,0,0,,0
2,1240,2,0,55575,9961,0,0,0,2,2,1;2,0
2,1241,0,0,65536,0,0,0,0,0,0,,0
2,1242,0,0,54289,11247,0,0,0,0,0,,0
2,1243,0,0,63489,2047,0,0,0,0,0,,0
2,1244,0,0,63547,1989,0,0,0,0,0,,0
2,1245,0,0,64668,868,0,0,0,0,0,,0
2,1246,0,0,56376,9160,0,0,0,0,0,,0
2,1247,0,0,54069,11467,0,0,0,0,0,,0
2,1248,0,0,65536,0,0,0,0,0,0,,0
2,1249,0,0,65536,0,0,0,0,0,0,,0
2,1250,0,0,65520,16,0,0,0,0,0,,0
2,1251,3,0,50627,14909,0,0,0,2,2,1;2,0
2,1252,0,0,51718,13818,0,0,0,0,0,,0
2,1253,0,0,58376,7160,0,0,0,0,0,,0
2,1254,0,0,55886,9650,0,0,0,0,0,,0
2,1255,0,0,64082,1454,0,0,0,0,0,,0
2,1256,0,0,61280,4256,0,0,0,0,0,,0
2,1257,0,0,53897,11639,0,0,0,0,0,,0
2,1258,0,0,51284,14252,0,0,0,0,0,,0
2,1259,0,0,55371,10165,0,0,0,0,0,,0
2,1260,3,0,53570,11966,0,0,0,2,2,1;2,0
2,1261,1,0,48402,17134,0,0,0,2,2,1;2,0
2,1262,1,0,62077,3459,0,0,0,2,2,1;2,0
2,1263,0,0,46468,19068,0,0,0,0,0,,0
2,1264,0,0,57215,8321,0,0,0,0,0,,0
2,1265,0,0,53376,12160,0,0,0,0,0,,0
2,1266,0,0,53646,11890,0,0,0,0,0,,0
2,1267,0,0,62002,3534,0,0,0,0,0,,0
2,1268,0,0,53455,12081,0,0,0,0,0,,0
2,1269,0,0,49377,16159,0,0,0,0,0,,0
2,1270,0,0,59898,5638,0,0,0,0,0,,0
2,1271,0,0,57078,8458,0,0,0,0,0,,0
2,1272,0,0,59063,6473,0,0,0,0,0,,0
2,1273,0,0,60966,4570,0,0,0,0,0,,0
2,1274,0,0,57403,8133,0,0,0,0,0,,0
2,1275,0,0,59162,6374,0,0,0,0,0,,0
2,1276,0,0,55919,9617,0,0,0,0,0,,0
2,1277,0,0,62688,2848,0,0,0,0,0,,0
2,1278,0,0,62437,3099,0,0,0,0,0,,0
2,1279,0,0,64963,573,0,0,0,0,0,,0
2,1280,0,0,52525,13011,0,0,0,0,0,,0
2,1281,0,0,56474,9062,0,0,0,0,0,,0
2,1282,0,0,49677,15859,0,0,0,0,0,,0
2,1283,0,0,50370,15166,0,0,0,0,0,,0
2,1284,0,0,51862,13674,0,0,0,0,0,,0
2,1285,2,0,52992,12544,0,0,0,2,2,1;2,0
2,1286,0,0,36218,29318,0,0,0,0,0,,0
2,1287,0,0,52275,13261,0,0,0,0,0,,0
2,1288,0,0,54433,11103,0,0,0,0,0,,0
2,1289,0,0,50057,15479,0,0,0,0,0,,0
2,1290,0,0,40392,25144,0,0,0,0,0,,0
2,1291,7,0,43633,21903,0,0,0,6,3,0;1;2,0
2,1292,0,0,51151,14385,0,0,0,0,0,,0
2,1293,0,0,51083,14453,0,0,0,0,0,,0
2,1294,4,0,54561,10975,0,0,0,2,2,0;1,0
2,1295,0,0,48569,16967,0,0,0,0,0,,2
2,1296,0,0,49186,16350,0,0,0,0,0,,4
2,1297,0,0,39848,25688,0,0,0,0,0,,0
2,1298,0,0,49596,15940,0,0,0,0,0,,2
2,1299,0,0,51390,14146,0,0,0,0,0,,4
2,1300,0,0,62067,3469,0,0,0,0,0,,0
2,1301,0,0,50291,15245,0,0,0,0,0,,1
2,1302,0,0,43874,21662,0,0,0,0,0,,5
2,1303,0,0,64685,851,0,0,0,0,0,,0
2,1304,0,0,42536,23000,0,0,0,0,0,,8
2,1305,0,0,61317,4219,0,0,0,0,0,,0
2,1306,0,0,42886,22650,0,0,0,0,0,,0
2,1307,0,0,41584,23952,0,0,0,0,0,,8
2,1308,0,0,43727,21809,0,0,0,0,0,,2
2,1309,0,0,55984,9552,0,0,0,0,0,,0
2,1310,0,0,53086,12450,0,0,0,0,0,,0
2,1311,0,0,57234,8302,0,0,0,0,0,,0
2,1312,0,0,48158,17378,0,0,0,0,0,,0
2,1313,0,0,45413,20123,0,0,0,0,0,,1
2,1314,0,0,35943,29593,0,0,0,0,0,,0
2,1315,0,0,40436,25100,0,0,0,0,0,,0
2,1316,0,0,42998,22538,0,0,0,0,0,,0
2,1317,0,0,43920,21616,0,0,0,0,0,,0
2,1318,0,0,54633,10903,0,0,0,0,0,,0
2,1319,0,0,48068,17468,0,0,0,0,0,,2
2,1320,0,0,58385,7151,0,0,0,0,0,,0
2,1321,0,0,60182,5354,0,0,0,0,0,,1
2,1322,0,0,57581,7955,0,0,0,0,0,,0
2,1323,0,0,58651,6885,0,0,0,0,0,,0
2,1324,0,0,64902,634,0,0,0,0,0,,0
2,1325,0,0,62082,3454,0,0,0,0,0,,0
2,1326,0,0,31545,33991,0,0,0,0,0,,0
2,1327,0,0,49943,15593,0,0,0,0,0,,0
2,1328,0,0,64262,1274,0,0,0,0,0,,0
2,1329,0,0,63340,2196,0,0,0,0,0,,0
2,1330,0,0,57670,7866,0,0,0,0,0,,0
2,1331,0,0,58733,6803,0,0,0,0,0,,0
2,1332,0,0,49637,15899,0,0,0,0,0,,0
2,1333,0,0,48932,16604,0,0,0,0,0,,0
2,1334,0,0,53051,12485,0,0,0,0,0,,0
2,1335,0,0,47959,17577,0,0,0,0,0,,0
2,1336,0,0,50972,14564,0,0,0,0,0,,0
2,1337,0,0,58907,6629,0,0,0,0,0,,0
2,1338,0,0,62307,3229,0,0,0,0,0,,0
2,1339,0,0,62519,3017,0,0,0,0,0,,0
2,1340,0,0,65463,73,0,0,0,0,0,,0
2,1341,0,0,64960,576,0,0,0,0,0,,0
2,1342,0,0,60174,5362,0,0,0,0,0,,0
2,1343,0,0,48957,16579,0,0,0,0,0,,0
2,1344,0,0,61944,3592,0,0,0,0,0,,0
2,1345,0,0,54852,10684,0,0,0,0,0,,0
2,1346,0,0,55471,10065,0,0,0,0,0,,0
2,1347,0,0,46927,18609,0,0,0,0,0,,0
2,1348,0,0,47076,18460,0,0,0,0,0,,0
2,1349,0,0,51834,13702,0,0,0,0,0,,0
2,1350,0,0,53120,12416,0,0,0,0,0,,0
2,1351,0,0,57375,8161,0,0,0,0,0,,0
2,1352,0,0,59709,5827,0,0,0,0,0,,0
2,1353,0,0,61321,4215,0,0,0,0,0,,0
2,1354,0,0,60126,5410,0,0,0,0,0,,0
2,1355,0,0,64097,1439,0,0,0,0,0,,0
2,1356,0,0,63527,2009,0,0,0,0,0,,0
2,1357,0,0,62728,2808,0,0,0,0,0,,0
2,1358,0,0,64550,986,0,0,0,0,0,,0
2,1359,0,0,59177,6359,0,0,0,0,0,,0
2,1360,0,0,63395,2141,0,0,0,0,0,,0
2,1361,0,0,64497,1039,0,0,0,0,0,,0
2,1362,0,0,63907,1629,0,0,0,0,0,,0
2,1363,0,0,62850,2686,0,0,0,0,0,,0
2,1364,0,0,60619,4917,0,0,0,0,0,,0
2,1365,0,0,61399,4137,0,0,0,0,0,,0
2,1366,0,0,58849,6687,0,0,0,0,0,,0
2,1367,0,0,59986,5550,0,0,0,0,0,,0
2,1368,0,0,61273,4263,0,0,0,0,0,,0
2,1369,0,0,64645,891,0,0,0,0,0,,0
2,1370,0,0,50390,15146,0,0,0,0,0,,0
2,1371,0,0,56029,9507,0,0,0,0,0,,0
2,1372,0,0,53266,12270,0,0,0,0,0,,0
2,1373,1,0,53838,11698,0,0,0,2,2,0;2,0
2,1374,0,0,58966,6570,0,0,0,0,0,,0
2,1375,0,0,60997,4539,0,0,0,0,0,,0
2,1376,0,0,58981,6555,0,0,0,0,0,,0
2,1377,0,0,60918,4618,0,0,0,0,0,,0
2,1378,0,0,58453,7083,0,0,0,0,0,,0
2,1379,0,0,60475,5061,0,0,0,0,0,,0
2,1380,0,0,60996,4540,0,0,0,0,0,,0
2,1381,0,0,58222,7314,0,0,0,0,0,,0
2,1382,0,0,58010,7526,0,0,0,0,0,,0
2,1383,0,0,56795,8741,0,0,0,0,0,,0
2,1384,0,0,57395,8141,0,0,0,0,0,,0
2,1385,5,0,54906,10630,0,0,0,2,2,0;2,0
2,1386,0,0,54427,11109,0,0,0,0,0,,0
2,1387,5,0,54761,10775,0,0,0,2,2,0;2,0
2,1388,0,0,58409,7127,0,0,0,0,0,,0
2,1389,0,0,63772,1764,0,0,0,0,0,,0
2,1390,0,0,64983,553,0,0,0,0,0,,0
2,1391,3,0,59246,6290,0,0,0,2,2,1;2,0
2,1392,0,0,61721,3815,0,0,0,0,0,,0
2,1393,0,0,60628,4908,0,0,0,0,0,,0
2,1394,0,0,59087,6449,0,0,0,0,0,,0
2,1395,0,0,62220,3316,0,0,0,0,0,,0
2,1396,0,0,65487,49,0,0,0,0,0,,0
2,1397,0,0,62285,3251,0,0,0,0,0,,0
2,1398,0,0,62154,3382,0,0,0,0,0,,0
2,1399,0,0,62498,3038,0,0,0,0,0,,0
2,1400,0,0,61087,4449,0,0,0,0,0,,0
2,1401,0,0,61633,3903,0,0,0,0,0,,0
2,1402,0,0,64306,1230,0,0,0,0,0,,0
2,1403,0,0,65536,0,0,0,0,0,0,,0
2,1404,0,0,65536,0,0,0,0,0,0,,0
2,1405,0,0,57507,8029,0,0,0,0,0,,0
2,1406,3,0,52835,12701,0,0,0,2,2,1;2,0
2,1407,0,0,54916,10620,0,0,0,0,0,,0
2,1408,0,0,55985,9551,0,0,0,0,0,,0
2,1409,4,0,50884,14652,0,0,0,2,2,1;2,0
2,1410,4,0,58382,7154,0,0,0,2,2,1;2,0
2,1411,4,0,52486,13050,0,0,0,2,2,1;2,0
2,1412,0,0,56611,8925,0,0,0,0,0,,0
2,1413,0,0,62162,3374,0,0,0,0,0,,0
2,1414,0,0,63128,2408,0,0,0,0,0,,0
2,1415,0,0,60554,4982,0,0,0,0,0,,0
2,1416,0,0,60113,5423,0,0,0,0,0,,0
2,1417,0,0,59388,6148,0,0,0,0,0,,0
2,1418,0,0,59589,5947,0,0,0,0,0,,0
2,1419,0,0,62277,3259,0,0,0,0,0,,0
2,1420,0,0,62002,3534,0,0,0,0,0,,0
2,1421,0,0,58763,6773,0,0,0,0,0,,0
2,1422,0,0,58756,6780,0,0,0,0,0,,0
2,1423,2,0,57554,7982,0,0,0,2,2,2;4,0
2,1424,0,0,61878,3658,0,0,0,0,0,,0
2,1425,0,0,62895,2641,0,0,0,0,0,,0
2,1426,0,0,61133,4403,0,0,0,0,0,,0
2,1427,0,0,58620,6916,0,0,0,0,0,,0
2,1428,0,0,57829,7707,0,0,0,0,0,,0
2,1429,0,0,58319,7217,0,0,0,0,0,,0
2,1430,0,0,50177,15359,0,0,0,0,0,,0
2,1431,0,0,50176,15360,0,0,0,0,0,,0
2,1432,0,0,50080,15456,0,0,0,0,0,,0
2,1433,0,0,48220,17316,0,0,0,0,0,,0
2,1434,0,0,0,0,65536,65536,65536,0,0,,0
2,1435,0,0,0,0,65536,65536,65536,0,0,,0
2,1436,0,0,0,0,65536,65536,65536,0,0,,0
2,1437,1,0,45130,20406,0,0,0,2,2,0;2,0
2,1438,1,0,44300,21236,0,0,0,2,2,1;2,0
2,1439,0,0,42523,23013,0,0,0,0,0,,0
2,1440,0,0,65536,0,0,0,0,0,0,,0
2,1441,0,0,64764,772,0,0,0,0,0,,0
2,1442,0,0,64978,558,0,0,0,0,0,,0
2,1443,0,0,62949,2587,0,0,0,0,0,,0
2,1444,0,0,64886,650,0,0,0,0,0,,0
2,1445,0,0,56935,8601,0,0,0,0,0,,0
2,1446,0,0,53731,11805,0,0,0,0,0,,0
2,1447,8,0,57616,7920,0,0,0,2,2,0;2,0
2,1448,1,0,47312,18224,0,0,0,2,2,1;2,0
2,1449,0,0,59248,6288,0,0,0,0,0,,0
2,1450,0,0,58289,7247,0,0,0,0,0,,0
2,1451,0,0,60752,4784,0,0,0,0,0,,0
2,1452,0,0,54284,11252,0,0,0,0,0,,0
2,1453,0,0,55570,9966,0,0,0,0,0,,0
2,1454,0,0,48548,16988,0,0,0,0,0,,0
2,1455,0,0,51391,14145,0,0,0,0,0,,0
2,1456,0,0,49397,16139,0,0,0,0,0,,0
2,1457,0,0,44949,20587,0,0,0,0,0,,0
2,1458,0,0,51306,14230,0,0,0,0,0,,0
2,1459,0,0,50614,14922,0,0,0,0,0,,0
2,1460,0,0,57928,7608,0,0,0,0,0,,0
2,1461,0,0,53856,11680,0,0,0,0,0,,0
2,1462,0,0,51544,13992,0,0,0,0,0,,0
2,1463,0,0,57031,8505,0,0,0,0,0,,0
2,1464,0,0,54537,10999,0,0,0,0,0,,0
2,1465,0,0,56028,9508,0,0,0,0,0,,0
2,1466,0,0,61919,3617,0,0,0,0,0,,0
2,1467,0,0,60221,5315,0,0,0,0,0,,0
2,1468,0,0,55621,9915,0,0,0,0,0,,0
2,1469,0,0,60131,5405,0,0,0,0,0,,0
2,1470,0,0,0,0,65536,65536,65536,0,0,,0
2,1471,0,0,0,0,65536,65536,65536,0,0,,0
2,1472,0,0,0,0,65536,65536,65536,0,0,,0
2,1473,0,0,0,0,65536,65536,65536,0,0,,0
2,1474,0,0,0,0,65536,65536,65536,0,0,,0
2,1475,0,0,0,0,65536,65536,65536,0,0,,0
2,1476,0,0,0,0,65536,65536,65536,0,0,,0
2,1477,0,0,0,0,65536,65536,65536,0,0,,0
2,1478,0,0,0,0,65536,65536,65536,0,0,,0
2,1479,0,0,62694,2842,0,0,0,0,0,,0
2,1480,0,0,60102,5434,0,0,0,0,0,,0
2,1481,0,0,61154,4382,0,0,0,0,0,,0
2,1482,0,0,60707,4829,0,0,0,0,0,,0
2,1483,0,0,61382,4154,0,0,0,0,0,,0
2,1484,0,0,62517,3019,0,0,0,0,0,,0
2,1485,0,0,62263,3273,0,0,0,0,0,,0
2,1486,0,0,60104,5432,0,0,0,0,0,,0
2,1487,0,0,61697,3839,0,0,0,0,0,,0
2,1488,0,0,47577,17959,0,0,0,0,0,,0
2,1489,0,0,51496,14040,0,0,0,0,0,,0
2,1490,0,0,49517,16019,0,0,0,0,0,,0
2,1491,0,0,53015,12521,0,0,0,0,0,,0
2,1492,0,0,51001,14535,0,0,0,0,0,,0
2,1493,0,0,41629,23907,0,0,0,0,0,,0
2,1494,0,0,53414,12122,0,0,0,0,0,,0
2,1495,0,0,40871,24665,0,0,0,0,0,,0
2,1496,0,0,41561,23975,0,0,0,0,0,,0
2,1497,0,0,49472,16064,0,0,0,0,0,,0
2,1498,0,0,50658,14878,0,0,0,0,0,,0
2,1499,0,0,48348,17188,0,0,0,0,0,,0
2,1500,0,0,48126,17410,0,0,0,0,0,,0
2,1501,3,0,46409,19127,0,0,0,2,2,0;2,0
2,1502,0,0,48840,16696,0,0,0,0,0,,0
2,1503,0,0,47051,18485,0,0,0,0,0,,0
2,1504,0,0,63929,1607,0,0,0,0,0,,0
2,1505,0,0,65113,423,0,0,0,0,0,,0
2,1506,0,0,63510,2026,0,0,0,0,0,,0
2,1507,0,0,53023,12513,0,0,0,0,0,,0
2,1508,0,0,55382,10154,0,0,0,0,0,,0
2,1509,0,0,43815,21721,0,0,0,0,0,,0
2,1510,11,0,45063,20473,0,0,0,4,3,0;1;2,0
2,1511,0,0,56320,9216,0,0,0,0,0,,0
2,1512,0,0,50376,15160,0,0,0,0,0,,0
2,1513,3,0,57277,8259,0,0,0,2,2,0;2,0
2,1514,0,0,62961,2575,0,0,0,0,0,,0
2,1515,4,0,43317,22219,0,0,0,2,2,0;2,0
2,1516,0,0,41364,24172,0,0,0,0,0,,0
2,1517,0,0,57057,8479,0,0,0,0,0,,0
2,1518,0,0,40613,24923,0,0,0,0,0,,0
2,1519,0,0,65174,362,0,0,0,0,0,,0
2,1520,0,0,65433,103,0,0,0,0,0,,0
2,1521,0,0,65293,243,0,0,0,0,0,,0
2,1522,0,0,65320,216,0,0,0,0,0,,0
2,1523,0,0,64427,1109,0,0,0,0,0,,0
2,1524,0,0,65536,0,0,0,0,0,0,,0
2,1525,0,0,64586,950,0,0,0,0,0,,0
2,1526,0,0,65536,0,0,0,0,0,0,,0
2,1527,0,0,55657,9879,0,0,0,0,0,,0
2,1528,0,0,56125,9411,0,0,0,0,0,,0
2,1529,0,0,52551,12985,0,0,0,0,0,,0
2,1530,0,0,54303,11233,0,0,0,0,0,,0
2,1531,0,0,52543,12993,0,0,0,0,0,,0
2,1532,0,0,60542,4994,0,0,0,0,0,,0
2,1533,0,0,61259,4277,0,0,0,0,0,,0
2,1534,0,0,60793,4743,0,0,0,0,0,,0
2,1535,0,0,63666,1870,0,0,0,0,0,,0
2,1536,4,0,61610,3926,0,0,0,2,2,1;2,0
2,1537,0,0,59989,5547,0,0,0,0,0,,0
2,1538,0,0,0,0,65536,65536,65536,0,0,,0
2,1539,0,0,0,0,65536,65536,65536,0,0,,0
2,1540,0,0,0,0,65536,65536,65536,0,0,,0
2,1541,0,0,0,0,65536,65536,65536,0,0,,0
2,1542,0,0,0,0,65536,65536,65536,0,0,,0
2,1543,0,0,0,0,65536,65536,65536,0,0,,0
2,1544,0,0,0,0,65536,65536,65536,0,0,,0
2,1545,0,0,0,0,65536,65536,65536,0,0,,0
2,1546,0,0,0,0,65536,65536,65536,0,0,,0
2,1547,0,0,49069,16467,0,0,0,0,0,,0
2,1548,0,0,50111,15425,0,0,0,0,0,,0
2,1549,0,0,49623,15913,0,0,0,0,0,,0
2,1550,0,0,47660,17876,0,0,0,0,0,,0
2,1551,0,0,51142,14394,0,0,0,0,0,,0
2,1552,0,0,47622,17914,0,0,0,0,0,,0
2,1553,3,0,47174,18362,0,0,0,2,2,0;2,0
2,1554,0,0,40126,25410,0,0,0,0,0,,0
2,1555,0,0,54415,11121,0,0,0,0,0,,0
2,1556,0,0,54794,10742,0,0,0,0,0,,0
2,1557,0,0,51273,14263,0,0,0,0,0,,0
2,1558,0,0,0,0,65536,65536,65536,0,0,,0
2,1559,0,0,0,0,65536,65536,65536,0,0,,0
2,1560,0,0,0,0,65536,65536,65536,0,0,,0
2,1561,0,0,51794,13742,0,0,0,0,0,,0
2,1562,0,0,51269,14267,0,0,0,0,0,,0
2,1563,0,0,48748,16788,0,0,0,0,0,,0
2,1564,0,0,63185,2351,0,0,0,0,0,,0
2,1565,0,0,61864,3672,0,0,0,0,0,,0
2,1566,0,0,61093,4443,0,0,0,0,0,,0
2,1567,4,0,54198,11338,0,0,0,2,2,0;2,0
2,1568,0,0,48111,17425,0,0,0,0,0,,0
2,1569,0,0,50847,14689,0,0,0,0,0,,0
2,1570,2,0,45621,19915,0,0,0,2,2,1;2,0
2,1571,4,0,50690,14846,0,0,0,2,2,1;2,0
2,1572,0,0,41593,23943,0,0,0,0,0,,0
2,1573,0,0,45785,19751,0,0,0,0,0,,0
2,1574,0,0,42363,23173,0,0,0,0,0,,0
2,1575,0,0,59710,5826,0,0,0,0,0,,0
2,1576,0,0,45628,19908,0,0,0,0,0,,0
2,1577,0,0,47250,18286,0,0,0,0,0,,0
2,1578,13,0,40417,25119,0,0,0,2,2,2;4,0
2,1579,0,0,52113,13423,0,0,0,0,0,,0
2,1580,0,0,41651,23885,0,0,0,0,0,,0
2,1581,0,0,45641,19895,0,0,0,0,0,,0
2,1582,0,0,60341,5195,0,0,0,0,0,,0
2,1583,18,0,54213,11323,0,0,0,2,2,1;2,0
2,1584,0,0,49385,16151,0,0,0,0,0,,0
2,1585,0,0,45603,19933,0,0,0,0,0,,0
2,1586,0,0,44000,21536,0,0,0,0,0,,0
2,1587,0,0,43268,22268,0,0,0,0,0,,0
2,1588,2,0,45445,20091,0,0,0,2,2,2;4,0
2,1589,0,0,40335,25201,0,0,0,0,0,,0
2,1590,0,0,42649,22887,0,0,0,0,0,,0
2,1591,0,0,48349,17187,0,0,0,0,0,,0
2,1592,0,0,58146,7390,0,0,0,0,0,,0
2,1593,0,0,51156,14380,0,0,0,0,0,,0
2,1594,0,0,48429,17107,0,0,0,0,0,,0
2,1595,0,0,59533,6003,0,0,0,0,0,,0
2,1596,0,0,65309,227,0,0,0,0,0,,0
2,1597,0,0,51211,14325,0,0,0,0,0,,0
2,1598,0,0,53765,11771,0,0,0,0,0,,0
2,1599,0,0,49837,15699,0,0,0,0,0,,0
2,1600,0,0,65536,0,0,0,0,0,0,,0
2,1601,0,0,65536,0,0,0,0,0,0,,0
2,1602,0,0,49974,15562,0,0,0,0,0,,0
2,1603,0,0,60517,5019,0,0,0,0,0,,0
2,1604,0,0,48770,16766,0,0,0,0,0,,0
2,1605,0,0,62228,3308,0,0,0,0,0,,0
2,1606,0,0,61600,3936,0,0,0,0,0,,0
2,1607,0,0,65536,0,0,0,0,0,0,,0
2,1608,0,0,58542,6994,0,0,0,0,0,,0
2,1609,0,0,49551,15985,0,0,0,0,0,,0
2,1610,0,0,54666,10870,0,0,0,0,0,,0
2,1611,0,0,56457,9079,0,0,0,0,0,,0
2,1612,0,0,61859,3677,0,0,0,0,0,,0
2,1613,0,0,54232,11304,0,0,0,0,0,,0
2,1614,0,0,57778,7758,0,0,0,0,0,,0
2,1615,0,0,51483,14053,0,0,0,0,0,,0
2,1616,0,0,55700,9836,0,0,0,0,0,,0
2,1617,0,0,56069,9467,0,0,0,0,0,,0
2,1618,0,0,57087,8449,0,0,0,0,0,,0
2,1619,0,0,55094,10442,0,0,0,0,0,,0
2,1620,0,0,64954,582,0,0,0,0,0,,0
2,1621,0,0,63931,1605,0,0,0,0,0,,0
2,1622,0,0,64497,1039,0,0,0,0,0,,0
2,1623,0,0,54697,10839,0,0,0,0,0,,0
2,1624,0,0,65484,52,0,0,0,0,0,,0
2,1625,0,0,53494,12042,0,0,0,0,0,,0
2,1626,0,0,54015,11521,0,0,0,0,0,,0
2,1627,0,0,46906,18630,0,0,0,0,0,,0
2,1628,3,0,55462,10074,0,0,0,2,2,1;2,0
2,1629,0,0,46213,19323,0,0,0,0,0,,0
2,1630,18,0,45048,20488,0,0,0,2,2,1;2,0
2,1631,0,0,61746,3790,0,0,0,0,0,,0
2,1632,0,0,47753,17783,0,0,0,0,0,,0
2,1633,0,0,47297,18239,0,0,0,0,0,,0
2,1634,0,0,51841,13695,0,0,0,0,0,,0
2,1635,0,0,48091,17445,0,0,0,0,0,,0
2,1636,0,0,48287,17249,0,0,0,0,0,,0
2,1637,2,0,47850,17686,0,0,0,2,2,1;2,0
2,1638,0,0,51464,14072,0,0,0,0,0,,0
2,1639,0,0,53942,11594,0,0,0,0,0,,0
2,1640,12,0,58609,6927,0,0,0,2,2,2;4,0
2,1641,0,0,56833,8703,0,0,0,0,0,,0
2,1642,0,0,51314,14222,0,0,0,0,0,,0
2,1643,0,0,54467,11069,0,0,0,0,0,,0
2,1644,0,0,43633,21903,0,0,0,0,0,,0
2,1645,0,0,42139,23397,0,0,0,0,0,,0
2,1646,0,0,49658,15878,0,0,0,0,0,,0
2,1647,0,0,47399,18137,0,0,0,0,0,,0
2,1648,0,0,44715,20821,0,0,0,0,0,,0
2,1649,0,0,51923,13613,0,0,0,0,0,,0
2,1650,0,0,62544,2992,0,0,0,0,0,,0
2,1651,0,0,65536,0,0,0,0,0,0,,0
2,1652,0,0,54709,10827,0,0,0,0,0,,0
2,1653,0,0,65536,0,0,0,0,0,0,,0
2,1654,0,0,51107,14429,0,0,0,0,0,,0
2,1655,0,0,44595,20941,0,0,0,0,0,,0
2,1656,0,0,46076,19460,0,0,0,0,0,,0
2,1657,0,0,65536,0,0,0,0,0,0,,0
2,1658,0,0,62948,2588,0,0,0,0,0,,0
2,1659,0,0,45625,19911,0,0,0,0,0,,0
2,1660,0,0,65536,0,0,0,0,0,0,,0
2,1661,0,0,65536,0,0,0,0,0,0,,0
2,1662,0,0,65536,0,0,0,0,0,0,,0
2,1663,0,0,57801,7735,0,0,0,0,0,,0
2,1664,0,0,45536,20000,0,0,0,0,0,,0
2,1665,0,0,65536,0,0,0,0,0,0,,0
2,1666,1,0,55782,9754,0,0,0,2,2,1;2,0
2,1667,0,0,50115,15421,0,0,0,0,0,,0
2,1668,0,0,53436,12100,0,0,0,0,0,,0
2,1669,0,0,51208,14328,0,0,0,0,0,,0
2,1670,0,0,52718,12818,0,0,0,0,0,,0
2,1671,0,0,42020,23516,0,0,0,0,0,,0
2,1672,0,0,60679,4857,0,0,0,0,0,,0
2,1673,0,0,50376,15160,0,0,0,0,0,,0
2,1674,0,0,53017,12519,0,0,0,0,0,,0
2,1675,0,0,45268,20268,0,0,0,0,0,,0
2,1676,14,0,50428,15108,0,0,0,2,2,1;4,0
2,1677,0,0,52914,12622,0,0,0,0,0,,0
2,1678,0,0,63701,1835,0,0,0,0,0,,0
2,1679,0,0,61257,4279,0,0,0,0,0,,0
2,1680,0,0,49631,15905,0,0,0,0,0,,0
2,1681,0,0,54968,10568,0,0,0,0,0,,0
2,1682,0,0,44175,21361,0,0,0,0,0,,0
2,1683,0,0,49347,16189,0,0,0,0,0,,0
2,1684,0,0,0,0,65536,65536,65536,0,0,,0
2,1685,0,0,0,0,65536,65536,65536,0,0,,0
2,1686,0,0,0,0,65536,65536,65536,0,0,,0
2,1687,0,0,0,0,65536,65536,65536,0,0,,0
2,1688,0,0,0,0,65536,65536,65536,0,0,,0
2,1689,0,0,0,0,65536,65536,65536,0,0,,0
2,1690,0,0,0,0,65536,65536,65536,0,0,,0
2,1691,0,0,0,0,65536,65536,65536,0,0,,0
2,1692,0,0,0,0,65536,65536,65536,0,0,,0
2,1693,0,0,0,0,65536,65536,65536,0,0,,0
2,1694,0,0,0,0,65536,65536,65536,0,0,,0
2,1695,0,0,0,0,65536,65536,65536,0,0,,0
2,1696,0,0,0,0,65536,65536,65536,0,0,,0
2,1697,0,0,0,0,65536,65536,65536,0,0,,0
2,1698,0,0,0,0,65536,65536,65536,0,0,,0
2,1699,0,0,0,0,65536,65536,65536,0,0,,0
2,1700,0,0,0,0,65536,65536,65536,0,0,,0
2,1701,0,0,0,0,65536,65536,65536,0,0,,0
2,1702,0,0,0,0,65536,65536,65536,0,0,,0
2,1703,10,0,42867,22669,0,0,0,2,2,1;4,0
2,1704,0,0,45928,19608,0,0,0,0,0,,0
2,1705,13,0,43477,22059,0,0,0,2,2,1;4,0
2,1706,0,0,47696,17840,0,0,0,0,0,,0
2,1707,0,0,56517,9019,0,0,0,0,0,,0
2,1708,0,0,46968,18568,0,0,0,0,0,,0
2,1709,0,0,55181,10355,0,0,0,0,0,,0
2,1710,0,0,50544,14992,0,0,0,0,0,,0
2,1711,0,0,41474,24062,0,0,0,0,0,,0
2,1712,12,0,44935,20601,0,0,0,2,2,1;4,0
2,1713,0,0,45094,20442,0,0,0,0,0,,0
2,1714,4,0,48872,16664,0,0,0,2,2,1;4,0
2,1715,0,0,58802,6734,0,0,0,0,0,,0
2,1716,1,0,50470,15066,0,0,0,2,2,1;2,0
2,1717,0,0,40870,24666,0,0,0,0,0,,0
2,1718,0,0,46983,18553,0,0,0,0,0,,0
2,1719,11,0,48903,16633,0,0,0,2,2,1;2,0
2,1720,0,0,52012,13524,0,0,0,0,0,,0
2,1721,0,0,45446,20090,0,0,0,0,0,,0
2,1722,0,0,56446,9090,0,0,0,0,0,,0
2,1723,0,0,46184,19352,0,0,0,0,0,,0
2,1724,15,0,43856,21680,0,0,0,2,2,1;4,0
2,1725,0,0,56495,9041,0,0,0,0,0,,0
2,1726,0,0,53636,11900,0,0,0,0,0,,0
2,1727,231,0,38873,26663,0,0,0,2,2,1;2,0
2,1728,0,0,52298,13238,0,0,0,0,0,,0
2,1729,0,0,43329,22207,0,0,0,0,0,,0
2,1730,0,0,54844,10692,0,0,0,0,0,,0
2,1731,1,0,46975,18561,0,0,0,2,2,1;2,0
2,1732,0,0,46601,18935,0,0,0,0,0,,0
2,1733,0,0,46418,19118,0,0,0,0,0,,0
2,1734,0,0,65500,36,0,0,0,0,0,,0
2,1735,17,0,50510,15026,0,0,0,4,2,1;2,0
2,1736,0,0,48932,16604,0,0,0,0,0,,0
2,1737,0,0,57427,8109,0,0,0,0,0,,0
2,1738,0,0,65536,0,0,0,0,0,0,,0
2,1739,0,0,48328,17208,0,0,0,0,0,,0
2,1740,0,0,53842,11694,0,0,0,0,0,,0
2,1741,0,0,65536,0,0,0,0,0,0,,0
2,1742,0,0,65536,0,0,0,0,0,0,,0
2,1743,0,0,65536,0,0,0,0,0,0,,0
2,1744,0,0,51040,14496,0,0,0,0,0,,0
2,1745,0,0,46977,18559,0,0,0,0,0,,0
2,1746,0,0,65536,0,0,0,0,0,0,,0
2,1747,0,0,49214,16322,0,0,0,0,0,,0
2,1748,0,0,56406,9130,0,0,0,0,0,,0
2,1749,0,0,65536,0,0,0,0,0,0,,0
2,1750,0,0,56737,8799,0,0,0,0,0,,0
2,1751,0,0,53194,12342,0,0,0,0,0,,0
2,1752,0,0,62524,3012,0,0,0,0,0,,0
2,1753,0,0,58337,7199,0,0,0,0,0,,0
2,1754,0,0,46138,19398,0,0,0,0,0,,0
2,1755,13,0,44347,21189,0,0,0,2,2,1;2,0
2,1756,0,0,56386,9150,0,0,0,0,0,,0
2,1757,0,0,61398,4138,0,0,0,0,0,,0
2,1758,0,0,52337,13199,0,0,0,0,0,,0
2,1759,0,0,54109,11427,0,0,0,0,0,,0
2,1760,0,0,51255,14281,0,0,0,0,0,,0
2,1761,0,0,55940,9596,0,0,0,0,0,,0
2,1762,0,0,54283,11253,0,0,0,0,0,,0
2,1763,0,0,52381,13155,0,0,0,0,0,,0
2,1764,0,0,61412,4124,0,0,0,0,0,,0
2,1765,0,0,61068,4468,0,0,0,0,0,,0
2,1766,0,0,60517,5019,0,0,0,0,0,,0
2,1767,0,0,52805,12731,0,0,0,0,0,,0
2,1768,0,0,59758,5778,0,0,0,0,0,,0
2,1769,0,0,57950,7586,0,0,0,0,0,,0
2,1770,0,0,56562,8974,0,0,0,0,0,,0
2,1771,0,0,60940,4596,0,0,0,0,0,,0
2,1772,0,0,60347,5189,0,0,0,0,0,,0
2,1773,0,0,60376,5160,0,0,0,0,0,,0
2,1774,0,0,52752,12784,0,0,0,0,0,,0
2,1775,0,0,58792,6744,0,0,0,0,0,,0
2,1776,0,0,57099,8437,0,0,0,0,0,,0
2,1777,0,0,57111,8425,0,0,0,0,0,,0
2,1778,0,0,46927,18609,0,0,0,0,0,,0
2,1779,0,0,44996,20540,0,0,0,0,0,,0
2,1780,0,0,61805,3731,0,0,0,0,0,,0
2,1781,0,0,51661,13875,0,0,0,0,0,,0
2,1782,0,0,40957,24579,0,0,0,0,0,,0
2,1783,0,0,49867,15669,0,0,0,0,0,,0
2,1784,0,0,46947,18589,0,0,0,0,0,,0
2,1785,0,0,48336,17200,0,0,0,0,0,,0
2,1786,0,0,46249,19287,0,0,0,0,0,,0
2,1787,0,0,49404,16132,0,0,0,0,0,,0
2,1788,0,0,52513,13023,0,0,0,0,0,,0
2,1789,0,0,48632,16904,0,0,0,0,0,,0
2,1790,0,0,53099,12437,0,0,0,0,0,,0
2,1791,0,0,50945,14591,0,0,0,0,0,,0
2,1792,0,0,47779,17757,0,0,0,0,0,,0
2,1793,0,0,52014,13522,0,0,0,0,0,,0
2,1794,0,0,61542,3994,0,0,0,0,0,,0
2,1795,12,0,43768,21768,0,0,0,2,2,2;4,0
2,1796,0,0,57488,8048,0,0,0,0,0,,0
2,1797,0,0,48583,16953,0,0,0,0,0,,0
2,1798,0,0,53619,11917,0,0,0,0,0,,0
2,1799,0,0,48637,16899,0,0,0,0,0,,0
2,1800,0,0,62322,3214,0,0,0,0,0,,0
2,1801,0,0,60424,5112,0,0,0,0,0,,0
2,1802,0,0,61677,3859,0,0,0,0,0,,0
2,1803,0,0,57657,7879,0,0,0,0,0,,0
2,1804,0,0,56260,9276,0,0,0,0,0,,0
2,1805,0,0,56294,9242,0,0,0,0,0,,0
2,1806,0,0,50700,14836,0,0,0,0,0,,0
2,1807,0,0,48952,16584,0,0,0,0,0,,0
2,1808,0,0,59391,6145,0,0,0,0,0,,0
2,1809,0,0,51452,14084,0,0,0,0,0,,0
2,1810,0,0,50059,15477,0,0,0,0,0,,0
2,1811,0,0,60186,5350,0,0,0,0,0,,0
2,1812,0,0,55902,9634,0,0,0,0,0,,0
2,1813,0,0,53515,12021,0,0,0,0,0,,0
2,1814,0,0,50352,15184,0,0,0,0,0,,0
2,1815,0,0,47216,18320,0,0,0,0,0,,0
2,1816,1,0,57465,8071,0,0,0,2,2,0;2,0
2,1817,0,0,62316,3220,0,0,0,0,0,,0
2,1818,0,0,53234,12302,0,0,0,0,0,,0
2,1819,3,0,57890,7646,0,0,0,2,2,0;2,0
2,1820,0,0,51285,14251,0,0,0,0,0,,0
2,1821,0,0,55857,9679,0,0,0,0,0,,0
2,1822,0,0,45237,20299,0,0,0,0,0,,0
2,1823,1,0,42689,22847,0,0,0,2,2,0;2,0
2,1824,0,0,61140,4396,0,0,0,0,0,,0
2,1825,4,0,56678,8858,0,0,0,2,2,0;2,0
2,1826,1,0,53790,11746,0,0,0,2,2,0;2,0
2,1827,0,0,52048,13488,0,0,0,0,0,,0
2,1828,7,0,48719,16817,0,0,0,4,3,0;1;2,0
2,1829,0,0,59410,6126,0,0,0,0,0,,0
2,1830,0,0,56641,8895,0,0,0,0,0,,0
2,1831,0,0,59355,6181,0,0,0,0,0,,0
2,1832,0,0,57818,7718,0,0,0,0,0,,0
2,1833,0,0,60444,5092,0,0,0,0,0,,0
2,1834,0,0,58124,7412,0,0,0,0,0,,0
2,1835,0,0,50817,14719,0,0,0,0,0,,0
2,1836,0,0,56002,9534,0,0,0,0,0,,0
2,1837,0,0,56193,9343,0,0,0,0,0,,0
2,1838,0,0,54269,11267,0,0,0,0,0,,0
2,1839,0,0,57619,7917,0,0,0,0,0,,0
2,1840,0,0,50268,15268,0,0,0,0,0,,0
2,1841,0,0,55173,10363,0,0,0,0,0,,0
2,1842,0,0,59895,5641,0,0,0,0,0,,0
2,1843,0,0,60392,5144,0,0,0,0,0,,0
2,1844,0,0,61368,4168,0,0,0,0,0,,0
2,1845,0,0,0,0,65536,65536,65536,0,0,,0
2,1846,0,0,0,0,65536,65536,65536,0,0,,0
2,1847,0,0,0,0,65536,65536,65536,0,0,,0
2,1848,0,0,0,0,65536,65536,65536,0,0,,0
2,1849,0,0,0,0,65536,65536,65536,0,0,,0
2,1850,0,0,0,0,65536,65536,65536,0,0,,0
2,1851,0,0,0,0,65536,65536,65536,0,0,,0
2,1852,0,0,0,0,65536,65536,65536,0,0,,0
2,1853,0,0,0,0,65536,65536,65536,0,0,,0
2,1854,0,0,57590,7946,0,0,0,0,0,,0
2,1855,0,0,56528,9008,0,0,0,0,0,,0
2,1856,0,0,59148,6388,0,0,0,0,0,,0
2,1857,0,0,58172,7364,0,0,0,0,0,,0
2,1858,0,0,60246,5290,0,0,0,0,0,,0
2,1859,0,0,61762,3774,0,0,0,0,0,,0
2,1860,0,0,61137,4399,0,0,0,0,0,,0
2,1861,0,0,62792,2744,0,0,0,0,0,,0
2,1862,0,0,59554,5982,0,0,0,0,0,,0
2,1863,0,0,58459,7077,0,0,0,0,0,,0
2,1864,0,0,56617,8919,0,0,0,0,0,,0
2,1865,0,0,60606,4930,0,0,0,0,0,,0
2,1866,0,0,58012,7524,0,0,0,0,0,,0
2,1867,0,0,57147,8389,0,0,0,0,0,,0
2,1868,0,0,55056,10480,0,0,0,0,0,,0
2,1869,2,0,54914,10622,0,0,0,2,2,1;2,0
2,1870,0,0,48641,16895,0,0,0,0,0,,0
2,1871,0,0,54927,10609,0,0,0,0,0,,0
2,1872,0,0,55905,9631,0,0,0,0,0,,0
2,1873,0,0,55978,9558,0,0,0,0,0,,0
2,1874,0,0,54239,11297,0,0,0,0,0,,0
2,1875,0,0,57024,8512,0,0,0,0,0,,0
2,1876,0,0,65536,0,0,0,0,0,0,,0
2,1877,0,0,50753,14783,0,0,0,0,0,,0
2,1878,0,0,53129,12407,0,0,0,0,0,,0
2,1879,0,0,60684,4852,0,0,0,0,0,,0
2,1880,4,0,63902,1634,0,0,0,2,2,0;1,0
2,1881,11,0,42685,22851,0,0,0,4,2,0;1,0
2,1882,0,0,48281,17255,0,0,0,0,0,,0
2,1883,0,0,52989,12547,0,0,0,0,0,,0
2,1884,0,0,53028,12508,0,0,0,0,0,,0
2,1885,0,0,56584,8952,0,0,0,0,0,,0
2,1886,0,0,50791,14745,0,0,0,0,0,,0
2,1887,0,0,57128,8408,0,0,0,0,0,,0
2,1888,0,0,56650,8886,0,0,0,0,0,,0
2,1889,0,0,65536,0,0,0,0,0,0,,0
2,1890,0,0,60133,5403,0,0,0,0,0,,0
2,1891,0,0,64073,1463,0,0,0,0,0,,0
2,1892,0,0,60563,4973,0,0,0,0,0,,0
2,1893,0,0,60770,4766,0,0,0,0,0,,0
2,1894,0,0,42262,23274,0,0,0,0,0,,0
2,1895,0,0,40644,24892,0,0,0,0,0,,0
2,1896,15,0,44632,20904,0,0,0,6,2,1;2,0
2,1897,0,0,55450,10086,0,0,0,0,0,,0
2,1898,0,0,53329,12207,0,0,0,0,0,,0
2,1899,0,0,55919,9617,0,0,0,0,0,,0
2,1900,0,0,56813,8723,0,0,0,0,0,,0
2,1901,0,0,63615,1921,0,0,0,0,0,,0
2,1902,0,0,59400,6136,0,0,0,0,0,,0
2,1903,0,0,63006,2530,0,0,0,0,0,,0
2,1904,0,0,59447,6089,0,0,0,0,0,,0
2,1905,2,0,62758,2778,0,0,0,2,2,1;2,0
2,1906,0,0,64004,1532,0,0,0,0,0,,0
2,1907,0,0,59659,5877,0,0,0,0,0,,0
2,1908,0,0,53206,12330,0,0,0,0,0,,0
2,1909,0,0,61103,4433,0,0,0,0,0,,0
2,1910,0,0,47493,18043,0,0,0,0,0,,0
2,1911,0,0,62975,2561,0,0,0,0,0,,0
2,1912,0,0,63403,2133,0,0,0,0,0,,0
2,1913,0,0,62774,2762,0,0,0,0,0,,0
2,1914,0,0,61159,4377,0,0,0,0,0,,0
2,1915,0,0,62402,3134,0,0,0,0,0,,0
2,1916,0,0,58377,7159,0,0,0,0,0,,0
2,1917,0,0,64890,646,0,0,0,0,0,,0
2,1918,0,0,63397,2139,0,0,0,0,0,,0
2,1919,0,0,63132,2404,0,0,0,0,0,,0
2,1920,0,0,62858,2678,0,0,0,0,0,,0
2,1921,0,0,65536,0,0,0,0,0,0,,0
2,1922,0,0,61394,4142,0,0,0,0,0,,0
2,1923,0,0,65378,158,0,0,0,0,0,,0
2,1924,0,0,65314,222,0,0,0,0,0,,0
2,1925,0,0,65515,21,0,0,0,0,0,,0
2,1926,0,0,64017,1519,0,0,0,0,0,,0
2,1927,0,0,62553,2983,0,0,0,0,0,,0
2,1928,0,0,0,0,65536,65536,65536,0,0,,0
2,1929,0,0,0,0,65536,65536,65536,0,0,,0
2,1930,0,0,0,0,65536,65536,65536,0,0,,0
2,1931,0,0,0,0,65536,65536,65536,0,0,,0
2,1932,0,0,0,0,65536,65536,65536,0,0,,0
2,1933,0,0,0,0,65536,65536,65536,0,0,,0
2,1934,0,0,65064,472,0,0,0,0,0,,0
2,1935,0,0,64996,540,0,0,0,0,0,,0
2,1936,0,0,65536,0,0,0,0,0,0,,0
2,1937,0,0,64834,702,0,0,0,0,0,,0
2,1938,0,0,65135,401,0,0,0,0,0,,0
2,1939,0,0,65399,137,0,0,0,0,0,,0
2,1940,0,0,65419,117,0,0,0,0,0,,0
2,1941,0,0,62611,2925,0,0,0,0,0,,0
2,1942,0,0,62828,2708,0,0,0,0,0,,0
2,1943,0,0,63727,1809,0,0,0,0,0,,0
2,1944,0,0,62721,2815,0,0,0,0,0,,0
2,1945,0,0,62381,3155,0,0,0,0,0,,0
2,1946,0,0,63018,2518,0,0,0,0,0,,0
2,1947,0,0,61958,3578,0,0,0,0,0,,0
2,1948,0,0,60690,4846,0,0,0,0,0,,0
2,1949,0,0,62184,3352,0,0,0,0,0,,0
2,1950,0,0,62868,2668,0,0,0,0,0,,0
2,1951,0,0,60712,4824,0,0,0,0,0,,0
2,1952,0,0,59483,6053,0,0,0,0,0,,0
2,1953,0,0,63756,1780,0,0,0,0,0,,0
2,1954,0,0,64612,924,0,0,0,0,0,,0
2,1955,0,0,64349,1187,0,0,0,0,0,,0
2,1956,0,0,64548,988,0,0,0,0,0,,0
2,1957,0,0,63727,1809,0,0,0,0,0,,0
2,1958,0,0,62911,2625,0,0,0,0,0,,0
2,1959,0,0,64465,1071,0,0,0,0,0,,0
2,1960,0,0,64754,782,0,0,0,0,0,,0
2,1961,0,0,62935,2601,0,0,0,0,0,,0
2,1962,0,0,51427,14109,0,0,0,0,0,,0
2,1963,0,0,52055,13481,0,0,0,0,0,,0
2,1964,0,0,52785,12751,0,0,0,0,0,,0
2,1965,0,0,63767,1769,0,0,0,0,0,,0
2,1966,0,0,61211,4325,0,0,0,0,0,,0
2,1967,0,0,62054,3482,0,0,0,0,0,,0
2,1968,0,0,62659,2877,0,0,0,0,0,,0
2,1969,0,0,33665,31871,0,0,0,0,0,,0
2,1970,0,0,45942,19594,0,0,0,0,0,,0
2,1971,0,0,41231,24305,0,0,0,0,0,,0
2,1972,0,0,57269,8267,0,0,0,0,0,,0
2,1973,0,0,54832,10704,0,0,0,0,0,,0
2,1974,0,0,49915,15621,0,0,0,0,0,,0
2,1975,0,0,52007,13529,0,0,0,0,0,,0
2,1976,0,0,46671,18865,0,0,0,0,0,,0
2,1977,0,0,47895,17641,0,0,0,0,0,,0
2,1978,0,0,56263,9273,0,0,0,0,0,,0
2,1979,3,0,52938,12598,0,0,0,2,2,1;2,0
2,1980,0,0,52021,13515,0,0,0,0,0,,0
2,1981,0,0,55363,10173,0,0,0,0,0,,0
2,1982,0,0,46481,19055,0,0,0,0,0,,0
2,1983,0,0,43725,21811,0,0,0,0,0,,0
2,1984,0,0,38575,26961,0,0,0,0,0,,0
2,1985,0,0,49824,15712,0,0,0,0,0,,0
2,1986,0,0,39842,25694,0,0,0,0,0,,0
2,1987,0,0,47312,18224,0,0,0,0,0,,0
2,1988,0,0,50068,15468,0,0,0,0,0,,0
2,1989,5,0,47668,17868,0,0,0,2,2,0;1,0
2,1990,18,0,48831,16705,0,0,0,3,2,0;2,0
2,1991,0,0,42727,22809,0,0,0,0,0,,0
2,1992,0,0,61761,3775,0,0,0,0,0,,0
2,1993,0,0,58786,6750,0,0,0,0,0,,0
2,1994,0,0,57443,8093,0,0,0,0,0,,0
2,1995,0,0,46903,18633,0,0,0,0,0,,0
2,1996,0,0,63271,2265,0,0,0,0,0,,0
2,1997,0,0,61945,3591,0,0,0,0,0,,0
2,1998,0,0,65536,0,0,0,0,0,0,,0
2,1999,0,0,65536,0,0,0,0,0,0,,0
2,2000,0,0,65536,0,0,0,0,0,0,,0
2,2001,0,0,65237,299,0,0,0,0,0,,0
2,2002,0,0,65266,270,0,0,0,0,0,,0
2,2003,0,0,65536,0,0,0,0,0,0,,0
2,2004,0,0,65536,0,0,0,0,0,0,,0
2,2005,0,0,65536,0,0,0,0,0,0,,0
2,2006,0,0,65437,99,0,0,0,0,0,,0
2,2007,0,0,42634,22902,0,0,0,0,0,,0
2,2008,0,0,41101,24435,0,0,0,0,0,,0
2,2009,1,0,48513,17023,0,0,0,2,2,1;2,0
2,2010,0,0,53660,11876,0,0,0,0,0,,0
2,2011,0,0,45767,19769,0,0,0,0,0,,0
2,2012,0,0,44907,20629,0,0,0,0,0,,0
2,2013,0,0,35626,29910,0,0,0,0,0,,0
2,2014,0,0,57042,8494,0,0,0,0,0,,0
2,2015,0,0,59505,6031,0,0,0,0,0,,0
2,2016,0,0,58802,6734,0,0,0,0,0,,0
2,2017,0,0,57935,7601,0,0,0,0,0,,0
2,2018,0,0,58643,6893,0,0,0,0,0,,0
2,2019,0,0,65536,0,0,0,0,0,0,,0
2,2020,0,0,65072,464,0,0,0,0,0,,0
2,2021,0,0,65536,0,0,0,0,0,0,,0
2,2022,0,0,64454,1082,0,0,0,0,0,,0
2,2023,0,0,65176,360,0,0,0,0,0,,0
2,2024,0,0,64519,1017,0,0,0,0,0,,0
2,2025,0,0,61218,4318,0,0,0,0,0,,0
2,2026,0,0,63367,2169,0,0,0,0,0,,0
2,2027,0,0,63655,1881,0,0,0,0,0,,0
2,2028,0,0,61976,3560,0,0,0,0,0,,0
2,2029,0,0,61260,4276,0,0,0,0,0,,0
2,2030,0,0,53563,11973,0,0,0,0,0,,0
2,2031,0,0,46885,18651,0,0,0,0,0,,0
2,2032,0,0,52670,12866,0,0,0,0,0,,0
2,2033,0,0,47859,17677,0,0,0,0,0,,0
2,2034,0,0,48964,16572,0,0,0,0,0,,0
2,2035,0,0,50094,15442,0,0,0,0,0,,0
2,2036,0,0,64199,1337,0,0,0,0,0,,0
2,2037,0,0,62054,3482,0,0,0,0,0,,0
2,2038,0,0,57393,8143,0,0,0,0,0,,0
2,2039,0,0,62700,2836,0,0,0,0,0,,0
2,2040,0,0,61153,4383,0,0,0,0,0,,0
2,2041,0,0,61566,3970,0,0,0,0,0,,0
2,2042,4,0,49715,15821,0,0,0,2,2,0;2,0
2,2043,0,0,56415,9121,0,0,0,0,0,,0
2,2044,0,0,55334,10202,0,0,0,0,0,,0
2,2045,0,0,61547,3989,0,0,0,0,0,,0
2,2046,0,0,55632,9904,0,0,0,0,0,,0
2,2047,0,0,55891,9645,0,0,0,0,0,,0
2,2048,0,0,55734,9802,0,0,0,0,0,,0
2,2049,0,0,57752,7784,0,0,0,0,0,,0
2,2050,0,0,58011,7525,0,0,0,0,0,,0
2,2051,0,0,62893,2643,0,0,0,0,0,,0
2,2052,0,0,64025,1511,0,0,0,0,0,,0
2,2053,0,0,62416,3120,0,0,0,0,0,,0
2,2054,0,0,61695,3841,0,0,0,0,0,,0
2,2055,0,0,63274,2262,0,0,0,0,0,,0
2,2056,0,0,64005,1531,0,0,0,0,0,,0
2,2057,0,0,63428,2108,0,0,0,0,0,,0
2,2058,0,0,61573,3963,0,0,0,0,0,,0
2,2059,0,0,62128,3408,0,0,0,0,0,,0
2,2060,0,0,56801,8735,0,0,0,0,0,,0
2,2061,0,0,53616,11920,0,0,0,0,0,,0
2,2062,0,0,60118,5418,0,0,0,0,0,,0
2,2063,0,0,56971,8565,0,0,0,0,0,,0
2,2064,0,0,56915,8621,0,0,0,0,0,,0
2,2065,1,0,57055,8481,0,0,0,2,2,2;4,0
2,2066,0,0,58295,7241,0,0,0,0,0,,0
2,2067,0,0,59808,5728,0,0,0,0,0,,0
2,2068,0,0,60321,5215,0,0,0,0,0,,0
2,2069,0,0,61446,4090,0,0,0,0,0,,0
2,2070,0,0,62525,3011,0,0,0,0,0,,0
2,2071,0,0,57793,7743,0,0,0,0,0,,0
2,2072,0,0,57811,7725,0,0,0,0,0,,0
2,2073,0,0,46954,18582,0,0,0,0,0,,0
2,2074,0,0,50643,14893,0,0,0,0,0,,0
2,2075,0,0,53696,11840,0,0,0,0,0,,0
2,2076,0,0,60283,5253,0,0,0,0,0,,0
2,2077,0,0,58429,7107,0,0,0,0,0,,0
2,2078,0,0,49524,16012,0,0,0,0,0,,0
2,2079,0,0,53552,11984,0,0,0,0,0,,0
2,2080,0,0,60850,4686,0,0,0,0,0,,0
2,2081,0,0,62234,3302,0,0,0,0,0,,0
2,2082,0,0,61437,4099,0,0,0,0,0,,0
2,2083,0,0,54139,11397,0,0,0,0,0,,0
2,2084,0,0,51250,14286,0,0,0,0,0,,0
2,2085,0,0,48042,17494,0,0,0,0,0,,0
2,2086,0,0,57472,8064,0,0,0,0,0,,0
2,2087,8,0,51324,14212,0,0,0,2,2,0;2,0
2,2088,0,0,60134,5402,0,0,0,0,0,,0
2,2089,0,0,55706,9830,0,0,0,0,0,,0
2,2090,0,0,62277,3259,0,0,0,0,0,,0
2,2091,0,0,57108,8428,0,0,0,0,0,,0
2,2092,0,0,57236,8300,0,0,0,0,0,,0
2,2093,0,0,59777,5759,0,0,0,0,0,,0
2,2094,0,0,60255,5281,0,0,0,0,0,,0
2,2095,0,0,58577,6959,0,0,0,0,0,,0
2,2096,0,0,60646,4890,0,0,0,0,0,,0
2,2097,0,0,59497,6039,0,0,0,0,0,,0
2,2098,0,0,58914,6622,0,0,0,0,0,,0
2,2099,0,0,60551,4985,0,0,0,0,0,,0
2,2100,0,0,54939,10597,0,0,0,0,0,,0
2,2101,0,0,56100,9436,0,0,0,0,0,,0
2,2102,0,0,51909,13627,0,0,0,0,0,,0
2,2103,0,0,51555,13981,0,0,0,0,0,,0
2,2104,0,0,49539,15997,0,0,0,0,0,,0
2,2105,0,0,55159,10377,0,0,0,0,0,,0
2,2106,0,0,52779,12757,0,0,0,0,0,,0
2,2107,0,0,52336,13200,0,0,0,0,0,,0
2,2108,0,0,59835,5701,0,0,0,0,0,,0
2,2109,0,0,55513,10023,0,0,0,0,0,,0
2,2110,0,0,51085,14451,0,0,0,0,0,,0
2,2111,0,0,50449,15087,0,0,0,0,0,,0
2,2112,0,0,52033,13503,0,0,0,0,0,,0
2,2113,0,0,58227,7309,0,0,0,0,0,,0
2,2114,0,0,49612,15924,0,0,0,0,0,,0
2,2115,0,0,49424,16112,0,0,0,0,0,,0
2,2116,0,0,64400,1136,0,0,0,0,0,,0
2,2117,0,0,62334,3202,0,0,0,0,0,,0
2,2118,0,0,60477,5059,0,0,0,0,0,,0
2,2119,0,0,57644,7892,0,0,0,0,0,,0
2,2120,0,0,59747,5789,0,0,0,0,0,,0
2,2121,0,0,60852,4684,0,0,0,0,0,,0
2,2122,0,0,49138,16398,0,0,0,0,0,,0
2,2123,0,0,48254,17282,0,0,0,0,0,,0
2,2124,0,0,48142,17394,0,0,0,0,0,,0
2,2125,0,0,49093,16443,0,0,0,0,0,,0
2,2126,0,0,55142,10394,0,0,0,0,0,,0
2,2127,0,0,49562,15974,0,0,0,0,0,,0
2,2128,0,0,51964,13572,0,0,0,0,0,,0
2,2129,0,0,51407,14129,0,0,0,0,0,,0
2,2130,0,0,52094,13442,0,0,0,0,0,,0
2,2131,0,0,47842,17694,0,0,0,0,0,,0
2,2132,0,0,46997,18539,0,0,0,0,0,,0
2,2133,0,0,54188,11348,0,0,0,0,0,,0
2,2134,0,0,62682,2854,0,0,0,0,0,,0
2,2135,0,0,42786,22750,0,0,0,0,0,,0
2,2136,0,0,51900,13636,0,0,0,0,0,,0
2,2137,0,0,59024,6512,0,0,0,0,0,,0
2,2138,0,0,52582,12954,0,0,0,0,0,,0
2,2139,0,0,61933,3603,0,0,0,0,0,,0
2,2140,3,0,57469,8067,0,0,0,2,2,0;2,0
2,2141,0,0,49535,16001,0,0,0,0,0,,0
2,2142,7,0,47021,18515,0,0,0,4,3,0;1;2,0
2,2143,0,0,48157,17379,0,0,0,0,0,,0
2,2144,0,0,47394,18142,0,0,0,0,0,,0
2,2145,0,0,48401,17135,0,0,0,0,0,,0
2,2146,0,0,48653,16883,0,0,0,0,0,,0
2,2147,0,0,48858,16678,0,0,0,0,0,,0
2,2148,0,0,45737,19799,0,0,0,0,0,,0
2,2149,0,0,43620,21916,0,0,0,0,0,,0
2,2150,0,0,29632,35904,0,0,0,0,0,,0
2,2151,0,0,31095,34441,0,0,0,0,0,,0
2,2152,1,0,61219,4317,0,0,0,2,2,2;4,0
2,2153,0,0,59770,5766,0,0,0,0,0,,0
2,2154,0,0,60469,5067,0,0,0,0,0,,0
2,2155,0,0,61927,3609,0,0,0,0,0,,0
2,2156,0,0,56686,8850,0,0,0,0,0,,0
2,2157,0,0,59328,6208,0,0,0,0,0,,0
2,2158,0,0,58029,7507,0,0,0,0,0,,0
2,2159,0,0,58336,7200,0,0,0,0,0,,0
2,2160,0,0,61495,4041,0,0,0,0,0,,0
2,2161,0,0,64670,866,0,0,0,0,0,,0
2,2162,0,0,59288,6248,0,0,0,0,0,,0
2,2163,0,0,55959,9577,0,0,0,0,0,,0
2,2164,0,0,56925,8611,0,0,0,0,0,,0
2,2165,0,0,53086,12450,0,0,0,0,0,,0
2,2166,0,0,52003,13533,0,0,0,0,0,,0
2,2167,0,0,58030,7506,0,0,0,0,0,,0
2,2168,0,0,55793,9743,0,0,0,0,0,,0
2,2169,0,0,48925,16611,0,0,0,0,0,,0
2,2170,0,0,52109,13427,0,0,0,0,0,,0
2,2171,1,0,55704,9832,0,0,0,2,2,1;2,0
2,2172,0,0,50281,15255,0,0,0,0,0,,0
2,2173,0,0,62646,2890,0,0,0,0,0,,0
2,2174,0,0,52956,12580,0,0,0,0,0,,0
2,2175,0,0,64254,1282,0,0,0,0,0,,0
2,2176,0,0,56250,9286,0,0,0,0,0,,0
2,2177,0,0,57178,8358,0,0,0,0,0,,0
2,2178,3,0,57424,8112,0,0,0,2,2,1;2,0
2,2179,0,0,60038,5498,0,0,0,0,0,,0
2,2180,0,0,60957,4579,0,0,0,0,0,,0
2,2181,0,0,56145,9391,0,0,0,0,0,,0
2,2182,0,0,50075,15461,0,0,0,0,0,,0
2,2183,0,0,58993,6543,0,0,0,0,0,,0
2,2184,0,0,57448,8088,0,0,0,0,0,,0
2,2185,0,0,58707,6829,0,0,0,0,0,,0
2,2186,0,0,57493,8043,0,0,0,0,0,,0
2,2187,0,0,56222,9314,0,0,0,0,0,,0
2,2188,0,0,55543,9993,0,0,0,0,0,,0
2,2189,0,0,57216,8320,0,0,0,0,0,,0
2,2190,0,0,57799,7737,0,0,0,0,0,,0
2,2191,0,0,60878,4658,0,0,0,0,0,,0
2,2192,0,0,62793,2743,0,0,0,0,0,,0
2,2193,0,0,61899,3637,0,0,0,0,0,,0
2,2194,0,0,57275,8261,0,0,0,0,0,,0
2,2195,0,0,60200,5336,0,0,0,0,0,,0
2,2196,0,0,56195,9341,0,0,0,0,0,,0
2,2197,0,0,59125,6411,0,0,0,0,0,,0
2,2198,0,0,60961,4575,0,0,0,0,0,,0
2,2199,0,0,58459,7077,0,0,0,0,0,,0
2,2200,0,0,62969,2567,0,0,0,0,0,,0
2,2201,0,0,59099,6437,0,0,0,0,0,,0
2,2202,0,0,61939,3597,0,0,0,0,0,,0
2,2203,0,0,62201,3335,0,0,0,0,0,,0
2,2204,2,0,60965,4571,0,0,0,2,2,1;2,0
2,2205,0,0,56166,9370,0,0,0,0,0,,0
2,2206,0,0,59809,5727,0,0,0,0,0,,0
2,2207,7,0,58786,6750,0,0,0,2,2,1;2,0
2,2208,0,0,60060,5476,0,0,0,0,0,,0
2,2209,3,0,58023,7513,0,0,0,2,2,1;2,0
2,2210,5,0,53323,12213,0,0,0,2,2,1;2,0
2,2211,0,0,51966,13570,0,0,0,0,0,,0
2,2212,0,0,46458,19078,0,0,0,0,0,,0
2,2213,0,0,56683,8853,0,0,0,0,0,,0
2,2214,0,0,55180,10356,0,0,0,0,0,,0
2,2215,0,0,60536,5000,0,0,0,0,0,,0
2,2216,3,0,59830,5706,0,0,0,2,2,2;4,0
2,2217,0,0,59358,6178,0,0,0,0,0,,0
2,2218,0,0,64244,1292,0,0,0,0,0,,0
2,2219,0,0,52002,13534,0,0,0,0,0,,0
2,2220,0,0,51913,13623,0,0,0,0,0,,0
2,2221,0,0,53678,11858,0,0,0,0,0,,0
2,2222,0,0,56888,8648,0,0,0,0,0,,0
2,2223,0,0,56123,9413,0,0,0,0,0,,0
2,2224,0,0,61785,3751,0,0,0,0,0,,0
2,2225,0,0,62350,3186,0,0,0,0,0,,0
2,2226,0,0,62690,2846,0,0,0,0,0,,0
2,2227,0,0,61964,3572,0,0,0,0,0,,0
2,2228,0,0,64340,1196,0,0,0,0,0,,0
2,2229,0,0,47498,18038,0,0,0,0,0,,0
2,2230,0,0,45345,20191,0,0,0,0,0,,0
2,2231,0,0,48656,16880,0,0,0,0,0,,0
2,2232,0,0,55047,10489,0,0,0,0,0,,0
2,2233,0,0,63745,1791,0,0,0,0,0,,0
2,2234,0,0,64913,623,0,0,0,0,0,,0
2,2235,0,0,64593,943,0,0,0,0,0,,0
2,2236,0,0,64769,767,0,0,0,0,0,,0
2,2237,0,0,42127,23409,0,0,0,0,0,,0
2,2238,0,0,57923,7613,0,0,0,0,0,,0
2,2239,0,0,53584,11952,0,0,0,0,0,,0
2,2240,0,0,49225,16311,0,0,0,0,0,,0
2,2241,0,0,57471,8065,0,0,0,0,0,,0
2,2242,0,0,55761,9775,0,0,0,0,0,,0
2,2243,0,0,58579,6957,0,0,0,0,0,,0
2,2244,0,0,53005,12531,0,0,0,0,0,,0
2,2245,9,0,36159,29377,0,0,0,6,2,0;1,0
2,2246,9,0,36413,29123,0,0,0,6,2,0;1,0
2,2247,0,0,51376,14160,0,0,0,0,0,,0
2,2248,0,0,47905,17631,0,0,0,0,0,,0
2,2249,64,0,36536,29000,0,0,0,2,2,0;1,0
2,2250,0,0,40440,25096,0,0,0,0,0,,0
2,2251,0,0,63705,1831,0,0,0,0,0,,0
2,2252,0,0,63690,1846,0,0,0,0,0,,0
2,2253,0,0,62447,3089,0,0,0,0,0,,0
2,2254,15,0,58513,7023,0,0,0,2,2,1;2,0
2,2255,0,0,64154,1382,0,0,0,0,0,,0
2,2256,0,0,63837,1699,0,0,0,0,0,,0
2,2257,2,0,64017,1519,0,0,0,2,2,1;2,0
2,2258,0,0,51022,14514,0,0,0,0,0,,0
2,2259,1,0,52805,12731,0,0,0,2,2,0;2,0
2,2260,1,0,49838,15698,0,0,0,2,2,0;2,0
2,2261,0,0,51820,13716,0,0,0,0,0,,0
2,2262,0,0,50590,14946,0,0,0,0,0,,0
2,2263,0,0,54586,10950,0,0,0,0,0,,0
2,2264,0,0,51267,14269,0,0,0,0,0,,0
2,2265,0,0,52666,12870,0,0,0,0,0,,0
2,2266,0,0,63082,2454,0,0,0,0,0,,0
2,2267,0,0,65099,437,0,0,0,0,0,,0
2,2268,0,0,65536,0,0,0,0,0,0,,0
2,2269,0,0,65536,0,0,0,0,0,0,,0
2,2270,0,0,64129,1407,0,0,0,0,0,,0
2,2271,0,0,49450,16086,0,0,0,0,0,,0
2,2272,12,0,35410,30126,0,0,0,4,2,1;2,0
2,2273,47,0,31305,34231,0,0,0,12,2,1;2,0
2,2274,2,0,40910,24626,0,0,0,2,2,1;2,0
2,2275,4,0,35801,29735,0,0,0,4,2,1;2,0
2,2276,22,0,31964,33572,0,0,0,6,2,1;2,0
2,2277,3,0,37407,28129,0,0,0,2,2,1;2,0
2,2278,0,0,61246,4290,0,0,0,0,0,,0
2,2279,0,0,52034,13502,0,0,0,0,0,,0
2,2280,0,0,49050,16486,0,0,0,0,0,,0
2,2281,0,0,55505,10031,0,0,0,0,0,,0
2,2282,0,0,59558,5978,0,0,0,0,0,,0
2,2283,0,0,53163,12373,0,0,0,0,0,,0
2,2284,0,0,58752,6784,0,0,0,0,0,,0
2,2285,1,0,62851,2685,0,0,0,2,2,0;1,0
2,2286,0,0,43912,21624,0,0,0,0,0,,0
2,2287,0,0,44960,20576,0,0,0,0,0,,0
2,2288,0,0,45274,20262,0,0,0,0,0,,0
2,2289,0,0,48344,17192,0,0,0,0,0,,0
2,2290,0,0,48608,16928,0,0,0,0,0,,0
2,2291,0,0,46564,18972,0,0,0,0,0,,0
2,2292,0,0,45443,20093,0,0,0,0,0,,0
2,2293,0,0,44737,20799,0,0,0,0,0,,0
2,2294,0,0,46380,19156,0,0,0,0,0,,0
2,2295,0,0,57095,8441,0,0,0,0,0,,0
2,2296,0,0,53981,11555,0,0,0,0,0,,0
2,2297,0,0,56419,9117,0,0,0,0,0,,0
2,2298,0,0,52562,12974,0,0,0,0,0,,0
2,2299,0,0,51883,13653,0,0,0,0,0,,0
2,2300,6,0,51256,14280,0,0,0,2,2,0;2,0
2,2301,0,0,57212,8324,0,0,0,0,0,,0
2,2302,0,0,54135,11401,0,0,0,0,0,,0
2,2303,2,0,42581,22955,0,0,0,2,2,0;1,0
2,2304,0,0,43892,21644,0,0,0,0,0,,0
2,2305,0,0,41351,24185,0,0,0,0,0,,0
2,2306,5,0,51400,14136,0,0,0,2,2,0;1,0
2,2307,0,0,47542,17994,0,0,0,0,0,,0
2,2308,0,0,65288,248,0,0,0,0,0,,0
2,2309,0,0,65147,389,0,0,0,0,0,,0
2,2310,0,0,65536,0,0,0,0,0,0,,0
2,2311,0,0,65463,73,0,0,0,0,0,,0
2,2312,0,0,65506,30,0,0,0,0,0,,0
2,2313,0,0,65387,149,0,0,0,0,0,,0
2,2314,0,0,64899,637,0,0,0,0,0,,0
2,2315,0,0,65536,0,0,0,0,0,0,,0
2,2316,0,0,60320,5216,0,0,0,0,0,,0
2,2317,0,0,59402,6134,0,0,0,0,0,,0
2,2318,0,0,59042,6494,0,0,0,0,0,,0
2,2319,0,0,54892,10644,0,0,0,0,0,,0
2,2320,0,0,54221,11315,0,0,0,0,0,,0
2,2321,0,0,49018,16518,0,0,0,0,0,,0
2,2322,0,0,57578,7958,0,0,0,0,0,,0
2,2323,0,0,56327,9209,0,0,0,0,0,,0
2,2324,0,0,54322,11214,0,0,0,0,0,,0
2,2325,0,0,54912,10624,0,0,0,0,0,,0
2,2326,0,0,52739,12797,0,0,0,0,0,,0
2,2327,2,0,53281,12255,0,0,0,2,2,0;1,0
2,2328,0,0,50971,14565,0,0,0,0,0,,0
2,2329,0,0,47225,18311,0,0,0,0,0,,0
2,2330,0,0,48344,17192,0,0,0,0,0,,0
2,2331,0,0,45631,19905,0,0,0,0,0,,0
2,2332,2,0,49949,15587,0,0,0,2,2,0;1,0
2,2333,3,0,50181,15355,0,0,0,2,2,0;1,0
2,2334,0,0,57222,8314,0,0,0,0,0,,0
2,2335,0,0,50493,15043,0,0,0,0,0,,0
2,2336,0,0,45080,20456,0,0,0,0,0,,0
2,2337,0,0,53790,11746,0,0,0,0,0,,0
2,2338,0,0,56291,9245,0,0,0,0,0,,0
2,2339,0,0,46482,19054,0,0,0,0,0,,0
2,2340,0,0,44138,21398,0,0,0,0,0,,0
2,2341,0,0,45972,19564,0,0,0,0,0,,0
2,2342,6,0,54087,11449,0,0,0,2,2,0;2,0
2,2343,0,0,45739,19797,0,0,0,0,0,,0
2,2344,0,0,50210,15326,0,0,0,0,0,,0
2,2345,0,0,47191,18345,0,0,0,0,0,,0
2,2346,0,0,52602,12934,0,0,0,0,0,,0
2,2347,0,0,63090,2446,0,0,0,0,0,,0
2,2348,0,0,61633,3903,0,0,0,0,0,,0
2,2349,0,0,60520,5016,0,0,0,0,0,,0
2,2350,0,0,59448,6088,0,0,0,0,0,,0
2,2351,0,0,60532,5004,0,0,0,0,0,,0
2,2352,0,0,51817,13719,0,0,0,0,0,,0
2,2353,5,0,48453,17083,0,0,0,2,2,0;1,0
2,2354,1,0,51688,13848,0,0,0,2,2,1;3,0
2,2355,0,0,62815,2721,0,0,0,0,0,,0
2,2356,0,0,63896,1640,0,0,0,0,0,,0
2,2357,0,0,58252,7284,0,0,0,0,0,,0
2,2358,0,0,60836,4700,0,0,0,0,0,,0
2,2359,0,0,59305,6231,0,0,0,0,0,,0
2,2360,0,0,56318,9218,0,0,0,0,0,,0
2,2361,0,0,53537,11999,0,0,0,0,0,,0
2,2362,0,0,55136,10400,0,0,0,0,0,,0
2,2363,0,0,57981,7555,0,0,0,0,0,,0
2,2364,0,0,56590,8946,0,0,0,0,0,,0
2,2365,0,0,61933,3603,0,0,0,0,0,,0
2,2366,0,0,54247,11289,0,0,0,0,0,,0
2,2367,0,0,50941,14595,0,0,0,0,0,,0
2,2368,0,0,52071,13465,0,0,0,0,0,,0
2,2369,0,0,45260,20276,0,0,0,0,0,,0
2,2370,0,0,47390,18146,0,0,0,0,0,,0
2,2371,0,0,48615,16921,0,0,0,0,0,,0
2,2372,0,0,46832,18704,0,0,0,0,0,,0
2,2373,0,0,46509,19027,0,0,0,0,0,,0
2,2374,0,0,44872,20664,0,0,0,0,0,,0
2,2375,0,0,44713,20823,0,0,0,0,0,,0
2,2376,0,0,40940,24596,0,0,0,0,0,,0
2,2377,9,0,51513,14023,0,0,0,4,3,0;1;2,0
2,2378,0,0,45988,19548,0,0,0,0,0,,0
2,2379,0,0,45241,20295,0,0,0,0,0,,0
2,2380,0,0,41952,23584,0,0,0,0,0,,0
2,2381,0,0,47191,18345,0,0,0,0,0,,0
2,2382,0,0,59289,6247,0,0,0,0,0,,0
2,2383,0,0,56332,9204,0,0,0,0,0,,0
2,2384,0,0,56094,9442,0,0,0,0,0,,0
2,2385,0,0,61604,3932,0,0,0,0,0,,0
2,2386,0,0,56476,9060,0,0,0,0,0,,0
2,2387,0,0,54042,11494,0,0,0,0,0,,0
2,2388,0,0,55297,10239,0,0,0,0,0,,0
2,2389,0,0,51249,14287,0,0,0,0,0,,0
2,2390,11,0,46397,19139,0,0,0,2,2,2;4,0
2,2391,0,0,51822,13714,0,0,0,0,0,,0
2,2392,0,0,64778,758,0,0,0,0,0,,0
2,2393,0,0,60070,5466,0,0,0,0,0,,0
2,2394,0,0,62243,3293,0,0,0,0,0,,0
2,2395,0,0,65481,55,0,0,0,0,0,,0
2,2396,0,0,63680,1856,0,0,0,0,0,,0
2,2397,0,0,65536,0,0,0,0,0,0,,0
2,2398,0,0,52754,12782,0,0,0,0,0,,0
2,2399,0,0,58172,7364,0,0,0,0,0,,0
2,2400,0,0,48204,17332,0,0,0,0,0,,0
2,2401,0,0,49495,16041,0,0,0,0,0,,0
2,2402,0,0,52466,13070,0,0,0,0,0,,0
2,2403,0,0,49172,16364,0,0,0,0,0,,0
2,2404,5,0,49462,16074,0,0,0,2,2,2;4,0
2,2405,0,0,51344,14192,0,0,0,0,0,,0
2,2406,2,0,50998,14538,0,0,0,2,2,1;2,0
2,2407,0,0,48234,17302,0,0,0,0,0,,0
2,2408,0,0,51818,13718,0,0,0,0,0,,0
2,2409,5,0,48427,17109,0,0,0,2,2,0;2,0
2,2410,0,0,47082,18454,0,0,0,0,0,,0
2,2411,0,0,57782,7754,0,0,0,0,0,,0
2,2412,0,0,54599,10937,0,0,0,0,0,,0
2,2413,0,0,52096,13440,0,0,0,0,0,,0
2,2414,0,0,48312,17224,0,0,0,0,0,,0
2,2415,0,0,52156,13380,0,0,0,0,0,,0
2,2416,0,0,52016,13520,0,0,0,0,0,,0
2,2417,0,0,52000,13536,0,0,0,0,0,,0
2,2418,3,0,54118,11418,0,0,0,2,2,0;1,0
2,2419,0,0,53170,12366,0,0,0,0,0,,0
2,2420,0,0,51531,14005,0,0,0,0,0,,0
2,2421,0,0,47112,18424,0,0,0,0,0,,0
2,2422,0,0,53444,12092,0,0,0,0,0,,0
2,2423,3,0,52038,13498,0,0,0,2,2,2;4,0
2,2424,0,0,56231,9305,0,0,0,0,0,,0
2,2425,6,0,47781,17755,0,0,0,2,2,1;4,0
2,2426,0,0,53924,11612,0,0,0,0,0,,0
2,2427,0,0,58134,7402,0,0,0,0,0,,0
2,2428,0,0,53511,12025,0,0,0,0,0,,0
2,2429,0,0,41226,24310,0,0,0,0,0,,0
2,2430,0,0,45284,20252,0,0,0,0,0,,0
2,2431,0,0,46061,19475,0,0,0,0,0,,0
2,2432,0,0,44099,21437,0,0,0,0,0,,2
2,2433,0,0,45485,20051,0,0,0,0,0,,8
2,2434,0,0,55056,10480,0,0,0,0,0,,2
2,2435,0,0,64858,678,0,0,0,0,0,,0
2,2436,0,0,64008,1528,0,0,0,0,0,,0
2,2437,0,0,59342,6194,0,0,0,0,0,,0
2,2438,0,0,65493,43,0,0,0,0,0,,0
2,2439,0,0,64431,1105,0,0,0,0,0,,0
2,2440,0,0,63937,1599,0,0,0,0,0,,0
2,2441,0,0,39754,25782,0,0,0,0,0,,0
2,2442,0,0,44659,20877,0,0,0,0,0,,0
2,2443,0,0,35636,29900,0,0,0,0,0,,0
2,2444,0,0,44162,21374,0,0,0,0,0,,0
2,2445,0,0,57279,8257,0,0,0,0,0,,0
2,2446,0,0,42669,22867,0,0,0,0,0,,0
2,2447,0,0,56434,9102,0,0,0,0,0,,0
2,2448,0,0,45911,19625,0,0,0,0,0,,1
2,2449,0,0,63616,1920,0,0,0,0,0,,0
2,2450,0,0,65536,0,0,0,0,0,0,,0
2,2451,0,0,61167,4369,0,0,0,0,0,,0
2,2452,0,0,63858,1678,0,0,0,0,0,,0
2,2453,0,0,58439,7097,0,0,0,0,0,,2
2,2454,0,0,63915,1621,0,0,0,0,0,,0
2,2455,0,0,45392,20144,0,0,0,0,0,,0
2,2456,0,0,44194,21342,0,0,0,0,0,,2
2,2457,0,0,46256,19280,0,0,0,0,0,,0
2,2458,0,0,46908,18628,0,0,0,0,0,,1
2,2459,0,0,42156,23380,0,0,0,0,0,,2
2,2460,0,0,38685,26851,0,0,0,0,0,,2
2,2461,0,0,55021,10515,0,0,0,0,0,,0
2,2462,0,0,58706,6830,0,0,0,0,0,,0
2,2463,0,0,65455,81,0,0,0,0,0,,0
2,2464,0,0,49353,16183,0,0,0,0,0,,1
2,2465,0,0,42981,22272,283,283,283,0,0,,5
2,2466,0,0,63830,1706,0,0,0,0,0,,0
2,2467,0,0,49780,15756,0,0,0,0,0,,1
2,2468,0,0,54590,10946,0,0,0,0,0,,0
2,2469,0,0,46628,18908,0,0,0,0,0,,7
2,2470,0,0,47767,17769,0,0,0,0,0,,4
2,2471,0,0,55295,10241,0,0,0,0,0,,0
2,2472,0,0,58383,7153,0,0,0,0,0,,0
2,2473,0,0,55906,9630,0,0,0,0,0,,1
2,2474,0,0,56545,8991,0,0,0,0,0,,0
2,2475,0,0,57593,7943,0,0,0,0,0,,0
2,2476,0,0,61234,4302,0,0,0,0,0,,0
2,2477,0,0,58358,7178,0,0,0,0,0,,0
2,2478,0,0,61980,3556,0,0,0,0,0,,0
2,2479,0,0,51854,13682,0,0,0,0,0,,1
2,2480,0,0,47337,18199,0,0,0,0,0,,1
2,2481,0,0,57637,7899,0,0,0,0,0,,0
2,2482,0,0,52010,13526,0,0,0,0,0,,1
2,2483,0,0,55469,10067,0,0,0,0,0,,1
2,2484,0,0,51321,14215,0,0,0,0,0,,2
2,2485,0,0,50344,15192,0,0,0,0,0,,0
2,2486,0,0,46401,19135,0,0,0,0,0,,2
2,2487,0,0,41512,24024,0,0,0,0,0,,7
2,2488,0,0,50077,15459,0,0,0,0,0,,0
2,2489,0,0,49216,16320,0,0,0,0,0,,1
2,2490,0,0,51126,14410,0,0,0,0,0,,0
2,2491,0,0,55755,9781,0,0,0,0,0,,2
2,2492,0,0,64939,597,0,0,0,0,0,,1
2,2493,0,0,64943,593,0,0,0,0,0,,1
2,2494,0,0,65536,0,0,0,0,0,0,,0
2,2495,0,0,65470,66,0,0,0,0,0,,0
2,2496,0,0,64941,595,0,0,0,0,0,,0
2,2497,0,0,65103,433,0,0,0,0,0,,0
2,2498,0,0,65395,141,0,0,0,0,0,,0
2,2499,0,0,60896,4640,0,0,0,0,0,,0
2,2500,0,0,62705,2831,0,0,0,0,0,,0
2,2501,0,0,64357,1179,0,0,0,0,0,,0
2,2502,0,0,65344,192,0,0,0,0,0,,0
2,2503,0,0,64167,1369,0,0,0,0,0,,0
2,2504,0,0,60802,4734,0,0,0,0,0,,0
2,2505,0,0,61929,3607,0,0,0,0,0,,0
2,2506,0,0,59745,5791,0,0,0,0,0,,0
2,2507,0,0,48632,16904,0,0,0,0,0,,1
2,2508,0,0,65536,0,0,0,0,0,0,,0
2,2509,0,0,62341,3195,0,0,0,0,0,,0
2,2510,0,0,64874,662,0,0,0,0,0,,0
2,2511,0,0,65536,0,0,0,0,0,0,,0
2,2512,0,0,65198,338,0,0,0,0,0,,0
2,2513,0,0,51958,13578,0,0,0,0,0,,1
2,2514,0,0,47882,17654,0,0,0,0,0,,13
2,2515,0,0,50537,14999,0,0,0,0,0,,6
2,2516,0,0,50976,14560,0,0,0,0,0,,2
2,2517,0,0,36585,28951,0,0,0,0,0,,2
2,2518,0,0,42179,23357,0,0,0,0,0,,2
2,2519,0,0,39234,26302,0,0,0,0,0,,12
2,2520,0,0,59256,6280,0,0,0,0,0,,0
2,2521,0,0,52002,13534,0,0,0,0,0,,3
2,2522,0,0,57691,7845,0,0,0,0,0,,0
3,0,0,0,45702,19834,0,0,0,0,0,,0
3,1,0,0,55697,9839,0,0,0,0,0,,0
3,2,0,0,56067,9469,0,0,0,0,0,,0
3,3,0,0,51599,13937,0,0,0,0,0,,0
3,4,0,0,48870,16666,0,0,0,0,0,,0
3,5,0,0,47813,17723,0,0,0,0,0,,0
3,6,0,0,52986,12550,0,0,0,0,0,,0
3,7,0,0,53807,11729,0,0,0,0,0,,0
3,8,0,0,52815,12721,0,0,0,0,0,,0
3,9,0,0,55686,9850,0,0,0,0,0,,0
3,10,0,0,54016,11520,0,0,0,0,0,,0
3,11,0,0,52983,12553,0,0,0,0,0,,0
3,12,0,0,48239,17297,0,0,0,0,0,,0
3,13,0,0,59469,6067,0,0,0,0,0,,0
3,14,0,0,57268,8268,0,0,0,0,0,,0
3,15,0,0,52969,12567,0,0,0,0,0,,0
3,16,0,0,55009,10527,0,0,0,0,0,,0
3,17,0,0,52386,13150,0,0,0,0,0,,0
3,18,0,0,58791,6745,0,0,0,0,0,,0
3,19,0,0,56368,9168,0,0,0,0,0,,0
3,20,0,0,50616,14920,0,0,0,0,0,,0
3,21,0,0,59559,5977,0,0,0,0,0,,0
3,22,0,0,48595,16941,0,0,0,0,0,,0
3,23,0,0,54552,10984,0,0,0,0,0,,0
3,24,0,0,48484,17052,0,0,0,0,0,,0
3,25,0,0,61305,4231,0,0,0,0,0,,0
3,26,0,0,61245,4291,0,0,0,0,0,,0
3,27,0,0,58877,6659,0,0,0,0,0,,0
3,28,0,0,55504,10032,0,0,0,0,0,,0
3,29,0,0,61688,3848,0,0,0,0,0,,0
3,30,0,0,61355,4181,0,0,0,0,0,,0
3,31,0,0,59255,6281,0,0,0,0,0,,0
3,32,0,0,60363,5173,0,0,0,0,0,,0
3,33,0,0,58945,6591,0,0,0,0,0,,0
3,34,0,0,55780,9756,0,0,0,0,0,,0
3,35,0,0,62796,2740,0,0,0,0,0,,0
3,36,0,0,53336,12200,0,0,0,0,0,,0
3,37,0,0,57267,8269,0,0,0,0,0,,0
3,38,0,0,55977,9559,0,0,0,0,0,,0
3,39,0,0,58430,7106,0,0,0,0,0,,0
3,40,0,0,62868,2668,0,0,0,0,0,,0
3,41,0,0,65195,341,0,0,0,0,0,,0
3,42,0,0,57381,8155,0,0,0,0,0,,0
3,43,0,0,49914,15622,0,0,0,0,0,,0
3,44,0,0,58308,7228,0,0,0,0,0,,0
3,45,0,0,59471,6065,0,0,0,0,0,,0
3,46,0,0,48267,17269,0,0,0,0,0,,0
3,47,0,0,55753,9783,0,0,0,0,0,,0
3,48,0,0,63594,1942,0,0,0,0,0,,0
3,49,0,0,62496,3040,0,0,0,0,0,,0
3,50,0,0,59189,6347,0,0,0,0,0,,0
3,51,0,0,50153,15383,0,0,0,0,0,,0
3,52,0,0,55084,10452,0,0,0,0,0,,0
3,53,0,0,61372,4164,0,0,0,0,0,,0
3,54,0,0,56482,9054,0,0,0,0,0,,0
3,55,0,0,48158,17378,0,0,0,0,0,,0
3,56,0,0,56048,9488,0,0,0,0,0,,0
3,57,0,0,55764,9772,0,0,0,0,0,,0
3,58,0,0,60861,4675,0,0,0,0,0,,0
3,59,0,0,55109,10427,0,0,0,0,0,,0
3,60,0,0,55985,9551,0,0,0,0,0,,0
3,61,0,0,51921,13615,0,0,0,0,0,,0
3,62,0,0,50448,15088,0,0,0,0,0,,0
3,63,0,0,55853,9683,0,0,0,0,0,,0
3,64,0,0,50362,15174,0,0,0,0,0,,0
3,65,0,0,62520,3016,0,0,0,0,0,,0
3,66,0,0,62286,3250,0,0,0,0,0,,0
3,67,0,0,54323,11213,0,0,0,0,0,,0
3,68,0,0,49903,15633,0,0,0,0,0,,0
3,69,0,0,58562,6974,0,0,0,0,0,,0
3,70,0,0,64813,723,0,0,0,0,0,,0
3,71,0,0,59911,5625,0,0,0,0,0,,0
3,72,0,0,57615,7921,0,0,0,0,0,,0
3,73,0,0,56488,9048,0,0,0,0,0,,0
3,74,0,0,58839,6697,0,0,0,0,0,,0
3,75,0,0,51559,13977,0,0,0,0,0,,0
3,76,0,0,48518,17018,0,0,0,0,0,,0
3,77,3,0,55374,10162,0,0,0,2,2,1;4,0
3,78,0,0,44710,20826,0,0,0,0,0,,0
3,79,0,0,46622,18914,0,0,0,0,0,,0
3,80,0,0,50744,14792,0,0,0,0,0,,0
3,81,0,0,54656,10880,0,0,0,0,0,,0
3,82,0,0,63663,1873,0,0,0,0,0,,0
3,83,0,0,58355,7181,0,0,0,0,0,,0
3,84,0,0,56585,8951,0,0,0,0,0,,0
3,85,0,0,57546,7990,0,0,0,0,0,,0
3,86,0,0,61769,3767,0,0,0,0,0,,0
3,87,0,0,58222,7314,0,0,0,0,0,,0
3,88,0,0,57286,8250,0,0,0,0,0,,0
3,89,0,0,49831,15705,0,0,0,0,0,,0
3,90,0,0,53732,11804,0,0,0,0,0,,0
3,91,0,0,57070,8466,0,0,0,0,0,,0
3,92,0,0,48013,17523,0,0,0,0,0,,0
3,93,0,0,55371,10165,0,0,0,0,0,,0
3,94,0,0,55523,10013,0,0,0,0,0,,0
3,95,0,0,53869,11667,0,0,0,0,0,,0
3,96,0,0,52831,12705,0,0,0,0,0,,0
3,97,0,0,50008,15528,0,0,0,0,0,,0
3,98,0,0,53992,11544,0,0,0,0,0,,0
3,99,0,0,49338,16198,0,0,0,0,0,,0
3,100,0,0,53188,12348,0,0,0,0,0,,0
3,101,0,0,36591,28945,0,0,0,0,0,,0
3,102,0,0,56429,9107,0,0,0,0,0,,0
3,103,1,0,37939,27597,0,0,0,2,2,1;2,0
3,104,0,0,50689,14847,0,0,0,0,0,,0
3,105,0,0,57773,7763,0,0,0,0,0,,0
3,106,0,0,51455,14081,0,0,0,0,0,,0
3,107,0,0,52408,13128,0,0,0,0,0,,0
3,108,0,0,50228,15308,0,0,0,0,0,,0
3,109,26,0,47882,17654,0,0,0,2,2,1;4,0
3,110,0,0,48011,17525,0,0,0,0,0,,0
3,111,0,0,55483,10053,0,0,0,0,0,,0
3,112,0,0,57860,7676,0,0,0,0,0,,0
3,113,0,0,56489,9047,0,0,0,0,0,,0
3,114,0,0,54193,11343,0,0,0,0,0,,0
3,115,0,0,57277,8259,0,0,0,0,0,,0
3,116,0,0,52228,13308,0,0,0,0,0,,0
3,117,0,0,56341,9195,0,0,0,0,0,,0
3,118,0,0,46647,18889,0,0,0,0,0,,0
3,119,0,0,49465,16071,0,0,0,0,0,,0
3,120,0,0,45630,19906,0,0,0,0,0,,0
3,121,0,0,48766,16770,0,0,0,0,0,,0
3,122,0,0,60145,5391,0,0,0,0,0,,0
3,123,0,0,47785,17751,0,0,0,0,0,,0
3,124,0,0,50020,15516,0,0,0,0,0,,0
3,125,0,0,48028,17508,0,0,0,0,0,,0
3,126,0,0,51594,13942,0,0,0,0,0,,0
3,127,0,0,51740,13796,0,0,0,0,0,,0
3,128,0,0,60593,4943,0,0,0,0,0,,0
3,129,0,0,43728,21808,0,0,0,0,0,,0
3,130,0,0,59374,6162,0,0,0,0,0,,0
3,131,0,0,56864,8672,0,0,0,0,0,,0
3,132,0,0,50468,15068,0,0,0,0,0,,0
3,133,0,0,41263,24273,0,0,0,0,0,,0
3,134,0,0,53472,12064,0,0,0,0,0,,0
3,135,0,0,54598,10938,0,0,0,0,0,,0
3,136,0,0,54966,10570,0,0,0,0,0,,0
3,137,0,0,48817,16719,0,0,0,0,0,,0
3,138,0,0,52013,13523,0,0,0,0,0,,0
3,139,0,0,57635,7901,0,0,0,0,0,,0
3,140,0,0,55714,9822,0,0,0,0,0,,0
3,141,0,0,52432,13104,0,0,0,0,0,,0
3,142,0,0,52941,12595,0,0,0,0,0,,0
3,143,0,0,63161,2375,0,0,0,0,0,,0
3,144,0,0,59271,6265,0,0,0,0,0,,0
3,145,0,0,58285,7251,0,0,0,0,0,,0
3,146,0,0,45513,20023,0,0,0,0,0,,0
3,147,0,0,44224,21312,0,0,0,0,0,,0
3,148,0,0,50584,14952,0,0,0,0,0,,0
3,149,0,0,55226,10310,0,0,0,0,0,,0
3,150,0,0,49899,15637,0,0,0,0,0,,0
3,151,0,0,63672,1864,0,0,0,0,0,,0
3,152,0,0,61943,3593,0,0,0,0,0,,0
3,153,0,0,62803,2733,0,0,0,0,0,,0
3,154,0,0,61860,3676,0,0,0,0,0,,0
3,155,0,0,62490,3046,0,0,0,0,0,,0
3,156,0,0,65288,248,0,0,0,0,0,,0
3,157,0,0,57118,8418,0,0,0,0,0,,0
3,158,0,0,64409,1127,0,0,0,0,0,,0
3,159,0,0,61670,3866,0,0,0,0,0,,0
3,160,0,0,63530,2006,0,0,0,0,0,,0
3,161,0,0,62215,3321,0,0,0,0,0,,0
3,162,0,0,63655,1881,0,0,0,0,0,,0
3,163,6,0,50038,15498,0,0,0,2,2,1;2,0
3,164,0,0,54918,10618,0,0,0,0,0,,0
3,165,0,0,57550,7986,0,0,0,0,0,,0
3,166,0,0,44217,21319,0,0,0,0,0,,0
3,167,0,0,50226,15310,0,0,0,0,0,,0
3,168,0,0,47802,17734,0,0,0,0,0,,0
3,169,0,0,43660,21876,0,0,0,0,0,,0
3,170,0,0,55286,10250,0,0,0,0,0,,0
3,171,0,0,44571,20965,0,0,0,0,0,,0
3,172,0,0,50033,15503,0,0,0,0,0,,0
3,173,0,0,50227,15309,0,0,0,0,0,,0
3,174,0,0,53981,11555,0,0,0,0,0,,0
3,175,4,0,41102,24434,0,0,0,2,2,1;4,0
3,176,0,0,52237,13299,0,0,0,0,0,,0
3,177,0,0,53244,12292,0,0,0,0,0,,0
3,178,0,0,60726,4810,0,0,0,0,0,,0
3,179,0,0,56863,8673,0,0,0,0,0,,0
3,180,0,0,59624,5912,0,0,0,0,0,,0
3,181,0,0,60658,4878,0,0,0,0,0,,0
3,182,0,0,49061,16475,0,0,0,0,0,,0
3,183,0,0,48955,16581,0,0,0,0,0,,0
3,184,0,0,55427,10109,0,0,0,0,0,,0
3,185,0,0,61964,3572,0,0,0,0,0,,0
3,186,0,0,52654,12882,0,0,0,0,0,,0
3,187,0,0,60854,4682,0,0,0,0,0,,0
3,188,0,0,62486,3050,0,0,0,0,0,,0
3,189,0,0,56961,8575,0,0,0,0,0,,0
3,190,0,0,62438,3098,0,0,0,0,0,,0
3,191,0,0,52378,13158,0,0,0,0,0,,0
3,192,0,0,51665,13871,0,0,0,0,0,,0
3,193,0,0,48267,17269,0,0,0,0,0,,0
3,194,0,0,44243,21293,0,0,0,0,0,,0
3,195,0,0,62450,3086,0,0,0,0,0,,0
3,196,0,0,46711,18825,0,0,0,0,0,,0
3,197,0,0,59271,6265,0,0,0,0,0,,0
3,198,0,0,48191,17345,0,0,0,0,0,,0
3,199,0,0,58892,6644,0,0,0,0,0,,0
3,200,0,0,56138,9398,0,0,0,0,0,,0
3,201,0,0,62275,3261,0,0,0,0,0,,0
3,202,0,0,55264,10272,0,0,0,0,0,,0
3,203,0,0,58287,7249,0,0,0,0,0,,0
3,204,0,0,54838,10698,0,0,0,0,0,,0
3,205,0,0,53686,11850,0,0,0,0,0,,0
3,206,0,0,58729,6807,0,0,0,0,0,,0
3,207,0,0,52938,12598,0,0,0,0,0,,0
3,208,0,0,62329,3207,0,0,0,0,0,,0
3,209,0,0,46750,18786,0,0,0,0,0,,0
3,210,0,0,58967,6569,0,0,0,0,0,,0
3,211,0,0,52607,12929,0,0,0,0,0,,0
3,212,0,0,55580,9956,0,0,0,0,0,,0
3,213,0,0,58606,6930,0,0,0,0,0,,0
3,214,0,0,51124,14412,0,0,0,0,0,,0
3,215,0,0,62849,2687,0,0,0,0,0,,0
3,216,0,0,47518,18018,0,0,0,0,0,,0
3,217,0,0,57302,8234,0,0,0,0,0,,0
3,218,0,0,47065,18471,0,0,0,0,0,,0
3,219,0,0,45431,20105,0,0,0,0,0,,0
3,220,0,0,51949,13587,0,0,0,0,0,,0
3,221,0,0,52232,13304,0,0,0,0,0,,0
3,222,6,0,48231,17305,0,0,0,2,2,1;4,0
3,223,0,0,46653,18883,0,0,0,0,0,,0
3,224,0,0,58844,6692,0,0,0,0,0,,0
3,225,0,0,62719,2817,0,0,0,0,0,,0
3,226,0,0,47177,18359,0,0,0,0,0,,0
3,227,0,0,51271,14265,0,0,0,0,0,,0
3,228,0,0,51412,14124,0,0,0,0,0,,0
3,229,0,0,61714,3822,0,0,0,0,0,,0
3,230,0,0,62553,2983,0,0,0,0,0,,0
3,231,0,0,53036,12500,0,0,0,0,0,,0
3,232,0,0,43430,22106,0,0,0,0,0,,0
3,233,0,0,64246,1290,0,0,0,0,0,,0
3,234,0,0,55119,10417,0,0,0,0,0,,0
3,235,0,0,61674,3862,0,0,0,0,0,,0
3,236,0,0,65536,0,0,0,0,0,0,,0
3,237,0,0,61583,3953,0,0,0,0,0,,0
3,238,0,0,56017,9519,0,0,0,0,0,,0
3,239,0,0,50844,14692,0,0,0,0,0,,0
3,240,3,0,50527,15009,0,0,0,2,2,1;2,0
3,241,6,0,55924,9612,0,0,0,2,2,1;2,0
3,242,0,0,51104,14432,0,0,0,0,0,,0
3,243,0,0,53502,12034,0,0,0,0,0,,0
3,244,0,0,63099,2437,0,0,0,0,0,,0
3,245,0,0,50247,15289,0,0,0,0,0,,0
3,246,0,0,61919,3617,0,0,0,0,0,,0
3,247,0,0,61929,3607,0,0,0,0,0,,0
3,248,0,0,47363,18173,0,0,0,0,0,,0
3,249,0,0,43045,22491,0,0,0,0,0,,0
3,250,0,0,48131,17405,0,0,0,0,0,,0
3,251,0,0,51289,14247,0,0,0,0,0,,0
3,252,4,0,46972,18564,0,0,0,2,2,1;2,0
3,253,6,0,48542,16994,0,0,0,2,2,1;2,0
3,254,0,0,47793,17743,0,0,0,0,0,,0
3,255,0,0,57964,7572,0,0,0,0,0,,0
3,256,0,0,54424,11112,0,0,0,0,0,,0
3,257,0,0,61503,4033,0,0,0,0,0,,0
3,258,0,0,53653,11883,0,0,0,0,0,,0
3,259,0,0,54388,11148,0,0,0,0,0,,0
3,260,0,0,53922,11614,0,0,0,0,0,,0
3,261,0,0,55570,9966,0,0,0,0,0,,0
3,262,0,0,37068,28468,0,0,0,0,0,,0
3,263,0,0,45453,20083,0,0,0,0,0,,0
3,264,0,0,44029,21507,0,0,0,0,0,,0
3,265,0,0,51016,14520,0,0,0,0,0,,0
3,266,0,0,45067,20469,0,0,0,0,0,,0
3,267,0,0,49230,16306,0,0,0,0,0,,0
3,268,2,0,50483,15053,0,0,0,2,2,0;2,0
3,269,0,0,44440,21096,0,0,0,0,0,,0
3,270,0,0,45767,19769,0,0,0,0,0,,0
3,271,0,0,43157,22379,0,0,0,0,0,,0
3,272,0,0,56334,9202,0,0,0,0,0,,0
3,273,0,0,45030,20506,0,0,0,0,0,,0
3,274,0,0,50958,14578,0,0,0,0,0,,0
3,275,0,0,46155,19381,0,0,0,0,0,,0
3,276,0,0,49514,16022,0,0,0,0,0,,0
3,277,0,0,48184,17352,0,0,0,0,0,,0
3,278,0,0,46534,19002,0,0,0,0,0,,0
3,279,6,0,48451,17085,0,0,0,2,2,1;2,0
3,280,0,0,56916,8620,0,0,0,0,0,,0
3,281,0,0,45192,20344,0,0,0,0,0,,0
3,282,0,0,51837,13699,0,0,0,0,0,,0
3,283,0,0,59217,6319,0,0,0,0,0,,0
3,284,0,0,57811,7725,0,0,0,0,0,,0
3,285,0,0,39153,26383,0,0,0,0,0,,0
3,286,0,0,48449,17087,0,0,0,0,0,,0
3,287,0,0,56730,8806,0,0,0,0,0,,0
3,288,0,0,62468,3068,0,0,0,0,0,,0
3,289,0,0,45438,20098,0,0,0,0,0,,0
3,290,0,0,58595,6941,0,0,0,0,0,,0
3,291,0,0,63340,2196,0,0,0,0,0,,0
3,292,0,0,57405,8131,0,0,0,0,0,,0
3,293,0,0,61339,4197,0,0,0,0,0,,0
3,294,0,0,61149,4387,0,0,0,0,0,,0
3,295,0,0,63426,2110,0,0,0,0,0,,0
3,296,0,0,60053,5483,0,0,0,0,0,,0
3,297,0,0,57629,7907,0,0,0,0,0,,0
3,298,0,0,56901,8635,0,0,0,0,0,,0
3,299,0,0,59489,6047,0,0,0,0,0,,0
3,300,0,0,60361,5175,0,0,0,0,0,,0
3,301,0,0,57544,7992,0,0,0,0,0,,0
3,302,0,0,51277,14259,0,0,0,0,0,,0
3,303,0,0,60019,5517,0,0,0,0,0,,0
3,304,0,0,62472,3064,0,0,0,0,0,,0
3,305,0,0,64483,1053,0,0,0,0,0,,0
3,306,0,0,45882,19654,0,0,0,0,0,,0
3,307,0,0,48209,17327,0,0,0,0,0,,0
3,308,0,0,55907,9629,0,0,0,0,0,,0
3,309,0,0,58017,7519,0,0,0,0,0,,0
3,310,0,0,62724,2812,0,0,0,0,0,,0
3,311,0,0,55526,10010,0,0,0,0,0,,0
3,312,0,0,60700,4836,0,0,0,0,0,,0
3,313,0,0,60168,5368,0,0,0,0,0,,0
3,314,0,0,59709,5827,0,0,0,0,0,,0
3,315,0,0,39903,25633,0,0,0,0,0,,0
3,316,0,0,46269,19267,0,0,0,0,0,,0
3,317,0,0,53329,12207,0,0,0,0,0,,0
3,318,0,0,55019,10517,0,0,0,0,0,,0
3,319,0,0,50656,14880,0,0,0,0,0,,0
3,320,0,0,55592,9944,0,0,0,0,0,,0
3,321,0,0,55303,10233,0,0,0,0,0,,0
3,322,1,0,51381,14155,0,0,0,2,2,1;2,0
3,323,0,0,48696,16840,0,0,0,0,0,,0
3,324,0,0,44709,20827,0,0,0,0,0,,0
3,325,0,0,49495,16041,0,0,0,0,0,,0
3,326,0,0,45362,20174,0,0,0,0,0,,0
3,327,0,0,56613,8923,0,0,0,0,0,,0
3,328,0,0,50131,15405,0,0,0,0,0,,0
3,329,0,0,43802,21734,0,0,0,0,0,,0
3,330,0,0,54534,11002,0,0,0,0,0,,0
3,331,0,0,50003,15533,0,0,0,0,0,,0
3,332,0,0,52687,12849,0,0,0,0,0,,0
3,333,0,0,54397,11139,0,0,0,0,0,,0
3,334,0,0,55123,10413,0,0,0,0,0,,0
3,335,0,0,61297,4239,0,0,0,0,0,,0
3,336,0,0,63638,1898,0,0,0,0,0,,0
3,337,0,0,61621,3915,0,0,0,0,0,,0
3,338,0,0,57888,7648,0,0,0,0,0,,0
3,339,0,0,56352,9184,0,0,0,0,0,,0
3,340,0,0,58248,7288,0,0,0,0,0,,0
3,341,0,0,56298,9238,0,0,0,0,0,,0
3,342,0,0,58480,7056,0,0,0,0,0,,0
3,343,0,0,57343,8193,0,0,0,0,0,,0
3,344,0,0,58381,7155,0,0,0,0,0,,0
3,345,0,0,60184,5352,0,0,0,0,0,,0
3,346,0,0,56946,8590,0,0,0,0,0,,0
3,347,0,0,59649,5887,0,0,0,0,0,,0
3,348,0,0,59162,6374,0,0,0,0,0,,0
3,349,0,0,61629,3907,0,0,0,0,0,,0
3,350,0,0,60648,4888,0,0,0,0,0,,0
3,351,0,0,46455,19081,0,0,0,0,0,,0
3,352,0,0,47758,17778,0,0,0,0,0,,0
3,353,0,0,47452,18084,0,0,0,0,0,,0
3,354,0,0,59418,6118,0,0,0,0,0,,0
3,355,0,0,53631,11905,0,0,0,0,0,,0
3,356,0,0,48425,17111,0,0,0,0,0,,0
3,357,0,0,55589,9947,0,0,0,0,0,,0
3,358,0,0,57787,7749,0,0,0,0,0,,0
3,359,0,0,47188,18348,0,0,0,0,0,,0
3,360,0,0,61419,4117,0,0,0,0,0,,0
3,361,0,0,46936,18600,0,0,0,0,0,,0
3,362,0,0,59321,6215,0,0,0,0,0,,0
3,363,0,0,60983,4553,0,0,0,0,0,,0
3,364,0,0,54017,11519,0,0,0,0,0,,0
3,365,0,0,48405,17131,0,0,0,0,0,,0
3,366,0,0,60794,4742,0,0,0,0,0,,0
3,367,0,0,59295,6241,0,0,0,0,0,,0
3,368,0,0,53058,12478,0,0,0,0,0,,0
3,369,0,0,48897,16639,0,0,0,0,0,,0
3,370,0,0,52875,12661,0,0,0,0,0,,0
3,371,0,0,49180,16356,0,0,0,0,0,,0
3,372,0,0,48968,16568,0,0,0,0,0,,0
3,373,0,0,56973,8563,0,0,0,0,0,,0
3,374,0,0,47841,17695,0,0,0,0,0,,0
3,375,0,0,55092,10444,0,0,0,0,0,,0
3,376,0,0,49121,16415,0,0,0,0,0,,0
3,377,0,0,56664,8872,0,0,0,0,0,,0
3,378,0,0,57053,8483,0,0,0,0,0,,0
3,379,0,0,54521,11015,0,0,0,0,0,,0
3,380,0,0,58864,6672,0,0,0,0,0,,0
3,381,0,0,50445,15091,0,0,0,0,0,,0
3,382,0,0,48009,17527,0,0,0,0,0,,0
3,383,0,0,47498,18038,0,0,0,0,0,,0
3,384,0,0,46721,18815,0,0,0,0,0,,0
3,385,0,0,61174,4362,0,0,0,0,0,,0
3,386,0,0,40777,24759,0,0,0,0,0,,0
3,387,0,0,60852,4684,0,0,0,0,0,,0
3,388,0,0,52083,13453,0,0,0,0,0,,0
3,389,0,0,58645,6891,0,0,0,0,0,,0
3,390,13,0,53602,11934,0,0,0,2,2,1;2,0
3,391,0,0,59641,5895,0,0,0,0,0,,0
3,392,0,0,60274,5262,0,0,0,0,0,,0
3,393,0,0,56064,9472,0,0,0,0,0,,0
3,394,0,0,47079,18457,0,0,0,0,0,,0
3,395,0,0,49970,15566,0,0,0,0,0,,0
3,396,0,0,58399,7137,0,0,0,0,0,,0
3,397,0,0,60736,4800,0,0,0,0,0,,0
3,398,0,0,59103,6433,0,0,0,0,0,,0
3,399,0,0,57946,7590,0,0,0,0,0,,0
3,400,2,0,61117,4419,0,0,0,2,2,0;1,0
3,401,0,0,56138,9398,0,0,0,0,0,,0
3,402,0,0,60884,4652,0,0,0,0,0,,0
3,403,0,0,62628,2908,0,0,0,0,0,,0
3,404,0,0,59653,5883,0,0,0,0,0,,0
3,405,0,0,57730,7806,0,0,0,0,0,,0
3,406,0,0,57499,8037,0,0,0,0,0,,0
3,407,0,0,52535,13001,0,0,0,0,0,,0
3,408,0,0,58103,7433,0,0,0,0,0,,0
3,409,0,0,62270,3266,0,0,0,0,0,,0
3,410,0,0,61886,3650,0,0,0,0,0,,0
3,411,0,0,62126,3410,0,0,0,0,0,,0
3,412,0,0,61031,4505,0,0,0,0,0,,0
3,413,0,0,59245,6291,0,0,0,0,0,,0
3,414,0,0,58162,7374,0,0,0,0,0,,0
3,415,0,0,53445,12091,0,0,0,0,0,,0
3,416,0,0,62558,2978,0,0,0,0,0,,0
3,417,0,0,51296,14240,0,0,0,0,0,,0
3,418,0,0,55401,10135,0,0,0,0,0,,0
3,419,0,0,54988,10548,0,0,0,0,0,,0
3,420,0,0,55008,10528,0,0,0,0,0,,0
3,421,0,0,50485,15051,0,0,0,0,0,,0
3,422,0,0,54622,10914,0,0,0,0,0,,0
3,423,0,0,63786,1750,0,0,0,0,0,,0
3,424,0,0,57107,8429,0,0,0,0,0,,0
3,425,0,0,52206,13330,0,0,0,0,0,,0
3,426,0,0,43666,21870,0,0,0,0,0,,0
3,427,0,0,54925,10611,0,0,0,0,0,,0
3,428,0,0,54089,11447,0,0,0,0,0,,0
3,429,0,0,46967,18569,0,0,0,0,0,,0
3,430,0,0,58142,7394,0,0,0,0,0,,0
3,431,0,0,48432,17104,0,0,0,0,0,,0
3,432,0,0,52252,13284,0,0,0,0,0,,0
3,433,1,0,43152,22384,0,0,0,2,2,0;2,0
3,434,0,0,57555,7981,0,0,0,0,0,,0
3,435,0,0,61174,4362,0,0,0,0,0,,0
3,436,0,0,50002,15534,0,0,0,0,0,,0
3,437,0,0,56108,9428,0,0,0,0,0,,0
3,438,22,0,56570,8966,0,0,0,4,3,0;1;2,0
3,439,0,0,51239,14297,0,0,0,0,0,,0
3,440,6,0,60365,5171,0,0,0,2,2,1;2,0
3,441,0,0,49161,16375,0,0,0,0,0,,0
3,442,0,0,60506,5030,0,0,0,0,0,,0
3,443,0,0,62810,2726,0,0,0,0,0,,0
3,444,0,0,61790,3746,0,0,0,0,0,,0
3,445,0,0,58649,6887,0,0,0,0,0,,0
3,446,0,0,60168,5368,0,0,0,0,0,,0
3,447,0,0,58686,6850,0,0,0,0,0,,0
3,448,0,0,62631,2905,0,0,0,0,0,,0
3,449,0,0,52637,12899,0,0,0,0,0,,0
3,450,0,0,59394,6142,0,0,0,0,0,,0
3,451,0,0,63780,1756,0,0,0,0,0,,0
3,452,0,0,55846,9690,0,0,0,0,0,,0
3,453,0,0,61217,4319,0,0,0,0,0,,0
3,454,0,0,63685,1851,0,0,0,0,0,,0
3,455,0,0,60967,4569,0,0,0,0,0,,0
3,456,0,0,63418,2118,0,0,0,0,0,,0
3,457,0,0,55611,9925,0,0,0,0,0,,0
3,458,0,0,55638,9898,0,0,0,0,0,,0
3,459,0,0,55099,10437,0,0,0,0,0,,0
3,460,0,0,61075,4461,0,0,0,0,0,,0
3,461,0,0,58390,7146,0,0,0,0,0,,0
3,462,0,0,61820,3716,0,0,0,0,0,,0
3,463,0,0,62351,3185,0,0,0,0,0,,0
3,464,0,0,61744,3792,0,0,0,0,0,,0
3,465,0,0,60249,5287,0,0,0,0,0,,0
3,466,0,0,52615,12921,0,0,0,0,0,,0
3,467,0,0,57992,7544,0,0,0,0,0,,0
3,468,0,0,53204,12332,0,0,0,0,0,,0
3,469,0,0,60857,4679,0,0,0,0,0,,0
3,470,0,0,51743,13793,0,0,0,0,0,,0
3,471,0,0,55388,10148,0,0,0,0,0,,0
3,472,0,0,50049,15487,0,0,0,0,0,,0
3,473,0,0,59786,5750,0,0,0,0,0,,0
3,474,0,0,58387,7149,0,0,0,0,0,,0
3,475,0,0,56935,8601,0,0,0,0,0,,0
3,476,0,0,53594,11942,0,0,0,0,0,,0
3,477,0,0,48836,16700,0,0,0,0,0,,0
3,478,0,0,61004,4532,0,0,0,0,0,,0
3,479,0,0,52712,12824,0,0,0,0,0,,0
3,480,0,0,40578,24958,0,0,0,0,0,,0
3,481,0,0,57874,7662,0,0,0,0,0,,0
3,482,0,0,46586,18950,0,0,0,0,0,,0
3,483,0,0,48832,16704,0,0,0,0,0,,0
3,484,1,0,49840,15696,0,0,0,2,2,1;2,0
3,485,0,0,51137,14399,0,0,0,0,0,,0
3,486,0,0,45718,19818,0,0,0,0,0,,0
3,487,0,0,54699,10837,0,0,0,0,0,,0
3,488,0,0,55454,10082,0,0,0,0,0,,0
3,489,0,0,58438,7098,0,0,0,0,0,,0
3,490,0,0,56531,9005,0,0,0,0,0,,0
3,491,0,0,55558,9978,0,0,0,0,0,,0
3,492,8,0,49184,16352,0,0,0,2,2,1;2,0
3,493,0,0,42120,23416,0,0,0,0,0,,0
3,494,0,0,45593,19943,0,0,0,0,0,,0
3,495,0,0,47674,17862,0,0,0,0,0,,0
3,496,0,0,46184,19352,0,0,0,0,0,,0
3,497,0,0,48850,16686,0,0,0,0,0,,0
3,498,0,0,49370,16166,0,0,0,0,0,,0
3,499,0,0,42050,23486,0,0,0,0,0,,0
3,500,0,0,38822,26714,0,0,0,0,0,,0
3,501,0,0,39731,25805,0,0,0,0,0,,0
3,502,0,0,42273,23263,0,0,0,0,0,,0
3,503,0,0,43440,22096,0,0,0,0,0,,0
3,504,0,0,45033,20503,0,0,0,0,0,,0
3,505,0,0,44153,21383,0,0,0,0,0,,0
3,506,0,0,52659,12877,0,0,0,0,0,,0
3,507,0,0,54670,10866,0,0,0,0,0,,0
3,508,0,0,49717,15819,0,0,0,0,0,,0
3,509,0,0,57282,8254,0,0,0,0,0,,0
3,510,0,0,58711,6825,0,0,0,0,0,,0
3,511,0,0,49106,16430,0,0,0,0,0,,0
3,512,0,0,54157,11379,0,0,0,0,0,,0
3,513,0,0,52324,13212,0,0,0,0,0,,0
3,514,0,0,59302,6234,0,0,0,0,0,,0
3,515,27,0,42870,22666,0,0,0,6,3,0;1;2,0
3,516,0,0,48991,16545,0,0,0,0,0,,0
3,517,0,0,54066,11470,0,0,0,0,0,,0
3,518,1,0,51806,13730,0,0,0,2,2,0;1,0
3,519,0,0,46333,19203,0,0,0,0,0,,0
3,520,0,0,53485,12051,0,0,0,0,0,,0
3,521,0,0,58953,6583,0,0,0,0,0,,0
3,522,11,0,58288,7248,0,0,0,2,2,0;2,0
3,523,0,0,50126,15410,0,0,0,0,0,,0
3,524,0,0,57439,8097,0,0,0,0,0,,0
3,525,0,0,52285,13251,0,0,0,0,0,,0
3,526,0,0,51531,14005,0,0,0,0,0,,0
3,527,0,0,53484,12052,0,0,0,0,0,,0
3,528,0,0,61718,3818,0,0,0,0,0,,0
3,529,0,0,59776,5760,0,0,0,0,0,,0
3,530,0,0,61285,4251,0,0,0,0,0,,0
3,531,0,0,59314,6222,0,0,0,0,0,,0
3,532,0,0,55460,10076,0,0,0,0,0,,0
3,533,0,0,55980,9556,0,0,0,0,0,,0
3,534,0,0,63187,2349,0,0,0,0,0,,0
3,535,0,0,61608,3928,0,0,0,0,0,,0
3,536,0,0,60024,5512,0,0,0,0,0,,0
3,537,0,0,49119,16417,0,0,0,0,0,,0
3,538,0,0,50793,14743,0,0,0,0,0,,0
3,539,0,0,55735,9801,0,0,0,0,0,,0
3,540,0,0,61374,4162,0,0,0,0,0,,0
3,541,0,0,56418,9118,0,0,0,0,0,,0
3,542,0,0,52173,13363,0,0,0,0,0,,0
3,543,0,0,56302,9234,0,0,0,0,0,,0
3,544,0,0,55513,10023,0,0,0,0,0,,0
3,545,0,0,54216,11320,0,0,0,0,0,,0
3,546,0,0,65536,0,0,0,0,0,0,,0
3,547,0,0,56668,8868,0,0,0,0,0,,0
3,548,0,0,49987,15549,0,0,0,0,0,,0
3,549,0,0,58880,6656,0,0,0,0,0,,0
3,550,0,0,65352,184,0,0,0,0,0,,0
3,551,0,0,64212,1324,0,0,0,0,0,,0
3,552,0,0,61603,3933,0,0,0,0,0,,0
3,553,0,0,53632,11904,0,0,0,0,0,,0
3,554,0,0,54720,10816,0,0,0,0,0,,0
3,555,0,0,62498,3038,0,0,0,0,0,,0
3,556,0,0,48176,17360,0,0,0,0,0,,0
3,557,0,0,58234,7302,0,0,0,0,0,,0
3,558,0,0,55101,10435,0,0,0,0,0,,0
3,559,0,0,64252,1284,0,0,0,0,0,,0
3,560,0,0,63612,1924,0,0,0,0,0,,0
3,561,0,0,60288,5248,0,0,0,0,0,,0
3,562,0,0,60973,4563,0,0,0,0,0,,0
3,563,0,0,46971,18565,0,0,0,0,0,,0
3,564,0,0,49395,16141,0,0,0,0,0,,0
3,565,0,0,64157,1379,0,0,0,0,0,,0
3,566,0,0,63852,1684,0,0,0,0,0,,0
3,567,0,0,50095,15441,0,0,0,0,0,,0
3,568,0,0,56891,8645,0,0,0,0,0,,0
3,569,0,0,52096,13440,0,0,0,0,0,,0
3,570,0,0,55766,9770,0,0,0,0,0,,0
3,571,0,0,50562,14974,0,0,0,0,0,,0
3,572,0,0,40768,24768,0,0,0,0,0,,0
3,573,0,0,64120,1416,0,0,0,0,0,,0
3,574,0,0,59101,6435,0,0,0,0,0,,0
3,575,0,0,57024,8512,0,0,0,0,0,,0
3,576,0,0,40012,25524,0,0,0,0,0,,0
3,577,0,0,47061,18475,0,0,0,0,0,,0
3,578,0,0,55300,10236,0,0,0,0,0,,0
3,579,0,0,52234,13302,0,0,0,0,0,,0
3,580,0,0,62537,2999,0,0,0,0,0,,0
3,581,0,0,49227,16309,0,0,0,0,0,,0
3,582,7,0,60288,5248,0,0,0,2,2,2;3,0
3,583,0,0,40918,24618,0,0,0,0,0,,0
3,584,0,0,58654,6882,0,0,0,0,0,,0
3,585,0,0,62844,2692,0,0,0,0,0,,0
3,586,0,0,60775,4761,0,0,0,0,0,,0
3,587,0,0,56655,8881,0,0,0,0,0,,0
3,588,0,0,53199,12337,0,0,0,0,0,,0
3,589,0,0,60648,4888,0,0,0,0,0,,0
3,590,0,0,50712,14824,0,0,0,0,0,,0
3,591,0,0,61338,4198,0,0,0,0,0,,0
3,592,0,0,65278,258,0,0,0,0,0,,0
3,593,0,0,64616,920,0,0,0,0,0,,0
3,594,0,0,61531,4005,0,0,0,0,0,,0
3,595,0,0,64959,577,0,0,0,0,0,,0
3,596,0,0,61260,4276,0,0,0,0,0,,0
3,597,0,0,62329,3207,0,0,0,0,0,,0
3,598,0,0,60767,4769,0,0,0,0,0,,0
3,599,0,0,61441,4095,0,0,0,0,0,,0
3,600,0,0,54909,10627,0,0,0,0,0,,0
3,601,0,0,57012,8524,0,0,0,0,0,,0
3,602,0,0,50979,14557,0,0,0,0,0,,0
3,603,0,0,56746,8790,0,0,0,0,0,,0
3,604,0,0,60690,4846,0,0,0,0,0,,0
3,605,0,0,63927,1609,0,0,0,0,0,,0
3,606,0,0,59551,5985,0,0,0,0,0,,0
3,607,0,0,54570,10966,0,0,0,0,0,,0
3,608,0,0,52688,12848,0,0,0,0,0,,0
3,609,0,0,53475,12061,0,0,0,0,0,,0
3,610,0,0,61405,4131,0,0,0,0,0,,0
3,611,0,0,58063,7473,0,0,0,0,0,,0
3,612,0,0,58666,6870,0,0,0,0,0,,0
3,613,0,0,45138,20398,0,0,0,0,0,,0
3,614,0,0,43620,21916,0,0,0,0,0,,0
3,615,0,0,47190,18346,0,0,0,0,0,,0
3,616,0,0,60544,4992,0,0,0,0,0,,0
3,617,0,0,63279,2257,0,0,0,0,0,,0
3,618,0,0,59466,6070,0,0,0,0,0,,0
3,619,0,0,45236,20300,0,0,0,0,0,,0
3,620,0,0,60958,4578,0,0,0,0,0,,0
3,621,15,0,56612,8924,0,0,0,2,2,1;2,0
3,622,0,0,55776,9760,0,0,0,0,0,,0
3,623,0,0,51787,13749,0,0,0,0,0,,0
3,624,0,0,55255,10281,0,0,0,0,0,,0
3,625,0,0,57044,8492,0,0,0,0,0,,0
3,626,0,0,49613,15923,0,0,0,0,0,,0
3,627,0,0,49520,16016,0,0,0,0,0,,0
3,628,0,0,55342,10194,0,0,0,0,0,,0
3,629,0,0,56063,9473,0,0,0,0,0,,0
3,630,0,0,54919,10617,0,0,0,0,0,,0
3,631,12,0,52058,13478,0,0,0,2,2,1;2,0
3,632,0,0,56319,9217,0,0,0,0,0,,0
3,633,0,0,52342,13194,0,0,0,0,0,,0
3,634,0,0,48504,17032,0,0,0,0,0,,0
3,635,0,0,42560,22976,0,0,0,0,0,,0
3,636,0,0,48354,17182,0,0,0,0,0,,0
3,637,0,0,44629,20907,0,0,0,0,0,,0
3,638,0,0,57174,8362,0,0,0,0,0,,0
3,639,0,0,60429,5107,0,0,0,0,0,,0
3,640,0,0,52886,12650,0,0,0,0,0,,0
3,641,0,0,56250,9286,0,0,0,0,0,,0
3,642,0,0,59653,5883,0,0,0,0,0,,0
3,643,0,0,53463,12073,0,0,0,0,0,,0
3,644,0,0,51422,14114,0,0,0,0,0,,0
3,645,0,0,48538,16998,0,0,0,0,0,,0
3,646,0,0,50019,15517,0,0,0,0,0,,0
3,647,0,0,55324,10212,0,0,0,0,0,,0
3,648,0,0,56924,8612,0,0,0,0,0,,0
3,649,0,0,50883,14653,0,0,0,0,0,,0
3,650,0,0,54490,11046,0,0,0,0,0,,0
3,651,0,0,54962,10574,0,0,0,0,0,,0
3,652,0,0,59257,6279,0,0,0,0,0,,0
3,653,0,0,58254,7282,0,0,0,0,0,,0
3,654,0,0,49849,15687,0,0,0,0,0,,0
3,655,0,0,50956,14580,0,0,0,0,0,,0
3,656,0,0,51106,14430,0,0,0,0,0,,0
3,657,0,0,55333,10203,0,0,0,0,0,,0
3,658,0,0,57440,8096,0,0,0,0,0,,0
3,659,0,0,61153,4383,0,0,0,0,0,,0
3,660,5,0,49660,15876,0,0,0,2,2,0;2,0
3,661,0,0,55676,9860,0,0,0,0,0,,0
3,662,0,0,59876,5660,0,0,0,0,0,,0
3,663,0,0,47417,18119,0,0,0,0,0,,0
3,664,0,0,52964,12572,0,0,0,0,0,,0
3,665,0,0,56238,9298,0,0,0,0,0,,0
3,666,0,0,54936,10600,0,0,0,0,0,,0
3,667,0,0,57031,8505,0,0,0,0,0,,0
3,668,0,0,52754,12782,0,0,0,0,0,,0
3,669,0,0,63649,1887,0,0,0,0,0,,0
3,670,0,0,57509,8027,0,0,0,0,0,,0
3,671,0,0,47333,18203,0,0,0,0,0,,0
3,672,0,0,54902,10634,0,0,0,0,0,,0
3,673,0,0,53176,12360,0,0,0,0,0,,0
3,674,0,0,52907,12629,0,0,0,0,0,,0
3,675,0,0,61667,3869,0,0,0,0,0,,0
3,676,0,0,51707,13829,0,0,0,0,0,,0
3,677,0,0,55190,10346,0,0,0,0,0,,0
3,678,0,0,57688,7848,0,0,0,0,0,,0
3,679,0,0,52039,13497,0,0,0,0,0,,0
3,680,0,0,55001,10535,0,0,0,0,0,,0
3,681,0,0,56236,9300,0,0,0,0,0,,0
3,682,0,0,58441,7095,0,0,0,0,0,,0
3,683,0,0,44590,20946,0,0,0,0,0,,0
3,684,0,0,51615,13921,0,0,0,0,0,,0
3,685,1,0,52774,12762,0,0,0,2,2,0;2,0
3,686,0,0,56958,8578,0,0,0,0,0,,0
3,687,0,0,56883,8653,0,0,0,0,0,,0
3,688,0,0,57660,7876,0,0,0,0,0,,0
3,689,0,0,53641,11895,0,0,0,0,0,,0
3,690,0,0,51005,14531,0,0,0,0,0,,0
3,691,0,0,61139,4397,0,0,0,0,0,,0
3,692,0,0,56008,9528,0,0,0,0,0,,0
3,693,0,0,54723,10813,0,0,0,0,0,,0
3,694,0,0,54408,11128,0,0,0,0,0,,0
3,695,0,0,54341,11195,0,0,0,0,0,,0
3,696,0,0,52104,13432,0,0,0,0,0,,0
3,697,0,0,58167,7369,0,0,0,0,0,,0
3,698,0,0,61280,4256,0,0,0,0,0,,0
3,699,0,0,63228,2308,0,0,0,0,0,,0
3,700,0,0,52391,13145,0,0,0,0,0,,0
3,701,0,0,60086,5450,0,0,0,0,0,,0
3,702,0,0,53121,12415,0,0,0,0,0,,0
3,703,0,0,51347,14189,0,0,0,0,0,,0
3,704,0,0,57785,7751,0,0,0,0,0,,0
3,705,0,0,59700,5836,0,0,0,0,0,,0
3,706,2,0,46487,19049,0,0,0,2,2,1;2,0
3,707,0,0,58260,7276,0,0,0,0,0,,0
3,708,0,0,58393,7143,0,0,0,0,0,,0
3,709,0,0,54729,10807,0,0,0,0,0,,0
3,710,0,0,64080,1456,0,0,0,0,0,,0
3,711,0,0,48755,16781,0,0,0,0,0,,0
3,712,0,0,50218,15318,0,0,0,0,0,,0
3,713,0,0,59063,6473,0,0,0,0,0,,0
3,714,0,0,54623,10913,0,0,0,0,0,,0
3,715,0,0,50242,15294,0,0,0,0,0,,0
3,716,0,0,37879,27657,0,0,0,0,0,,0
3,717,0,0,61385,4151,0,0,0,0,0,,0
3,718,0,0,60156,5380,0,0,0,0,0,,0
3,719,0,0,62491,3045,0,0,0,0,0,,0
3,720,0,0,61744,3792,0,0,0,0,0,,0
3,721,0,0,63575,1961,0,0,0,0,0,,0
3,722,0,0,63477,2059,0,0,0,0,0,,0
3,723,0,0,61074,4462,0,0,0,0,0,,0
3,724,0,0,58921,6615,0,0,0,0,0,,0
3,725,0,0,60198,5338,0,0,0,0,0,,0
3,726,0,0,62138,3398,0,0,0,0,0,,0
3,727,0,0,61993,3543,0,0,0,0,0,,0
3,728,0,0,52349,13187,0,0,0,0,0,,0
3,729,0,0,46559,18977,0,0,0,0,0,,0
3,730,0,0,54411,11125,0,0,0,0,0,,0
3,731,0,0,61771,3765,0,0,0,0,0,,0
3,732,13,0,63840,1696,0,0,0,2,2,1;2,0
3,733,0,0,64738,798,0,0,0,0,0,,0
3,734,0,0,65258,278,0,0,0,0,0,,0
3,735,0,0,65536,0,0,0,0,0,0,,0
3,736,0,0,56660,8876,0,0,0,0,0,,0
3,737,3,0,50605,14931,0,0,0,2,2,0;1,0
3,738,0,0,52658,12878,0,0,0,0,0,,0
3,739,0,0,49748,15788,0,0,0,0,0,,0
3,740,0,0,64448,1088,0,0,0,0,0,,0
3,741,0,0,54633,10903,0,0,0,0,0,,0
3,742,0,0,52979,12557,0,0,0,0,0,,0
3,743,0,0,55243,10293,0,0,0,0,0,,0
3,744,0,0,53200,12336,0,0,0,0,0,,0
3,745,1,0,52765,12771,0,0,0,2,2,1;2,0
3,746,0,0,57943,7593,0,0,0,0,0,,0
3,747,0,0,60216,5320,0,0,0,0,0,,0
3,748,0,0,58291,7245,0,0,0,0,0,,0
3,749,0,0,63928,1608,0,0,0,0,0,,0
3,750,0,0,61700,3836,0,0,0,0,0,,0
3,751,0,0,64036,1500,0,0,0,0,0,,0
3,752,0,0,58978,6558,0,0,0,0,0,,0
3,753,0,0,60278,5258,0,0,0,0,0,,0
3,754,0,0,65536,0,0,0,0,0,0,,0
3,755,0,0,64434,1102,0,0,0,0,0,,0
3,756,0,0,65411,125,0,0,0,0,0,,0
3,757,0,0,64517,1019,0,0,0,0,0,,0
3,758,0,0,65285,251,0,0,0,0,0,,0
3,759,0,0,37900,27636,0,0,0,0,0,,0
3,760,4,0,36925,28611,0,0,0,4,2,1;2,0
3,761,0,0,63804,1732,0,0,0,0,0,,0
3,762,0,0,65536,0,0,0,0,0,0,,0
3,763,0,0,54567,10969,0,0,0,0,0,,0
3,764,0,0,53502,12034,0,0,0,0,0,,0
3,765,0,0,56277,9259,0,0,0,0,0,,0
3,766,0,0,47392,18144,0,0,0,0,0,,0
3,767,0,0,56438,9098,0,0,0,0,0,,0
3,768,0,0,51708,13828,0,0,0,0,0,,0
3,769,0,0,54240,11296,0,0,0,0,0,,0
3,770,0,0,51038,14498,0,0,0,0,0,,0
3,771,0,0,54076,11460,0,0,0,0,0,,0
3,772,0,0,56113,9423,0,0,0,0,0,,0
3,773,0,0,54163,11373,0,0,0,0,0,,0
3,774,0,0,56036,9500,0,0,0,0,0,,0
3,775,0,0,49909,15627,0,0,0,0,0,,0
3,776,0,0,43284,22252,0,0,0,0,0,,0
3,777,0,0,40693,24843,0,0,0,0,0,,0
3,778,0,0,65536,0,0,0,0,0,0,,0
3,779,0,0,65034,502,0,0,0,0,0,,0
3,780,0,0,65536,0,0,0,0,0,0,,0
3,781,0,0,65380,156,0,0,0,0,0,,0
3,782,0,0,64463,1073,0,0,0,0,0,,0
3,783,0,0,65223,313,0,0,0,0,0,,0
3,784,0,0,65536,0,0,0,0,0,0,,0
3,785,0,0,59482,6054,0,0,0,0,0,,0
3,786,0,0,56637,8899,0,0,0,0,0,,0
3,787,0,0,49296,16240,0,0,0,0,0,,0
3,788,0,0,57261,8275,0,0,0,0,0,,0
3,789,0,0,55178,10358,0,0,0,0,0,,0
3,790,0,0,56204,9332,0,0,0,0,0,,0
3,791,0,0,61179,4357,0,0,0,0,0,,0
3,792,0,0,62460,3076,0,0,0,0,0,,0
3,793,0,0,63688,1848,0,0,0,0,0,,0
3,794,0,0,59528,6008,0,0,0,0,0,,0
3,795,0,0,64456,1080,0,0,0,0,0,,0
3,796,0,0,63057,2479,0,0,0,0,0,,0
3,797,0,0,59561,5975,0,0,0,0,0,,0
3,798,0,0,60621,4915,0,0,0,0,0,,0
3,799,0,0,57276,8260,0,0,0,0,0,,0
3,800,0,0,62462,3074,0,0,0,0,0,,0
3,801,0,0,61811,3725,0,0,0,0,0,,0
3,802,5,0,45146,20390,0,0,0,2,2,1;2,0
3,803,0,0,42525,23011,0,0,0,0,0,,0
3,804,4,0,46708,18828,0,0,0,2,2,1;2,0
3,805,0,0,44394,21142,0,0,0,0,0,,0
3,806,0,0,44795,20741,0,0,0,0,0,,0
3,807,0,0,55391,10145,0,0,0,0,0,,0
3,808,0,0,53593,11943,0,0,0,0,0,,0
3,809,1,0,59217,6319,0,0,0,2,2,1;2,0
3,810,0,0,51848,13688,0,0,0,0,0,,0
3,811,3,0,44644,20892,0,0,0,2,2,0;1,0
3,812,2,0,48108,17428,0,0,0,2,2,0;1,0
3,813,0,0,48198,17338,0,0,0,0,0,,0
3,814,0,0,48830,16706,0,0,0,0,0,,0
3,815,0,0,51255,14281,0,0,0,0,0,,0
3,816,0,0,47353,18183,0,0,0,0,0,,0
3,817,0,0,46186,19350,0,0,0,0,0,,0
3,818,0,0,59559,5977,0,0,0,0,0,,0
3,819,0,0,48521,17015,0,0,0,0,0,,0
3,820,3,0,43929,21607,0,0,0,2,2,0;2,0
3,821,0,0,53601,11935,0,0,0,0,0,,0
3,822,0,0,50402,15134,0,0,0,0,0,,0
3,823,0,0,50719,14817,0,0,0,0,0,,0
3,824,0,0,48647,16889,0,0,0,0,0,,0
3,825,1,0,39311,26225,0,0,0,2,2,0;2,0
3,826,0,0,45449,20087,0,0,0,0,0,,0
3,827,2,0,47997,17539,0,0,0,2,2,1;2,0
3,828,0,0,46916,18620,0,0,0,0,0,,0
3,829,0,0,46191,19345,0,0,0,0,0,,0
3,830,0,0,39463,26073,0,0,0,0,0,,0
3,831,0,0,55652,9884,0,0,0,0,0,,0
3,832,0,0,52944,12592,0,0,0,0,0,,0
3,833,0,0,48295,17241,0,0,0,0,0,,0
3,834,0,0,46412,19124,0,0,0,0,0,,0
3,835,0,0,46916,18620,0,0,0,0,0,,0
3,836,0,0,45396,20140,0,0,0,0,0,,0
3,837,0,0,53866,11670,0,0,0,0,0,,0
3,838,0,0,43764,21772,0,0,0,0,0,,0
3,839,0,0,40386,25150,0,0,0,0,0,,0
3,840,0,0,43559,21977,0,0,0,0,0,,0
3,841,0,0,48735,16801,0,0,0,0,0,,0
3,842,0,0,49024,16512,0,0,0,0,0,,0
3,843,0,0,56506,9030,0,0,0,0,0,,0
3,844,0,0,58635,6901,0,0,0,0,0,,0
3,845,0,0,59917,5619,0,0,0,0,0,,0
3,846,0,0,56349,9187,0,0,0,0,0,,0
3,847,0,0,55926,9610,0,0,0,0,0,,0
3,848,0,0,53602,11934,0,0,0,0,0,,0
3,849,0,0,55634,9902,0,0,0,0,0,,0
3,850,0,0,56374,9162,0,0,0,0,0,,0
3,851,0,0,48569,16967,0,0,0,0,0,,0
3,852,0,0,50931,14605,0,0,0,0,0,,0
3,853,0,0,50317,15219,0,0,0,0,0,,0
3,854,0,0,53089,12447,0,0,0,0,0,,0
3,855,0,0,51674,13862,0,0,0,0,0,,0
3,856,0,0,50504,15032,0,0,0,0,0,,0
3,857,0,0,58450,7086,0,0,0,0,0,,0
3,858,0,0,49407,16129,0,0,0,0,0,,0
3,859,0,0,60029,5507,0,0,0,0,0,,0
3,860,0,0,53778,11758,0,0,0,0,0,,0
3,861,0,0,55704,9832,0,0,0,0,0,,0
3,862,0,0,57531,8005,0,0,0,0,0,,0
3,863,0,0,48612,16924,0,0,0,0,0,,0
3,864,0,0,45132,20404,0,0,0,0,0,,0
3,865,2,0,44981,20555,0,0,0,2,2,0;2,0
3,866,0,0,32689,32847,0,0,0,0,0,,0
3,867,0,0,48496,17040,0,0,0,0,0,,0
3,868,0,0,48524,17012,0,0,0,0,0,,0
3,869,0,0,54559,10977,0,0,0,0,0,,0
3,870,0,0,55253,10283,0,0,0,0,0,,0
3,871,0,0,57055,8481,0,0,0,0,0,,0
3,872,0,0,52073,13463,0,0,0,0,0,,0
3,873,0,0,52192,13344,0,0,0,0,0,,0
3,874,0,0,49881,15655,0,0,0,0,0,,0
3,875,0,0,56003,9533,0,0,0,0,0,,0
3,876,0,0,53542,11994,0,0,0,0,0,,0
3,877,0,0,55006,10530,0,0,0,0,0,,0
3,878,0,0,45506,20030,0,0,0,0,0,,0
3,879,0,0,40074,25462,0,0,0,0,0,,0
3,880,0,0,47420,18116,0,0,0,0,0,,0
3,881,0,0,43021,22515,0,0,0,0,0,,0
3,882,0,0,56041,9495,0,0,0,0,0,,0
3,883,0,0,49599,15937,0,0,0,0,0,,0
3,884,0,0,47621,17915,0,0,0,0,0,,0
3,885,0,0,54584,10952,0,0,0,0,0,,0
3,886,0,0,48199,17337,0,0,0,0,0,,0
3,887,0,0,36467,29069,0,0,0,0,0,,0
3,888,0,0,45496,20040,0,0,0,0,0,,0
3,889,9,0,45499,20037,0,0,0,4,2,1;2,0
3,890,1,0,40454,25082,0,0,0,2,2,1;2,0
3,891,3,0,39196,26340,0,0,0,2,2,1;2,0
3,892,0,0,38664,26872,0,0,0,0,0,,0
3,893,0,0,40565,24971,0,0,0,0,0,,0
3,894,0,0,38497,27039,0,0,0,0,0,,0
3,895,0,0,59106,6430,0,0,0,0,0,,0
3,896,0,0,51483,14053,0,0,0,0,0,,0
3,897,0,0,55266,10270,0,0,0,0,0,,0
3,898,0,0,55096,10440,0,0,0,0,0,,0
3,899,0,0,39427,26109,0,0,0,0,0,,0
3,900,0,0,48043,17493,0,0,0,0,0,,0
3,901,35,0,47294,18242,0,0,0,2,2,0;2,0
3,902,0,0,38498,27038,0,0,0,0,0,,0
3,903,0,0,43203,22333,0,0,0,0,0,,0
3,904,0,0,41882,23654,0,0,0,0,0,,0
3,905,8,0,41489,24047,0,0,0,3,2,0;2,0
3,906,0,0,40107,25429,0,0,0,0,0,,0
3,907,0,0,40234,25302,0,0,0,0,0,,0
3,908,0,0,40204,25332,0,0,0,0,0,,0
3,909,0,0,41487,24049,0,0,0,0,0,,0
3,910,0,0,37663,27873,0,0,0,0,0,,0
3,911,0,0,38894,26642,0,0,0,0,0,,0
3,912,0,0,42173,23363,0,0,0,0,0,,0
3,913,0,0,44560,20976,0,0,0,0,0,,0
3,914,0,0,39768,25768,0,0,0,0,0,,0
3,915,0,0,39573,25963,0,0,0,0,0,,0
3,916,0,0,44100,21436,0,0,0,0,0,,0
3,917,0,0,42278,23258,0,0,0,0,0,,0
3,918,0,0,64171,1365,0,0,0,0,0,,0
3,919,0,0,60895,4641,0,0,0,0,0,,0
3,920,0,0,65130,406,0,0,0,0,0,,0
3,921,0,0,63897,1639,0,0,0,0,0,,0
3,922,0,0,62856,2680,0,0,0,0,0,,0
3,923,0,0,61554,3982,0,0,0,0,0,,0
3,924,0,0,65167,369,0,0,0,0,0,,0
3,925,0,0,64441,1095,0,0,0,0,0,,0
3,926,0,0,64593,943,0,0,0,0,0,,0
3,927,0,0,63924,1612,0,0,0,0,0,,0
3,928,0,0,63762,1774,0,0,0,0,0,,0
3,929,0,0,54006,11530,0,0,0,0,0,,0
3,930,6,0,53068,12468,0,0,0,4,3,0;2;3,0
3,931,4,0,52088,13448,0,0,0,2,2,2;3,0
3,932,1,0,54342,11194,0,0,0,2,2,0;3,0
3,933,0,0,57414,8122,0,0,0,0,0,,0
3,934,0,0,55569,9967,0,0,0,0,0,,0
3,935,0,0,55750,9786,0,0,0,0,0,,0
3,936,0,0,55316,10220,0,0,0,0,0,,0
3,937,0,0,59119,6417,0,0,0,0,0,,0
3,938,0,0,58246,7290,0,0,0,0,0,,0
3,939,0,0,54798,10738,0,0,0,0,0,,0
3,940,0,0,54160,11376,0,0,0,0,0,,0
3,941,0,0,57184,8352,0,0,0,0,0,,0
3,942,0,0,56195,9341,0,0,0,0,0,,0
3,943,4,0,51638,13898,0,0,0,2,2,2;3,0
3,944,0,0,49373,16163,0,0,0,0,0,,0
3,945,0,0,51786,13750,0,0,0,0,0,,0
3,946,0,0,48995,16541,0,0,0,0,0,,0
3,947,0,0,50454,15082,0,0,0,0,0,,0
3,948,0,0,54370,11166,0,0,0,0,0,,0
3,949,0,0,62991,2545,0,0,0,0,0,,0
3,950,0,0,58737,6799,0,0,0,0,0,,0
3,951,0,0,51487,14049,0,0,0,0,0,,0
3,952,0,0,51780,13756,0,0,0,0,0,,0
3,953,0,0,58436,7100,0,0,0,0,0,,0
3,954,0,0,50417,15119,0,0,0,0,0,,0
3,955,0,0,49522,16014,0,0,0,0,0,,0
3,956,0,0,46218,19318,0,0,0,0,0,,0
3,957,0,0,51018,14518,0,0,0,0,0,,0
3,958,0,0,50429,15107,0,0,0,0,0,,0
3,959,2,0,43331,22205,0,0,0,4,3,0;1;2,0
3,960,0,0,45429,20107,0,0,0,0,0,,0
3,961,0,0,46619,18917,0,0,0,0,0,,0
3,962,0,0,47280,18256,0,0,0,0,0,,0
3,963,0,0,39520,26016,0,0,0,0,0,,0
3,964,2,0,46857,18679,0,0,0,2,2,0;2,0
3,965,0,0,44660,20876,0,0,0,0,0,,0
3,966,0,0,47952,17584,0,0,0,0,0,,0
3,967,0,0,49599,15937,0,0,0,0,0,,0
3,968,0,0,50760,14776,0,0,0,0,0,,0
3,969,0,0,48651,16885,0,0,0,0,0,,0
3,970,0,0,46890,18646,0,0,0,0,0,,0
3,971,0,0,44497,21039,0,0,0,0,0,,0
3,972,0,0,42120,23416,0,0,0,0,0,,0
3,973,0,0,52721,12815,0,0,0,0,0,,0
3,974,0,0,45480,20056,0,0,0,0,0,,0
3,975,0,0,48350,17186,0,0,0,0,0,,0
3,976,0,0,50861,14675,0,0,0,0,0,,0
3,977,0,0,48209,17327,0,0,0,0,0,,0
3,978,0,0,51514,14022,0,0,0,0,0,,0
3,979,0,0,48986,16550,0,0,0,0,0,,0
3,980,0,0,45903,19633,0,0,0,0,0,,0
3,981,0,0,42440,23096,0,0,0,0,0,,0
3,982,0,0,49191,16345,0,0,0,0,0,,0
3,983,0,0,48743,16793,0,0,0,0,0,,0
3,984,0,0,45220,20316,0,0,0,0,0,,0
3,985,0,0,48376,17160,0,0,0,0,0,,0
3,986,0,0,51425,14111,0,0,0,0,0,,0
3,987,0,0,45104,20432,0,0,0,0,0,,0
3,988,0,0,49624,15912,0,0,0,0,0,,0
3,989,0,0,43908,21628,0,0,0,0,0,,0
3,990,0,0,48590,16946,0,0,0,0,0,,0
3,991,0,0,49387,16149,0,0,0,0,0,,0
3,992,0,0,41769,23767,0,0,0,0,0,,0
3,993,0,0,46303,19233,0,0,0,0,0,,0
3,994,0,0,55765,9771,0,0,0,0,0,,0
3,995,0,0,50973,14563,0,0,0,0,0,,0
3,996,0,0,49202,16334,0,0,0,0,0,,0
3,997,0,0,52710,12826,0,0,0,0,0,,0
3,998,0,0,43494,22042,0,0,0,0,0,,0
3,999,0,0,44717,20819,0,0,0,0,0,,0
3,1000,0,0,48876,16660,0,0,0,0,0,,0
3,1001,0,0,43172,22364,0,0,0,0,0,,0
3,1002,0,0,43406,22130,0,0,0,0,0,,0
3,1003,0,0,51631,13905,0,0,0,0,0,,0
3,1004,0,0,48250,17286,0,0,0,0,0,,0
3,1005,3,0,47883,17653,0,0,0,6,2,1;2,0
3,1006,0,0,51464,14072,0,0,0,0,0,,0
3,1007,3,0,45636,19900,0,0,0,4,2,1;2,0
3,1008,0,0,51851,13685,0,0,0,0,0,,0
3,1009,0,0,51600,13936,0,0,0,0,0,,0
3,1010,0,0,54981,10555,0,0,0,0,0,,0
3,1011,0,0,53857,11679,0,0,0,0,0,,0
3,1012,0,0,61342,4194,0,0,0,0,0,,0
3,1013,0,0,54886,10650,0,0,0,0,0,,0
3,1014,0,0,55316,10220,0,0,0,0,0,,0
3,1015,0,0,55159,10377,0,0,0,0,0,,0
3,1016,0,0,65536,0,0,0,0,0,0,,0
3,1017,10,0,50196,15340,0,0,0,2,2,0;2,0
3,1018,0,0,42685,22851,0,0,0,0,0,,0
3,1019,0,0,48646,16890,0,0,0,0,0,,0
3,1020,0,0,61733,3803,0,0,0,0,0,,0
3,1021,0,0,46281,19255,0,0,0,0,0,,0
3,1022,0,0,52856,12680,0,0,0,0,0,,0
3,1023,0,0,64926,610,0,0,0,0,0,,0
3,1024,0,0,63079,2457,0,0,0,0,0,,0
3,1025,0,0,61148,4388,0,0,0,0,0,,0
3,1026,0,0,51875,13661,0,0,0,0,0,,0
3,1027,0,0,50892,14644,0,0,0,0,0,,0
3,1028,0,0,46429,19107,0,0,0,0,0,,0
3,1029,0,0,48654,16882,0,0,0,0,0,,0
3,1030,0,0,60512,5024,0,0,0,0,0,,0
3,1031,0,0,62907,2629,0,0,0,0,0,,0
3,1032,0,0,61541,3995,0,0,0,0,0,,0
3,1033,0,0,62828,2708,0,0,0,0,0,,0
3,1034,0,0,63314,2222,0,0,0,0,0,,0
3,1035,0,0,62713,2823,0,0,0,0,0,,0
3,1036,0,0,64062,1474,0,0,0,0,0,,0
3,1037,0,0,64200,1336,0,0,0,0,0,,0
3,1038,0,0,49676,15860,0,0,0,0,0,,0
3,1039,0,0,64160,1376,0,0,0,0,0,,0
3,1040,0,0,49625,15911,0,0,0,0,0,,0
3,1041,0,0,64484,1052,0,0,0,0,0,,0
3,1042,0,0,50975,14561,0,0,0,0,0,,0
3,1043,0,0,64042,1494,0,0,0,0,0,,0
3,1044,0,0,60468,5068,0,0,0,0,0,,0
3,1045,0,0,60562,4974,0,0,0,0,0,,0
3,1046,0,0,60203,5333,0,0,0,0,0,,0
3,1047,0,0,60538,4998,0,0,0,0,0,,0
3,1048,0,0,61547,3989,0,0,0,0,0,,0
3,1049,0,0,60176,5360,0,0,0,0,0,,0
3,1050,0,0,59092,6444,0,0,0,0,0,,0
3,1051,0,0,63710,1826,0,0,0,0,0,,0
3,1052,0,0,59131,6405,0,0,0,0,0,,0
3,1053,0,0,59576,5960,0,0,0,0,0,,0
3,1054,0,0,61991,3545,0,0,0,0,0,,0
3,1055,0,0,60029,5507,0,0,0,0,0,,0
3,1056,0,0,60353,5183,0,0,0,0,0,,0
3,1057,1,0,43525,22011,0,0,0,2,2,0;2,0
3,1058,3,0,43040,22496,0,0,0,2,2,0;2,0
3,1059,0,0,41830,23706,0,0,0,0,0,,0
3,1060,0,0,49797,15739,0,0,0,0,0,,0
3,1061,0,0,45974,19562,0,0,0,0,0,,0
3,1062,0,0,43841,21695,0,0,0,0,0,,0
3,1063,0,0,43624,21912,0,0,0,0,0,,0
3,1064,0,0,42051,23485,0,0,0,0,0,,0
3,1065,0,0,35489,30047,0,0,0,0,0,,0
3,1066,0,0,43641,21895,0,0,0,0,0,,0
3,1067,0,0,49562,15974,0,0,0,0,0,,0
3,1068,3,0,48883,16653,0,0,0,2,2,0;2,0
3,1069,5,0,43190,22346,0,0,0,2,2,0;2,0
3,1070,0,0,47350,18186,0,0,0,0,0,,0
3,1071,0,0,49595,15941,0,0,0,0,0,,0
3,1072,0,0,51545,13991,0,0,0,0,0,,0
3,1073,0,0,46332,19204,0,0,0,0,0,,0
3,1074,14,0,54298,11238,0,0,0,3,2,0;2,0
3,1075,0,0,50563,14973,0,0,0,0,0,,0
3,1076,0,0,65536,0,0,0,0,0,0,,0
3,1077,0,0,65320,216,0,0,0,0,0,,0
3,1078,0,0,65536,0,0,0,0,0,0,,0
3,1079,0,0,65536,0,0,0,0,0,0,,0
3,1080,0,0,65119,417,0,0,0,0,0,,0
3,1081,0,0,65153,383,0,0,0,0,0,,0
3,1082,0,0,65195,341,0,0,0,0,0,,0
3,1083,0,0,65536,0,0,0,0,0,0,,0
3,1084,0,0,65528,8,0,0,0,0,0,,0
3,1085,0,0,65536,0,0,0,0,0,0,,0
3,1086,0,0,65314,222,0,0,0,0,0,,0
3,1087,0,0,64392,1144,0,0,0,0,0,,0
3,1088,0,0,65536,0,0,0,0,0,0,,0
3,1089,0,0,65188,348,0,0,0,0,0,,0
3,1090,0,0,65228,308,0,0,0,0,0,,0
3,1091,0,0,65218,318,0,0,0,0,0,,0
3,1092,0,0,65146,390,0,0,0,0,0,,0
3,1093,0,0,54562,10974,0,0,0,0,0,,0
3,1094,0,0,53153,12383,0,0,0,0,0,,0
3,1095,0,0,52983,12553,0,0,0,0,0,,0
3,1096,0,0,52628,12908,0,0,0,0,0,,0
3,1097,0,0,55380,10156,0,0,0,0,0,,0
3,1098,9,0,56077,9459,0,0,0,2,2,0;2,0
3,1099,0,0,56019,9517,0,0,0,0,0,,0
3,1100,0,0,57278,8258,0,0,0,0,0,,0
3,1101,0,0,56101,9435,0,0,0,0,0,,0
3,1102,0,0,64629,907,0,0,0,0,0,,0
3,1103,0,0,51155,14381,0,0,0,0,0,,0
3,1104,0,0,53314,12222,0,0,0,0,0,,0
3,1105,0,0,63885,1651,0,0,0,0,0,,0
3,1106,0,0,57470,8066,0,0,0,0,0,,0
3,1107,0,0,58639,6897,0,0,0,0,0,,0
3,1108,0,0,56353,9183,0,0,0,0,0,,0
3,1109,0,0,51820,13716,0,0,0,0,0,,0
3,1110,0,0,55709,9827,0,0,0,0,0,,0
3,1111,0,0,56595,8941,0,0,0,0,0,,0
3,1112,0,0,59511,6025,0,0,0,0,0,,0
3,1113,0,0,53624,11912,0,0,0,0,0,,0
3,1114,0,0,54004,11532,0,0,0,0,0,,0
3,1115,0,0,56962,8574,0,0,0,0,0,,0
3,1116,0,0,61355,4181,0,0,0,0,0,,0
3,1117,0,0,55338,10198,0,0,0,0,0,,0
3,1118,0,0,55969,9567,0,0,0,0,0,,0
3,1119,12,0,54335,11201,0,0,0,2,2,0;2,0
3,1120,0,0,56108,9428,0,0,0,0,0,,0
3,1121,0,0,56196,9340,0,0,0,0,0,,0
3,1122,0,0,57703,7833,0,0,0,0,0,,0
3,1123,0,0,59731,5805,0,0,0,0,0,,0
3,1124,0,0,52430,13106,0,0,0,0,0,,0
3,1125,0,0,53092,12444,0,0,0,0,0,,0
3,1126,0,0,56057,9479,0,0,0,0,0,,0
3,1127,0,0,54535,11001,0,0,0,0,0,,0
3,1128,0,0,58891,6645,0,0,0,0,0,,0
3,1129,0,0,54773,10763,0,0,0,0,0,,0
3,1130,0,0,54229,11307,0,0,0,0,0,,0
3,1131,0,0,55992,9544,0,0,0,0,0,,0
3,1132,0,0,59165,6371,0,0,0,0,0,,0
3,1133,0,0,58444,7092,0,0,0,0,0,,0
3,1134,0,0,56596,8940,0,0,0,0,0,,0
3,1135,0,0,61741,3795,0,0,0,0,0,,0
3,1136,0,0,60349,5187,0,0,0,0,0,,0
3,1137,0,0,60135,5401,0,0,0,0,0,,0
3,1138,0,0,60577,4959,0,0,0,0,0,,0
3,1139,0,0,60200,5336,0,0,0,0,0,,0
3,1140,0,0,56850,8686,0,0,0,0,0,,0
3,1141,0,0,57026,8510,0,0,0,0,0,,0
3,1142,0,0,55412,10124,0,0,0,0,0,,0
3,1143,0,0,53599,11937,0,0,0,0,0,,0
3,1144,0,0,56471,9065,0,0,0,0,0,,0
3,1145,0,0,55942,9594,0,0,0,0,0,,0
3,1146,0,0,56616,8920,0,0,0,0,0,,0
3,1147,0,0,59003,6533,0,0,0,0,0,,0
3,1148,0,0,56820,8716,0,0,0,0,0,,0
3,1149,0,0,48744,16792,0,0,0,0,0,,0
3,1150,0,0,57426,8110,0,0,0,0,0,,0
3,1151,0,0,53345,12191,0,0,0,0,0,,0
3,1152,0,0,57037,8499,0,0,0,0,0,,0
3,1153,0,0,53142,12394,0,0,0,0,0,,0
3,1154,6,0,55262,10274,0,0,0,2,2,1;2,0
3,1155,0,0,54300,11236,0,0,0,0,0,,0
3,1156,0,0,55555,9981,0,0,0,0,0,,0
3,1157,0,0,54463,11073,0,0,0,0,0,,0
3,1158,0,0,50748,14788,0,0,0,0,0,,0
3,1159,0,0,49458,16078,0,0,0,0,0,,0
3,1160,2,0,53474,12062,0,0,0,2,2,0;2,0
3,1161,0,0,56053,9483,0,0,0,0,0,,0
3,1162,0,0,48711,16825,0,0,0,0,0,,0
3,1163,0,0,58536,7000,0,0,0,0,0,,0
3,1164,0,0,56317,9219,0,0,0,0,0,,0
3,1165,10,0,58466,7070,0,0,0,2,2,2;4,0
3,1166,0,0,47787,17749,0,0,0,0,0,,0
3,1167,1,0,49871,15665,0,0,0,2,2,1;2,0
3,1168,0,0,57754,7782,0,0,0,0,0,,0
3,1169,0,0,58986,6550,0,0,0,0,0,,0
3,1170,0,0,59701,5835,0,0,0,0,0,,0
3,1171,0,0,40464,25072,0,0,0,0,0,,0
3,1172,0,0,55198,10338,0,0,0,0,0,,0
3,1173,0,0,53236,12300,0,0,0,0,0,,0
3,1174,0,0,43778,21758,0,0,0,0,0,,0
3,1175,0,0,43195,22341,0,0,0,0,0,,0
3,1176,0,0,48363,17173,0,0,0,0,0,,0
3,1177,0,0,46965,18571,0,0,0,0,0,,0
3,1178,0,0,60036,5500,0,0,0,0,0,,0
3,1179,0,0,50258,15278,0,0,0,0,0,,0
3,1180,0,0,53794,11742,0,0,0,0,0,,0
3,1181,0,0,56634,8902,0,0,0,0,0,,0
3,1182,0,0,46654,18882,0,0,0,0,0,,0
3,1183,0,0,49257,16279,0,0,0,0,0,,0
3,1184,6,0,56031,9505,0,0,0,2,2,0;2,0
3,1185,0,0,41898,23638,0,0,0,0,0,,0
3,1186,6,0,58971,6565,0,0,0,2,2,2;4,0
3,1187,0,0,60628,4908,0,0,0,0,0,,0
3,1188,0,0,58909,6627,0,0,0,0,0,,0
3,1189,0,0,56046,9490,0,0,0,0,0,,0
3,1190,0,0,58840,6696,0,0,0,0,0,,0
3,1191,0,0,57411,8125,0,0,0,0,0,,0
3,1192,0,0,57311,8225,0,0,0,0,0,,0
3,1193,0,0,51400,14136,0,0,0,0,0,,0
3,1194,0,0,58780,6756,0,0,0,0,0,,0
3,1195,0,0,56009,9527,0,0,0,0,0,,0
3,1196,0,0,59328,6208,0,0,0,0,0,,0
3,1197,0,0,53642,11894,0,0,0,0,0,,0
3,1198,0,0,52918,12618,0,0,0,0,0,,0
3,1199,0,0,57844,7692,0,0,0,0,0,,0
3,1200,0,0,51244,14292,0,0,0,0,0,,0
3,1201,2,0,52068,13468,0,0,0,2,2,1;2,0
3,1202,0,0,52876,12660,0,0,0,0,0,,0
3,1203,0,0,55424,10112,0,0,0,0,0,,0
3,1204,4,0,48280,17256,0,0,0,2,2,1;2,0
3,1205,0,0,50381,15155,0,0,0,0,0,,0
3,1206,0,0,49088,16448,0,0,0,0,0,,0
3,1207,0,0,59062,6474,0,0,0,0,0,,0
3,1208,0,0,54381,11155,0,0,0,0,0,,0
3,1209,0,0,59062,6474,0,0,0,0,0,,0
3,1210,0,0,59188,6348,0,0,0,0,0,,0
3,1211,0,0,52247,13289,0,0,0,0,0,,0
3,1212,0,0,59447,6089,0,0,0,0,0,,0
3,1213,0,0,52872,12664,0,0,0,0,0,,0
3,1214,0,0,58036,7500,0,0,0,0,0,,0
3,1215,0,0,52067,13469,0,0,0,0,0,,0
3,1216,4,0,50959,14577,0,0,0,2,2,1;2,0
3,1217,0,0,58117,7419,0,0,0,0,0,,0
3,1218,0,0,57215,8321,0,0,0,0,0,,0
3,1219,0,0,53037,12499,0,0,0,0,0,,0
3,1220,0,0,58769,6767,0,0,0,0,0,,0
3,1221,0,0,55119,10417,0,0,0,0,0,,0
3,1222,0,0,48360,17176,0,0,0,0,0,,0
3,1223,0,0,53926,11610,0,0,0,0,0,,0
3,1224,0,0,49620,15916,0,0,0,0,0,,0
3,1225,0,0,55494,10042,0,0,0,0,0,,0
3,1226,0,0,47457,18079,0,0,0,0,0,,0
3,1227,28,0,49914,15622,0,0,0,4,2,0;1,0
3,1228,0,0,50050,15486,0,0,0,0,0,,0
3,1229,0,0,45040,20496,0,0,0,0,0,,0
3,1230,0,0,41880,23656,0,0,0,0,0,,0
3,1231,0,0,54355,11181,0,0,0,0,0,,0
3,1232,0,0,48310,17226,0,0,0,0,0,,0
3,1233,0,0,42089,23447,0,0,0,0,0,,0
3,1234,6,0,49720,15816,0,0,0,2,2,1;2,0
3,1235,0,0,47897,17639,0,0,0,0,0,,0
3,1236,0,0,48474,17062,0,0,0,0,0,,0
3,1237,0,0,42550,22986,0,0,0,0,0,,0
3,1238,2,0,46187,19349,0,0,0,2,2,0;2,0
3,1239,0,0,61869,3667,0,0,0,0,0,,0
3,1240,0,0,56468,9068,0,0,0,0,0,,0
3,1241,0,0,41014,24522,0,0,0,0,0,,0
3,1242,0,0,47954,17582,0,0,0,0,0,,0
3,1243,0,0,60450,5086,0,0,0,0,0,,0
3,1244,0,0,45037,20499,0,0,0,0,0,,0
3,1245,0,0,58229,7307,0,0,0,0,0,,0
3,1246,5,0,56740,8796,0,0,0,2,2,0;1,0
3,1247,0,0,60236,5300,0,0,0,0,0,,0
3,1248,0,0,56320,9216,0,0,0,0,0,,0
3,1249,7,0,56758,8778,0,0,0,2,2,0;1,0
3,1250,0,0,55269,10267,0,0,0,0,0,,0
3,1251,5,0,58649,6887,0,0,0,2,2,0;2,0
3,1252,0,0,60440,5096,0,0,0,0,0,,0
3,1253,0,0,57975,7561,0,0,0,0,0,,0
3,1254,0,0,60071,5465,0,0,0,0,0,,0
3,1255,0,0,59318,6218,0,0,0,0,0,,0
3,1256,0,0,57075,8461,0,0,0,0,0,,0
3,1257,0,0,54903,10633,0,0,0,0,0,,0
3,1258,11,0,58321,7215,0,0,0,2,2,0;2,0
3,1259,0,0,55236,10300,0,0,0,0,0,,0
3,1260,0,0,60673,4863,0,0,0,0,0,,0
3,1261,0,0,59486,6050,0,0,0,0,0,,0
3,1262,1,0,55401,10135,0,0,0,2,2,0;2,0
3,1263,0,0,60779,4757,0,0,0,0,0,,0
3,1264,0,0,59605,5931,0,0,0,0,0,,0
3,1265,0,0,61706,3830,0,0,0,0,0,,0
3,1266,0,0,65300,236,0,0,0,0,0,,0
3,1267,0,0,62605,2931,0,0,0,0,0,,0
3,1268,0,0,61521,4015,0,0,0,0,0,,0
3,1269,0,0,56939,8597,0,0,0,0,0,,0
3,1270,0,0,57904,7632,0,0,0,0,0,,0
3,1271,0,0,57306,8230,0,0,0,0,0,,0
3,1272,0,0,58503,7033,0,0,0,0,0,,0
3,1273,0,0,59023,6513,0,0,0,0,0,,0
3,1274,0,0,62776,2760,0,0,0,0,0,,0
3,1275,0,0,57412,8124,0,0,0,0,0,,0
3,1276,0,0,63128,2408,0,0,0,0,0,,0
3,1277,0,0,55343,10193,0,0,0,0,0,,0
3,1278,0,0,58363,7173,0,0,0,0,0,,0
3,1279,0,0,58289,7247,0,0,0,0,0,,0
3,1280,0,0,58867,6669,0,0,0,0,0,,0
3,1281,0,0,55861,9675,0,0,0,0,0,,0
3,1282,0,0,59637,5899,0,0,0,0,0,,0
3,1283,0,0,57280,8256,0,0,0,0,0,,0
3,1284,1,0,56603,8933,0,0,0,2,2,0;2,0
3,1285,0,0,58513,7023,0,0,0,0,0,,0
3,1286,0,0,50518,15018,0,0,0,0,0,,0
3,1287,4,0,51515,14021,0,0,0,2,2,0;2,0
3,1288,0,0,55672,9864,0,0,0,0,0,,0
3,1289,0,0,60632,4904,0,0,0,0,0,,0
3,1290,0,0,52530,13006,0,0,0,0,0,,0
3,1291,0,0,61925,3611,0,0,0,0,0,,0
3,1292,0,0,62181,3355,0,0,0,0,0,,0
3,1293,0,0,59825,5711,0,0,0,0,0,,0
3,1294,0,0,56929,8607,0,0,0,0,0,,0
3,1295,0,0,61159,4377,0,0,0,0,0,,0
3,1296,0,0,61011,4525,0,0,0,0,0,,0
3,1297,0,0,54891,10645,0,0,0,0,0,,0
3,1298,0,0,55218,10318,0,0,0,0,0,,0
3,1299,0,0,46734,18802,0,0,0,0,0,,0
3,1300,0,0,64396,1140,0,0,0,0,0,,0
3,1301,0,0,58664,6872,0,0,0,0,0,,0
3,1302,1,0,56070,9466,0,0,0,2,2,1;2,0
3,1303,0,0,63532,2004,0,0,0,0,0,,0
3,1304,0,0,54417,11119,0,0,0,0,0,,0
3,1305,0,0,59480,6056,0,0,0,0,0,,0
3,1306,0,0,55695,9841,0,0,0,0,0,,0
3,1307,0,0,65536,0,0,0,0,0,0,,0
3,1308,0,0,53226,12310,0,0,0,0,0,,0
3,1309,0,0,51330,14206,0,0,0,0,0,,0
3,1310,0,0,55189,10347,0,0,0,0,0,,0
3,1311,0,0,52660,12876,0,0,0,0,0,,0
3,1312,0,0,54822,10714,0,0,0,0,0,,0
3,1313,0,0,62486,3050,0,0,0,0,0,,0
3,1314,10,0,50246,15290,0,0,0,2,2,2;4,0
3,1315,0,0,56902,8634,0,0,0,0,0,,0
3,1316,0,0,59141,6395,0,0,0,0,0,,0
3,1317,0,0,53093,12443,0,0,0,0,0,,0
3,1318,0,0,60689,4847,0,0,0,0,0,,0
3,1319,0,0,58575,6961,0,0,0,0,0,,0
3,1320,0,0,61416,4120,0,0,0,0,0,,0
3,1321,0,0,62747,2789,0,0,0,0,0,,0
3,1322,0,0,53660,11876,0,0,0,0,0,,0
3,1323,7,0,58519,7017,0,0,0,2,2,0;2,0
3,1324,0,0,47276,18260,0,0,0,0,0,,0
3,1325,0,0,40562,24974,0,0,0,0,0,,0
3,1326,0,0,47549,17987,0,0,0,0,0,,0
3,1327,0,0,44511,21025,0,0,0,0,0,,0
3,1328,0,0,45135,20401,0,0,0,0,0,,0
3,1329,0,0,59141,6395,0,0,0,0,0,,0
3,1330,0,0,55396,10140,0,0,0,0,0,,0
3,1331,0,0,56903,8633,0,0,0,0,0,,0
3,1332,0,0,52435,13101,0,0,0,0,0,,0
3,1333,1,0,44523,21013,0,0,0,2,2,1;2,0
3,1334,0,0,51644,13892,0,0,0,0,0,,0
3,1335,0,0,37593,27943,0,0,0,0,0,,0
3,1336,0,0,39474,26062,0,0,0,0,0,,0
3,1337,0,0,52746,12790,0,0,0,0,0,,0
3,1338,0,0,49715,15821,0,0,0,0,0,,0
3,1339,0,0,41777,23759,0,0,0,0,0,,0
3,1340,0,0,45205,20331,0,0,0,0,0,,0
3,1341,0,0,51124,14412,0,0,0,0,0,,0
3,1342,0,0,48627,16909,0,0,0,0,0,,0
3,1343,0,0,40217,25319,0,0,0,0,0,,0
3,1344,0,0,51997,13539,0,0,0,0,0,,0
3,1345,0,0,50515,15021,0,0,0,0,0,,0
3,1346,0,0,52508,13028,0,0,0,0,0,,0
3,1347,0,0,48922,16614,0,0,0,0,0,,0
3,1348,0,0,38182,27354,0,0,0,0,0,,0
3,1349,0,0,57466,8070,0,0,0,0,0,,0
3,1350,0,0,47708,17828,0,0,0,0,0,,10
3,1351,0,0,46598,18938,0,0,0,0,0,,2
3,1352,0,0,48897,16639,0,0,0,0,0,,11
3,1353,0,0,48298,17238,0,0,0,0,0,,4
3,1354,0,0,62861,2675,0,0,0,0,0,,0
3,1355,0,0,32196,33340,0,0,0,0,0,,0
3,1356,0,0,52468,13020,48,48,48,0,0,,1
3,1357,0,0,52648,12888,0,0,0,0,0,,6
3,1358,0,0,49487,16049,0,0,0,0,0,,2
3,1359,0,0,63629,1907,0,0,0,0,0,,0
3,1360,0,0,46804,18732,0,0,0,0,0,,12
3,1361,0,0,65146,390,0,0,0,0,0,,0
3,1362,0,0,54419,11117,0,0,0,0,0,,3
3,1363,0,0,56349,9187,0,0,0,0,0,,2
3,1364,0,0,65079,457,0,0,0,0,0,,0
3,1365,0,0,42688,22848,0,0,0,0,0,,5
3,1366,0,0,52315,13221,0,0,0,0,0,,0
3,1367,0,0,49950,15586,0,0,0,0,0,,0
3,1368,0,0,38998,26538,0,0,0,0,0,,5
3,1369,0,0,47949,17587,0,0,0,0,0,,4
3,1370,0,0,41261,24275,0,0,0,0,0,,8
3,1371,0,0,52842,12694,0,0,0,0,0,,1
3,1372,0,0,56253,9283,0,0,0,0,0,,0
3,1373,0,0,58140,7396,0,0,0,0,0,,0
3,1374,0,0,57143,8393,0,0,0,0,0,,1
3,1375,0,0,58591,6945,0,0,0,0,0,,0
3,1376,0,0,52700,12836,0,0,0,0,0,,0
3,1377,0,0,49119,16417,0,0,0,0,0,,0
3,1378,0,0,46479,19057,0,0,0,0,0,,0
3,1379,0,0,41238,24298,0,0,0,0,0,,0
3,1380,0,0,47244,18292,0,0,0,0,0,,0
3,1381,0,0,49665,15871,0,0,0,0,0,,3
3,1382,0,0,47092,18444,0,0,0,0,0,,4
3,1383,0,0,43579,21957,0,0,0,0,0,,4
3,1384,0,0,47008,18528,0,0,0,0,0,,3
3,1385,0,0,61084,4452,0,0,0,0,0,,0
3,1386,0,0,57366,8170,0,0,0,0,0,,2
3,1387,0,0,53816,11720,0,0,0,0,0,,0
3,1388,0,0,59377,6159,0,0,0,0,0,,1
3,1389,0,0,60917,4619,0,0,0,0,0,,0
3,1390,0,0,57922,7614,0,0,0,0,0,,2
3,1391,0,0,64755,781,0,0,0,0,0,,0
3,1392,0,0,64427,1109,0,0,0,0,0,,0
3,1393,0,0,61443,4093,0,0,0,0,0,,0
3,1394,0,0,60879,4657,0,0,0,0,0,,0
3,1395,0,0,59444,6092,0,0,0,0,0,,0
3,1396,0,0,57997,7539,0,0,0,0,0,,1
3,1397,0,0,59078,6458,0,0,0,0,0,,1
3,1398,0,0,50665,14871,0,0,0,0,0,,0
3,1399,0,0,50804,14732,0,0,0,0,0,,0
3,1400,0,0,46901,18635,0,0,0,0,0,,0
3,1401,0,0,53195,12341,0,0,0,0,0,,0
3,1402,0,0,51489,14047,0,0,0,0,0,,0
3,1403,0,0,63795,1741,0,0,0,0,0,,0
3,1404,0,0,60152,5384,0,0,0,0,0,,0
3,1405,0,0,65373,163,0,0,0,0,0,,0
3,1406,0,0,61788,3748,0,0,0,0,0,,0
3,1407,0,0,64861,675,0,0,0,0,0,,0
3,1408,0,0,57303,8233,0,0,0,0,0,,0
3,1409,0,0,56754,8782,0,0,0,0,0,,0
3,1410,0,0,55731,9805,0,0,0,0,0,,0
3,1411,0,0,53282,12254,0,0,0,0,0,,0
3,1412,0,0,60592,4944,0,0,0,0,0,,0
3,1413,0,0,60572,4964,0,0,0,0,0,,0
3,1414,0,0,59184,6352,0,0,0,0,0,,0
3,1415,0,0,53887,11649,0,0,0,0,0,,0
3,1416,0,0,54107,11429,0,0,0,0,0,,0
3,1417,0,0,52834,12702,0,0,0,0,0,,0
3,1418,0,0,56491,9045,0,0,0,0,0,,0
3,1419,0,0,55651,9885,0,0,0,0,0,,0
3,1420,0,0,63228,2308,0,0,0,0,0,,0
3,1421,0,0,60598,4938,0,0,0,0,0,,0
3,1422,0,0,63115,2421,0,0,0,0,0,,0
3,1423,0,0,61513,4023,0,0,0,0,0,,0
3,1424,0,0,60789,4747,0,0,0,0,0,,0
3,1425,0,0,60717,4819,0,0,0,0,0,,0
3,1426,0,0,63540,1996,0,0,0,0,0,,0
3,1427,0,0,64284,1252,0,0,0,0,0,,0
3,1428,0,0,63621,1915,0,0,0,0,0,,0
3,1429,0,0,64325,1211,0,0,0,0,0,,0
3,1430,0,0,63875,1661,0,0,0,0,0,,0
3,1431,0,0,62597,2939,0,0,0,0,0,,0
3,1432,0,0,64306,1230,0,0,0,0,0,,0
3,1433,0,0,59302,6234,0,0,0,0,0,,0
3,1434,0,0,61291,4245,0,0,0,0,0,,0
3,1435,0,0,60147,5389,0,0,0,0,0,,0
3,1436,0,0,52836,12700,0,0,0,0,0,,0
3,1437,0,0,63955,1581,0,0,0,0,0,,0
3,1438,0,0,65536,0,0,0,0,0,0,,0
3,1439,0,0,51066,14470,0,0,0,0,0,,0
3,1440,0,0,50714,14822,0,0,0,0,0,,0
3,1441,0,0,57840,7696,0,0,0,0,0,,0
3,1442,0,0,62671,2865,0,0,0,0,0,,0
3,1443,0,0,58198,7338,0,0,0,0,0,,0
3,1444,0,0,62215,3321,0,0,0,0,0,,0
3,1445,0,0,60884,4652,0,0,0,0,0,,0
3,1446,0,0,58419,7117,0,0,0,0,0,,0
3,1447,0,0,58992,6544,0,0,0,0,0,,0
3,1448,0,0,54515,11021,0,0,0,0,0,,0
3,1449,0,0,57622,7914,0,0,0,0,0,,0
3,1450,11,0,53484,12052,0,0,0,4,2,0;2,0
3,1451,2,0,58363,7173,0,0,0,2,2,0;2,0
3,1452,0,0,56781,8755,0,0,0,0,0,,0
3,1453,0,0,57333,8203,0,0,0,0,0,,0
3,1454,7,0,55266,10270,0,0,0,2,2,0;2,0
3,1455,0,0,59927,5609,0,0,0,0,0,,0
3,1456,0,0,59956,5580,0,0,0,0,0,,0
3,1457,0,0,64679,857,0,0,0,0,0,,0
3,1458,0,0,59978,5558,0,0,0,0,0,,0
3,1459,0,0,61132,4404,0,0,0,0,0,,0
3,1460,0,0,65251,285,0,0,0,0,0,,0
3,1461,0,0,63743,1793,0,0,0,0,0,,0
3,1462,0,0,65152,384,0,0,0,0,0,,0
3,1463,0,0,62674,2862,0,0,0,0,0,,0
3,1464,0,0,61614,3922,0,0,0,0,0,,0
3,1465,0,0,61347,4189,0,0,0,0,0,,0
3,1466,0,0,65211,325,0,0,0,0,0,,0
3,1467,0,0,57752,7784,0,0,0,0,0,,0
3,1468,0,0,61618,3918,0,0,0,0,0,,0
3,1469,0,0,64695,841,0,0,0,0,0,,0
3,1470,0,0,63354,2182,0,0,0,0,0,,0
3,1471,0,0,62488,3048,0,0,0,0,0,,0
3,1472,0,0,64732,804,0,0,0,0,0,,0
3,1473,0,0,52793,12743,0,0,0,0,0,,0
3,1474,0,0,53370,12166,0,0,0,0,0,,0
3,1475,5,0,53692,11844,0,0,0,2,2,2;4,0
3,1476,0,0,64692,844,0,0,0,0,0,,0
3,1477,0,0,63376,2160,0,0,0,0,0,,0
3,1478,0,0,62816,2720,0,0,0,0,0,,0
3,1479,0,0,60773,4763,0,0,0,0,0,,0
3,1480,0,0,64563,973,0,0,0,0,0,,0
3,1481,0,0,60554,4982,0,0,0,0,0,,0
3,1482,0,0,54180,11356,0,0,0,0,0,,0
3,1483,0,0,60845,4691,0,0,0,0,0,,0
3,1484,0,0,59268,6268,0,0,0,0,0,,0
3,1485,0,0,58789,6747,0,0,0,0,0,,0
3,1486,0,0,59010,6526,0,0,0,0,0,,0
3,1487,0,0,63369,2167,0,0,0,0,0,,0
3,1488,0,0,61907,3629,0,0,0,0,0,,0
3,1489,0,0,61387,4149,0,0,0,0,0,,0
3,1490,0,0,60914,4622,0,0,0,0,0,,0
3,1491,0,0,56090,9446,0,0,0,0,0,,0
3,1492,0,0,58269,7267,0,0,0,0,0,,0
3,1493,6,0,57172,8364,0,0,0,2,2,1;4,0
3,1494,0,0,59959,5577,0,0,0,0,0,,0
3,1495,0,0,64475,1061,0,0,0,0,0,,0
3,1496,0,0,64391,1145,0,0,0,0,0,,0
3,1497,0,0,62642,2894,0,0,0,0,0,,0
3,1498,0,0,63466,2070,0,0,0,0,0,,0
3,1499,0,0,62722,2814,0,0,0,0,0,,0
3,1500,0,0,63258,2278,0,0,0,0,0,,0
3,1501,16,0,43360,22176,0,0,0,4,2,0;2,0
3,1502,4,0,47216,18320,0,0,0,2,2,0;2,0
3,1503,8,0,50256,15280,0,0,0,4,2,0;2,0
3,1504,0,0,44612,20924,0,0,0,0,0,,0
3,1505,0,0,44557,20979,0,0,0,0,0,,0
3,1506,0,0,0,0,65536,65536,65536,0,0,,0
3,1507,0,0,0,0,65536,65536,65536,0,0,,0
3,1508,0,0,0,0,65536,65536,65536,0,0,,0
3,1509,0,0,0,0,65536,65536,65536,0,0,,0
3,1510,0,0,0,0,65536,65536,65536,0,0,,0
3,1511,0,0,0,0,65536,65536,65536,0,0,,0
3,1512,3,0,52820,12716,0,0,0,4,3,0;1;2,0
3,1513,0,0,51688,13848,0,0,0,0,0,,0
3,1514,2,0,53038,12498,0,0,0,2,2,0;2,0
3,1515,0,0,47682,17854,0,0,0,0,0,,0
3,1516,0,0,51431,14105,0,0,0,0,0,,0
3,1517,0,0,46189,19347,0,0,0,0,0,,0
3,1518,0,0,65536,0,0,0,0,0,0,,0
3,1519,0,0,65536,0,0,0,0,0,0,,0
3,1520,0,0,52652,12884,0,0,0,0,0,,0
3,1521,0,0,65326,210,0,0,0,0,0,,0
3,1522,0,0,65067,469,0,0,0,0,0,,0
3,1523,0,0,65536,0,0,0,0,0,0,,0
3,1524,0,0,59712,5824,0,0,0,0,0,,0
3,1525,0,0,57907,7629,0,0,0,0,0,,0
3,1526,0,0,60246,5290,0,0,0,0,0,,0
3,1527,0,0,53078,12458,0,0,0,0,0,,0
3,1528,5,0,49170,16366,0,0,0,2,2,1;2,0
3,1529,0,0,51358,14178,0,0,0,0,0,,0
3,1530,0,0,51096,14440,0,0,0,0,0,,0
3,1531,0,0,54206,11330,0,0,0,0,0,,0
3,1532,0,0,54210,11326,0,0,0,0,0,,0
3,1533,0,0,50491,15045,0,0,0,0,0,,0
3,1534,0,0,51093,14443,0,0,0,0,0,,0
3,1535,0,0,53258,12278,0,0,0,0,0,,0
3,1536,0,0,59692,5844,0,0,0,0,0,,0
3,1537,2,0,56476,9060,0,0,0,2,2,1;2,0
3,1538,0,0,55276,10260,0,0,0,0,0,,0
3,1539,0,0,52604,12932,0,0,0,0,0,,0
3,1540,2,0,49418,16118,0,0,0,2,2,1;2,0
3,1541,0,0,51780,13756,0,0,0,0,0,,0
3,1542,0,0,46069,19467,0,0,0,0,0,,0
3,1543,0,0,53330,12206,0,0,0,0,0,,0
3,1544,0,0,52515,13021,0,0,0,0,0,,0
3,1545,1,0,54290,11246,0,0,0,2,2,1;2,0
3,1546,0,0,49728,15808,0,0,0,0,0,,0
3,1547,0,0,58181,7355,0,0,0,0,0,,0
3,1548,0,0,60317,5219,0,0,0,0,0,,0
3,1549,0,0,62975,2561,0,0,0,0,0,,0
3,1550,0,0,56266,9270,0,0,0,0,0,,0
3,1551,0,0,53791,11745,0,0,0,0,0,,0
3,1552,0,0,61433,4103,0,0,0,0,0,,0
3,1553,0,0,55246,10290,0,0,0,0,0,,0
3,1554,0,0,50663,14873,0,0,0,0,0,,0
3,1555,6,0,51870,13666,0,0,0,2,2,0;2,0
3,1556,1,0,51612,13924,0,0,0,2,2,0;2,0
3,1557,0,0,52892,12644,0,0,0,0,0,,0
3,1558,0,0,52997,12539,0,0,0,0,0,,0
3,1559,0,0,59398,6138,0,0,0,0,0,,0
3,1560,4,0,52279,13257,0,0,0,2,2,0;2,0
3,1561,1,0,52977,12559,0,0,0,2,2,1;2,0
3,1562,0,0,53274,12262,0,0,0,0,0,,0
3,1563,0,0,61749,3787,0,0,0,0,0,,0
3,1564,0,0,62648,2888,0,0,0,0,0,,0
3,1565,0,0,55158,10378,0,0,0,0,0,,0
3,1566,0,0,0,0,65536,65536,65536,0,0,,0
3,1567,0,0,0,0,65536,65536,65536,0,0,,0
3,1568,0,0,0,0,65536,65536,65536,0,0,,0
3,1569,0,0,0,0,65536,65536,65536,0,0,,0
3,1570,0,0,0,0,65536,65536,65536,0,0,,0
3,1571,0,0,0,0,65536,65536,65536,0,0,,0
3,1572,0,0,0,0,65536,65536,65536,0,0,,0
3,1573,0,0,57034,8502,0,0,0,0,0,,0
3,1574,0,0,61966,3570,0,0,0,0,0,,0
3,1575,0,0,61247,4289,0,0,0,0,0,,0
3,1576,0,0,61216,4320,0,0,0,0,0,,0
3,1577,0,0,60739,4797,0,0,0,0,0,,0
3,1578,0,0,61042,4494,0,0,0,0,0,,0
3,1579,0,0,62339,3197,0,0,0,0,0,,0
3,1580,0,0,41457,24079,0,0,0,0,0,,0
3,1581,0,0,42384,23152,0,0,0,0,0,,0
3,1582,0,0,52288,13248,0,0,0,0,0,,0
3,1583,0,0,45062,20474,0,0,0,0,0,,0
3,1584,0,0,39404,26132,0,0,0,0,0,,0
3,1585,0,0,46444,19092,0,0,0,0,0,,0
3,1586,0,0,50577,14959,0,0,0,0,0,,0
3,1587,0,0,46434,19102,0,0,0,0,0,,0
3,1588,0,0,47238,18298,0,0,0,0,0,,0
3,1589,0,0,45713,19823,0,0,0,0,0,,0
3,1590,0,0,44912,20624,0,0,0,0,0,,0
3,1591,0,0,43344,22192,0,0,0,0,0,,0
3,1592,0,0,45023,20513,0,0,0,0,0,,0
3,1593,0,0,47661,17875,0,0,0,0,0,,0
3,1594,0,0,46493,19043,0,0,0,0,0,,0
3,1595,0,0,60415,5121,0,0,0,0,0,,0
3,1596,0,0,61327,4209,0,0,0,0,0,,0
3,1597,0,0,63237,2299,0,0,0,0,0,,0
3,1598,0,0,63209,2327,0,0,0,0,0,,0
3,1599,0,0,62792,2744,0,0,0,0,0,,0
3,1600,0,0,63446,2090,0,0,0,0,0,,0
3,1601,0,0,63902,1634,0,0,0,0,0,,0
3,1602,0,0,62616,2920,0,0,0,0,0,,0
3,1603,0,0,63672,1864,0,0,0,0,0,,0
3,1604,0,0,64103,1433,0,0,0,0,0,,0
3,1605,0,0,63973,1563,0,0,0,0,0,,0
3,1606,0,0,60905,4631,0,0,0,0,0,,0
3,1607,0,0,64865,671,0,0,0,0,0,,0
3,1608,0,0,63770,1766,0,0,0,0,0,,0
3,1609,0,0,63516,2020,0,0,0,0,0,,0
3,1610,0,0,60253,5283,0,0,0,0,0,,0
3,1611,0,0,65536,0,0,0,0,0,0,,0
3,1612,0,0,65454,82,0,0,0,0,0,,0
3,1613,0,0,59234,6302,0,0,0,0,0,,0
3,1614,0,0,46749,18787,0,0,0,0,0,,0
3,1615,0,0,64135,1401,0,0,0,0,0,,0
3,1616,0,0,62897,2639,0,0,0,0,0,,0
3,1617,0,0,62415,3121,0,0,0,0,0,,0
3,1618,0,0,45055,20481,0,0,0,0,0,,0
3,1619,0,0,49593,15943,0,0,0,0,0,,0
3,1620,0,0,55772,9764,0,0,0,0,0,,0
3,1621,0,0,60699,4837,0,0,0,0,0,,0
3,1622,0,0,42509,23027,0,0,0,0,0,,0
3,1623,0,0,51594,13942,0,0,0,0,0,,0
3,1624,0,0,48990,16546,0,0,0,0,0,,0
3,1625,0,0,43169,22367,0,0,0,0,0,,0
3,1626,0,0,55759,9777,0,0,0,0,0,,0
3,1627,0,0,56013,9523,0,0,0,0,0,,0
3,1628,0,0,48718,16818,0,0,0,0,0,,0
3,1629,0,0,49205,16331,0,0,0,0,0,,0
3,1630,0,0,45509,20027,0,0,0,0,0,,0
3,1631,0,0,54468,11068,0,0,0,0,0,,0
3,1632,0,0,54619,10917,0,0,0,0,0,,0
3,1633,0,0,43825,21711,0,0,0,0,0,,0
3,1634,0,0,43258,22278,0,0,0,0,0,,0
3,1635,0,0,65536,0,0,0,0,0,0,,0
3,1636,0,0,65536,0,0,0,0,0,0,,0
3,1637,0,0,53725,11811,0,0,0,0,0,,0
3,1638,0,0,54210,11326,0,0,0,0,0,,0
3,1639,0,0,55389,10147,0,0,0,0,0,,0
3,1640,0,0,62309,3227,0,0,0,0,0,,0
3,1641,0,0,63843,1693,0,0,0,0,0,,0
3,1642,0,0,59673,5863,0,0,0,0,0,,0
3,1643,0,0,63114,2422,0,0,0,0,0,,0
3,1644,0,0,59045,6491,0,0,0,0,0,,0
3,1645,0,0,0,0,65536,65536,65536,0,0,,0
3,1646,0,0,0,0,65536,65536,65536,0,0,,0
3,1647,0,0,0,0,65536,65536,65536,0,0,,0
3,1648,0,0,0,0,65536,65536,65536,0,0,,0
3,1649,8,0,49829,15707,0,0,0,2,2,0;2,0
3,1650,1,0,50590,14946,0,0,0,2,2,0;2,0
3,1651,0,0,48725,16811,0,0,0,0,0,,0
3,1652,0,0,41783,23753,0,0,0,0,0,,0
3,1653,0,0,46300,19236,0,0,0,0,0,,0
3,1654,0,0,48373,17163,0,0,0,0,0,,0
3,1655,0,0,45988,19548,0,0,0,0,0,,0
3,1656,0,0,51265,14271,0,0,0,0,0,,0
3,1657,0,0,40582,24954,0,0,0,0,0,,0
3,1658,0,0,53905,11631,0,0,0,0,0,,0
3,1659,7,0,56153,9383,0,0,0,2,2,0;2,0
3,1660,2,0,44259,21277,0,0,0,2,2,0;2,0
3,1661,0,0,55435,10101,0,0,0,0,0,,0
3,1662,0,0,50652,14884,0,0,0,0,0,,0
3,1663,0,0,52076,13460,0,0,0,0,0,,0
3,1664,0,0,0,0,65536,65536,65536,0,0,,0
3,1665,0,0,0,0,65536,65536,65536,0,0,,0
3,1666,0,0,0,0,65536,65536,65536,0,0,,0
3,1667,0,0,0,0,65536,65536,65536,0,0,,0
3,1668,0,0,0,0,65536,65536,65536,0,0,,0
3,1669,0,0,0,0,65536,65536,65536,0,0,,0
3,1670,0,0,0,0,65536,65536,65536,0,0,,0
3,1671,0,0,39572,25964,0,0,0,0,0,,0
3,1672,0,0,37099,28437,0,0,0,0,0,,0
3,1673,0,0,33704,31832,0,0,0,0,0,,0
3,1674,0,0,43765,21771,0,0,0,0,0,,0
3,1675,2,0,46585,18951,0,0,0,2,2,0;1,0
3,1676,0,0,52366,13170,0,0,0,0,0,,0
3,1677,0,0,55287,10249,0,0,0,0,0,,0
3,1678,0,0,43313,22223,0,0,0,0,0,,0
3,1679,0,0,61423,4113,0,0,0,0,0,,0
3,1680,0,0,64128,1408,0,0,0,0,0,,0
3,1681,0,0,53465,12071,0,0,0,0,0,,0
3,1682,0,0,45635,19901,0,0,0,0,0,,0
3,1683,0,0,46193,19343,0,0,0,0,0,,0
3,1684,0,0,46848,18688,0,0,0,0,0,,0
3,1685,0,0,48604,16932,0,0,0,0,0,,0
3,1686,0,0,47249,18287,0,0,0,0,0,,0
3,1687,0,0,43412,22124,0,0,0,0,0,,0
3,1688,0,0,47437,18099,0,0,0,0,0,,0
3,1689,0,0,50691,14845,0,0,0,0,0,,0
3,1690,0,0,46267,19269,0,0,0,0,0,,0
3,1691,0,0,47320,18216,0,0,0,0,0,,0
3,1692,19,0,49093,16443,0,0,0,4,2,1;2,0
3,1693,0,0,56519,9017,0,0,0,0,0,,0
3,1694,0,0,44780,20756,0,0,0,0,0,,0
3,1695,30,0,41653,23883,0,0,0,12,3,0;1;2,0
3,1696,0,0,43400,22136,0,0,0,0,0,,0
3,1697,0,0,42217,23319,0,0,0,0,0,,0
3,1698,0,0,38667,26869,0,0,0,0,0,,0
3,1699,0,0,38291,27245,0,0,0,0,0,,0
3,1700,0,0,45390,20146,0,0,0,0,0,,0
3,1701,0,0,61228,4308,0,0,0,0,0,,0
3,1702,0,0,46207,19329,0,0,0,0,0,,0
3,1703,0,0,49876,15660,0,0,0,0,0,,0
3,1704,0,0,50396,15140,0,0,0,0,0,,0
3,1705,0,0,41631,23905,0,0,0,0,0,,0
3,1706,0,0,54145,11391,0,0,0,0,0,,0
3,1707,20,0,42690,22846,0,0,0,2,2,1;4,0
3,1708,0,0,55628,9908,0,0,0,0,0,,0
3,1709,0,0,49282,16254,0,0,0,0,0,,0
3,1710,5,0,51194,14342,0,0,0,2,2,1;2,0
3,1711,0,0,45696,19840,0,0,0,0,0,,0
3,1712,0,0,52356,13180,0,0,0,0,0,,0
3,1713,0,0,43254,22282,0,0,0,0,0,,0
3,1714,0,0,60620,4916,0,0,0,0,0,,0
3,1715,0,0,47405,18131,0,0,0,0,0,,0
3,1716,0,0,44736,20800,0,0,0,0,0,,0
3,1717,0,0,51310,14226,0,0,0,0,0,,0
3,1718,0,0,46255,19281,0,0,0,0,0,,0
3,1719,0,0,51790,13746,0,0,0,0,0,,0
3,1720,0,0,45362,20174,0,0,0,0,0,,0
3,1721,0,0,43059,22477,0,0,0,0,0,,0
3,1722,3,0,44725,20811,0,0,0,2,2,1;2,0
3,1723,0,0,47373,18163,0,0,0,0,0,,0
3,1724,0,0,43982,21554,0,0,0,0,0,,0
3,1725,0,0,51636,13900,0,0,0,0,0,,0
3,1726,0,0,44010,21526,0,0,0,0,0,,0
3,1727,0,0,47580,17956,0,0,0,0,0,,0
3,1728,0,0,48264,17272,0,0,0,0,0,,0
3,1729,0,0,64451,1085,0,0,0,0,0,,0
3,1730,3,0,47796,17740,0,0,0,2,2,1;2,0
3,1731,0,0,44821,20715,0,0,0,0,0,,0
3,1732,0,0,47562,17974,0,0,0,0,0,,0
3,1733,0,0,52690,12846,0,0,0,0,0,,0
3,1734,0,0,51032,14504,0,0,0,0,0,,0
3,1735,0,0,50671,14865,0,0,0,0,0,,0
3,1736,0,0,51175,14361,0,0,0,0,0,,0
3,1737,0,0,46550,18986,0,0,0,0,0,,0
3,1738,0,0,51541,13995,0,0,0,0,0,,0
3,1739,0,0,52980,12556,0,0,0,0,0,,0
3,1740,0,0,51380,14156,0,0,0,0,0,,0
3,1741,0,0,52717,12819,0,0,0,0,0,,0
3,1742,0,0,47686,17850,0,0,0,0,0,,0
3,1743,0,0,65536,0,0,0,0,0,0,,0
3,1744,0,0,65201,335,0,0,0,0,0,,0
3,1745,0,0,53259,12277,0,0,0,0,0,,0
3,1746,241,0,49532,16004,0,0,0,4,2,0;4,0
3,1747,0,0,56273,9263,0,0,0,0,0,,0
3,1748,0,0,50434,15102,0,0,0,0,0,,0
3,1749,0,0,60835,4701,0,0,0,0,0,,0
3,1750,0,0,60821,4715,0,0,0,0,0,,0
3,1751,0,0,64085,1451,0,0,0,0,0,,0
3,1752,0,0,64562,974,0,0,0,0,0,,0
3,1753,0,0,64951,585,0,0,0,0,0,,0
3,1754,0,0,61247,4289,0,0,0,0,0,,0
3,1755,0,0,62697,2839,0,0,0,0,0,,0
3,1756,0,0,55594,9942,0,0,0,0,0,,0
3,1757,0,0,65536,0,0,0,0,0,0,,0
3,1758,0,0,59577,5959,0,0,0,0,0,,0
3,1759,0,0,61345,4191,0,0,0,0,0,,0
3,1760,0,0,56507,9029,0,0,0,0,0,,0
3,1761,0,0,58555,6981,0,0,0,0,0,,0
3,1762,0,0,44648,20888,0,0,0,0,0,,0
3,1763,0,0,52390,13146,0,0,0,0,0,,0
3,1764,0,0,49756,15780,0,0,0,0,0,,0
3,1765,0,0,54653,10883,0,0,0,0,0,,0
3,1766,0,0,54137,11399,0,0,0,0,0,,0
3,1767,0,0,50894,14642,0,0,0,0,0,,0
3,1768,0,0,44163,21373,0,0,0,0,0,,0
3,1769,0,0,58080,7456,0,0,0,0,0,,0
3,1770,0,0,47195,18341,0,0,0,0,0,,0
3,1771,0,0,41511,24025,0,0,0,0,0,,0
3,1772,0,0,48692,16844,0,0,0,0,0,,0
3,1773,0,0,49508,16028,0,0,0,0,0,,0
3,1774,0,0,50165,15371,0,0,0,0,0,,0
3,1775,0,0,61048,4488,0,0,0,0,0,,0
3,1776,0,0,59833,5703,0,0,0,0,0,,0
3,1777,0,0,65536,0,0,0,0,0,0,,0
3,1778,0,0,62977,2559,0,0,0,0,0,,0
3,1779,0,0,65536,0,0,0,0,0,0,,0
3,1780,0,0,65536,0,0,0,0,0,0,,0
3,1781,0,0,60142,5394,0,0,0,0,0,,0
3,1782,0,0,46244,19292,0,0,0,0,0,,0
3,1783,0,0,33851,31685,0,0,0,0,0,,0
3,1784,0,0,64133,1403,0,0,0,0,0,,0
3,1785,0,0,42637,22899,0,0,0,0,0,,0
3,1786,0,0,45987,19549,0,0,0,0,0,,0
3,1787,0,0,41889,23647,0,0,0,0,0,,0
3,1788,0,0,46577,18959,0,0,0,0,0,,0
3,1789,0,0,48714,16822,0,0,0,0,0,,0
3,1790,0,0,42193,23343,0,0,0,0,0,,0
3,1791,0,0,56293,9243,0,0,0,0,0,,0
3,1792,0,0,49786,15750,0,0,0,0,0,,0
3,1793,0,0,40145,25391,0,0,0,0,0,,0
3,1794,0,0,50340,15196,0,0,0,0,0,,0
3,1795,0,0,44338,21198,0,0,0,0,0,,0
3,1796,0,0,56669,8867,0,0,0,0,0,,0
3,1797,0,0,65536,0,0,0,0,0,0,,0
3,1798,0,0,50587,14949,0,0,0,0,0,,0
3,1799,0,0,51954,13582,0,0,0,0,0,,0
3,1800,0,0,59680,5856,0,0,0,0,0,,0
3,1801,0,0,52601,12935,0,0,0,0,0,,0
3,1802,6,0,45189,20347,0,0,0,2,2,1;2,0
3,1803,0,0,65536,0,0,0,0,0,0,,0
3,1804,0,0,65536,0,0,0,0,0,0,,0
3,1805,0,0,65536,0,0,0,0,0,0,,0
3,1806,0,0,51443,14093,0,0,0,0,0,,0
3,1807,0,0,47635,17901,0,0,0,0,0,,0
3,1808,0,0,46496,19040,0,0,0,0,0,,0
3,1809,0,0,65460,76,0,0,0,0,0,,0
3,1810,0,0,54145,11391,0,0,0,0,0,,0
3,1811,0,0,38885,26651,0,0,0,0,0,,0
3,1812,0,0,52011,13525,0,0,0,0,0,,0
3,1813,0,0,44692,20844,0,0,0,0,0,,0
3,1814,0,0,50650,14886,0,0,0,0,0,,0
3,1815,5,0,42418,23118,0,0,0,2,2,1;2,0
3,1816,0,0,51151,14385,0,0,0,0,0,,0
3,1817,0,0,47127,18409,0,0,0,0,0,,0
3,1818,0,0,49246,16290,0,0,0,0,0,,0
3,1819,0,0,45714,19822,0,0,0,0,0,,0
3,1820,0,0,50119,15417,0,0,0,0,0,,0
3,1821,0,0,49260,16276,0,0,0,0,0,,0
3,1822,0,0,51632,13904,0,0,0,0,0,,0
3,1823,0,0,64083,1453,0,0,0,0,0,,0
3,1824,0,0,61448,4088,0,0,0,0,0,,0
3,1825,0,0,52512,13024,0,0,0,0,0,,0
3,1826,0,0,53527,12009,0,0,0,0,0,,0
3,1827,0,0,44120,21416,0,0,0,0,0,,0
3,1828,0,0,46501,19035,0,0,0,0,0,,0
3,1829,0,0,50134,15402,0,0,0,0,0,,0
3,1830,1,0,49381,16155,0,0,0,2,2,2;4,0
3,1831,0,0,54749,10787,0,0,0,0,0,,0
3,1832,0,0,0,0,65536,65536,65536,0,0,,0
3,1833,0,0,0,0,65536,65536,65536,0,0,,0
3,1834,0,0,0,0,65536,65536,65536,0,0,,0
3,1835,0,0,0,0,65536,65536,65536,0,0,,0
3,1836,0,0,0,0,65536,65536,65536,0,0,,0
3,1837,0,0,0,0,65536,65536,65536,0,0,,0
3,1838,0,0,0,0,65536,65536,65536,0,0,,0
3,1839,0,0,0,0,65536,65536,65536,0,0,,0
3,1840,0,0,0,0,65536,65536,65536,0,0,,0
3,1841,0,0,0,0,65536,65536,65536,0,0,,0
3,1842,0,0,0,0,65536,65536,65536,0,0,,0
3,1843,0,0,0,0,65536,65536,65536,0,0,,0
3,1844,0,0,0,0,65536,65536,65536,0,0,,0
3,1845,0,0,0,0,65536,65536,65536,0,0,,0
3,1846,0,0,0,0,65536,65536,65536,0,0,,0
3,1847,0,0,0,0,65536,65536,65536,0,0,,0
3,1848,0,0,0,0,65536,65536,65536,0,0,,0
3,1849,0,0,0,0,65536,65536,65536,0,0,,0
3,1850,0,0,0,0,65536,65536,65536,0,0,,0
3,1851,0,0,0,0,65536,65536,65536,0,0,,0
3,1852,0,0,0,0,65536,65536,65536,0,0,,0
3,1853,0,0,0,0,65536,65536,65536,0,0,,0
3,1854,0,0,0,0,65536,65536,65536,0,0,,0
3,1855,0,0,0,0,65536,65536,65536,0,0,,0
3,1856,0,0,0,0,65536,65536,65536,0,0,,0
3,1857,0,0,0,0,65536,65536,65536,0,0,,0
3,1858,0,0,0,0,65536,65536,65536,0,0,,0
3,1859,0,0,0,0,65536,65536,65536,0,0,,0
3,1860,0,0,0,0,65536,65536,65536,0,0,,0
3,1861,0,0,0,0,65536,65536,65536,0,0,,0
3,1862,0,0,0,0,65536,65536,65536,0,0,,0
3,1863,0,0,44473,21063,0,0,0,0,0,,0
3,1864,18,0,43817,21719,0,0,0,2,2,1;4,0
3,1865,0,0,56044,9492,0,0,0,0,0,,0
3,1866,15,0,53787,11749,0,0,0,2,2,1;4,0
3,1867,0,0,46511,19025,0,0,0,0,0,,0
3,1868,0,0,46035,19501,0,0,0,0,0,,0
3,1869,26,0,46735,18801,0,0,0,2,2,1;4,0
3,1870,0,0,58988,6548,0,0,0,0,0,,0
3,1871,0,0,49020,16516,0,0,0,0,0,,0
3,1872,0,0,40952,24584,0,0,0,0,0,,0
3,1873,0,0,47320,18216,0,0,0,0,0,,0
3,1874,0,0,38314,27222,0,0,0,0,0,,0
3,1875,0,0,53535,12001,0,0,0,0,0,,0
3,1876,0,0,42058,23478,0,0,0,0,0,,0
3,1877,0,0,44819,20717,0,0,0,0,0,,0
3,1878,0,0,64531,1005,0,0,0,0,0,,0
3,1879,0,0,49965,15571,0,0,0,0,0,,0
3,1880,3,0,47964,17572,0,0,0,2,2,1;2,0
3,1881,0,0,55258,10278,0,0,0,0,0,,0
3,1882,0,0,49716,15820,0,0,0,0,0,,0
3,1883,0,0,47849,17687,0,0,0,0,0,,0
3,1884,0,0,51931,13605,0,0,0,0,0,,0
3,1885,0,0,64000,1536,0,0,0,0,0,,0
3,1886,0,0,53035,12501,0,0,0,0,0,,0
3,1887,14,0,50462,15074,0,0,0,2,2,1;2,0
3,1888,0,0,56779,8757,0,0,0,0,0,,0
3,1889,0,0,63771,1765,0,0,0,0,0,,0
3,1890,0,0,54265,11271,0,0,0,0,0,,0
3,1891,0,0,55127,10409,0,0,0,0,0,,0
3,1892,0,0,53451,12085,0,0,0,0,0,,0
3,1893,0,0,53287,12249,0,0,0,0,0,,0
3,1894,0,0,65536,0,0,0,0,0,0,,0
3,1895,0,0,48662,16874,0,0,0,0,0,,0
3,1896,0,0,65536,0,0,0,0,0,0,,0
3,1897,0,0,65536,0,0,0,0,0,0,,0
3,1898,0,0,53803,11733,0,0,0,0,0,,0
3,1899,0,0,44842,20694,0,0,0,0,0,,0
3,1900,0,0,62945,2591,0,0,0,0,0,,0
3,1901,0,0,63023,2513,0,0,0,0,0,,0
3,1902,0,0,57819,7717,0,0,0,0,0,,0
3,1903,0,0,56731,8805,0,0,0,0,0,,0
3,1904,0,0,57646,7890,0,0,0,0,0,,0
3,1905,0,0,58853,6683,0,0,0,0,0,,0
3,1906,0,0,62177,3359,0,0,0,0,0,,0
3,1907,0,0,58289,7247,0,0,0,0,0,,0
3,1908,0,0,56718,8818,0,0,0,0,0,,0
3,1909,0,0,59213,6323,0,0,0,0,0,,0
3,1910,0,0,58771,6765,0,0,0,0,0,,0
3,1911,0,0,57614,7922,0,0,0,0,0,,0
3,1912,0,0,55426,10110,0,0,0,0,0,,0
3,1913,0,0,48677,16859,0,0,0,0,0,,0
3,1914,0,0,54397,11139,0,0,0,0,0,,0
3,1915,0,0,58432,7104,0,0,0,0,0,,0
3,1916,0,0,52986,12550,0,0,0,0,0,,0
3,1917,0,0,56756,8780,0,0,0,0,0,,0
3,1918,0,0,52571,12965,0,0,0,0,0,,0
3,1919,0,0,51673,13863,0,0,0,0,0,,0
3,1920,0,0,46316,19220,0,0,0,0,0,,0
3,1921,0,0,48404,17132,0,0,0,0,0,,0
3,1922,0,0,54299,11237,0,0,0,0,0,,0
3,1923,0,0,47168,18368,0,0,0,0,0,,0
3,1924,0,0,49142,16394,0,0,0,0,0,,0
3,1925,0,0,54442,11094,0,0,0,0,0,,0
3,1926,0,0,52649,12887,0,0,0,0,0,,0
3,1927,0,0,44786,20750,0,0,0,0,0,,0
3,1928,0,0,52316,13220,0,0,0,0,0,,0
3,1929,0,0,61859,3677,0,0,0,0,0,,0
3,1930,0,0,43519,22017,0,0,0,0,0,,0
3,1931,0,0,49106,16430,0,0,0,0,0,,0
3,1932,0,0,47098,18438,0,0,0,0,0,,0
3,1933,3,0,45302,20234,0,0,0,2,2,2;4,0
3,1934,0,0,50486,15050,0,0,0,0,0,,0
3,1935,0,0,55455,10081,0,0,0,0,0,,0
3,1936,0,0,57188,8348,0,0,0,0,0,,0
3,1937,0,0,60812,4724,0,0,0,0,0,,0
3,1938,0,0,63393,2143,0,0,0,0,0,,0
3,1939,0,0,47134,18402,0,0,0,0,0,,0
3,1940,0,0,48991,16545,0,0,0,0,0,,0
3,1941,0,0,48704,16832,0,0,0,0,0,,0
3,1942,0,0,60592,4944,0,0,0,0,0,,0
3,1943,0,0,54047,11489,0,0,0,0,0,,0
3,1944,0,0,59803,5733,0,0,0,0,0,,0
3,1945,0,0,49713,15823,0,0,0,0,0,,0
3,1946,0,0,54213,11323,0,0,0,0,0,,0
3,1947,14,0,52555,12981,0,0,0,2,2,1;2,0
3,1948,0,0,53005,12531,0,0,0,0,0,,0
3,1949,0,0,54959,10577,0,0,0,0,0,,0
3,1950,0,0,60892,4644,0,0,0,0,0,,0
3,1951,0,0,48509,17027,0,0,0,0,0,,0
3,1952,0,0,52433,13103,0,0,0,0,0,,0
3,1953,0,0,50189,15347,0,0,0,0,0,,0
3,1954,0,0,54615,10921,0,0,0,0,0,,0
3,1955,0,0,49909,15627,0,0,0,0,0,,0
3,1956,0,0,43868,21668,0,0,0,0,0,,0
3,1957,0,0,39083,26453,0,0,0,0,0,,0
3,1958,0,0,51125,14411,0,0,0,0,0,,0
3,1959,0,0,56129,9407,0,0,0,0,0,,0
3,1960,0,0,41763,23773,0,0,0,0,0,,0
3,1961,0,0,55702,9834,0,0,0,0,0,,0
3,1962,0,0,59654,5882,0,0,0,0,0,,0
3,1963,0,0,62658,2878,0,0,0,0,0,,0
3,1964,0,0,53358,12178,0,0,0,0,0,,0
3,1965,0,0,53756,11780,0,0,0,0,0,,0
3,1966,0,0,54224,11312,0,0,0,0,0,,0
3,1967,0,0,59910,5626,0,0,0,0,0,,0
3,1968,0,0,49009,16527,0,0,0,0,0,,0
3,1969,0,0,47430,18106,0,0,0,0,0,,0
3,1970,0,0,52752,12784,0,0,0,0,0,,0
3,1971,0,0,54952,10584,0,0,0,0,0,,0
3,1972,0,0,46122,19414,0,0,0,0,0,,0
3,1973,0,0,54363,11173,0,0,0,0,0,,0
3,1974,0,0,59727,5809,0,0,0,0,0,,0
3,1975,0,0,58044,7492,0,0,0,0,0,,0
3,1976,0,0,56063,9473,0,0,0,0,0,,0
3,1977,0,0,58728,6808,0,0,0,0,0,,0
3,1978,0,0,60287,5249,0,0,0,0,0,,0
3,1979,0,0,58392,7144,0,0,0,0,0,,0
3,1980,1,0,56701,8835,0,0,0,2,2,1;2,0
3,1981,0,0,59569,5967,0,0,0,0,0,,0
3,1982,0,0,59050,6486,0,0,0,0,0,,0
3,1983,0,0,60958,4578,0,0,0,0,0,,0
3,1984,0,0,61707,3829,0,0,0,0,0,,0
3,1985,0,0,58040,7496,0,0,0,0,0,,0
3,1986,0,0,56645,8891,0,0,0,0,0,,0
3,1987,0,0,0,0,65536,65536,65536,0,0,,0
3,1988,0,0,0,0,65536,65536,65536,0,0,,0
3,1989,0,0,0,0,65536,65536,65536,0,0,,0
3,1990,0,0,0,0,65536,65536,65536,0,0,,0
3,1991,0,0,0,0,65536,65536,65536,0,0,,0
3,1992,0,0,0,0,65536,65536,65536,0,0,,0
3,1993,0,0,55638,9898,0,0,0,0,0,,0
3,1994,0,0,54045,11491,0,0,0,0,0,,0
3,1995,0,0,56757,8779,0,0,0,0,0,,0
3,1996,5,0,57789,7747,0,0,0,2,2,0;2,0
3,1997,0,0,57704,7832,0,0,0,0,0,,0
3,1998,0,0,54406,11130,0,0,0,0,0,,0
3,1999,0,0,57435,8101,0,0,0,0,0,,0
3,2000,0,0,55422,10114,0,0,0,0,0,,0
3,2001,0,0,62489,3047,0,0,0,0,0,,0
3,2002,0,0,60153,5383,0,0,0,0,0,,0
3,2003,0,0,61654,3882,0,0,0,0,0,,0
3,2004,0,0,58782,6754,0,0,0,0,0,,0
3,2005,0,0,53408,12128,0,0,0,0,0,,0
3,2006,0,0,56821,8715,0,0,0,0,0,,0
3,2007,0,0,59907,5629,0,0,0,0,0,,0
3,2008,0,0,53537,11999,0,0,0,0,0,,0
3,2009,0,0,52885,12651,0,0,0,0,0,,0
3,2010,0,0,52878,12658,0,0,0,0,0,,0
3,2011,0,0,65044,492,0,0,0,0,0,,0
3,2012,2,0,50127,15409,0,0,0,2,2,1;2,0
3,2013,2,0,45746,19790,0,0,0,2,2,0;1,0
3,2014,0,0,46064,19472,0,0,0,0,0,,0
3,2015,0,0,59179,6357,0,0,0,0,0,,0
3,2016,0,0,61481,4055,0,0,0,0,0,,0
3,2017,0,0,55298,10238,0,0,0,0,0,,0
3,2018,0,0,55933,9603,0,0,0,0,0,,0
3,2019,0,0,55514,10022,0,0,0,0,0,,0
3,2020,0,0,58723,6813,0,0,0,0,0,,0
3,2021,0,0,57540,7996,0,0,0,0,0,,0
3,2022,0,0,51736,13800,0,0,0,0,0,,0
3,2023,0,0,65536,0,0,0,0,0,0,,0
3,2024,0,0,59126,6410,0,0,0,0,0,,0
3,2025,0,0,65536,0,0,0,0,0,0,,0
3,2026,0,0,65536,0,0,0,0,0,0,,0
3,2027,0,0,57409,8127,0,0,0,0,0,,0
3,2028,0,0,63007,2529,0,0,0,0,0,,0
3,2029,0,0,59622,5914,0,0,0,0,0,,0
3,2030,0,0,43971,21565,0,0,0,0,0,,0
3,2031,0,0,41403,24133,0,0,0,0,0,,0
3,2032,0,0,38454,27082,0,0,0,0,0,,0
3,2033,0,0,41046,24490,0,0,0,0,0,,0
3,2034,0,0,46238,19298,0,0,0,0,0,,0
3,2035,2,0,36174,29362,0,0,0,2,2,1;2,0
3,2036,7,0,38300,27236,0,0,0,2,2,1;2,0
3,2037,9,0,55069,10467,0,0,0,4,2,0;1,0
3,2038,3,0,38566,26970,0,0,0,2,2,1;2,0
3,2039,3,0,53812,11724,0,0,0,4,2,0;2,0
3,2040,0,0,51032,14504,0,0,0,0,0,,0
3,2041,0,0,50843,14693,0,0,0,0,0,,0
3,2042,0,0,52976,12560,0,0,0,0,0,,0
3,2043,0,0,50971,14565,0,0,0,0,0,,0
3,2044,0,0,50794,14742,0,0,0,0,0,,0
3,2045,0,0,48544,16992,0,0,0,0,0,,0
3,2046,11,0,50975,14561,0,0,0,2,2,0;2,0
3,2047,0,0,51912,13624,0,0,0,0,0,,0
3,2048,0,0,56284,9252,0,0,0,0,0,,0
3,2049,0,0,60815,4721,0,0,0,0,0,,0
3,2050,0,0,63768,1768,0,0,0,0,0,,0
3,2051,0,0,51560,13976,0,0,0,0,0,,0
3,2052,0,0,63733,1803,0,0,0,0,0,,0
3,2053,0,0,63329,2207,0,0,0,0,0,,0
3,2054,0,0,63744,1792,0,0,0,0,0,,0
3,2055,0,0,64290,1246,0,0,0,0,0,,0
3,2056,0,0,63643,1893,0,0,0,0,0,,0
3,2057,0,0,63853,1683,0,0,0,0,0,,0
3,2058,0,0,62686,2850,0,0,0,0,0,,0
3,2059,0,0,60812,4724,0,0,0,0,0,,0
3,2060,0,0,61373,4163,0,0,0,0,0,,0
3,2061,0,0,65363,173,0,0,0,0,0,,0
3,2062,0,0,62517,3019,0,0,0,0,0,,0
3,2063,0,0,0,0,65536,65536,65536,0,0,,0
3,2064,0,0,0,0,65536,65536,65536,0,0,,0
3,2065,0,0,0,0,65536,65536,65536,0,0,,0
3,2066,0,0,0,0,65536,65536,65536,0,0,,0
3,2067,0,0,0,0,65536,65536,65536,0,0,,0
3,2068,0,0,65373,163,0,0,0,0,0,,0
3,2069,0,0,64149,1387,0,0,0,0,0,,0
3,2070,0,0,64208,1328,0,0,0,0,0,,0
3,2071,0,0,65358,178,0,0,0,0,0,,0
3,2072,0,0,65408,128,0,0,0,0,0,,0
3,2073,0,0,65103,433,0,0,0,0,0,,0
3,2074,0,0,65536,0,0,0,0,0,0,,0
3,2075,0,0,61704,3832,0,0,0,0,0,,0
3,2076,0,0,63357,2179,0,0,0,0,0,,0
3,2077,0,0,61954,3582,0,0,0,0,0,,0
3,2078,0,0,63257,2279,0,0,0,0,0,,0
3,2079,0,0,63965,1571,0,0,0,0,0,,0
3,2080,0,0,62157,3379,0,0,0,0,0,,0
3,2081,0,0,60502,5034,0,0,0,0,0,,0
3,2082,0,0,64424,1112,0,0,0,0,0,,0
3,2083,0,0,61473,4063,0,0,0,0,0,,0
3,2084,0,0,63011,2525,0,0,0,0,0,,0
3,2085,0,0,59893,5643,0,0,0,0,0,,0
3,2086,0,0,59601,5935,0,0,0,0,0,,0
3,2087,0,0,61117,4419,0,0,0,0,0,,0
3,2088,0,0,61648,3888,0,0,0,0,0,,0
3,2089,0,0,64500,1036,0,0,0,0,0,,0
3,2090,0,0,52209,13327,0,0,0,0,0,,0
3,2091,0,0,62188,3348,0,0,0,0,0,,0
3,2092,0,0,62219,3317,0,0,0,0,0,,0
3,2093,0,0,61428,4108,0,0,0,0,0,,0
3,2094,0,0,59323,6213,0,0,0,0,0,,0
3,2095,0,0,62320,3216,0,0,0,0,0,,0
3,2096,0,0,36166,29370,0,0,0,0,0,,0
3,2097,0,0,36211,29325,0,0,0,0,0,,0
3,2098,0,0,33391,32145,0,0,0,0,0,,0
3,2099,0,0,62291,3245,0,0,0,0,0,,0
3,2100,0,0,55297,10239,0,0,0,0,0,,0
3,2101,0,0,43696,21840,0,0,0,0,0,,0
3,2102,2,0,58296,7240,0,0,0,2,2,1;2,0
3,2103,0,0,58925,6611,0,0,0,0,0,,0
3,2104,0,0,51501,14035,0,0,0,0,0,,0
3,2105,0,0,55713,9823,0,0,0,0,0,,0
3,2106,0,0,56312,9224,0,0,0,0,0,,0
3,2107,0,0,62447,3089,0,0,0,0,0,,0
3,2108,0,0,62106,3430,0,0,0,0,0,,0
3,2109,0,0,43312,22224,0,0,0,0,0,,0
3,2110,0,0,45082,20454,0,0,0,0,0,,0
3,2111,0,0,37255,28281,0,0,0,0,0,,0
3,2112,0,0,42222,23314,0,0,0,0,0,,0
3,2113,0,0,47841,17695,0,0,0,0,0,,0
3,2114,0,0,44493,21043,0,0,0,0,0,,0
3,2115,0,0,56165,9371,0,0,0,0,0,,0
3,2116,3,0,38564,26972,0,0,0,2,2,0;1,0
3,2117,0,0,61846,3690,0,0,0,0,0,,0
3,2118,0,0,60504,5032,0,0,0,0,0,,0
3,2119,0,0,58860,6676,0,0,0,0,0,,0
3,2120,0,0,55935,9601,0,0,0,0,0,,0
3,2121,0,0,64376,1160,0,0,0,0,0,,0
3,2122,0,0,64117,1419,0,0,0,0,0,,0
3,2123,0,0,65536,0,0,0,0,0,0,,0
3,2124,0,0,65536,0,0,0,0,0,0,,0
3,2125,0,0,52684,12852,0,0,0,0,0,,0
3,2126,0,0,35193,30343,0,0,0,0,0,,0
3,2127,0,0,47527,18009,0,0,0,0,0,,0
3,2128,0,0,38128,27408,0,0,0,0,0,,0
3,2129,0,0,36093,29443,0,0,0,0,0,,0
3,2130,0,0,36842,28694,0,0,0,0,0,,0
3,2131,0,0,50610,14926,0,0,0,0,0,,0
3,2132,0,0,64190,1346,0,0,0,0,0,,0
3,2133,0,0,60822,4714,0,0,0,0,0,,0
3,2134,0,0,58177,7359,0,0,0,0,0,,0
3,2135,0,0,59764,5772,0,0,0,0,0,,0
3,2136,0,0,61297,4239,0,0,0,0,0,,0
3,2137,0,0,65067,469,0,0,0,0,0,,0
3,2138,0,0,65536,0,0,0,0,0,0,,0
3,2139,0,0,65218,318,0,0,0,0,0,,0
3,2140,0,0,64738,798,0,0,0,0,0,,0
3,2141,0,0,64993,543,0,0,0,0,0,,0
3,2142,0,0,65536,0,0,0,0,0,0,,0
3,2143,0,0,65536,0,0,0,0,0,0,,0
3,2144,0,0,64504,1032,0,0,0,0,0,,0
3,2145,0,0,59308,6228,0,0,0,0,0,,0
3,2146,0,0,59977,5559,0,0,0,0,0,,0
3,2147,0,0,60769,4767,0,0,0,0,0,,0
3,2148,0,0,60532,5004,0,0,0,0,0,,0
3,2149,0,0,63923,1613,0,0,0,0,0,,0
3,2150,0,0,55825,9711,0,0,0,0,0,,0
3,2151,21,0,56083,9453,0,0,0,2,2,0;2,0
3,2152,7,0,53184,12352,0,0,0,2,2,1;2,0
3,2153,0,0,52039,13497,0,0,0,0,0,,0
3,2154,0,0,47866,17670,0,0,0,0,0,,0
3,2155,2,0,52425,13111,0,0,0,2,2,0;2,0
3,2156,2,0,54494,11042,0,0,0,2,2,1;2,0
3,2157,0,0,61238,4298,0,0,0,0,0,,0
3,2158,0,0,65026,510,0,0,0,0,0,,0
3,2159,0,0,64244,1292,0,0,0,0,0,,0
3,2160,0,0,61660,3876,0,0,0,0,0,,0
3,2161,0,0,54147,11389,0,0,0,0,0,,0
3,2162,0,0,61856,3680,0,0,0,0,0,,0
3,2163,0,0,57682,7854,0,0,0,0,0,,0
3,2164,0,0,50574,14962,0,0,0,0,0,,0
3,2165,0,0,58220,7316,0,0,0,0,0,,0
3,2166,0,0,49483,16053,0,0,0,0,0,,0
3,2167,0,0,55714,9822,0,0,0,0,0,,0
3,2168,0,0,58259,7277,0,0,0,0,0,,0
3,2169,0,0,58727,6809,0,0,0,0,0,,0
3,2170,0,0,61362,4174,0,0,0,0,0,,0
3,2171,0,0,54105,11431,0,0,0,0,0,,0
3,2172,0,0,56316,9220,0,0,0,0,0,,0
3,2173,0,0,59939,5597,0,0,0,0,0,,0
3,2174,0,0,54075,11461,0,0,0,0,0,,0
3,2175,0,0,64069,1467,0,0,0,0,0,,0
3,2176,0,0,57554,7982,0,0,0,0,0,,0
3,2177,0,0,63185,2351,0,0,0,0,0,,0
3,2178,0,0,60608,4928,0,0,0,0,0,,0
3,2179,0,0,60894,4642,0,0,0,0,0,,0
3,2180,0,0,59538,5998,0,0,0,0,0,,0
3,2181,0,0,56193,9343,0,0,0,0,0,,0
3,2182,1,0,54300,11236,0,0,0,2,2,2;3,0
3,2183,0,0,59428,6108,0,0,0,0,0,,0
3,2184,0,0,57040,8496,0,0,0,0,0,,0
3,2185,0,0,53420,12116,0,0,0,0,0,,0
3,2186,0,0,56283,9253,0,0,0,0,0,,0
3,2187,0,0,56610,8926,0,0,0,0,0,,0
3,2188,0,0,57483,8053,0,0,0,0,0,,0
3,2189,0,0,59336,6200,0,0,0,0,0,,0
3,2190,0,0,58904,6632,0,0,0,0,0,,0
3,2191,0,0,59300,6236,0,0,0,0,0,,0
3,2192,0,0,59568,5968,0,0,0,0,0,,0
3,2193,0,0,57738,7798,0,0,0,0,0,,0
3,2194,0,0,59228,6308,0,0,0,0,0,,0
3,2195,0,0,57697,7839,0,0,0,0,0,,0
3,2196,0,0,57126,8410,0,0,0,0,0,,0
3,2197,0,0,57298,8238,0,0,0,0,0,,0
3,2198,0,0,54229,11307,0,0,0,0,0,,0
3,2199,10,0,45818,19718,0,0,0,2,2,0;1,0
3,2200,0,0,50599,14937,0,0,0,0,0,,0
3,2201,0,0,54165,11371,0,0,0,0,0,,0
3,2202,4,0,52278,13258,0,0,0,2,2,0;1,0
3,2203,0,0,44845,20691,0,0,0,0,0,,0
3,2204,0,0,47356,18180,0,0,0,0,0,,0
3,2205,0,0,47970,17566,0,0,0,0,0,,0
3,2206,0,0,49640,15896,0,0,0,0,0,,0
3,2207,0,0,49596,15940,0,0,0,0,0,,0
3,2208,0,0,56394,9142,0,0,0,0,0,,0
3,2209,0,0,53175,12361,0,0,0,0,0,,0
3,2210,0,0,57384,8152,0,0,0,0,0,,0
3,2211,0,0,53121,12415,0,0,0,0,0,,0
3,2212,0,0,58084,7452,0,0,0,0,0,,0
3,2213,0,0,50279,15257,0,0,0,0,0,,0
3,2214,0,0,52005,13531,0,0,0,0,0,,0
3,2215,0,0,61513,4023,0,0,0,0,0,,0
3,2216,0,0,61837,3699,0,0,0,0,0,,0
3,2217,0,0,61548,3988,0,0,0,0,0,,0
3,2218,0,0,58045,7491,0,0,0,0,0,,0
3,2219,0,0,62560,2976,0,0,0,0,0,,0
3,2220,0,0,58444,7092,0,0,0,0,0,,0
3,2221,0,0,61447,4089,0,0,0,0,0,,0
3,2222,0,0,61160,4376,0,0,0,0,0,,0
3,2223,0,0,60129,5407,0,0,0,0,0,,0
3,2224,0,0,54113,11423,0,0,0,0,0,,0
3,2225,0,0,53722,11814,0,0,0,0,0,,0
3,2226,0,0,55436,10100,0,0,0,0,0,,0
3,2227,0,0,53279,12257,0,0,0,0,0,,0
3,2228,0,0,56138,9398,0,0,0,0,0,,0
3,2229,0,0,55733,9803,0,0,0,0,0,,0
3,2230,0,0,54862,10674,0,0,0,0,0,,0
3,2231,0,0,62945,2591,0,0,0,0,0,,0
3,2232,0,0,56296,9240,0,0,0,0,0,,0
3,2233,0,0,57576,7960,0,0,0,0,0,,0
3,2234,0,0,60428,5108,0,0,0,0,0,,0
3,2235,0,0,60251,5285,0,0,0,0,0,,0
3,2236,0,0,53963,11573,0,0,0,0,0,,0
3,2237,0,0,57923,7613,0,0,0,0,0,,0
3,2238,0,0,61812,3724,0,0,0,0,0,,0
3,2239,0,0,58698,6838,0,0,0,0,0,,0
3,2240,0,0,60716,4820,0,0,0,0,0,,0
3,2241,0,0,61329,4207,0,0,0,0,0,,0
3,2242,0,0,57275,8261,0,0,0,0,0,,0
3,2243,0,0,56502,9034,0,0,0,0,0,,0
3,2244,0,0,55389,10147,0,0,0,0,0,,0
3,2245,0,0,58065,7471,0,0,0,0,0,,0
3,2246,0,0,61888,3648,0,0,0,0,0,,0
3,2247,0,0,60042,5494,0,0,0,0,0,,0
3,2248,0,0,59903,5633,0,0,0,0,0,,0
3,2249,0,0,54340,11196,0,0,0,0,0,,0
3,2250,0,0,55835,9701,0,0,0,0,0,,0
3,2251,0,0,52403,13133,0,0,0,0,0,,0
3,2252,0,0,54455,11081,0,0,0,0,0,,0
3,2253,0,0,52526,13010,0,0,0,0,0,,0
3,2254,0,0,55521,10015,0,0,0,0,0,,0
3,2255,0,0,56011,9525,0,0,0,0,0,,0
3,2256,0,0,49355,16181,0,0,0,0,0,,0
3,2257,0,0,46494,19042,0,0,0,0,0,,0
3,2258,0,0,54603,10933,0,0,0,0,0,,0
3,2259,0,0,49564,15972,0,0,0,0,0,,0
3,2260,0,0,62527,3009,0,0,0,0,0,,0
3,2261,0,0,47987,17549,0,0,0,0,0,,0
3,2262,0,0,56828,8708,0,0,0,0,0,,0
3,2263,0,0,61758,3778,0,0,0,0,0,,0
3,2264,0,0,59466,6070,0,0,0,0,0,,0
3,2265,0,0,60124,5412,0,0,0,0,0,,0
3,2266,0,0,56421,9115,0,0,0,0,0,,0
3,2267,0,0,56641,8895,0,0,0,0,0,,0
3,2268,0,0,61731,3805,0,0,0,0,0,,0
3,2269,0,0,57082,8454,0,0,0,0,0,,0
3,2270,0,0,63556,1980,0,0,0,0,0,,0
3,2271,0,0,47868,17668,0,0,0,0,0,,0
3,2272,0,0,43272,22264,0,0,0,0,0,,0
3,2273,0,0,48298,17238,0,0,0,0,0,,0
3,2274,0,0,52284,13252,0,0,0,0,0,,0
3,2275,0,0,54630,10906,0,0,0,0,0,,0
3,2276,0,0,53447,12089,0,0,0,0,0,,0
3,2277,0,0,55024,10512,0,0,0,0,0,,0
3,2278,0,0,53375,12161,0,0,0,0,0,,0
3,2279,0,0,61962,3574,0,0,0,0,0,,0
3,2280,0,0,54095,11441,0,0,0,0,0,,0
3,2281,0,0,54896,10640,0,0,0,0,0,,0
3,2282,0,0,53466,12070,0,0,0,0,0,,0
3,2283,0,0,46062,19474,0,0,0,0,0,,0
3,2284,0,0,59677,5859,0,0,0,0,0,,0
3,2285,0,0,48091,17445,0,0,0,0,0,,0
3,2286,0,0,49412,16124,0,0,0,0,0,,0
3,2287,0,0,43950,21586,0,0,0,0,0,,0
3,2288,0,0,50753,14783,0,0,0,0,0,,0
3,2289,0,0,45179,20357,0,0,0,0,0,,0
3,2290,0,0,59033,6503,0,0,0,0,0,,0
3,2291,0,0,37737,27799,0,0,0,0,0,,0
3,2292,0,0,36827,28709,0,0,0,0,0,,0
3,2293,0,0,44737,20799,0,0,0,0,0,,0
3,2294,0,0,43206,22330,0,0,0,0,0,,0
3,2295,0,0,39223,26313,0,0,0,0,0,,0
3,2296,0,0,51000,14536,0,0,0,0,0,,0
3,2297,0,0,44542,20994,0,0,0,0,0,,0
3,2298,1,0,50458,15078,0,0,0,2,2,0;1,0
3,2299,0,0,46275,19261,0,0,0,0,0,,0
3,2300,0,0,54247,11289,0,0,0,0,0,,0
3,2301,0,0,52506,13030,0,0,0,0,0,,0
3,2302,0,0,42729,22807,0,0,0,0,0,,0
3,2303,0,0,47513,18023,0,0,0,0,0,,0
3,2304,0,0,47440,18096,0,0,0,0,0,,0
3,2305,0,0,43574,21962,0,0,0,0,0,,0
3,2306,0,0,47011,18525,0,0,0,0,0,,0
3,2307,0,0,47768,17768,0,0,0,0,0,,0
3,2308,0,0,28376,37160,0,0,0,0,0,,0
3,2309,0,0,29643,35893,0,0,0,0,0,,0
3,2310,0,0,31416,34120,0,0,0,0,0,,0
3,2311,0,0,32710,32826,0,0,0,0,0,,0
3,2312,0,0,40027,25509,0,0,0,0,0,,0
3,2313,0,0,61140,4396,0,0,0,0,0,,0
3,2314,0,0,60355,5181,0,0,0,0,0,,0
3,2315,0,0,59336,6200,0,0,0,0,0,,0
3,2316,0,0,55880,9656,0,0,0,0,0,,0
3,2317,0,0,52560,12976,0,0,0,0,0,,0
3,2318,0,0,57934,7602,0,0,0,0,0,,0
3,2319,4,0,58729,6807,0,0,0,2,2,1;2,0
3,2320,0,0,54286,11250,0,0,0,0,0,,0
3,2321,0,0,56980,8556,0,0,0,0,0,,0
3,2322,0,0,57903,7633,0,0,0,0,0,,0
3,2323,0,0,55136,10400,0,0,0,0,0,,0
3,2324,0,0,49915,15621,0,0,0,0,0,,0
3,2325,0,0,55792,9744,0,0,0,0,0,,0
3,2326,0,0,61510,4026,0,0,0,0,0,,0
3,2327,0,0,56516,9020,0,0,0,0,0,,0
3,2328,0,0,61401,4135,0,0,0,0,0,,0
3,2329,0,0,60329,5207,0,0,0,0,0,,0
3,2330,0,0,57983,7553,0,0,0,0,0,,0
3,2331,0,0,56413,9123,0,0,0,0,0,,0
3,2332,0,0,34157,31379,0,0,0,0,0,,0
3,2333,0,0,55360,10176,0,0,0,0,0,,0
3,2334,0,0,58581,6955,0,0,0,0,0,,0
3,2335,0,0,59954,5582,0,0,0,0,0,,0
3,2336,0,0,56279,9257,0,0,0,0,0,,0
3,2337,0,0,57456,8080,0,0,0,0,0,,0
3,2338,6,0,46337,19199,0,0,0,2,2,0;2,0
3,2339,0,0,52445,13091,0,0,0,0,0,,0
3,2340,0,0,54264,11272,0,0,0,0,0,,0
3,2341,0,0,52103,13433,0,0,0,0,0,,0
3,2342,0,0,54864,10672,0,0,0,0,0,,0
3,2343,0,0,53133,12403,0,0,0,0,0,,0
3,2344,0,0,52475,13061,0,0,0,0,0,,0
3,2345,0,0,51227,14309,0,0,0,0,0,,0
3,2346,0,0,55807,9729,0,0,0,0,0,,0
3,2347,0,0,58117,7419,0,0,0,0,0,,0
3,2348,0,0,58171,7365,0,0,0,0,0,,0
3,2349,0,0,62756,2780,0,0,0,0,0,,0
3,2350,0,0,61903,3633,0,0,0,0,0,,0
3,2351,0,0,54645,10891,0,0,0,0,0,,0
3,2352,0,0,62713,2823,0,0,0,0,0,,0
3,2353,0,0,54920,10616,0,0,0,0,0,,0
3,2354,0,0,41116,24420,0,0,0,0,0,,0
3,2355,0,0,47577,17959,0,0,0,0,0,,0
3,2356,0,0,44484,21052,0,0,0,0,0,,0
3,2357,0,0,45355,20181,0,0,0,0,0,,0
3,2358,0,0,49147,16389,0,0,0,0,0,,0
3,2359,0,0,50721,14815,0,0,0,0,0,,0
3,2360,0,0,64227,1309,0,0,0,0,0,,0
3,2361,0,0,65005,531,0,0,0,0,0,,0
3,2362,0,0,64706,830,0,0,0,0,0,,0
3,2363,0,0,63266,2270,0,0,0,0,0,,0
3,2364,0,0,62810,2726,0,0,0,0,0,,0
3,2365,0,0,54245,11291,0,0,0,0,0,,0
3,2366,0,0,53615,11921,0,0,0,0,0,,0
3,2367,0,0,45406,20130,0,0,0,0,0,,0
3,2368,0,0,59233,6303,0,0,0,0,0,,0
3,2369,0,0,48508,17028,0,0,0,0,0,,0
3,2370,0,0,56801,8735,0,0,0,0,0,,0
3,2371,9,0,55148,10388,0,0,0,2,2,0;2,0
3,2372,0,0,59425,6111,0,0,0,0,0,,0
3,2373,0,0,65536,0,0,0,0,0,0,,0
3,2374,0,0,58158,7378,0,0,0,0,0,,0
3,2375,0,0,65536,0,0,0,0,0,0,,0
3,2376,4,0,36613,28923,0,0,0,4,2,0;1,0
3,2377,19,0,38338,27198,0,0,0,12,2,0;1,0
3,2378,3,0,43257,22279,0,0,0,4,2,0;1,0
3,2379,22,0,35150,30386,0,0,0,8,2,0;1,0
3,2380,7,0,34845,30691,0,0,0,4,2,0;1,0
3,2381,13,0,38497,27039,0,0,0,6,2,0;1,0
3,2382,0,0,64764,772,0,0,0,0,0,,0
3,2383,0,0,63909,1627,0,0,0,0,0,,0
3,2384,0,0,64339,1197,0,0,0,0,0,,0
3,2385,0,0,65129,407,0,0,0,0,0,,0
3,2386,0,0,65447,89,0,0,0,0,0,,0
3,2387,1,0,50984,14552,0,0,0,2,2,0;2,0
3,2388,0,0,55709,9827,0,0,0,0,0,,0
3,2389,0,0,58165,7371,0,0,0,0,0,,0
3,2390,0,0,49545,15991,0,0,0,0,0,,0
3,2391,0,0,57603,7933,0,0,0,0,0,,0
3,2392,5,0,29692,35844,0,0,0,4,2,1;2,0
3,2393,6,0,43603,21933,0,0,0,2,2,1;2,0
3,2394,6,0,32735,32801,0,0,0,4,2,1;2,0
3,2395,0,0,55738,9798,0,0,0,0,0,,0
3,2396,0,0,53205,12331,0,0,0,0,0,,0
3,2397,0,0,59703,5833,0,0,0,0,0,,0
3,2398,0,0,40298,25238,0,0,0,0,0,,0
3,2399,0,0,44616,20920,0,0,0,0,0,,0
3,2400,0,0,46894,18642,0,0,0,0,0,,0
3,2401,0,0,59212,6324,0,0,0,0,0,,0
3,2402,0,0,61476,4060,0,0,0,0,0,,0
3,2403,0,0,54210,11326,0,0,0,0,0,,0
3,2404,0,0,52483,13053,0,0,0,0,0,,0
3,2405,0,0,49614,15922,0,0,0,0,0,,0
3,2406,8,0,48863,16673,0,0,0,2,2,0;1,0
3,2407,0,0,45565,19971,0,0,0,0,0,,0
3,2408,122,0,45050,20486,0,0,0,2,2,0;1,0
3,2409,0,0,65337,199,0,0,0,0,0,,0
3,2410,0,0,65387,149,0,0,0,0,0,,0
3,2411,0,0,64849,687,0,0,0,0,0,,0
3,2412,0,0,61463,4073,0,0,0,0,0,,0
3,2413,0,0,61967,3569,0,0,0,0,0,,0
3,2414,0,0,57049,8487,0,0,0,0,0,,0
3,2415,0,0,59688,5848,0,0,0,0,0,,0
3,2416,0,0,56513,9023,0,0,0,0,0,,0
3,2417,0,0,56427,9109,0,0,0,0,0,,0
3,2418,0,0,54396,11140,0,0,0,0,0,,0
3,2419,11,0,52580,12956,0,0,0,4,3,0;2;3,0
3,2420,0,0,41242,24294,0,0,0,0,0,,0
3,2421,0,0,51287,14249,0,0,0,0,0,,0
3,2422,8,0,47641,17895,0,0,0,4,2,0;1,0
3,2423,0,0,57616,7920,0,0,0,0,0,,0
3,2424,0,0,51105,14431,0,0,0,0,0,,0
3,2425,0,0,51925,13611,0,0,0,0,0,,0
3,2426,0,0,48494,17042,0,0,0,0,0,,0
3,2427,4,0,48579,16957,0,0,0,2,2,0;1,0
3,2428,0,0,53821,11715,0,0,0,0,0,,0
3,2429,0,0,46864,18672,0,0,0,0,0,,0
3,2430,2,0,51847,13689,0,0,0,2,2,0;3,0
3,2431,0,0,54269,11267,0,0,0,0,0,,0
3,2432,0,0,51849,13687,0,0,0,0,0,,0
3,2433,0,0,44136,21400,0,0,0,0,0,,0
3,2434,0,0,48674,16862,0,0,0,0,0,,0
3,2435,0,0,58199,7337,0,0,0,0,0,,0
3,2436,9,0,46062,19474,0,0,0,2,2,0;2,0
3,2437,0,0,61585,3951,0,0,0,0,0,,0
3,2438,0,0,59842,5694,0,0,0,0,0,,0
3,2439,0,0,59006,6530,0,0,0,0,0,,0
3,2440,0,0,59928,5608,0,0,0,0,0,,0
3,2441,0,0,45389,20147,0,0,0,0,0,,0
3,2442,0,0,49997,15539,0,0,0,0,0,,0
3,2443,0,0,50905,14631,0,0,0,0,0,,0
3,2444,0,0,44010,21526,0,0,0,0,0,,0
3,2445,0,0,51303,14233,0,0,0,0,0,,0
3,2446,0,0,55373,10163,0,0,0,0,0,,0
3,2447,0,0,62756,2780,0,0,0,0,0,,0
3,2448,0,0,60485,5051,0,0,0,0,0,,0
3,2449,0,0,61052,4484,0,0,0,0,0,,0
3,2450,0,0,48869,16667,0,0,0,0,0,,0
3,2451,3,0,51687,13849,0,0,0,2,2,0;3,0
3,2452,0,0,51583,13953,0,0,0,0,0,,0
3,2453,0,0,51802,13734,0,0,0,0,0,,0
3,2454,4,0,47436,18100,0,0,0,2,2,0;2,0
3,2455,0,0,62666,2870,0,0,0,0,0,,0
3,2456,0,0,62716,2820,0,0,0,0,0,,0
3,2457,0,0,63984,1552,0,0,0,0,0,,0
3,2458,0,0,61521,4015,0,0,0,0,0,,0
3,2459,0,0,63877,1659,0,0,0,0,0,,0
3,2460,0,0,64487,1049,0,0,0,0,0,,0
3,2461,0,0,62940,2596,0,0,0,0,0,,0
3,2462,0,0,65081,455,0,0,0,0,0,,0
3,2463,0,0,65207,329,0,0,0,0,0,,0
3,2464,0,0,58431,7105,0,0,0,0,0,,0
3,2465,0,0,55097,10439,0,0,0,0,0,,0
3,2466,0,0,49412,16124,0,0,0,0,0,,0
3,2467,0,0,49331,16205,0,0,0,0,0,,0
3,2468,0,0,47714,17822,0,0,0,0,0,,0
3,2469,0,0,46101,19435,0,0,0,0,0,,0
3,2470,0,0,49083,16453,0,0,0,0,0,,0
3,2471,0,0,45204,20332,0,0,0,0,0,,0
3,2472,0,0,42407,23129,0,0,0,0,0,,0
3,2473,0,0,41483,24053,0,0,0,0,0,,0
3,2474,9,0,48031,17505,0,0,0,4,3,0;1;2,0
3,2475,6,0,43786,21750,0,0,0,4,3,0;1;2,0
3,2476,0,0,43359,22177,0,0,0,0,0,,0
3,2477,0,0,51754,13782,0,0,0,0,0,,0
3,2478,0,0,50627,14909,0,0,0,0,0,,0
3,2479,0,0,47068,18468,0,0,0,0,0,,0
3,2480,0,0,44760,20776,0,0,0,0,0,,0
3,2481,0,0,48928,16608,0,0,0,0,0,,0
3,2482,0,0,48316,17220,0,0,0,0,0,,0
3,2483,0,0,63472,2064,0,0,0,0,0,,0
3,2484,0,0,57677,7859,0,0,0,0,0,,0
3,2485,0,0,58894,6642,0,0,0,0,0,,0
3,2486,0,0,56820,8716,0,0,0,0,0,,0
3,2487,13,0,53435,12101,0,0,0,2,2,1;4,0
3,2488,0,0,55002,10534,0,0,0,0,0,,0
3,2489,0,0,56242,9294,0,0,0,0,0,,0
3,2490,0,0,51351,14185,0,0,0,0,0,,0
3,2491,0,0,52869,12667,0,0,0,0,0,,0
3,2492,0,0,40326,25210,0,0,0,0,0,,0
3,2493,0,0,43751,21785,0,0,0,0,0,,0
3,2494,0,0,61400,4136,0,0,0,0,0,,0
3,2495,0,0,64466,1070,0,0,0,0,0,,0
3,2496,0,0,61933,3603,0,0,0,0,0,,0
3,2497,0,0,65155,381,0,0,0,0,0,,0
3,2498,0,0,63064,2472,0,0,0,0,0,,0
3,2499,0,0,52786,12750,0,0,0,0,0,,0
3,2500,9,0,51193,14343,0,0,0,2,2,2;4,0
3,2501,0,0,50322,15214,0,0,0,0,0,,0
3,2502,0,0,52588,12948,0,0,0,0,0,,0
3,2503,0,0,47326,18210,0,0,0,0,0,,0
3,2504,0,0,50941,14595,0,0,0,0,0,,0
3,2505,0,0,50656,14880,0,0,0,0,0,,0
3,2506,5,0,55120,10416,0,0,0,2,2,1;2,0
3,2507,0,0,57862,7674,0,0,0,0,0,,0
3,2508,0,0,46735,18801,0,0,0,0,0,,0
3,2509,6,0,59220,6316,0,0,0,2,2,1;4,0
3,2510,3,0,46001,19535,0,0,0,2,2,0;1,0
3,2511,0,0,45577,19959,0,0,0,0,0,,0
3,2512,0,0,49514,16022,0,0,0,0,0,,0
3,2513,0,0,51168,14368,0,0,0,0,0,,0
3,2514,0,0,46956,18580,0,0,0,0,0,,0
3,2515,1,0,49219,16317,0,0,0,2,2,0;2,0
3,2516,3,0,48613,16923,0,0,0,2,2,0;2,0
3,2517,0,0,49388,16148,0,0,0,0,0,,0
3,2518,0,0,52571,12965,0,0,0,0,0,,0
3,2519,0,0,50464,15072,0,0,0,0,0,,0
3,2520,0,0,45703,19833,0,0,0,0,0,,0
3,2521,0,0,52760,12776,0,0,0,0,0,,0
3,2522,0,0,47672,17864,0,0,0,0,0,,0
3,2523,0,0,54124,11412,0,0,0,0,0,,0
3,2524,0,0,61529,4007,0,0,0,0,0,,0
3,2525,0,0,59574,5962,0,0,0,0,0,,0
3,2526,0,0,54127,11409,0,0,0,0,0,,0
3,2527,0,0,52036,13500,0,0,0,0,0,,0
3,2528,0,0,55492,10044,0,0,0,0,0,,0
3,2529,0,0,59599,5937,0,0,0,0,0,,0
3,2530,0,0,61897,3639,0,0,0,0,0,,0
3,2531,4,0,55376,10160,0,0,0,2,2,1;2,0
3,2532,0,0,56360,9176,0,0,0,0,0,,0
3,2533,0,0,62935,2601,0,0,0,0,0,,0
3,2534,0,0,57304,8232,0,0,0,0,0,,0
3,2535,0,0,64898,638,0,0,0,0,0,,0
3,2536,0,0,46401,19135,0,0,0,0,0,,0
3,2537,0,0,40029,25507,0,0,0,0,0,,0
3,2538,0,0,50104,15432,0,0,0,0,0,,0
3,2539,2,0,45780,19756,0,0,0,2,2,0;2,0
3,2540,0,0,43326,22210,0,0,0,0,0,,0
3,2541,0,0,44067,21469,0,0,0,0,0,,0
3,2542,0,0,41331,24205,0,0,0,0,0,,0
3,2543,0,0,49219,16317,0,0,0,0,0,,0
3,2544,0,0,48766,16770,0,0,0,0,0,,0
3,2545,0,0,44733,20803,0,0,0,0,0,,0
3,2546,0,0,40671,24865,0,0,0,0,0,,0
3,2547,0,0,48472,17064,0,0,0,0,0,,0
3,2548,0,0,42030,23506,0,0,0,0,0,,0
3,2549,0,0,44945,20591,0,0,0,0,0,,0
3,2550,0,0,49916,15620,0,0,0,0,0,,0
3,2551,0,0,54196,11340,0,0,0,0,0,,0
3,2552,0,0,44601,20935,0,0,0,0,0,,0
3,2553,0,0,43148,22388,0,0,0,0,0,,0
3,2554,0,0,58282,7254,0,0,0,0,0,,0
3,2555,0,0,54656,10880,0,0,0,0,0,,0
3,2556,0,0,50198,15338,0,0,0,0,0,,0
3,2557,0,0,56265,9271,0,0,0,0,0,,0
3,2558,0,0,60526,5010,0,0,0,0,0,,0
3,2559,0,0,47440,18096,0,0,0,0,0,,0
3,2560,0,0,53542,11994,0,0,0,0,0,,0
3,2561,0,0,56892,8644,0,0,0,0,0,,0
3,2562,0,0,60762,4774,0,0,0,0,0,,0
3,2563,0,0,43763,21773,0,0,0,0,0,,0
3,2564,0,0,58252,7284,0,0,0,0,0,,0
3,2565,3,0,57373,8163,0,0,0,2,2,1;2,0
3,2566,2,0,51222,14314,0,0,0,2,2,1;2,0
3,2567,0,0,47840,17696,0,0,0,0,0,,0
3,2568,0,0,51307,14229,0,0,0,0,0,,0
3,2569,0,0,49113,16423,0,0,0,0,0,,0
3,2570,0,0,53731,11805,0,0,0,0,0,,0
3,2571,0,0,48232,17304,0,0,0,0,0,,0
3,2572,0,0,54091,11445,0,0,0,0,0,,0
3,2573,0,0,48012,17524,0,0,0,0,0,,0
3,2574,2,0,55561,9975,0,0,0,2,2,1;2,0
3,2575,0,0,52906,12630,0,0,0,0,0,,0
3,2576,0,0,50890,14646,0,0,0,0,0,,0
3,2577,0,0,46161,19375,0,0,0,0,0,,0
3,2578,0,0,56530,9006,0,0,0,0,0,,0
3,2579,0,0,51856,13680,0,0,0,0,0,,0
3,2580,0,0,53820,11716,0,0,0,0,0,,0
3,2581,0,0,44506,21030,0,0,0,0,0,,0
3,2582,0,0,54862,10674,0,0,0,0,0,,0
3,2583,0,0,55760,9776,0,0,0,0,0,,0
3,2584,2,0,51421,14115,0,0,0,2,2,0;2,0
3,2585,0,0,50572,14964,0,0,0,0,0,,0
3,2586,0,0,51298,14238,0,0,0,0,0,,0
3,2587,0,0,50518,15018,0,0,0,0,0,,0
3,2588,0,0,47425,18111,0,0,0,0,0,,0
3,2589,0,0,49334,16202,0,0,0,0,0,,0
3,2590,2,0,44488,21048,0,0,0,2,2,0;2,0
3,2591,0,0,61690,3846,0,0,0,0,0,,0
3,2592,0,0,64434,1102,0,0,0,0,0,,0
3,2593,3,0,45478,20058,0,0,0,4,2,0;2,0
3,2594,0,0,52261,13275,0,0,0,0,0,,0
3,2595,0,0,50424,15112,0,0,0,0,0,,0
3,2596,0,0,48373,17163,0,0,0,0,0,,0
3,2597,0,0,56103,9433,0,0,0,0,0,,0
3,2598,0,0,55791,9745,0,0,0,0,0,,0
3,2599,0,0,58006,7530,0,0,0,0,0,,0
3,2600,0,0,56150,9386,0,0,0,0,0,,0
3,2601,2,0,53610,11926,0,0,0,2,2,2;3,0
3,2602,0,0,53143,12393,0,0,0,0,0,,0
3,2603,0,0,53287,12249,0,0,0,0,0,,0
3,2604,0,0,53330,12206,0,0,0,0,0,,0
3,2605,0,0,56803,8733,0,0,0,0,0,,0
3,2606,6,0,50550,14986,0,0,0,2,2,1;2,0
3,2607,1,0,39266,26270,0,0,0,2,2,0;2,0
3,2608,3,0,40233,25303,0,0,0,2,2,0;1,0
3,2609,0,0,45653,19883,0,0,0,0,0,,0
3,2610,0,0,49539,15997,0,0,0,0,0,,0
3,2611,0,0,49049,16487,0,0,0,0,0,,0
3,2612,0,0,36593,28943,0,0,0,0,0,,0
3,2613,0,0,36192,29344,0,0,0,0,0,,0
3,2614,0,0,38775,26761,0,0,0,0,0,,0
3,2615,0,0,38446,27090,0,0,0,0,0,,0
3,2616,9,0,39364,26172,0,0,0,4,2,0;2,0
3,2617,0,0,35639,29897,0,0,0,0,0,,0
3,2618,0,0,41239,24297,0,0,0,0,0,,0
3,2619,0,0,38339,27197,0,0,0,0,0,,0
3,2620,0,0,36380,29156,0,0,0,0,0,,0
3,2621,0,0,44675,20861,0,0,0,0,0,,0
3,2622,0,0,43099,22437,0,0,0,0,0,,0
3,2623,0,0,48697,16839,0,0,0,0,0,,0
3,2624,0,0,41537,23999,0,0,0,0,0,,0
3,2625,0,0,38879,26657,0,0,0,0,0,,0
3,2626,0,0,35220,30316,0,0,0,0,0,,0
3,2627,0,0,38716,26820,0,0,0,0,0,,0
3,2628,0,0,45773,19763,0,0,0,0,0,,0
3,2629,0,0,39245,26291,0,0,0,0,0,,0
3,2630,8,0,32107,33429,0,0,0,3,2,0;1,0
3,2631,0,0,39733,25803,0,0,0,0,0,,0
3,2632,0,0,48662,16874,0,0,0,0,0,,0
3,2633,0,0,46630,18906,0,0,0,0,0,,0
3,2634,0,0,45496,20040,0,0,0,0,0,,7
3,2635,0,0,47349,18187,0,0,0,0,0,,2
3,2636,0,0,61020,4516,0,0,0,0,0,,0
3,2637,0,0,64183,1353,0,0,0,0,0,,0
3,2638,0,0,58464,7072,0,0,0,0,0,,0
3,2639,0,0,60358,5178,0,0,0,0,0,,0
3,2640,0,0,62472,3064,0,0,0,0,0,,0
3,2641,0,0,65073,463,0,0,0,0,0,,0
3,2642,0,0,63844,1692,0,0,0,0,0,,0
3,2643,0,0,64349,1187,0,0,0,0,0,,0
3,2644,0,0,62161,3375,0,0,0,0,0,,1
3,2645,0,0,40964,24572,0,0,0,0,0,,0
3,2646,0,0,57795,7741,0,0,0,0,0,,0
3,2647,0,0,43329,22207,0,0,0,0,0,,4
3,2648,0,0,57664,7872,0,0,0,0,0,,1
3,2649,0,0,60136,5400,0,0,0,0,0,,0
3,2650,0,0,60982,4554,0,0,0,0,0,,1
3,2651,0,0,61865,3671,0,0,0,0,0,,0
3,2652,0,0,63783,1753,0,0,0,0,0,,0
3,2653,0,0,64360,1176,0,0,0,0,0,,0
3,2654,0,0,64369,1167,0,0,0,0,0,,0
3,2655,0,0,64445,1091,0,0,0,0,0,,0
3,2656,0,0,65404,132,0,0,0,0,0,,0
3,2657,0,0,62627,2909,0,0,0,0,0,,0
3,2658,0,0,48663,16873,0,0,0,0,0,,0
3,2659,0,0,46273,19263,0,0,0,0,0,,1
3,2660,0,0,42880,22656,0,0,0,0,0,,0
3,2661,0,0,49716,15820,0,0,0,0,0,,0
3,2662,0,0,39794,25742,0,0,0,0,0,,4
3,2663,0,0,42221,23315,0,0,0,0,0,,1
3,2664,0,0,38929,26607,0,0,0,0,0,,4
3,2665,0,0,55483,10053,0,0,0,0,0,,2
3,2666,0,0,50493,15043,0,0,0,0,0,,3
3,2667,0,0,52915,12621,0,0,0,0,0,,2
3,2668,0,0,53757,11779,0,0,0,0,0,,1
3,2669,0,0,59948,5588,0,0,0,0,0,,0
3,2670,0,0,60971,4565,0,0,0,0,0,,0
3,2671,0,0,57466,8070,0,0,0,0,0,,0
3,2672,0,0,47754,17782,0,0,0,0,0,,3
3,2673,0,0,50403,15133,0,0,0,0,0,,1
3,2674,0,0,49154,16382,0,0,0,0,0,,2
3,2675,0,0,41137,24399,0,0,0,0,0,,0
3,2676,0,0,36981,28555,0,0,0,0,0,,4
3,2677,0,0,54864,10672,0,0,0,0,0,,1
3,2678,0,0,34581,30955,0,0,0,0,0,,0
3,2679,0,0,58902,6634,0,0,0,0,0,,0
3,2680,0,0,56257,9279,0,0,0,0,0,,0
3,2681,0,0,51968,13568,0,0,0,0,0,,1
3,2682,0,0,62392,3144,0,0,0,0,0,,1
3,2683,0,0,55305,10231,0,0,0,0,0,,3
3,2684,0,0,65246,290,0,0,0,0,0,,0
3,2685,0,0,65454,82,0,0,0,0,0,,0
3,2686,0,0,65166,370,0,0,0,0,0,,0
3,2687,0,0,64962,574,0,0,0,0,0,,0
3,2688,0,0,65167,369,0,0,0,0,0,,0
3,2689,0,0,65406,130,0,0,0,0,0,,0
3,2690,0,0,64147,1389,0,0,0,0,0,,0
3,2691,0,0,63477,2059,0,0,0,0,0,,0
3,2692,0,0,58983,6553,0,0,0,0,0,,0
3,2693,0,0,64991,545,0,0,0,0,0,,0
3,2694,0,0,65536,0,0,0,0,0,0,,0
3,2695,0,0,65536,0,0,0,0,0,0,,0
3,2696,0,0,65383,153,0,0,0,0,0,,0
3,2697,0,0,62760,2776,0,0,0,0,0,,0
3,2698,0,0,48746,16790,0,0,0,0,0,,4
3,2699,0,0,50182,15354,0,0,0,0,0,,1
3,2700,0,0,52322,13214,0,0,0,0,0,,1
3,2701,0,0,48144,17392,0,0,0,0,0,,1
3,2702,0,0,47109,18427,0,0,0,0,0,,0
3,2703,0,0,65143,393,0,0,0,0,0,,0
3,2704,0,0,65201,335,0,0,0,0,0,,0
3,2705,0,0,64570,966,0,0,0,0,0,,0
3,2706,0,0,64110,1426,0,0,0,0,0,,0
3,2707,0,0,64996,540,0,0,0,0,0,,0
3,2708,0,0,65200,336,0,0,0,0,0,,0
3,2709,0,0,64193,1343,0,0,0,0,0,,0
3,2710,0,0,44419,21117,0,0,0,0,0,,7
3,2711,0,0,58794,6742,0,0,0,0,0,,2
3,2712,0,0,50523,15013,0,0,0,0,0,,5
3,2713,0,0,49590,15946,0,0,0,0,0,,4
3,2714,0,0,43618,21918,0,0,0,0,0,,1
3,2715,0,0,42703,22833,0,0,0,0,0,,1
3,2716,0,0,39556,25980,0,0,0,0,0,,1
3,2717,0,0,45475,20061,0,0,0,0,0,,11
3,2718,0,0,42098,23438,0,0,0,0,0,,4
3,2719,0,0,56671,8865,0,0,0,0,0,,1
3,2720,0,0,55350,10186,0,0,0,0,0,,0
3,2721,0,0,51935,13601,0,0,0,0,0,,4
