patch_key,fold_id,patch_index,class_index,class_name,channel_index,instance_id,total_pixel_count,overlap_pixel_count,positive_background_pixel_count,overlapping_class_indices,overlapping_instance_ids,overlapping_instance_ids_by_class,touches_cross_class_overlap,analysis_eligible,primary_eligible,confirmatory_eligible,analysis_exclusion_reason
fold_1:patch_81,1,81,0,neoplastic,0,218,4015,2,0,[2],[1],"{""connective_soft_tissue"": [1]}",true,false,false,false,touches_cross_class_overlap
fold_1:patch_81,1,81,2,connective_soft_tissue,2,1,401,2,0,[0],[218],"{""neoplastic"": [218]}",true,false,false,false,touches_cross_class_overlap
fold_1:patch_86,1,86,1,inflammatory,1,437,119,7,0,[4],[440],"{""non_neoplastic_epithelial"": [440]}",true,false,false,false,touches_cross_class_overlap
fold_1:patch_86,1,86,4,non_neoplastic_epithelial,4,440,240,7,0,[1],[437],"{""inflammatory"": [437]}",true,false,false,false,touches_cross_class_overlap
fold_1:patch_119,1,119,0,neoplastic,0,280,810,1,0,[1],[307],"{""inflammatory"": [307]}",true,false,false,false,touches_cross_class_overlap
fold_1:patch_119,1,119,0,neoplastic,0,406,1251,10,0,[1],[389],"{""inflammatory"": [389]}",true,false,false,false,touches_cross_class_overlap
fold_1:patch_119,1,119,0,neoplastic,0,439,220,2,0,[1],[432],"{""inflammatory"": [432]}",true,false,false,false,touches_cross_class_overlap
fold_1:patch_119,1,119,1,inflammatory,1,307,629,1,0,[0],[280],"{""neoplastic"": [280]}",true,false,false,false,touches_cross_class_overlap
fold_1:patch_119,1,119,1,inflammatory,1,389,691,10,0,[0],[406],"{""neoplastic"": [406]}",true,false,false,false,touches_cross_class_overlap
fold_1:patch_119,1,119,1,inflammatory,1,432,343,2,0,[0],[439],"{""neoplastic"": [439]}",true,false,false,false,touches_cross_class_overlap
fold_1:patch_122,1,122,0,neoplastic,0,550,1806,13,0,[2],[566],"{""connective_soft_tissue"": [566]}",true,false,false,false,touches_cross_class_overlap
fold_1:patch_122,1,122,2,connective_soft_tissue,2,566,966,13,0,[0],[550],"{""neoplastic"": [550]}",true,false,false,false,touches_cross_class_overlap
fold_1:patch_129,1,129,1,inflammatory,1,233,159,1,0,[2],[239],"{""connective_soft_tissue"": [239]}",true,false,false,false,touches_cross_class_overlap
fold_1:patch_129,1,129,2,connective_soft_tissue,2,239,206,1,0,[1],[233],"{""inflammatory"": [233]}",true,false,false,false,touches_cross_class_overlap
fold_1:patch_185,1,185,1,inflammatory,1,396,230,2,0,[2],[375],"{""connective_soft_tissue"": [375]}",true,false,false,false,touches_cross_class_overlap
fold_1:patch_185,1,185,2,connective_soft_tissue,2,375,289,2,0,[1],[396],"{""inflammatory"": [396]}",true,false,false,false,touches_cross_class_overlap
fold_1:patch_228,1,228,1,inflammatory,1,137,322,5,0,[2],[134],"{""connective_soft_tissue"": [134]}",true,false,false,false,touches_cross_class_overlap
fold_1:patch_228,1,228,2,connective_soft_tissue,2,134,238,5,0,[1],[137],"{""inflammatory"": [137]}",true,false,false,false,touches_cross_class_overlap
fold_1:patch_232,1,232,1,inflammatory,1,174,427,2,0,[4],[186],"{""non_neoplastic_epithelial"": [186]}",true,false,false,false,touches_cross_class_overlap
fold_1:patch_232,1,232,1,inflammatory,1,218,609,7,0,[4],[210],"{""non_neoplastic_epithelial"": [210]}",true,false,false,false,touches_cross_class_overlap
fold_1:patch_232,1,232,4,non_neoplastic_epithelial,4,186,353,2,0,[1],[174],"{""inflammatory"": [174]}",true,false,false,false,touches_cross_class_overlap
fold_1:patch_232,1,232,4,non_neoplastic_epithelial,4,210,218,7,0,[1],[218],"{""inflammatory"": [218]}",true,false,false,false,touches_cross_class_overlap
fold_1:patch_246,1,246,1,inflammatory,1,85,354,1,0,[4],[88],"{""non_neoplastic_epithelial"": [88]}",true,false,false,false,touches_cross_class_overlap
fold_1:patch_246,1,246,4,non_neoplastic_epithelial,4,88,319,1,0,[1],[85],"{""inflammatory"": [85]}",true,false,false,false,touches_cross_class_overlap
fold_1:patch_248,1,248,1,inflammatory,1,210,317,14,0,[4],[213],"{""non_neoplastic_epithelial"": [213]}",true,false,false,false,touches_cross_class_overlap
fold_1:patch_248,1,248,1,inflammatory,1,247,253,8,0,[4],[233],"{""non_neoplastic_epithelial"": [233]}",true,false,false,false,touches_cross_class_overlap
fold_1:patch_248,1,248,4,non_neoplastic_epithelial,4,213,482,14,0,[1],[210],"{""inflammatory"": [210]}",true,false,false,false,touches_cross_class_overlap
fold_1:patch_248,1,248,4,non_neoplastic_epithelial,4,233,259,8,0,[1],[247],"{""inflammatory"": [247]}",true,false,false,false,touches_cross_class_overlap
fold_1:patch_261,1,261,0,neoplastic,0,60,1736,5,0,[1],[70],"{""inflammatory"": [70]}",true,false,false,false,touches_cross_class_overlap
fold_1:patch_261,1,261,1,inflammatory,1,70,244,5,0,[0],[60],"{""neoplastic"": [60]}",true,false,false,false,touches_cross_class_overlap
fold_1:patch_271,1,271,1,inflammatory,1,240,305,2,0,[2],[230],"{""connective_soft_tissue"": [230]}",true,false,false,false,touches_cross_class_overlap
fold_1:patch_271,1,271,1,inflammatory,1,375,224,14,0,[2],[373],"{""connective_soft_tissue"": [373]}",true,false,false,false,touches_cross_class_overlap
fold_1:patch_271,1,271,2,connective_soft_tissue,2,230,1323,2,0,[1],[240],"{""inflammatory"": [240]}",true,false,false,false,touches_cross_class_overlap
fold_1:patch_271,1,271,2,connective_soft_tissue,2,373,303,14,0,[1],[375],"{""inflammatory"": [375]}",true,false,false,false,touches_cross_class_overlap
fold_1:patch_282,1,282,1,inflammatory,1,276,183,1,0,[2],[222],"{""connective_soft_tissue"": [222]}",true,false,false,false,touches_cross_class_overlap
fold_1:patch_282,1,282,2,connective_soft_tissue,2,222,591,1,0,[1],[276],"{""inflammatory"": [276]}",true,false,false,false,touches_cross_class_overlap
fold_1:patch_326,1,326,0,neoplastic,0,188,583,2,0,[1],[190],"{""inflammatory"": [190]}",true,false,false,false,touches_cross_class_overlap
fold_1:patch_326,1,326,1,inflammatory,1,190,476,2,0,[0],[188],"{""neoplastic"": [188]}",true,false,false,false,touches_cross_class_overlap
fold_1:patch_331,1,331,0,neoplastic,0,159,170,2,0,[2],[167],"{""connective_soft_tissue"": [167]}",true,false,false,false,touches_cross_class_overlap
fold_1:patch_331,1,331,2,connective_soft_tissue,2,167,535,2,0,[0],[159],"{""neoplastic"": [159]}",true,false,false,false,touches_cross_class_overlap
fold_1:patch_333,1,333,0,neoplastic,0,291,810,12,0,[2],[298],"{""connective_soft_tissue"": [298]}",true,false,false,false,touches_cross_class_overlap
fold_1:patch_333,1,333,2,connective_soft_tissue,2,298,386,12,0,[0],[291],"{""neoplastic"": [291]}",true,false,false,false,touches_cross_class_overlap
fold_1:patch_386,1,386,1,inflammatory,1,298,169,13,0,[2],[292],"{""connective_soft_tissue"": [292]}",true,false,false,false,touches_cross_class_overlap
fold_1:patch_386,1,386,1,inflammatory,1,412,229,4,0,[2],[424],"{""connective_soft_tissue"": [424]}",true,false,false,false,touches_cross_class_overlap
fold_1:patch_386,1,386,2,connective_soft_tissue,2,292,399,13,0,[1],[298],"{""inflammatory"": [298]}",true,false,false,false,touches_cross_class_overlap
fold_1:patch_386,1,386,2,connective_soft_tissue,2,424,320,4,0,[1],[412],"{""inflammatory"": [412]}",true,false,false,false,touches_cross_class_overlap
fold_1:patch_467,1,467,0,neoplastic,0,110,659,4,0,[1],[112],"{""inflammatory"": [112]}",true,false,false,false,touches_cross_class_overlap
fold_1:patch_467,1,467,1,inflammatory,1,112,566,4,0,[0],[110],"{""neoplastic"": [110]}",true,false,false,false,touches_cross_class_overlap
fold_1:patch_527,1,527,0,neoplastic,0,198,1374,6,0,[2],[200],"{""connective_soft_tissue"": [200]}",true,false,false,false,touches_cross_class_overlap
fold_1:patch_527,1,527,0,neoplastic,0,206,1024,3,0,[2],[200],"{""connective_soft_tissue"": [200]}",true,false,false,false,touches_cross_class_overlap
fold_1:patch_527,1,527,2,connective_soft_tissue,2,200,666,9,0,[0],"[198, 206]","{""neoplastic"": [198, 206]}",true,false,false,false,touches_cross_class_overlap
fold_1:patch_528,1,528,0,neoplastic,0,193,594,10,0,[1],[384],"{""inflammatory"": [384]}",true,false,false,false,touches_cross_class_overlap
fold_1:patch_528,1,528,0,neoplastic,0,201,503,12,0,[1],[384],"{""inflammatory"": [384]}",true,false,false,false,touches_cross_class_overlap
fold_1:patch_528,1,528,1,inflammatory,1,384,427,22,0,[0],"[193, 201]","{""neoplastic"": [193, 201]}",true,false,false,false,touches_cross_class_overlap
fold_1:patch_533,1,533,0,neoplastic,0,40,449,11,0,[2],[46],"{""connective_soft_tissue"": [46]}",true,false,false,false,touches_cross_class_overlap
fold_1:patch_533,1,533,2,connective_soft_tissue,2,46,829,11,0,[0],[40],"{""neoplastic"": [40]}",true,false,false,false,touches_cross_class_overlap
fold_1:patch_534,1,534,0,neoplastic,0,32,757,14,0,[2],[421],"{""connective_soft_tissue"": [421]}",true,false,false,false,touches_cross_class_overlap
fold_1:patch_534,1,534,2,connective_soft_tissue,2,421,628,14,0,[0],[32],"{""neoplastic"": [32]}",true,false,false,false,touches_cross_class_overlap
fold_1:patch_550,1,550,0,neoplastic,0,17,1026,1,0,[1],[351],"{""inflammatory"": [351]}",true,false,false,false,touches_cross_class_overlap
fold_1:patch_550,1,550,1,inflammatory,1,351,195,1,0,[0],[17],"{""neoplastic"": [17]}",true,false,false,false,touches_cross_class_overlap
fold_1:patch_556,1,556,0,neoplastic,0,47,855,2,0,[2],[66],"{""connective_soft_tissue"": [66]}",true,false,false,false,touches_cross_class_overlap
fold_1:patch_556,1,556,0,neoplastic,0,91,635,10,0,[1],[92],"{""inflammatory"": [92]}",true,false,false,false,touches_cross_class_overlap
fold_1:patch_556,1,556,1,inflammatory,1,92,462,10,0,[0],[91],"{""neoplastic"": [91]}",true,false,false,false,touches_cross_class_overlap
fold_1:patch_556,1,556,2,connective_soft_tissue,2,66,569,2,0,[0],[47],"{""neoplastic"": [47]}",true,false,false,false,touches_cross_class_overlap
fold_1:patch_578,1,578,0,neoplastic,0,157,613,1,0,[2],[150],"{""connective_soft_tissue"": [150]}",true,false,false,false,touches_cross_class_overlap
fold_1:patch_578,1,578,2,connective_soft_tissue,2,150,352,1,0,[0],[157],"{""neoplastic"": [157]}",true,false,false,false,touches_cross_class_overlap
fold_1:patch_623,1,623,1,inflammatory,1,292,195,9,0,[4],[295],"{""non_neoplastic_epithelial"": [295]}",true,false,false,false,touches_cross_class_overlap
fold_1:patch_623,1,623,4,non_neoplastic_epithelial,4,295,235,9,0,[1],[292],"{""inflammatory"": [292]}",true,false,false,false,touches_cross_class_overlap
fold_1:patch_652,1,652,0,neoplastic,0,166,496,9,0,[2],[167],"{""connective_soft_tissue"": [167]}",true,false,false,false,touches_cross_class_overlap
fold_1:patch_652,1,652,2,connective_soft_tissue,2,167,872,9,0,[0],[166],"{""neoplastic"": [166]}",true,false,false,false,touches_cross_class_overlap
fold_1:patch_663,1,663,1,inflammatory,1,62,352,1,0,[2],[68],"{""connective_soft_tissue"": [68]}",true,false,false,false,touches_cross_class_overlap
fold_1:patch_663,1,663,2,connective_soft_tissue,2,68,581,1,0,[1],[62],"{""inflammatory"": [62]}",true,false,false,false,touches_cross_class_overlap
fold_1:patch_686,1,686,0,neoplastic,0,77,1967,1,0,[1],[73],"{""inflammatory"": [73]}",true,false,false,false,touches_cross_class_overlap
fold_1:patch_686,1,686,1,inflammatory,1,12,418,5,0,[2],[14],"{""connective_soft_tissue"": [14]}",true,false,false,false,touches_cross_class_overlap
fold_1:patch_686,1,686,1,inflammatory,1,73,256,1,0,[0],[77],"{""neoplastic"": [77]}",true,false,false,false,touches_cross_class_overlap
fold_1:patch_686,1,686,2,connective_soft_tissue,2,14,703,5,0,[1],[12],"{""inflammatory"": [12]}",true,false,false,false,touches_cross_class_overlap
fold_1:patch_738,1,738,1,inflammatory,1,11,215,2,0,[2],[12],"{""connective_soft_tissue"": [12]}",true,false,false,false,touches_cross_class_overlap
fold_1:patch_738,1,738,2,connective_soft_tissue,2,12,408,2,0,[1],[11],"{""inflammatory"": [11]}",true,false,false,false,touches_cross_class_overlap
fold_1:patch_741,1,741,0,neoplastic,0,260,155,4,0,[2],[253],"{""connective_soft_tissue"": [253]}",true,false,false,false,touches_cross_class_overlap
fold_1:patch_741,1,741,2,connective_soft_tissue,2,253,190,4,0,[0],[260],"{""neoplastic"": [260]}",true,false,false,false,touches_cross_class_overlap
fold_1:patch_743,1,743,0,neoplastic,0,337,450,3,0,[2],[340],"{""connective_soft_tissue"": [340]}",true,false,false,false,touches_cross_class_overlap
fold_1:patch_743,1,743,2,connective_soft_tissue,2,340,539,3,0,[0],[337],"{""neoplastic"": [337]}",true,false,false,false,touches_cross_class_overlap
fold_1:patch_744,1,744,1,inflammatory,1,274,244,2,0,[2],[266],"{""connective_soft_tissue"": [266]}",true,false,false,false,touches_cross_class_overlap
fold_1:patch_744,1,744,2,connective_soft_tissue,2,266,279,2,0,[1],[274],"{""inflammatory"": [274]}",true,false,false,false,touches_cross_class_overlap
fold_1:patch_751,1,751,1,inflammatory,1,60,313,1,0,[2],[50],"{""connective_soft_tissue"": [50]}",true,false,false,false,touches_cross_class_overlap
fold_1:patch_751,1,751,2,connective_soft_tissue,2,50,447,1,0,[1],[60],"{""inflammatory"": [60]}",true,false,false,false,touches_cross_class_overlap
fold_1:patch_754,1,754,0,neoplastic,0,46,749,6,0,[2],[45],"{""connective_soft_tissue"": [45]}",true,false,false,false,touches_cross_class_overlap
fold_1:patch_754,1,754,2,connective_soft_tissue,2,45,333,6,0,[0],[46],"{""neoplastic"": [46]}",true,false,false,false,touches_cross_class_overlap
fold_1:patch_766,1,766,0,neoplastic,0,166,353,1,0,[1],[158],"{""inflammatory"": [158]}",true,false,false,false,touches_cross_class_overlap
fold_1:patch_766,1,766,1,inflammatory,1,158,533,1,0,[0],[166],"{""neoplastic"": [166]}",true,false,false,false,touches_cross_class_overlap
fold_1:patch_769,1,769,0,neoplastic,0,265,245,2,0,[1],[271],"{""inflammatory"": [271]}",true,false,false,false,touches_cross_class_overlap
fold_1:patch_769,1,769,1,inflammatory,1,271,210,2,0,[0],[265],"{""neoplastic"": [265]}",true,false,false,false,touches_cross_class_overlap
fold_1:patch_786,1,786,0,neoplastic,0,179,287,10,0,[2],[188],"{""connective_soft_tissue"": [188]}",true,false,false,false,touches_cross_class_overlap
fold_1:patch_786,1,786,0,neoplastic,0,222,290,1,0,[1],[209],"{""inflammatory"": [209]}",true,false,false,false,touches_cross_class_overlap
fold_1:patch_786,1,786,1,inflammatory,1,209,511,1,0,[0],[222],"{""neoplastic"": [222]}",true,false,false,false,touches_cross_class_overlap
fold_1:patch_786,1,786,2,connective_soft_tissue,2,188,163,10,0,[0],[179],"{""neoplastic"": [179]}",true,false,false,false,touches_cross_class_overlap
fold_1:patch_818,1,818,1,inflammatory,1,1385,238,18,0,[2],[1041],"{""connective_soft_tissue"": [1041]}",true,false,false,false,touches_cross_class_overlap
fold_1:patch_818,1,818,2,connective_soft_tissue,2,1041,173,18,0,[1],[1385],"{""inflammatory"": [1385]}",true,false,false,false,touches_cross_class_overlap
fold_1:patch_826,1,826,1,inflammatory,1,436,356,4,0,[2],[407],"{""connective_soft_tissue"": [407]}",true,false,false,false,touches_cross_class_overlap
fold_1:patch_826,1,826,2,connective_soft_tissue,2,407,296,4,0,[1],[436],"{""inflammatory"": [436]}",true,false,false,false,touches_cross_class_overlap
fold_1:patch_827,1,827,1,inflammatory,1,821,380,2,0,[2],[825],"{""connective_soft_tissue"": [825]}",true,false,false,false,touches_cross_class_overlap
fold_1:patch_827,1,827,1,inflammatory,1,881,211,1,0,[2],[900],"{""connective_soft_tissue"": [900]}",true,false,false,false,touches_cross_class_overlap
fold_1:patch_827,1,827,2,connective_soft_tissue,2,825,401,2,0,[1],[821],"{""inflammatory"": [821]}",true,false,false,false,touches_cross_class_overlap
fold_1:patch_827,1,827,2,connective_soft_tissue,2,900,529,1,0,[1],[881],"{""inflammatory"": [881]}",true,false,false,false,touches_cross_class_overlap
fold_1:patch_842,1,842,1,inflammatory,1,47,655,2,0,[2],[40],"{""connective_soft_tissue"": [40]}",true,false,false,false,touches_cross_class_overlap
fold_1:patch_842,1,842,2,connective_soft_tissue,2,40,556,2,0,[1],[47],"{""inflammatory"": [47]}",true,false,false,false,touches_cross_class_overlap
fold_1:patch_845,1,845,1,inflammatory,1,388,227,1,0,[2],[370],"{""connective_soft_tissue"": [370]}",true,false,false,false,touches_cross_class_overlap
fold_1:patch_845,1,845,1,inflammatory,1,456,385,3,0,[2],[443],"{""connective_soft_tissue"": [443]}",true,false,false,false,touches_cross_class_overlap
fold_1:patch_845,1,845,1,inflammatory,1,477,245,3,0,[2],[466],"{""connective_soft_tissue"": [466]}",true,false,false,false,touches_cross_class_overlap
fold_1:patch_845,1,845,2,connective_soft_tissue,2,370,339,1,0,[1],[388],"{""inflammatory"": [388]}",true,false,false,false,touches_cross_class_overlap
fold_1:patch_845,1,845,2,connective_soft_tissue,2,443,443,3,0,[1],[456],"{""inflammatory"": [456]}",true,false,false,false,touches_cross_class_overlap
fold_1:patch_845,1,845,2,connective_soft_tissue,2,466,265,3,0,[1],[477],"{""inflammatory"": [477]}",true,false,false,false,touches_cross_class_overlap
fold_1:patch_866,1,866,1,inflammatory,1,175,268,1,0,[2],[182],"{""connective_soft_tissue"": [182]}",true,false,false,false,touches_cross_class_overlap
fold_1:patch_866,1,866,2,connective_soft_tissue,2,182,571,1,0,[1],[175],"{""inflammatory"": [175]}",true,false,false,false,touches_cross_class_overlap
fold_1:patch_879,1,879,0,neoplastic,0,24,787,3,0,[2],[27],"{""connective_soft_tissue"": [27]}",true,false,false,false,touches_cross_class_overlap
fold_1:patch_879,1,879,2,connective_soft_tissue,2,27,552,3,0,[0],[24],"{""neoplastic"": [24]}",true,false,false,false,touches_cross_class_overlap
fold_1:patch_883,1,883,0,neoplastic,0,284,531,2,0,[2],[275],"{""connective_soft_tissue"": [275]}",true,false,false,false,touches_cross_class_overlap
fold_1:patch_883,1,883,2,connective_soft_tissue,2,275,594,2,0,[0],[284],"{""neoplastic"": [284]}",true,false,false,false,touches_cross_class_overlap
fold_1:patch_890,1,890,0,neoplastic,0,103,770,4,0,[2],[120],"{""connective_soft_tissue"": [120]}",true,false,false,false,touches_cross_class_overlap
fold_1:patch_890,1,890,2,connective_soft_tissue,2,120,424,4,0,[0],[103],"{""neoplastic"": [103]}",true,false,false,false,touches_cross_class_overlap
fold_1:patch_893,1,893,0,neoplastic,0,22,1131,5,0,[2],[43],"{""connective_soft_tissue"": [43]}",true,false,false,false,touches_cross_class_overlap
fold_1:patch_893,1,893,2,connective_soft_tissue,2,43,466,5,0,[0],[22],"{""neoplastic"": [22]}",true,false,false,false,touches_cross_class_overlap
fold_1:patch_906,1,906,0,neoplastic,0,304,1168,8,0,[2],[292],"{""connective_soft_tissue"": [292]}",true,false,false,false,touches_cross_class_overlap
fold_1:patch_906,1,906,2,connective_soft_tissue,2,292,328,8,0,[0],[304],"{""neoplastic"": [304]}",true,false,false,false,touches_cross_class_overlap
fold_1:patch_910,1,910,0,neoplastic,0,161,669,3,0,[2],[174],"{""connective_soft_tissue"": [174]}",true,false,false,false,touches_cross_class_overlap
fold_1:patch_910,1,910,2,connective_soft_tissue,2,174,839,3,0,[0],[161],"{""neoplastic"": [161]}",true,false,false,false,touches_cross_class_overlap
fold_1:patch_934,1,934,0,neoplastic,0,123,538,4,0,[2],[119],"{""connective_soft_tissue"": [119]}",true,false,false,false,touches_cross_class_overlap
fold_1:patch_934,1,934,2,connective_soft_tissue,2,119,388,4,0,[0],[123],"{""neoplastic"": [123]}",true,false,false,false,touches_cross_class_overlap
fold_1:patch_944,1,944,0,neoplastic,0,17,699,4,0,[1],[10],"{""inflammatory"": [10]}",true,false,false,false,touches_cross_class_overlap
fold_1:patch_944,1,944,1,inflammatory,1,10,388,4,0,[0],[17],"{""neoplastic"": [17]}",true,false,false,false,touches_cross_class_overlap
fold_1:patch_966,1,966,1,inflammatory,1,260,37,1,0,[2],[236],"{""connective_soft_tissue"": [236]}",true,false,false,false,touches_cross_class_overlap
fold_1:patch_966,1,966,2,connective_soft_tissue,2,236,799,1,0,[1],[260],"{""inflammatory"": [260]}",true,false,false,false,touches_cross_class_overlap
fold_1:patch_985,1,985,0,neoplastic,0,1002,253,2,0,[1],[1023],"{""inflammatory"": [1023]}",true,false,false,false,touches_cross_class_overlap
fold_1:patch_985,1,985,1,inflammatory,1,1023,221,2,0,[0],[1002],"{""neoplastic"": [1002]}",true,false,false,false,touches_cross_class_overlap
fold_1:patch_1018,1,1018,1,inflammatory,1,46,413,5,0,[2],[50],"{""connective_soft_tissue"": [50]}",true,false,false,false,touches_cross_class_overlap
fold_1:patch_1018,1,1018,2,connective_soft_tissue,2,50,478,5,0,[1],[46],"{""inflammatory"": [46]}",true,false,false,false,touches_cross_class_overlap
fold_1:patch_1027,1,1027,0,neoplastic,0,855,57,1,0,[3],[863],"{""dead"": [863]}",true,false,false,false,touches_cross_class_overlap
fold_1:patch_1027,1,1027,3,dead,3,863,92,1,0,[0],[855],"{""neoplastic"": [855]}",true,false,false,false,touches_cross_class_overlap
fold_1:patch_1030,1,1030,0,neoplastic,0,1216,201,6,0,[3],[1218],"{""dead"": [1218]}",true,false,false,false,touches_cross_class_overlap
fold_1:patch_1030,1,1030,3,dead,3,1218,98,6,0,[0],[1216],"{""neoplastic"": [1216]}",true,false,false,false,touches_cross_class_overlap
fold_1:patch_1031,1,1031,0,neoplastic,0,1292,320,7,0,[3],"[1318, 1330]","{""dead"": [1318, 1330]}",true,false,false,false,touches_cross_class_overlap
fold_1:patch_1031,1,1031,3,dead,3,1318,235,4,0,[0],[1292],"{""neoplastic"": [1292]}",true,false,false,false,touches_cross_class_overlap
fold_1:patch_1031,1,1031,3,dead,3,1330,85,3,0,[0],[1292],"{""neoplastic"": [1292]}",true,false,false,false,touches_cross_class_overlap
fold_1:patch_1035,1,1035,2,connective_soft_tissue,2,2382,151,1,0,[3],[2371],"{""dead"": [2371]}",true,false,false,false,touches_cross_class_overlap
fold_1:patch_1035,1,1035,3,dead,3,2371,217,1,0,[2],[2382],"{""connective_soft_tissue"": [2382]}",true,false,false,false,touches_cross_class_overlap
fold_1:patch_1061,1,1061,1,inflammatory,1,925,63,2,0,[2],[911],"{""connective_soft_tissue"": [911]}",true,false,false,false,touches_cross_class_overlap
fold_1:patch_1061,1,1061,1,inflammatory,1,1140,46,1,0,[2],[1168],"{""connective_soft_tissue"": [1168]}",true,false,false,false,touches_cross_class_overlap
fold_1:patch_1061,1,1061,2,connective_soft_tissue,2,911,35,2,0,[1],[925],"{""inflammatory"": [925]}",true,false,false,false,touches_cross_class_overlap
fold_1:patch_1061,1,1061,2,connective_soft_tissue,2,1168,74,1,0,[1],[1140],"{""inflammatory"": [1140]}",true,false,false,false,touches_cross_class_overlap
fold_1:patch_1062,1,1062,1,inflammatory,1,897,65,4,0,[2],[856],"{""connective_soft_tissue"": [856]}",true,false,false,false,touches_cross_class_overlap
fold_1:patch_1062,1,1062,1,inflammatory,1,903,57,4,0,[2],[850],"{""connective_soft_tissue"": [850]}",true,false,false,false,touches_cross_class_overlap
fold_1:patch_1062,1,1062,1,inflammatory,1,936,176,1,0,[2],[913],"{""connective_soft_tissue"": [913]}",true,false,false,false,touches_cross_class_overlap
fold_1:patch_1062,1,1062,2,connective_soft_tissue,2,850,110,4,0,[1],[903],"{""inflammatory"": [903]}",true,false,false,false,touches_cross_class_overlap
fold_1:patch_1062,1,1062,2,connective_soft_tissue,2,856,87,4,0,[1],[897],"{""inflammatory"": [897]}",true,false,false,false,touches_cross_class_overlap
fold_1:patch_1062,1,1062,2,connective_soft_tissue,2,913,68,1,0,[1],[936],"{""inflammatory"": [936]}",true,false,false,false,touches_cross_class_overlap
fold_1:patch_1063,1,1063,1,inflammatory,1,717,92,3,0,[2],[705],"{""connective_soft_tissue"": [705]}",true,false,false,false,touches_cross_class_overlap
fold_1:patch_1063,1,1063,2,connective_soft_tissue,2,705,165,3,0,[1],[717],"{""inflammatory"": [717]}",true,false,false,false,touches_cross_class_overlap
fold_1:patch_1070,1,1070,1,inflammatory,1,900,57,1,0,[2],[901],"{""connective_soft_tissue"": [901]}",true,false,false,false,touches_cross_class_overlap
fold_1:patch_1070,1,1070,2,connective_soft_tissue,2,901,223,1,0,[1],[900],"{""inflammatory"": [900]}",true,false,false,false,touches_cross_class_overlap
fold_1:patch_1073,1,1073,1,inflammatory,1,328,441,2,0,[2],[316],"{""connective_soft_tissue"": [316]}",true,false,false,false,touches_cross_class_overlap
fold_1:patch_1073,1,1073,2,connective_soft_tissue,2,316,801,2,0,[1],[328],"{""inflammatory"": [328]}",true,false,false,false,touches_cross_class_overlap
fold_1:patch_1096,1,1096,2,connective_soft_tissue,2,36,371,12,0,[4],[40],"{""non_neoplastic_epithelial"": [40]}",true,false,false,false,touches_cross_class_overlap
fold_1:patch_1096,1,1096,4,non_neoplastic_epithelial,4,40,525,12,0,[2],[36],"{""connective_soft_tissue"": [36]}",true,false,false,false,touches_cross_class_overlap
fold_1:patch_1133,1,1133,0,neoplastic,0,64,705,8,0,[2],[72],"{""connective_soft_tissue"": [72]}",true,false,false,false,touches_cross_class_overlap
fold_1:patch_1133,1,1133,2,connective_soft_tissue,2,72,704,8,0,[0],[64],"{""neoplastic"": [64]}",true,false,false,false,touches_cross_class_overlap
fold_1:patch_1144,1,1144,0,neoplastic,0,1023,95,6,0,[2],[1047],"{""connective_soft_tissue"": [1047]}",true,false,false,false,touches_cross_class_overlap
fold_1:patch_1144,1,1144,2,connective_soft_tissue,2,1047,152,6,0,[0],[1023],"{""neoplastic"": [1023]}",true,false,false,false,touches_cross_class_overlap
fold_1:patch_1146,1,1146,0,neoplastic,0,1395,794,9,0,[2],[1420],"{""connective_soft_tissue"": [1420]}",true,false,false,false,touches_cross_class_overlap
fold_1:patch_1146,1,1146,2,connective_soft_tissue,2,1420,464,9,0,[0],[1395],"{""neoplastic"": [1395]}",true,false,false,false,touches_cross_class_overlap
fold_1:patch_1174,1,1174,0,neoplastic,0,246,525,7,0,[1],[244],"{""inflammatory"": [244]}",true,false,false,false,touches_cross_class_overlap
fold_1:patch_1174,1,1174,1,inflammatory,1,244,434,7,0,[0],[246],"{""neoplastic"": [246]}",true,false,false,false,touches_cross_class_overlap
fold_1:patch_1177,1,1177,0,neoplastic,0,261,553,2,0,[2],[284],"{""connective_soft_tissue"": [284]}",true,false,false,false,touches_cross_class_overlap
fold_1:patch_1177,1,1177,2,connective_soft_tissue,2,284,166,2,0,[0],[261],"{""neoplastic"": [261]}",true,false,false,false,touches_cross_class_overlap
fold_1:patch_1180,1,1180,1,inflammatory,1,441,476,8,0,[2],[437],"{""connective_soft_tissue"": [437]}",true,false,false,false,touches_cross_class_overlap
fold_1:patch_1180,1,1180,2,connective_soft_tissue,2,437,630,8,0,[1],[441],"{""inflammatory"": [441]}",true,false,false,false,touches_cross_class_overlap
fold_1:patch_1181,1,1181,0,neoplastic,0,439,472,3,0,[2],[424],"{""connective_soft_tissue"": [424]}",true,false,false,false,touches_cross_class_overlap
fold_1:patch_1181,1,1181,2,connective_soft_tissue,2,424,589,3,0,[0],[439],"{""neoplastic"": [439]}",true,false,false,false,touches_cross_class_overlap
fold_1:patch_1182,1,1182,0,neoplastic,0,470,1367,5,0,[2],[475],"{""connective_soft_tissue"": [475]}",true,false,false,false,touches_cross_class_overlap
fold_1:patch_1182,1,1182,2,connective_soft_tissue,2,475,402,5,0,[0],[470],"{""neoplastic"": [470]}",true,false,false,false,touches_cross_class_overlap
fold_1:patch_1183,1,1183,0,neoplastic,0,708,362,3,0,[2],[718],"{""connective_soft_tissue"": [718]}",true,false,false,false,touches_cross_class_overlap
fold_1:patch_1183,1,1183,2,connective_soft_tissue,2,718,286,3,0,[0],[708],"{""neoplastic"": [708]}",true,false,false,false,touches_cross_class_overlap
fold_1:patch_1187,1,1187,0,neoplastic,0,793,740,7,0,[2],[796],"{""connective_soft_tissue"": [796]}",true,false,false,false,touches_cross_class_overlap
fold_1:patch_1187,1,1187,2,connective_soft_tissue,2,796,213,7,0,[0],[793],"{""neoplastic"": [793]}",true,false,false,false,touches_cross_class_overlap
fold_1:patch_1231,1,1231,0,neoplastic,0,358,524,9,0,[1],[355],"{""inflammatory"": [355]}",true,false,false,false,touches_cross_class_overlap
fold_1:patch_1231,1,1231,1,inflammatory,1,355,441,9,0,[0],[358],"{""neoplastic"": [358]}",true,false,false,false,touches_cross_class_overlap
fold_1:patch_1245,1,1245,1,inflammatory,1,208,377,2,0,[2],[206],"{""connective_soft_tissue"": [206]}",true,false,false,false,touches_cross_class_overlap
fold_1:patch_1245,1,1245,2,connective_soft_tissue,2,206,1076,2,0,[1],[208],"{""inflammatory"": [208]}",true,false,false,false,touches_cross_class_overlap
fold_1:patch_1257,1,1257,0,neoplastic,0,775,1115,1,0,[2],[408],"{""connective_soft_tissue"": [408]}",true,false,false,false,touches_cross_class_overlap
fold_1:patch_1257,1,1257,2,connective_soft_tissue,2,408,758,1,0,[0],[775],"{""neoplastic"": [775]}",true,false,false,false,touches_cross_class_overlap
fold_1:patch_1267,1,1267,1,inflammatory,1,374,412,5,0,[4],[384],"{""non_neoplastic_epithelial"": [384]}",true,false,false,false,touches_cross_class_overlap
fold_1:patch_1267,1,1267,4,non_neoplastic_epithelial,4,384,523,5,0,[1],[374],"{""inflammatory"": [374]}",true,false,false,false,touches_cross_class_overlap
fold_1:patch_1268,1,1268,0,neoplastic,0,1286,655,6,0,[4],[387],"{""non_neoplastic_epithelial"": [387]}",true,false,false,false,touches_cross_class_overlap
fold_1:patch_1268,1,1268,4,non_neoplastic_epithelial,4,387,594,6,0,[0],[1286],"{""neoplastic"": [1286]}",true,false,false,false,touches_cross_class_overlap
fold_1:patch_1273,1,1273,2,connective_soft_tissue,2,723,273,1,0,[4],[722],"{""non_neoplastic_epithelial"": [722]}",true,false,false,false,touches_cross_class_overlap
fold_1:patch_1273,1,1273,4,non_neoplastic_epithelial,4,722,426,1,0,[2],[723],"{""connective_soft_tissue"": [723]}",true,false,false,false,touches_cross_class_overlap
fold_1:patch_1278,1,1278,2,connective_soft_tissue,2,1150,677,7,0,[4],[1153],"{""non_neoplastic_epithelial"": [1153]}",true,false,false,false,touches_cross_class_overlap
fold_1:patch_1278,1,1278,4,non_neoplastic_epithelial,4,1153,457,7,0,[2],[1150],"{""connective_soft_tissue"": [1150]}",true,false,false,false,touches_cross_class_overlap
fold_1:patch_1280,1,1280,1,inflammatory,1,173,339,4,0,[2],[164],"{""connective_soft_tissue"": [164]}",true,false,false,false,touches_cross_class_overlap
fold_1:patch_1280,1,1280,2,connective_soft_tissue,2,164,472,4,0,[1],[173],"{""inflammatory"": [173]}",true,false,false,false,touches_cross_class_overlap
fold_1:patch_1284,1,1284,1,inflammatory,1,55,253,2,0,[2],[51],"{""connective_soft_tissue"": [51]}",true,false,false,false,touches_cross_class_overlap
fold_1:patch_1284,1,1284,2,connective_soft_tissue,2,51,400,2,0,[1],[55],"{""inflammatory"": [55]}",true,false,false,false,touches_cross_class_overlap
fold_1:patch_1321,1,1321,0,neoplastic,0,57,1615,2,0,[1],[47],"{""inflammatory"": [47]}",true,false,false,false,touches_cross_class_overlap
fold_1:patch_1321,1,1321,1,inflammatory,1,47,269,2,0,[0],[57],"{""neoplastic"": [57]}",true,false,false,false,touches_cross_class_overlap
fold_1:patch_1323,1,1323,0,neoplastic,0,160,1488,19,0,[1],[157],"{""inflammatory"": [157]}",true,false,false,false,touches_cross_class_overlap
fold_1:patch_1323,1,1323,1,inflammatory,1,157,395,19,0,[0],[160],"{""neoplastic"": [160]}",true,false,false,false,touches_cross_class_overlap
fold_1:patch_1333,1,1333,1,inflammatory,1,643,214,2,0,[2],[651],"{""connective_soft_tissue"": [651]}",true,false,false,false,touches_cross_class_overlap
fold_1:patch_1333,1,1333,2,connective_soft_tissue,2,651,250,2,0,[1],[643],"{""inflammatory"": [643]}",true,false,false,false,touches_cross_class_overlap
fold_1:patch_1355,1,1355,1,inflammatory,1,906,210,1,0,[2],[894],"{""connective_soft_tissue"": [894]}",true,false,false,false,touches_cross_class_overlap
fold_1:patch_1355,1,1355,2,connective_soft_tissue,2,894,344,1,0,[1],[906],"{""inflammatory"": [906]}",true,false,false,false,touches_cross_class_overlap
fold_1:patch_1358,1,1358,1,inflammatory,1,1236,231,1,0,[2],[1244],"{""connective_soft_tissue"": [1244]}",true,false,false,false,touches_cross_class_overlap
fold_1:patch_1358,1,1358,2,connective_soft_tissue,2,1244,554,1,0,[1],[1236],"{""inflammatory"": [1236]}",true,false,false,false,touches_cross_class_overlap
fold_1:patch_1365,1,1365,1,inflammatory,1,1489,378,10,0,[2],[1472],"{""connective_soft_tissue"": [1472]}",true,false,false,false,touches_cross_class_overlap
fold_1:patch_1365,1,1365,2,connective_soft_tissue,2,1472,314,10,0,[1],[1489],"{""inflammatory"": [1489]}",true,false,false,false,touches_cross_class_overlap
fold_1:patch_1377,1,1377,0,neoplastic,0,218,1149,1,0,[2],[225],"{""connective_soft_tissue"": [225]}",true,false,false,false,touches_cross_class_overlap
fold_1:patch_1377,1,1377,0,neoplastic,0,260,573,1,0,[2],[269],"{""connective_soft_tissue"": [269]}",true,false,false,false,touches_cross_class_overlap
fold_1:patch_1377,1,1377,2,connective_soft_tissue,2,225,694,1,0,[0],[218],"{""neoplastic"": [218]}",true,false,false,false,touches_cross_class_overlap
fold_1:patch_1377,1,1377,2,connective_soft_tissue,2,269,256,1,0,[0],[260],"{""neoplastic"": [260]}",true,false,false,false,touches_cross_class_overlap
fold_1:patch_1383,1,1383,1,inflammatory,1,602,110,4,0,[2],[597],"{""connective_soft_tissue"": [597]}",true,false,false,false,touches_cross_class_overlap
fold_1:patch_1383,1,1383,2,connective_soft_tissue,2,597,228,4,0,[1],[602],"{""inflammatory"": [602]}",true,false,false,false,touches_cross_class_overlap
fold_1:patch_1384,1,1384,0,neoplastic,0,532,1008,4,0,[2],[544],"{""connective_soft_tissue"": [544]}",true,false,false,false,touches_cross_class_overlap
fold_1:patch_1384,1,1384,2,connective_soft_tissue,2,544,320,4,0,[0],[532],"{""neoplastic"": [532]}",true,false,false,false,touches_cross_class_overlap
fold_1:patch_1391,1,1391,0,neoplastic,0,83,646,1,0,[2],[79],"{""connective_soft_tissue"": [79]}",true,false,false,false,touches_cross_class_overlap
fold_1:patch_1391,1,1391,2,connective_soft_tissue,2,79,225,1,0,[0],[83],"{""neoplastic"": [83]}",true,false,false,false,touches_cross_class_overlap
fold_1:patch_1462,1,1462,0,neoplastic,0,126,365,3,0,[1],[115],"{""inflammatory"": [115]}",true,false,false,false,touches_cross_class_overlap
fold_1:patch_1462,1,1462,1,inflammatory,1,115,526,3,0,[0],[126],"{""neoplastic"": [126]}",true,false,false,false,touches_cross_class_overlap
fold_1:patch_1477,1,1477,0,neoplastic,0,1492,489,2,0,[2],[1506],"{""connective_soft_tissue"": [1506]}",true,false,false,false,touches_cross_class_overlap
fold_1:patch_1477,1,1477,2,connective_soft_tissue,2,1506,416,2,0,[0],[1492],"{""neoplastic"": [1492]}",true,false,false,false,touches_cross_class_overlap
fold_1:patch_1558,1,1558,0,neoplastic,0,119,580,2,0,[1],[113],"{""inflammatory"": [113]}",true,false,false,false,touches_cross_class_overlap
fold_1:patch_1558,1,1558,1,inflammatory,1,113,227,2,0,[0],[119],"{""neoplastic"": [119]}",true,false,false,false,touches_cross_class_overlap
fold_1:patch_1560,1,1560,1,inflammatory,1,151,396,8,0,[2],[144],"{""connective_soft_tissue"": [144]}",true,false,false,false,touches_cross_class_overlap
fold_1:patch_1560,1,1560,2,connective_soft_tissue,2,144,252,8,0,[1],[151],"{""inflammatory"": [151]}",true,false,false,false,touches_cross_class_overlap
fold_1:patch_1582,1,1582,1,inflammatory,1,126,320,7,0,[2],[128],"{""connective_soft_tissue"": [128]}",true,false,false,false,touches_cross_class_overlap
fold_1:patch_1582,1,1582,1,inflammatory,1,198,464,14,0,[4],[429],"{""non_neoplastic_epithelial"": [429]}",true,false,false,false,touches_cross_class_overlap
fold_1:patch_1582,1,1582,2,connective_soft_tissue,2,128,636,7,0,[1],[126],"{""inflammatory"": [126]}",true,false,false,false,touches_cross_class_overlap
fold_1:patch_1582,1,1582,4,non_neoplastic_epithelial,4,429,570,14,0,[1],[198],"{""inflammatory"": [198]}",true,false,false,false,touches_cross_class_overlap
fold_1:patch_1584,1,1584,1,inflammatory,1,371,498,8,0,[2],[374],"{""connective_soft_tissue"": [374]}",true,false,false,false,touches_cross_class_overlap
fold_1:patch_1584,1,1584,2,connective_soft_tissue,2,374,626,8,0,[1],[371],"{""inflammatory"": [371]}",true,false,false,false,touches_cross_class_overlap
fold_1:patch_1606,1,1606,1,inflammatory,1,129,329,6,0,[2],[125],"{""connective_soft_tissue"": [125]}",true,false,false,false,touches_cross_class_overlap
fold_1:patch_1606,1,1606,2,connective_soft_tissue,2,125,234,6,0,[1],[129],"{""inflammatory"": [129]}",true,false,false,false,touches_cross_class_overlap
fold_1:patch_1610,1,1610,0,neoplastic,0,142,1143,6,0,[2],[146],"{""connective_soft_tissue"": [146]}",true,false,false,false,touches_cross_class_overlap
fold_1:patch_1610,1,1610,2,connective_soft_tissue,2,146,437,6,0,[0],[142],"{""neoplastic"": [142]}",true,false,false,false,touches_cross_class_overlap
fold_1:patch_1611,1,1611,0,neoplastic,0,170,507,7,0,[2],[175],"{""connective_soft_tissue"": [175]}",true,false,false,false,touches_cross_class_overlap
fold_1:patch_1611,1,1611,2,connective_soft_tissue,2,175,398,7,0,[0],[170],"{""neoplastic"": [170]}",true,false,false,false,touches_cross_class_overlap
fold_1:patch_1621,1,1621,1,inflammatory,1,81,778,2,0,[2],[97],"{""connective_soft_tissue"": [97]}",true,false,false,false,touches_cross_class_overlap
fold_1:patch_1621,1,1621,2,connective_soft_tissue,2,97,582,2,0,[1],[81],"{""inflammatory"": [81]}",true,false,false,false,touches_cross_class_overlap
fold_1:patch_1622,1,1622,1,inflammatory,1,188,362,5,0,[2],[200],"{""connective_soft_tissue"": [200]}",true,false,false,false,touches_cross_class_overlap
fold_1:patch_1622,1,1622,2,connective_soft_tissue,2,200,755,5,0,[1],[188],"{""inflammatory"": [188]}",true,false,false,false,touches_cross_class_overlap
fold_1:patch_1623,1,1623,1,inflammatory,1,177,141,1,0,[2],[183],"{""connective_soft_tissue"": [183]}",true,false,false,false,touches_cross_class_overlap
fold_1:patch_1623,1,1623,2,connective_soft_tissue,2,183,216,1,0,[1],[177],"{""inflammatory"": [177]}",true,false,false,false,touches_cross_class_overlap
fold_1:patch_1625,1,1625,0,neoplastic,0,458,1229,22,0,[2],[367],"{""connective_soft_tissue"": [367]}",true,false,false,false,touches_cross_class_overlap
fold_1:patch_1625,1,1625,2,connective_soft_tissue,2,367,395,22,0,[0],[458],"{""neoplastic"": [458]}",true,false,false,false,touches_cross_class_overlap
fold_1:patch_1647,1,1647,1,inflammatory,1,232,298,1,0,[2],[235],"{""connective_soft_tissue"": [235]}",true,false,false,false,touches_cross_class_overlap
fold_1:patch_1647,1,1647,2,connective_soft_tissue,2,235,191,1,0,[1],[232],"{""inflammatory"": [232]}",true,false,false,false,touches_cross_class_overlap
fold_1:patch_1649,1,1649,1,inflammatory,1,405,360,5,0,[2],[403],"{""connective_soft_tissue"": [403]}",true,false,false,false,touches_cross_class_overlap
fold_1:patch_1649,1,1649,2,connective_soft_tissue,2,403,565,5,0,[1],[405],"{""inflammatory"": [405]}",true,false,false,false,touches_cross_class_overlap
fold_1:patch_1691,1,1691,1,inflammatory,1,223,136,3,0,[2],[218],"{""connective_soft_tissue"": [218]}",true,false,false,false,touches_cross_class_overlap
fold_1:patch_1691,1,1691,2,connective_soft_tissue,2,218,578,3,0,[1],[223],"{""inflammatory"": [223]}",true,false,false,false,touches_cross_class_overlap
fold_1:patch_1726,1,1726,0,neoplastic,0,162,218,9,0,[2],[172],"{""connective_soft_tissue"": [172]}",true,false,false,false,touches_cross_class_overlap
fold_1:patch_1726,1,1726,0,neoplastic,0,221,276,2,0,[2],[225],"{""connective_soft_tissue"": [225]}",true,false,false,false,touches_cross_class_overlap
fold_1:patch_1726,1,1726,2,connective_soft_tissue,2,172,158,9,0,[0],[162],"{""neoplastic"": [162]}",true,false,false,false,touches_cross_class_overlap
fold_1:patch_1726,1,1726,2,connective_soft_tissue,2,225,80,2,0,[0],[221],"{""neoplastic"": [221]}",true,false,false,false,touches_cross_class_overlap
fold_1:patch_1727,1,1727,0,neoplastic,0,313,215,1,0,[2],[303],"{""connective_soft_tissue"": [303]}",true,false,false,false,touches_cross_class_overlap
fold_1:patch_1727,1,1727,2,connective_soft_tissue,2,303,147,1,0,[0],[313],"{""neoplastic"": [313]}",true,false,false,false,touches_cross_class_overlap
fold_1:patch_1728,1,1728,0,neoplastic,0,146,224,4,0,[2],[160],"{""connective_soft_tissue"": [160]}",true,false,false,false,touches_cross_class_overlap
fold_1:patch_1728,1,1728,0,neoplastic,0,199,271,1,0,[2],[195],"{""connective_soft_tissue"": [195]}",true,false,false,false,touches_cross_class_overlap
fold_1:patch_1728,1,1728,2,connective_soft_tissue,2,160,86,4,0,[0],[146],"{""neoplastic"": [146]}",true,false,false,false,touches_cross_class_overlap
fold_1:patch_1728,1,1728,2,connective_soft_tissue,2,195,124,1,0,[0],[199],"{""neoplastic"": [199]}",true,false,false,false,touches_cross_class_overlap
fold_1:patch_1732,1,1732,1,inflammatory,1,37,396,9,0,[2],[33],"{""connective_soft_tissue"": [33]}",true,false,false,false,touches_cross_class_overlap
fold_1:patch_1732,1,1732,2,connective_soft_tissue,2,33,617,9,0,[1],[37],"{""inflammatory"": [37]}",true,false,false,false,touches_cross_class_overlap
fold_1:patch_1733,1,1733,0,neoplastic,0,71,730,2,0,[2],[86],"{""connective_soft_tissue"": [86]}",true,false,false,false,touches_cross_class_overlap
fold_1:patch_1733,1,1733,2,connective_soft_tissue,2,86,344,2,0,[0],[71],"{""neoplastic"": [71]}",true,false,false,false,touches_cross_class_overlap
fold_1:patch_1739,1,1739,1,inflammatory,1,358,178,2,0,[2],[349],"{""connective_soft_tissue"": [349]}",true,false,false,false,touches_cross_class_overlap
fold_1:patch_1739,1,1739,2,connective_soft_tissue,2,349,330,2,0,[1],[358],"{""inflammatory"": [358]}",true,false,false,false,touches_cross_class_overlap
fold_1:patch_1741,1,1741,0,neoplastic,0,38,739,13,0,[2],"[47, 50]","{""connective_soft_tissue"": [47, 50]}",true,false,false,false,touches_cross_class_overlap
fold_1:patch_1741,1,1741,0,neoplastic,0,58,904,10,0,[2],[50],"{""connective_soft_tissue"": [50]}",true,false,false,false,touches_cross_class_overlap
fold_1:patch_1741,1,1741,0,neoplastic,0,387,1698,9,0,[2],[46],"{""connective_soft_tissue"": [46]}",true,false,false,false,touches_cross_class_overlap
fold_1:patch_1741,1,1741,2,connective_soft_tissue,2,46,459,9,0,[0],[387],"{""neoplastic"": [387]}",true,false,false,false,touches_cross_class_overlap
fold_1:patch_1741,1,1741,2,connective_soft_tissue,2,47,370,2,0,[0],[38],"{""neoplastic"": [38]}",true,false,false,false,touches_cross_class_overlap
fold_1:patch_1741,1,1741,2,connective_soft_tissue,2,50,572,21,0,[0],"[38, 58]","{""neoplastic"": [38, 58]}",true,false,false,false,touches_cross_class_overlap
fold_1:patch_1742,1,1742,0,neoplastic,0,43,1016,8,0,[1],[34],"{""inflammatory"": [34]}",true,false,false,false,touches_cross_class_overlap
fold_1:patch_1742,1,1742,0,neoplastic,0,392,394,6,0,[1],[34],"{""inflammatory"": [34]}",true,false,false,false,touches_cross_class_overlap
fold_1:patch_1742,1,1742,1,inflammatory,1,34,548,14,0,[0],"[43, 392]","{""neoplastic"": [43, 392]}",true,false,false,false,touches_cross_class_overlap
fold_1:patch_1745,1,1745,0,neoplastic,0,240,1305,11,0,[2],[228],"{""connective_soft_tissue"": [228]}",true,false,false,false,touches_cross_class_overlap
fold_1:patch_1745,1,1745,2,connective_soft_tissue,2,228,656,11,0,[0],[240],"{""neoplastic"": [240]}",true,false,false,false,touches_cross_class_overlap
fold_1:patch_1746,1,1746,0,neoplastic,0,318,763,2,0,[2],[316],"{""connective_soft_tissue"": [316]}",true,false,false,false,touches_cross_class_overlap
fold_1:patch_1746,1,1746,2,connective_soft_tissue,2,316,487,2,0,[0],[318],"{""neoplastic"": [318]}",true,false,false,false,touches_cross_class_overlap
fold_1:patch_1760,1,1760,0,neoplastic,0,330,466,5,0,[1],[319],"{""inflammatory"": [319]}",true,false,false,false,touches_cross_class_overlap
fold_1:patch_1760,1,1760,1,inflammatory,1,319,407,5,0,[0],[330],"{""neoplastic"": [330]}",true,false,false,false,touches_cross_class_overlap
fold_1:patch_1764,1,1764,0,neoplastic,0,520,629,4,0,[1],[538],"{""inflammatory"": [538]}",true,false,false,false,touches_cross_class_overlap
fold_1:patch_1764,1,1764,0,neoplastic,0,521,386,2,0,[1],[531],"{""inflammatory"": [531]}",true,false,false,false,touches_cross_class_overlap
fold_1:patch_1764,1,1764,1,inflammatory,1,531,94,2,0,[0],[521],"{""neoplastic"": [521]}",true,false,false,false,touches_cross_class_overlap
fold_1:patch_1764,1,1764,1,inflammatory,1,538,281,4,0,[0],[520],"{""neoplastic"": [520]}",true,false,false,false,touches_cross_class_overlap
fold_1:patch_1765,1,1765,1,inflammatory,1,430,64,14,0,[2],[424],"{""connective_soft_tissue"": [424]}",true,false,false,false,touches_cross_class_overlap
fold_1:patch_1765,1,1765,2,connective_soft_tissue,2,424,197,14,0,[1],[430],"{""inflammatory"": [430]}",true,false,false,false,touches_cross_class_overlap
fold_1:patch_1766,1,1766,1,inflammatory,1,430,100,5,0,[2],[424],"{""connective_soft_tissue"": [424]}",true,false,false,false,touches_cross_class_overlap
fold_1:patch_1766,1,1766,2,connective_soft_tissue,2,424,32,5,0,[1],[430],"{""inflammatory"": [430]}",true,false,false,false,touches_cross_class_overlap
fold_1:patch_1789,1,1789,0,neoplastic,0,145,204,4,0,[1],[141],"{""inflammatory"": [141]}",true,false,false,false,touches_cross_class_overlap
fold_1:patch_1789,1,1789,1,inflammatory,1,141,270,4,0,[0],[145],"{""neoplastic"": [145]}",true,false,false,false,touches_cross_class_overlap
fold_1:patch_1802,1,1802,0,neoplastic,0,297,229,8,0,[1],[306],"{""inflammatory"": [306]}",true,false,false,false,touches_cross_class_overlap
fold_1:patch_1802,1,1802,1,inflammatory,1,306,201,8,0,[0],[297],"{""neoplastic"": [297]}",true,false,false,false,touches_cross_class_overlap
fold_1:patch_1807,1,1807,1,inflammatory,1,328,126,5,0,[2],[326],"{""connective_soft_tissue"": [326]}",true,false,false,false,touches_cross_class_overlap
fold_1:patch_1807,1,1807,2,connective_soft_tissue,2,326,118,5,0,[1],[328],"{""inflammatory"": [328]}",true,false,false,false,touches_cross_class_overlap
fold_1:patch_1810,1,1810,0,neoplastic,0,653,1389,1,0,[1],[451],"{""inflammatory"": [451]}",true,false,false,false,touches_cross_class_overlap
fold_1:patch_1810,1,1810,1,inflammatory,1,370,258,9,0,[2],[377],"{""connective_soft_tissue"": [377]}",true,false,false,false,touches_cross_class_overlap
fold_1:patch_1810,1,1810,1,inflammatory,1,451,314,1,0,[0],[653],"{""neoplastic"": [653]}",true,false,false,false,touches_cross_class_overlap
fold_1:patch_1810,1,1810,2,connective_soft_tissue,2,377,364,9,0,[1],[370],"{""inflammatory"": [370]}",true,false,false,false,touches_cross_class_overlap
fold_1:patch_1812,1,1812,0,neoplastic,0,585,508,1,0,[1],[578],"{""inflammatory"": [578]}",true,false,false,false,touches_cross_class_overlap
fold_1:patch_1812,1,1812,1,inflammatory,1,578,269,1,0,[0],[585],"{""neoplastic"": [585]}",true,false,false,false,touches_cross_class_overlap
fold_1:patch_1813,1,1813,0,neoplastic,0,531,312,5,0,[1],[522],"{""inflammatory"": [522]}",true,false,false,false,touches_cross_class_overlap
fold_1:patch_1813,1,1813,0,neoplastic,0,615,839,1,0,[1],[634],"{""inflammatory"": [634]}",true,false,false,false,touches_cross_class_overlap
fold_1:patch_1813,1,1813,1,inflammatory,1,522,597,5,0,[0],[531],"{""neoplastic"": [531]}",true,false,false,false,touches_cross_class_overlap
fold_1:patch_1813,1,1813,1,inflammatory,1,572,267,1,0,[2],[562],"{""connective_soft_tissue"": [562]}",true,false,false,false,touches_cross_class_overlap
fold_1:patch_1813,1,1813,1,inflammatory,1,634,422,1,0,[0],[615],"{""neoplastic"": [615]}",true,false,false,false,touches_cross_class_overlap
fold_1:patch_1813,1,1813,2,connective_soft_tissue,2,562,416,1,0,[1],[572],"{""inflammatory"": [572]}",true,false,false,false,touches_cross_class_overlap
fold_1:patch_1823,1,1823,1,inflammatory,1,67,519,16,0,[2],[57],"{""connective_soft_tissue"": [57]}",true,false,false,false,touches_cross_class_overlap
fold_1:patch_1823,1,1823,2,connective_soft_tissue,2,57,242,16,0,[1],[67],"{""inflammatory"": [67]}",true,false,false,false,touches_cross_class_overlap
fold_1:patch_1824,1,1824,1,inflammatory,1,107,379,17,0,[2],[102],"{""connective_soft_tissue"": [102]}",true,false,false,false,touches_cross_class_overlap
fold_1:patch_1824,1,1824,2,connective_soft_tissue,2,102,893,17,0,[1],[107],"{""inflammatory"": [107]}",true,false,false,false,touches_cross_class_overlap
fold_1:patch_1828,1,1828,1,inflammatory,1,107,799,13,0,[2],[102],"{""connective_soft_tissue"": [102]}",true,false,false,false,touches_cross_class_overlap
fold_1:patch_1828,1,1828,2,connective_soft_tissue,2,102,296,13,0,[1],[107],"{""inflammatory"": [107]}",true,false,false,false,touches_cross_class_overlap
fold_1:patch_1840,1,1840,2,connective_soft_tissue,2,666,437,9,0,[4],[663],"{""non_neoplastic_epithelial"": [663]}",true,false,false,false,touches_cross_class_overlap
fold_1:patch_1840,1,1840,4,non_neoplastic_epithelial,4,663,2942,9,0,[2],[666],"{""connective_soft_tissue"": [666]}",true,false,false,false,touches_cross_class_overlap
fold_1:patch_1848,1,1848,2,connective_soft_tissue,2,888,791,2,0,[4],[906],"{""non_neoplastic_epithelial"": [906]}",true,false,false,false,touches_cross_class_overlap
fold_1:patch_1848,1,1848,4,non_neoplastic_epithelial,4,906,1071,2,0,[2],[888],"{""connective_soft_tissue"": [888]}",true,false,false,false,touches_cross_class_overlap
fold_1:patch_1852,1,1852,1,inflammatory,1,858,153,10,0,[2],[52],"{""connective_soft_tissue"": [52]}",true,false,false,false,touches_cross_class_overlap
fold_1:patch_1852,1,1852,2,connective_soft_tissue,2,52,507,10,0,[1],[858],"{""inflammatory"": [858]}",true,false,false,false,touches_cross_class_overlap
fold_1:patch_1854,1,1854,1,inflammatory,1,106,676,8,0,[4],[103],"{""non_neoplastic_epithelial"": [103]}",true,false,false,false,touches_cross_class_overlap
fold_1:patch_1854,1,1854,4,non_neoplastic_epithelial,4,103,826,8,0,[1],[106],"{""inflammatory"": [106]}",true,false,false,false,touches_cross_class_overlap
fold_1:patch_1875,1,1875,2,connective_soft_tissue,2,139,540,2,0,[4],[137],"{""non_neoplastic_epithelial"": [137]}",true,false,false,false,touches_cross_class_overlap
fold_1:patch_1875,1,1875,4,non_neoplastic_epithelial,4,137,1992,2,0,[2],[139],"{""connective_soft_tissue"": [139]}",true,false,false,false,touches_cross_class_overlap
fold_1:patch_1881,1,1881,2,connective_soft_tissue,2,171,765,8,0,[4],[163],"{""non_neoplastic_epithelial"": [163]}",true,false,false,false,touches_cross_class_overlap
fold_1:patch_1881,1,1881,4,non_neoplastic_epithelial,4,163,1701,8,0,[2],[171],"{""connective_soft_tissue"": [171]}",true,false,false,false,touches_cross_class_overlap
fold_1:patch_1882,1,1882,2,connective_soft_tissue,2,231,588,4,0,[4],[233],"{""non_neoplastic_epithelial"": [233]}",true,false,false,false,touches_cross_class_overlap
fold_1:patch_1882,1,1882,4,non_neoplastic_epithelial,4,233,716,4,0,[2],[231],"{""connective_soft_tissue"": [231]}",true,false,false,false,touches_cross_class_overlap
fold_1:patch_1944,1,1944,1,inflammatory,1,710,413,2,0,[2],[701],"{""connective_soft_tissue"": [701]}",true,false,false,false,touches_cross_class_overlap
fold_1:patch_1944,1,1944,1,inflammatory,1,722,706,13,0,[2],[719],"{""connective_soft_tissue"": [719]}",true,false,false,false,touches_cross_class_overlap
fold_1:patch_1944,1,1944,2,connective_soft_tissue,2,701,677,2,0,[1],[710],"{""inflammatory"": [710]}",true,false,false,false,touches_cross_class_overlap
fold_1:patch_1944,1,1944,2,connective_soft_tissue,2,719,733,13,0,[1],[722],"{""inflammatory"": [722]}",true,false,false,false,touches_cross_class_overlap
fold_1:patch_1950,1,1950,1,inflammatory,1,122,1482,12,0,"[2, 4]","[103, 111]","{""connective_soft_tissue"": [103], ""non_neoplastic_epithelial"": [111]}",true,false,false,false,touches_cross_class_overlap
fold_1:patch_1950,1,1950,2,connective_soft_tissue,2,103,1114,6,0,[1],[122],"{""inflammatory"": [122]}",true,false,false,false,touches_cross_class_overlap
fold_1:patch_1950,1,1950,4,non_neoplastic_epithelial,4,111,688,6,0,[1],[122],"{""inflammatory"": [122]}",true,false,false,false,touches_cross_class_overlap
fold_1:patch_1958,1,1958,2,connective_soft_tissue,2,546,491,20,0,[4],[539],"{""non_neoplastic_epithelial"": [539]}",true,false,false,false,touches_cross_class_overlap
fold_1:patch_1958,1,1958,4,non_neoplastic_epithelial,4,539,2590,20,0,[2],[546],"{""connective_soft_tissue"": [546]}",true,false,false,false,touches_cross_class_overlap
fold_1:patch_1980,1,1980,1,inflammatory,1,10,1531,18,0,[4],[15],"{""non_neoplastic_epithelial"": [15]}",true,false,false,false,touches_cross_class_overlap
fold_1:patch_1980,1,1980,4,non_neoplastic_epithelial,4,15,718,18,0,[1],[10],"{""inflammatory"": [10]}",true,false,false,false,touches_cross_class_overlap
fold_1:patch_1982,1,1982,0,neoplastic,0,1114,632,39,0,[4],[171],"{""non_neoplastic_epithelial"": [171]}",true,false,false,false,touches_cross_class_overlap
fold_1:patch_1982,1,1982,4,non_neoplastic_epithelial,4,171,1683,39,0,[0],[1114],"{""neoplastic"": [1114]}",true,false,false,false,touches_cross_class_overlap
fold_1:patch_1984,1,1984,1,inflammatory,1,363,802,3,0,[4],[350],"{""non_neoplastic_epithelial"": [350]}",true,false,false,false,touches_cross_class_overlap
fold_1:patch_1984,1,1984,4,non_neoplastic_epithelial,4,350,151,3,0,[1],[363],"{""inflammatory"": [363]}",true,false,false,false,touches_cross_class_overlap
fold_1:patch_1986,1,1986,1,inflammatory,1,477,1155,8,0,[4],[482],"{""non_neoplastic_epithelial"": [482]}",true,false,false,false,touches_cross_class_overlap
fold_1:patch_1986,1,1986,4,non_neoplastic_epithelial,4,482,684,8,0,[1],[477],"{""inflammatory"": [477]}",true,false,false,false,touches_cross_class_overlap
fold_1:patch_2005,1,2005,1,inflammatory,1,236,1826,1,0,[2],[238],"{""connective_soft_tissue"": [238]}",true,false,false,false,touches_cross_class_overlap
fold_1:patch_2005,1,2005,2,connective_soft_tissue,2,238,833,1,0,[1],[236],"{""inflammatory"": [236]}",true,false,false,false,touches_cross_class_overlap
fold_1:patch_2060,1,2060,0,neoplastic,0,168,152,2,0,[2],"[165, 170]","{""connective_soft_tissue"": [165, 170]}",true,false,false,false,touches_cross_class_overlap
fold_1:patch_2060,1,2060,2,connective_soft_tissue,2,165,420,1,0,[0],[168],"{""neoplastic"": [168]}",true,false,false,false,touches_cross_class_overlap
fold_1:patch_2060,1,2060,2,connective_soft_tissue,2,170,544,1,0,[0],[168],"{""neoplastic"": [168]}",true,false,false,false,touches_cross_class_overlap
fold_1:patch_2067,1,2067,0,neoplastic,0,455,324,1,0,[1],[448],"{""inflammatory"": [448]}",true,false,false,false,touches_cross_class_overlap
fold_1:patch_2067,1,2067,1,inflammatory,1,448,167,1,0,[0],[455],"{""neoplastic"": [455]}",true,false,false,false,touches_cross_class_overlap
fold_1:patch_2070,1,2070,0,neoplastic,0,164,808,1,0,[2],[177],"{""connective_soft_tissue"": [177]}",true,false,false,false,touches_cross_class_overlap
fold_1:patch_2070,1,2070,0,neoplastic,0,174,499,7,0,[2],[177],"{""connective_soft_tissue"": [177]}",true,false,false,false,touches_cross_class_overlap
fold_1:patch_2070,1,2070,0,neoplastic,0,182,916,1,0,[2],[190],"{""connective_soft_tissue"": [190]}",true,false,false,false,touches_cross_class_overlap
fold_1:patch_2070,1,2070,2,connective_soft_tissue,2,177,374,8,0,[0],"[164, 174]","{""neoplastic"": [164, 174]}",true,false,false,false,touches_cross_class_overlap
fold_1:patch_2070,1,2070,2,connective_soft_tissue,2,190,232,1,0,[0],[182],"{""neoplastic"": [182]}",true,false,false,false,touches_cross_class_overlap
fold_1:patch_2077,1,2077,0,neoplastic,0,228,863,8,0,[2],[237],"{""connective_soft_tissue"": [237]}",true,false,false,false,touches_cross_class_overlap
fold_1:patch_2077,1,2077,2,connective_soft_tissue,2,237,455,8,0,[0],[228],"{""neoplastic"": [228]}",true,false,false,false,touches_cross_class_overlap
fold_1:patch_2084,1,2084,1,inflammatory,1,164,354,2,0,[2],[168],"{""connective_soft_tissue"": [168]}",true,false,false,false,touches_cross_class_overlap
fold_1:patch_2084,1,2084,2,connective_soft_tissue,2,168,146,2,0,[1],[164],"{""inflammatory"": [164]}",true,false,false,false,touches_cross_class_overlap
fold_1:patch_2086,1,2086,0,neoplastic,0,68,16,3,0,[2],[300],"{""connective_soft_tissue"": [300]}",true,false,false,false,touches_cross_class_overlap
fold_1:patch_2086,1,2086,2,connective_soft_tissue,2,300,924,3,0,[0],[68],"{""neoplastic"": [68]}",true,false,false,false,touches_cross_class_overlap
fold_1:patch_2089,1,2089,0,neoplastic,0,295,841,17,0,[2],[269],"{""connective_soft_tissue"": [269]}",true,false,false,false,touches_cross_class_overlap
fold_1:patch_2089,1,2089,2,connective_soft_tissue,2,269,802,17,0,[0],[295],"{""neoplastic"": [295]}",true,false,false,false,touches_cross_class_overlap
fold_1:patch_2118,1,2118,1,inflammatory,1,153,188,3,0,[2],[151],"{""connective_soft_tissue"": [151]}",true,false,false,false,touches_cross_class_overlap
fold_1:patch_2118,1,2118,2,connective_soft_tissue,2,151,519,3,0,[1],[153],"{""inflammatory"": [153]}",true,false,false,false,touches_cross_class_overlap
fold_1:patch_2120,1,2120,1,inflammatory,1,362,260,1,0,[2],[374],"{""connective_soft_tissue"": [374]}",true,false,false,false,touches_cross_class_overlap
fold_1:patch_2120,1,2120,2,connective_soft_tissue,2,374,360,1,0,[1],[362],"{""inflammatory"": [362]}",true,false,false,false,touches_cross_class_overlap
fold_1:patch_2199,1,2199,0,neoplastic,0,110,1176,2,0,[2],[118],"{""connective_soft_tissue"": [118]}",true,false,false,false,touches_cross_class_overlap
fold_1:patch_2199,1,2199,2,connective_soft_tissue,2,118,530,2,0,[0],[110],"{""neoplastic"": [110]}",true,false,false,false,touches_cross_class_overlap
fold_1:patch_2215,1,2215,2,connective_soft_tissue,2,49,299,3,0,[4],[56],"{""non_neoplastic_epithelial"": [56]}",true,false,false,false,touches_cross_class_overlap
fold_1:patch_2215,1,2215,4,non_neoplastic_epithelial,4,56,311,3,0,[2],[49],"{""connective_soft_tissue"": [49]}",true,false,false,false,touches_cross_class_overlap
fold_1:patch_2234,1,2234,0,neoplastic,0,161,864,6,0,[2],[167],"{""connective_soft_tissue"": [167]}",true,false,false,false,touches_cross_class_overlap
fold_1:patch_2234,1,2234,2,connective_soft_tissue,2,167,370,6,0,[0],[161],"{""neoplastic"": [161]}",true,false,false,false,touches_cross_class_overlap
fold_1:patch_2250,1,2250,0,neoplastic,0,86,246,4,0,[2],[80],"{""connective_soft_tissue"": [80]}",true,false,false,false,touches_cross_class_overlap
fold_1:patch_2250,1,2250,2,connective_soft_tissue,2,80,401,4,0,[0],[86],"{""neoplastic"": [86]}",true,false,false,false,touches_cross_class_overlap
fold_1:patch_2296,1,2296,0,neoplastic,0,190,286,1,0,[2],[186],"{""connective_soft_tissue"": [186]}",true,false,false,false,touches_cross_class_overlap
fold_1:patch_2296,1,2296,0,neoplastic,0,213,281,3,0,[1],[212],"{""inflammatory"": [212]}",true,false,false,false,touches_cross_class_overlap
fold_1:patch_2296,1,2296,1,inflammatory,1,212,357,3,0,[0],[213],"{""neoplastic"": [213]}",true,false,false,false,touches_cross_class_overlap
fold_1:patch_2296,1,2296,2,connective_soft_tissue,2,186,683,1,0,[0],[190],"{""neoplastic"": [190]}",true,false,false,false,touches_cross_class_overlap
fold_1:patch_2299,1,2299,0,neoplastic,0,396,505,1,0,[1],[393],"{""inflammatory"": [393]}",true,false,false,false,touches_cross_class_overlap
fold_1:patch_2299,1,2299,1,inflammatory,1,393,386,1,0,[0],[396],"{""neoplastic"": [396]}",true,false,false,false,touches_cross_class_overlap
fold_1:patch_2321,1,2321,0,neoplastic,0,43,488,7,0,[2],[39],"{""connective_soft_tissue"": [39]}",true,false,false,false,touches_cross_class_overlap
fold_1:patch_2321,1,2321,2,connective_soft_tissue,2,39,408,7,0,[0],[43],"{""neoplastic"": [43]}",true,false,false,false,touches_cross_class_overlap
fold_1:patch_2340,1,2340,1,inflammatory,1,477,168,3,0,[2],[184],"{""connective_soft_tissue"": [184]}",true,false,false,false,touches_cross_class_overlap
fold_1:patch_2340,1,2340,2,connective_soft_tissue,2,184,98,3,0,[1],[477],"{""inflammatory"": [477]}",true,false,false,false,touches_cross_class_overlap
fold_1:patch_2361,1,2361,2,connective_soft_tissue,2,143,246,1,0,[4],[133],"{""non_neoplastic_epithelial"": [133]}",true,false,false,false,touches_cross_class_overlap
fold_1:patch_2361,1,2361,4,non_neoplastic_epithelial,4,133,284,1,0,[2],[143],"{""connective_soft_tissue"": [143]}",true,false,false,false,touches_cross_class_overlap
fold_1:patch_2364,1,2364,2,connective_soft_tissue,2,356,79,5,0,[4],[350],"{""non_neoplastic_epithelial"": [350]}",true,false,false,false,touches_cross_class_overlap
fold_1:patch_2364,1,2364,4,non_neoplastic_epithelial,4,350,171,5,0,[2],[356],"{""connective_soft_tissue"": [356]}",true,false,false,false,touches_cross_class_overlap
fold_1:patch_2413,1,2413,0,neoplastic,0,39,245,5,0,[1],[26],"{""inflammatory"": [26]}",true,false,false,false,touches_cross_class_overlap
fold_1:patch_2413,1,2413,0,neoplastic,0,47,226,2,0,[1],[26],"{""inflammatory"": [26]}",true,false,false,false,touches_cross_class_overlap
fold_1:patch_2413,1,2413,0,neoplastic,0,76,760,6,0,[1],[93],"{""inflammatory"": [93]}",true,false,false,false,touches_cross_class_overlap
fold_1:patch_2413,1,2413,1,inflammatory,1,26,333,7,0,[0],"[39, 47]","{""neoplastic"": [39, 47]}",true,false,false,false,touches_cross_class_overlap
fold_1:patch_2413,1,2413,1,inflammatory,1,93,707,6,0,[0],[76],"{""neoplastic"": [76]}",true,false,false,false,touches_cross_class_overlap
fold_1:patch_2414,1,2414,0,neoplastic,0,94,403,5,0,[1],[107],"{""inflammatory"": [107]}",true,false,false,false,touches_cross_class_overlap
fold_1:patch_2414,1,2414,0,neoplastic,0,145,902,10,0,[1],[147],"{""inflammatory"": [147]}",true,false,false,false,touches_cross_class_overlap
fold_1:patch_2414,1,2414,1,inflammatory,1,107,807,5,0,[0],[94],"{""neoplastic"": [94]}",true,false,false,false,touches_cross_class_overlap
fold_1:patch_2414,1,2414,1,inflammatory,1,147,896,10,0,[0],[145],"{""neoplastic"": [145]}",true,false,false,false,touches_cross_class_overlap
fold_1:patch_2423,1,2423,0,neoplastic,0,295,47,1,0,[2],[302],"{""connective_soft_tissue"": [302]}",true,false,false,false,touches_cross_class_overlap
fold_1:patch_2423,1,2423,2,connective_soft_tissue,2,302,108,1,0,[0],[295],"{""neoplastic"": [295]}",true,false,false,false,touches_cross_class_overlap
fold_1:patch_2426,1,2426,0,neoplastic,0,843,337,1,0,[2],[838],"{""connective_soft_tissue"": [838]}",true,false,false,false,touches_cross_class_overlap
fold_1:patch_2426,1,2426,2,connective_soft_tissue,2,838,66,1,0,[0],[843],"{""neoplastic"": [843]}",true,false,false,false,touches_cross_class_overlap
fold_1:patch_2434,1,2434,1,inflammatory,1,158,721,6,0,[2],[151],"{""connective_soft_tissue"": [151]}",true,false,false,false,touches_cross_class_overlap
fold_1:patch_2434,1,2434,1,inflammatory,1,272,474,2,0,[2],[266],"{""connective_soft_tissue"": [266]}",true,false,false,false,touches_cross_class_overlap
fold_1:patch_2434,1,2434,2,connective_soft_tissue,2,151,722,6,0,[1],[158],"{""inflammatory"": [158]}",true,false,false,false,touches_cross_class_overlap
fold_1:patch_2434,1,2434,2,connective_soft_tissue,2,266,584,2,0,[1],[272],"{""inflammatory"": [272]}",true,false,false,false,touches_cross_class_overlap
fold_1:patch_2435,1,2435,1,inflammatory,1,180,427,4,0,[2],[189],"{""connective_soft_tissue"": [189]}",true,false,false,false,touches_cross_class_overlap
fold_1:patch_2435,1,2435,2,connective_soft_tissue,2,189,453,4,0,[1],[180],"{""inflammatory"": [180]}",true,false,false,false,touches_cross_class_overlap
fold_1:patch_2437,1,2437,1,inflammatory,1,621,82,3,0,[2],[594],"{""connective_soft_tissue"": [594]}",true,false,false,false,touches_cross_class_overlap
fold_1:patch_2437,1,2437,2,connective_soft_tissue,2,594,431,3,0,[1],[621],"{""inflammatory"": [621]}",true,false,false,false,touches_cross_class_overlap
fold_1:patch_2438,1,2438,1,inflammatory,1,409,168,1,0,[2],[404],"{""connective_soft_tissue"": [404]}",true,false,false,false,touches_cross_class_overlap
fold_1:patch_2438,1,2438,2,connective_soft_tissue,2,404,320,1,0,[1],[409],"{""inflammatory"": [409]}",true,false,false,false,touches_cross_class_overlap
fold_1:patch_2439,1,2439,1,inflammatory,1,418,692,5,0,[2],[448],"{""connective_soft_tissue"": [448]}",true,false,false,false,touches_cross_class_overlap
fold_1:patch_2439,1,2439,1,inflammatory,1,422,748,2,0,[2],[434],"{""connective_soft_tissue"": [434]}",true,false,false,false,touches_cross_class_overlap
fold_1:patch_2439,1,2439,1,inflammatory,1,653,277,1,0,[2],[652],"{""connective_soft_tissue"": [652]}",true,false,false,false,touches_cross_class_overlap
fold_1:patch_2439,1,2439,2,connective_soft_tissue,2,434,586,2,0,[1],[422],"{""inflammatory"": [422]}",true,false,false,false,touches_cross_class_overlap
fold_1:patch_2439,1,2439,2,connective_soft_tissue,2,448,338,5,0,[1],[418],"{""inflammatory"": [418]}",true,false,false,false,touches_cross_class_overlap
fold_1:patch_2439,1,2439,2,connective_soft_tissue,2,652,393,1,0,[1],[653],"{""inflammatory"": [653]}",true,false,false,false,touches_cross_class_overlap
fold_1:patch_2440,1,2440,1,inflammatory,1,866,285,7,0,[2],[870],"{""connective_soft_tissue"": [870]}",true,false,false,false,touches_cross_class_overlap
fold_1:patch_2440,1,2440,2,connective_soft_tissue,2,870,467,7,0,[1],[866],"{""inflammatory"": [866]}",true,false,false,false,touches_cross_class_overlap
fold_1:patch_2478,1,2478,0,neoplastic,0,187,197,4,0,[1],[184],"{""inflammatory"": [184]}",true,false,false,false,touches_cross_class_overlap
fold_1:patch_2478,1,2478,1,inflammatory,1,184,367,4,0,[0],[187],"{""neoplastic"": [187]}",true,false,false,false,touches_cross_class_overlap
fold_1:patch_2480,1,2480,0,neoplastic,0,427,525,8,0,[1],[429],"{""inflammatory"": [429]}",true,false,false,false,touches_cross_class_overlap
fold_1:patch_2480,1,2480,1,inflammatory,1,429,230,8,0,[0],[427],"{""neoplastic"": [427]}",true,false,false,false,touches_cross_class_overlap
fold_1:patch_2481,1,2481,0,neoplastic,0,526,367,3,0,[1],[533],"{""inflammatory"": [533]}",true,false,false,false,touches_cross_class_overlap
fold_1:patch_2481,1,2481,1,inflammatory,1,533,548,3,0,[0],[526],"{""neoplastic"": [526]}",true,false,false,false,touches_cross_class_overlap
fold_1:patch_2484,1,2484,0,neoplastic,0,330,212,2,0,[2],[334],"{""connective_soft_tissue"": [334]}",true,false,false,false,touches_cross_class_overlap
fold_1:patch_2484,1,2484,0,neoplastic,0,361,544,5,0,[1],[365],"{""inflammatory"": [365]}",true,false,false,false,touches_cross_class_overlap
fold_1:patch_2484,1,2484,1,inflammatory,1,365,161,5,0,[0],[361],"{""neoplastic"": [361]}",true,false,false,false,touches_cross_class_overlap
fold_1:patch_2484,1,2484,2,connective_soft_tissue,2,334,369,2,0,[0],[330],"{""neoplastic"": [330]}",true,false,false,false,touches_cross_class_overlap
fold_1:patch_2485,1,2485,0,neoplastic,0,263,314,2,0,[2],[283],"{""connective_soft_tissue"": [283]}",true,false,false,false,touches_cross_class_overlap
fold_1:patch_2485,1,2485,2,connective_soft_tissue,2,283,176,2,0,[0],[263],"{""neoplastic"": [263]}",true,false,false,false,touches_cross_class_overlap
fold_1:patch_2495,1,2495,0,neoplastic,0,232,374,5,0,[2],[231],"{""connective_soft_tissue"": [231]}",true,false,false,false,touches_cross_class_overlap
fold_1:patch_2495,1,2495,2,connective_soft_tissue,2,231,327,5,0,[0],[232],"{""neoplastic"": [232]}",true,false,false,false,touches_cross_class_overlap
fold_1:patch_2506,1,2506,0,neoplastic,0,101,467,1,0,[1],[111],"{""inflammatory"": [111]}",true,false,false,false,touches_cross_class_overlap
fold_1:patch_2506,1,2506,1,inflammatory,1,111,431,1,0,[0],[101],"{""neoplastic"": [101]}",true,false,false,false,touches_cross_class_overlap
fold_1:patch_2507,1,2507,0,neoplastic,0,132,348,5,0,[3],[136],"{""dead"": [136]}",true,false,false,false,touches_cross_class_overlap
fold_1:patch_2507,1,2507,3,dead,3,136,519,5,0,[0],[132],"{""neoplastic"": [132]}",true,false,false,false,touches_cross_class_overlap
fold_1:patch_2511,1,2511,0,neoplastic,0,430,400,5,0,[2],[409],"{""connective_soft_tissue"": [409]}",true,false,false,false,touches_cross_class_overlap
fold_1:patch_2511,1,2511,2,connective_soft_tissue,2,409,458,5,0,[0],[430],"{""neoplastic"": [430]}",true,false,false,false,touches_cross_class_overlap
fold_1:patch_2526,1,2526,1,inflammatory,1,75,177,5,0,[2],[961],"{""connective_soft_tissue"": [961]}",true,false,false,false,touches_cross_class_overlap
fold_1:patch_2526,1,2526,1,inflammatory,1,200,153,1,0,[2],[205],"{""connective_soft_tissue"": [205]}",true,false,false,false,touches_cross_class_overlap
fold_1:patch_2526,1,2526,2,connective_soft_tissue,2,205,214,1,0,[1],[200],"{""inflammatory"": [200]}",true,false,false,false,touches_cross_class_overlap
fold_1:patch_2526,1,2526,2,connective_soft_tissue,2,961,294,5,0,[1],[75],"{""inflammatory"": [75]}",true,false,false,false,touches_cross_class_overlap
fold_1:patch_2528,1,2528,0,neoplastic,0,718,500,1,0,[1],[720],"{""inflammatory"": [720]}",true,false,false,false,touches_cross_class_overlap
fold_1:patch_2528,1,2528,1,inflammatory,1,657,261,7,0,[2],[649],"{""connective_soft_tissue"": [649]}",true,false,false,false,touches_cross_class_overlap
fold_1:patch_2528,1,2528,1,inflammatory,1,720,563,1,0,[0],[718],"{""neoplastic"": [718]}",true,false,false,false,touches_cross_class_overlap
fold_1:patch_2528,1,2528,1,inflammatory,1,727,212,5,0,[2],[719],"{""connective_soft_tissue"": [719]}",true,false,false,false,touches_cross_class_overlap
fold_1:patch_2528,1,2528,2,connective_soft_tissue,2,649,359,7,0,[1],[657],"{""inflammatory"": [657]}",true,false,false,false,touches_cross_class_overlap
fold_1:patch_2528,1,2528,2,connective_soft_tissue,2,719,430,5,0,[1],[727],"{""inflammatory"": [727]}",true,false,false,false,touches_cross_class_overlap
fold_1:patch_2545,1,2545,2,connective_soft_tissue,2,192,336,11,0,[4],"[185, 196]","{""non_neoplastic_epithelial"": [185, 196]}",true,false,false,false,touches_cross_class_overlap
fold_1:patch_2545,1,2545,4,non_neoplastic_epithelial,4,185,848,2,0,[2],[192],"{""connective_soft_tissue"": [192]}",true,false,false,false,touches_cross_class_overlap
fold_1:patch_2545,1,2545,4,non_neoplastic_epithelial,4,196,920,9,0,[2],[192],"{""connective_soft_tissue"": [192]}",true,false,false,false,touches_cross_class_overlap
fold_1:patch_2553,1,2553,2,connective_soft_tissue,2,68,322,2,0,[4],[66],"{""non_neoplastic_epithelial"": [66]}",true,false,false,false,touches_cross_class_overlap
fold_1:patch_2553,1,2553,4,non_neoplastic_epithelial,4,66,505,2,0,[2],[68],"{""connective_soft_tissue"": [68]}",true,false,false,false,touches_cross_class_overlap
fold_1:patch_2558,1,2558,2,connective_soft_tissue,2,376,504,4,0,[4],[383],"{""non_neoplastic_epithelial"": [383]}",true,false,false,false,touches_cross_class_overlap
fold_1:patch_2558,1,2558,4,non_neoplastic_epithelial,4,383,980,4,0,[2],[376],"{""connective_soft_tissue"": [376]}",true,false,false,false,touches_cross_class_overlap
fold_1:patch_2561,1,2561,2,connective_soft_tissue,2,306,709,1,0,[4],[318],"{""non_neoplastic_epithelial"": [318]}",true,false,false,false,touches_cross_class_overlap
fold_1:patch_2561,1,2561,4,non_neoplastic_epithelial,4,318,350,1,0,[2],[306],"{""connective_soft_tissue"": [306]}",true,false,false,false,touches_cross_class_overlap
fold_1:patch_2584,1,2584,0,neoplastic,0,273,319,8,0,[2],[260],"{""connective_soft_tissue"": [260]}",true,false,false,false,touches_cross_class_overlap
fold_1:patch_2584,1,2584,2,connective_soft_tissue,2,260,425,8,0,[0],[273],"{""neoplastic"": [273]}",true,false,false,false,touches_cross_class_overlap
fold_1:patch_2587,1,2587,1,inflammatory,1,152,278,4,0,[2],[148],"{""connective_soft_tissue"": [148]}",true,false,false,false,touches_cross_class_overlap
fold_1:patch_2587,1,2587,2,connective_soft_tissue,2,148,587,4,0,[1],[152],"{""inflammatory"": [152]}",true,false,false,false,touches_cross_class_overlap
fold_2:patch_96,2,96,1,inflammatory,1,63,393,5,0,[2],[59],"{""connective_soft_tissue"": [59]}",true,false,false,false,touches_cross_class_overlap
fold_2:patch_96,2,96,2,connective_soft_tissue,2,59,781,5,0,[1],[63],"{""inflammatory"": [63]}",true,false,false,false,touches_cross_class_overlap
fold_2:patch_113,2,113,2,connective_soft_tissue,2,43,265,5,0,[4],[34],"{""non_neoplastic_epithelial"": [34]}",true,false,false,false,touches_cross_class_overlap
fold_2:patch_113,2,113,4,non_neoplastic_epithelial,4,34,758,5,0,[2],[43],"{""connective_soft_tissue"": [43]}",true,false,false,false,touches_cross_class_overlap
fold_2:patch_178,2,178,1,inflammatory,1,124,312,1,0,[2],[122],"{""connective_soft_tissue"": [122]}",true,false,false,false,touches_cross_class_overlap
fold_2:patch_178,2,178,2,connective_soft_tissue,2,122,465,1,0,[1],[124],"{""inflammatory"": [124]}",true,false,false,false,touches_cross_class_overlap
fold_2:patch_178,2,178,2,connective_soft_tissue,2,123,100,2,0,[4],[111],"{""non_neoplastic_epithelial"": [111]}",true,false,false,false,touches_cross_class_overlap
fold_2:patch_178,2,178,4,non_neoplastic_epithelial,4,111,253,2,0,[2],[123],"{""connective_soft_tissue"": [123]}",true,false,false,false,touches_cross_class_overlap
fold_2:patch_226,2,226,1,inflammatory,1,50,257,1,0,[4],[57],"{""non_neoplastic_epithelial"": [57]}",true,false,false,false,touches_cross_class_overlap
fold_2:patch_226,2,226,4,non_neoplastic_epithelial,4,57,282,1,0,[1],[50],"{""inflammatory"": [50]}",true,false,false,false,touches_cross_class_overlap
fold_2:patch_252,2,252,0,neoplastic,0,217,987,1,0,[2],[210],"{""connective_soft_tissue"": [210]}",true,false,false,false,touches_cross_class_overlap
fold_2:patch_252,2,252,2,connective_soft_tissue,2,210,472,1,0,[0],[217],"{""neoplastic"": [217]}",true,false,false,false,touches_cross_class_overlap
fold_2:patch_261,2,261,0,neoplastic,0,175,1865,14,0,[2],[187],"{""connective_soft_tissue"": [187]}",true,false,false,false,touches_cross_class_overlap
fold_2:patch_261,2,261,0,neoplastic,0,189,1409,11,0,[2],[187],"{""connective_soft_tissue"": [187]}",true,false,false,false,touches_cross_class_overlap
fold_2:patch_261,2,261,0,neoplastic,0,211,1255,8,0,[2],[216],"{""connective_soft_tissue"": [216]}",true,false,false,false,touches_cross_class_overlap
fold_2:patch_261,2,261,0,neoplastic,0,224,1705,9,0,[2],[218],"{""connective_soft_tissue"": [218]}",true,false,false,false,touches_cross_class_overlap
fold_2:patch_261,2,261,2,connective_soft_tissue,2,187,667,25,0,[0],"[175, 189]","{""neoplastic"": [175, 189]}",true,false,false,false,touches_cross_class_overlap
fold_2:patch_261,2,261,2,connective_soft_tissue,2,216,864,8,0,[0],[211],"{""neoplastic"": [211]}",true,false,false,false,touches_cross_class_overlap
fold_2:patch_261,2,261,2,connective_soft_tissue,2,218,487,9,0,[0],[224],"{""neoplastic"": [224]}",true,false,false,false,touches_cross_class_overlap
fold_2:patch_273,2,273,1,inflammatory,1,207,465,1,0,[2],[203],"{""connective_soft_tissue"": [203]}",true,false,false,false,touches_cross_class_overlap
fold_2:patch_273,2,273,2,connective_soft_tissue,2,203,339,1,0,[1],[207],"{""inflammatory"": [207]}",true,false,false,false,touches_cross_class_overlap
fold_2:patch_291,2,291,1,inflammatory,1,43,279,6,0,[4],[50],"{""non_neoplastic_epithelial"": [50]}",true,false,false,false,touches_cross_class_overlap
fold_2:patch_291,2,291,4,non_neoplastic_epithelial,4,50,326,6,0,[1],[43],"{""inflammatory"": [43]}",true,false,false,false,touches_cross_class_overlap
fold_2:patch_298,2,298,0,neoplastic,0,201,1459,84,0,[4],[280],"{""non_neoplastic_epithelial"": [280]}",true,false,false,false,touches_cross_class_overlap
fold_2:patch_298,2,298,4,non_neoplastic_epithelial,4,280,739,84,0,[0],[201],"{""neoplastic"": [201]}",true,false,false,false,touches_cross_class_overlap
fold_2:patch_302,2,302,0,neoplastic,0,83,487,3,0,[1],[92],"{""inflammatory"": [92]}",true,false,false,false,touches_cross_class_overlap
fold_2:patch_302,2,302,1,inflammatory,1,92,464,3,0,[0],[83],"{""neoplastic"": [83]}",true,false,false,false,touches_cross_class_overlap
fold_2:patch_304,2,304,0,neoplastic,0,151,1142,7,0,[1],[142],"{""inflammatory"": [142]}",true,false,false,false,touches_cross_class_overlap
fold_2:patch_304,2,304,1,inflammatory,1,142,693,7,0,[0],[151],"{""neoplastic"": [151]}",true,false,false,false,touches_cross_class_overlap
fold_2:patch_314,2,314,1,inflammatory,1,177,399,12,0,[2],[170],"{""connective_soft_tissue"": [170]}",true,false,false,false,touches_cross_class_overlap
fold_2:patch_314,2,314,2,connective_soft_tissue,2,170,425,12,0,[1],[177],"{""inflammatory"": [177]}",true,false,false,false,touches_cross_class_overlap
fold_2:patch_397,2,397,1,inflammatory,1,29,329,19,0,[2],[199],"{""connective_soft_tissue"": [199]}",true,false,false,false,touches_cross_class_overlap
fold_2:patch_397,2,397,2,connective_soft_tissue,2,199,625,19,0,[1],[29],"{""inflammatory"": [29]}",true,false,false,false,touches_cross_class_overlap
fold_2:patch_400,2,400,0,neoplastic,0,62,594,12,0,[2],[58],"{""connective_soft_tissue"": [58]}",true,false,false,false,touches_cross_class_overlap
fold_2:patch_400,2,400,2,connective_soft_tissue,2,58,529,12,0,[0],[62],"{""neoplastic"": [62]}",true,false,false,false,touches_cross_class_overlap
fold_2:patch_419,2,419,0,neoplastic,0,184,2745,46,0,[2],[58],"{""connective_soft_tissue"": [58]}",true,false,false,false,touches_cross_class_overlap
fold_2:patch_419,2,419,0,neoplastic,0,185,1114,3,0,[2],[56],"{""connective_soft_tissue"": [56]}",true,false,false,false,touches_cross_class_overlap
fold_2:patch_419,2,419,1,inflammatory,1,60,283,5,0,[2],[61],"{""connective_soft_tissue"": [61]}",true,false,false,false,touches_cross_class_overlap
fold_2:patch_419,2,419,2,connective_soft_tissue,2,56,839,3,0,[0],[185],"{""neoplastic"": [185]}",true,false,false,false,touches_cross_class_overlap
fold_2:patch_419,2,419,2,connective_soft_tissue,2,58,918,46,0,[0],[184],"{""neoplastic"": [184]}",true,false,false,false,touches_cross_class_overlap
fold_2:patch_419,2,419,2,connective_soft_tissue,2,61,375,5,0,[1],[60],"{""inflammatory"": [60]}",true,false,false,false,touches_cross_class_overlap
fold_2:patch_426,2,426,0,neoplastic,0,100,1169,8,0,[2],[103],"{""connective_soft_tissue"": [103]}",true,false,false,false,touches_cross_class_overlap
fold_2:patch_426,2,426,2,connective_soft_tissue,2,103,720,8,0,[0],[100],"{""neoplastic"": [100]}",true,false,false,false,touches_cross_class_overlap
fold_2:patch_500,2,500,0,neoplastic,0,25,602,21,0,[2],[463],"{""connective_soft_tissue"": [463]}",true,false,false,false,touches_cross_class_overlap
fold_2:patch_500,2,500,2,connective_soft_tissue,2,463,323,21,0,[0],[25],"{""neoplastic"": [25]}",true,false,false,false,touches_cross_class_overlap
fold_2:patch_504,2,504,0,neoplastic,0,156,528,4,0,[2],[158],"{""connective_soft_tissue"": [158]}",true,false,false,false,touches_cross_class_overlap
fold_2:patch_504,2,504,2,connective_soft_tissue,2,158,253,4,0,[0],[156],"{""neoplastic"": [156]}",true,false,false,false,touches_cross_class_overlap
fold_2:patch_506,2,506,0,neoplastic,0,291,351,1,0,[2],[301],"{""connective_soft_tissue"": [301]}",true,false,false,false,touches_cross_class_overlap
fold_2:patch_506,2,506,2,connective_soft_tissue,2,301,745,1,0,[0],[291],"{""neoplastic"": [291]}",true,false,false,false,touches_cross_class_overlap
fold_2:patch_507,2,507,0,neoplastic,0,289,681,9,0,[1],[288],"{""inflammatory"": [288]}",true,false,false,false,touches_cross_class_overlap
fold_2:patch_507,2,507,1,inflammatory,1,288,358,9,0,[0],[289],"{""neoplastic"": [289]}",true,false,false,false,touches_cross_class_overlap
fold_2:patch_561,2,561,0,neoplastic,0,29,1158,2,0,[2],[32],"{""connective_soft_tissue"": [32]}",true,false,false,false,touches_cross_class_overlap
fold_2:patch_561,2,561,2,connective_soft_tissue,2,32,1018,2,0,[0],[29],"{""neoplastic"": [29]}",true,false,false,false,touches_cross_class_overlap
fold_2:patch_582,2,582,1,inflammatory,1,205,410,4,0,[2],[30],"{""connective_soft_tissue"": [30]}",true,false,false,false,touches_cross_class_overlap
fold_2:patch_582,2,582,2,connective_soft_tissue,2,30,373,4,0,[1],[205],"{""inflammatory"": [205]}",true,false,false,false,touches_cross_class_overlap
fold_2:patch_584,2,584,0,neoplastic,0,89,726,2,0,[1],[100],"{""inflammatory"": [100]}",true,false,false,false,touches_cross_class_overlap
fold_2:patch_584,2,584,1,inflammatory,1,100,415,2,0,[0],[89],"{""neoplastic"": [89]}",true,false,false,false,touches_cross_class_overlap
fold_2:patch_599,2,599,1,inflammatory,1,121,283,3,0,[2],[124],"{""connective_soft_tissue"": [124]}",true,false,false,false,touches_cross_class_overlap
fold_2:patch_599,2,599,2,connective_soft_tissue,2,124,1466,3,0,[1],[121],"{""inflammatory"": [121]}",true,false,false,false,touches_cross_class_overlap
fold_2:patch_636,2,636,1,inflammatory,1,76,603,1,0,[2],[78],"{""connective_soft_tissue"": [78]}",true,false,false,false,touches_cross_class_overlap
fold_2:patch_636,2,636,2,connective_soft_tissue,2,78,463,1,0,[1],[76],"{""inflammatory"": [76]}",true,false,false,false,touches_cross_class_overlap
fold_2:patch_640,2,640,1,inflammatory,1,246,529,7,0,[2],[250],"{""connective_soft_tissue"": [250]}",true,false,false,false,touches_cross_class_overlap
fold_2:patch_640,2,640,2,connective_soft_tissue,2,250,424,7,0,[1],[246],"{""inflammatory"": [246]}",true,false,false,false,touches_cross_class_overlap
fold_2:patch_641,2,641,1,inflammatory,1,254,333,9,0,[2],[255],"{""connective_soft_tissue"": [255]}",true,false,false,false,touches_cross_class_overlap
fold_2:patch_641,2,641,2,connective_soft_tissue,2,255,445,9,0,[1],[254],"{""inflammatory"": [254]}",true,false,false,false,touches_cross_class_overlap
fold_2:patch_643,2,643,1,inflammatory,1,260,302,4,0,[2],[269],"{""connective_soft_tissue"": [269]}",true,false,false,false,touches_cross_class_overlap
fold_2:patch_643,2,643,2,connective_soft_tissue,2,269,284,4,0,[1],[260],"{""inflammatory"": [260]}",true,false,false,false,touches_cross_class_overlap
fold_2:patch_669,2,669,1,inflammatory,1,453,235,9,0,[2],[409],"{""connective_soft_tissue"": [409]}",true,false,false,false,touches_cross_class_overlap
fold_2:patch_669,2,669,2,connective_soft_tissue,2,409,387,9,0,[1],[453],"{""inflammatory"": [453]}",true,false,false,false,touches_cross_class_overlap
fold_2:patch_728,2,728,1,inflammatory,1,556,184,3,0,[2],[520],"{""connective_soft_tissue"": [520]}",true,false,false,false,touches_cross_class_overlap
fold_2:patch_728,2,728,2,connective_soft_tissue,2,520,610,3,0,[1],[556],"{""inflammatory"": [556]}",true,false,false,false,touches_cross_class_overlap
fold_2:patch_745,2,745,1,inflammatory,1,152,453,5,0,[2],[153],"{""connective_soft_tissue"": [153]}",true,false,false,false,touches_cross_class_overlap
fold_2:patch_745,2,745,1,inflammatory,1,171,458,9,0,[2],[184],"{""connective_soft_tissue"": [184]}",true,false,false,false,touches_cross_class_overlap
fold_2:patch_745,2,745,1,inflammatory,1,230,239,4,0,[2],[228],"{""connective_soft_tissue"": [228]}",true,false,false,false,touches_cross_class_overlap
fold_2:patch_745,2,745,2,connective_soft_tissue,2,153,162,5,0,[1],[152],"{""inflammatory"": [152]}",true,false,false,false,touches_cross_class_overlap
fold_2:patch_745,2,745,2,connective_soft_tissue,2,184,474,9,0,[1],[171],"{""inflammatory"": [171]}",true,false,false,false,touches_cross_class_overlap
fold_2:patch_745,2,745,2,connective_soft_tissue,2,228,232,4,0,[1],[230],"{""inflammatory"": [230]}",true,false,false,false,touches_cross_class_overlap
fold_2:patch_746,2,746,1,inflammatory,1,41,409,9,0,[2],"[64, 65]","{""connective_soft_tissue"": [64, 65]}",true,false,false,false,touches_cross_class_overlap
fold_2:patch_746,2,746,1,inflammatory,1,123,247,3,0,[2],[145],"{""connective_soft_tissue"": [145]}",true,false,false,false,touches_cross_class_overlap
fold_2:patch_746,2,746,2,connective_soft_tissue,2,64,500,7,0,[1],[41],"{""inflammatory"": [41]}",true,false,false,false,touches_cross_class_overlap
fold_2:patch_746,2,746,2,connective_soft_tissue,2,65,437,2,0,[1],[41],"{""inflammatory"": [41]}",true,false,false,false,touches_cross_class_overlap
fold_2:patch_746,2,746,2,connective_soft_tissue,2,145,207,3,0,[1],[123],"{""inflammatory"": [123]}",true,false,false,false,touches_cross_class_overlap
fold_2:patch_747,2,747,1,inflammatory,1,547,382,3,0,[2],[553],"{""connective_soft_tissue"": [553]}",true,false,false,false,touches_cross_class_overlap
fold_2:patch_747,2,747,2,connective_soft_tissue,2,553,424,3,0,[1],[547],"{""inflammatory"": [547]}",true,false,false,false,touches_cross_class_overlap
fold_2:patch_762,2,762,0,neoplastic,0,241,281,2,0,[2],[222],"{""connective_soft_tissue"": [222]}",true,false,false,false,touches_cross_class_overlap
fold_2:patch_762,2,762,2,connective_soft_tissue,2,222,846,2,0,[0],[241],"{""neoplastic"": [241]}",true,false,false,false,touches_cross_class_overlap
fold_2:patch_770,2,770,1,inflammatory,1,297,203,4,0,[2],[291],"{""connective_soft_tissue"": [291]}",true,false,false,false,touches_cross_class_overlap
fold_2:patch_770,2,770,2,connective_soft_tissue,2,291,774,4,0,[1],[297],"{""inflammatory"": [297]}",true,false,false,false,touches_cross_class_overlap
fold_2:patch_774,2,774,0,neoplastic,0,129,1009,1,0,[2],[113],"{""connective_soft_tissue"": [113]}",true,false,false,false,touches_cross_class_overlap
fold_2:patch_774,2,774,2,connective_soft_tissue,2,113,600,1,0,[0],[129],"{""neoplastic"": [129]}",true,false,false,false,touches_cross_class_overlap
fold_2:patch_776,2,776,0,neoplastic,0,158,457,2,0,[2],[148],"{""connective_soft_tissue"": [148]}",true,false,false,false,touches_cross_class_overlap
fold_2:patch_776,2,776,0,neoplastic,0,177,1234,7,0,[2],[185],"{""connective_soft_tissue"": [185]}",true,false,false,false,touches_cross_class_overlap
fold_2:patch_776,2,776,1,inflammatory,1,171,255,3,0,[2],[168],"{""connective_soft_tissue"": [168]}",true,false,false,false,touches_cross_class_overlap
fold_2:patch_776,2,776,2,connective_soft_tissue,2,148,576,2,0,[0],[158],"{""neoplastic"": [158]}",true,false,false,false,touches_cross_class_overlap
fold_2:patch_776,2,776,2,connective_soft_tissue,2,168,461,3,0,[1],[171],"{""inflammatory"": [171]}",true,false,false,false,touches_cross_class_overlap
fold_2:patch_776,2,776,2,connective_soft_tissue,2,185,914,7,0,[0],[177],"{""neoplastic"": [177]}",true,false,false,false,touches_cross_class_overlap
fold_2:patch_777,2,777,1,inflammatory,1,400,153,1,0,[2],[394],"{""connective_soft_tissue"": [394]}",true,false,false,false,touches_cross_class_overlap
fold_2:patch_777,2,777,2,connective_soft_tissue,2,394,164,1,0,[1],[400],"{""inflammatory"": [400]}",true,false,false,false,touches_cross_class_overlap
fold_2:patch_778,2,778,0,neoplastic,0,7,1070,3,0,[2],[14],"{""connective_soft_tissue"": [14]}",true,false,false,false,touches_cross_class_overlap
fold_2:patch_778,2,778,2,connective_soft_tissue,2,14,544,3,0,[0],[7],"{""neoplastic"": [7]}",true,false,false,false,touches_cross_class_overlap
fold_2:patch_780,2,780,1,inflammatory,1,69,319,7,0,[2],[73],"{""connective_soft_tissue"": [73]}",true,false,false,false,touches_cross_class_overlap
fold_2:patch_780,2,780,2,connective_soft_tissue,2,73,358,7,0,[1],[69],"{""inflammatory"": [69]}",true,false,false,false,touches_cross_class_overlap
fold_2:patch_812,2,812,0,neoplastic,0,205,358,2,0,[2],[198],"{""connective_soft_tissue"": [198]}",true,false,false,false,touches_cross_class_overlap
fold_2:patch_812,2,812,2,connective_soft_tissue,2,198,466,2,0,[0],[205],"{""neoplastic"": [205]}",true,false,false,false,touches_cross_class_overlap
fold_2:patch_829,2,829,0,neoplastic,0,172,468,2,0,[2],[167],"{""connective_soft_tissue"": [167]}",true,false,false,false,touches_cross_class_overlap
fold_2:patch_829,2,829,0,neoplastic,0,247,513,3,0,[2],[251],"{""connective_soft_tissue"": [251]}",true,false,false,false,touches_cross_class_overlap
fold_2:patch_829,2,829,2,connective_soft_tissue,2,167,824,2,0,[0],[172],"{""neoplastic"": [172]}",true,false,false,false,touches_cross_class_overlap
fold_2:patch_829,2,829,2,connective_soft_tissue,2,251,396,3,0,[0],[247],"{""neoplastic"": [247]}",true,false,false,false,touches_cross_class_overlap
fold_2:patch_830,2,830,0,neoplastic,0,318,602,3,0,[2],[327],"{""connective_soft_tissue"": [327]}",true,false,false,false,touches_cross_class_overlap
fold_2:patch_830,2,830,2,connective_soft_tissue,2,327,190,3,0,[0],[318],"{""neoplastic"": [318]}",true,false,false,false,touches_cross_class_overlap
fold_2:patch_844,2,844,1,inflammatory,1,823,75,3,0,[2],[819],"{""connective_soft_tissue"": [819]}",true,false,false,false,touches_cross_class_overlap
fold_2:patch_844,2,844,1,inflammatory,1,916,79,3,0,[2],[929],"{""connective_soft_tissue"": [929]}",true,false,false,false,touches_cross_class_overlap
fold_2:patch_844,2,844,1,inflammatory,1,945,91,1,0,[2],[923],"{""connective_soft_tissue"": [923]}",true,false,false,false,touches_cross_class_overlap
fold_2:patch_844,2,844,1,inflammatory,1,1519,59,2,0,[2],[1161],"{""connective_soft_tissue"": [1161]}",true,false,false,false,touches_cross_class_overlap
fold_2:patch_844,2,844,2,connective_soft_tissue,2,819,65,3,0,[1],[823],"{""inflammatory"": [823]}",true,false,false,false,touches_cross_class_overlap
fold_2:patch_844,2,844,2,connective_soft_tissue,2,923,106,1,0,[1],[945],"{""inflammatory"": [945]}",true,false,false,false,touches_cross_class_overlap
fold_2:patch_844,2,844,2,connective_soft_tissue,2,929,87,3,0,[1],[916],"{""inflammatory"": [916]}",true,false,false,false,touches_cross_class_overlap
fold_2:patch_844,2,844,2,connective_soft_tissue,2,1161,121,2,0,[1],[1519],"{""inflammatory"": [1519]}",true,false,false,false,touches_cross_class_overlap
fold_2:patch_852,2,852,0,neoplastic,0,357,490,15,0,[2],[133],"{""connective_soft_tissue"": [133]}",true,false,false,false,touches_cross_class_overlap
fold_2:patch_852,2,852,2,connective_soft_tissue,2,133,657,15,0,[0],[357],"{""neoplastic"": [357]}",true,false,false,false,touches_cross_class_overlap
fold_2:patch_855,2,855,1,inflammatory,1,106,285,5,0,[2],[66],"{""connective_soft_tissue"": [66]}",true,false,false,false,touches_cross_class_overlap
fold_2:patch_855,2,855,2,connective_soft_tissue,2,66,631,5,0,[1],[106],"{""inflammatory"": [106]}",true,false,false,false,touches_cross_class_overlap
fold_2:patch_858,2,858,1,inflammatory,1,284,174,2,0,[2],[300],"{""connective_soft_tissue"": [300]}",true,false,false,false,touches_cross_class_overlap
fold_2:patch_858,2,858,2,connective_soft_tissue,2,300,69,2,0,[1],[284],"{""inflammatory"": [284]}",true,false,false,false,touches_cross_class_overlap
fold_2:patch_867,2,867,0,neoplastic,0,368,377,1,0,[2],[362],"{""connective_soft_tissue"": [362]}",true,false,false,false,touches_cross_class_overlap
fold_2:patch_867,2,867,2,connective_soft_tissue,2,362,20,1,0,[0],[368],"{""neoplastic"": [368]}",true,false,false,false,touches_cross_class_overlap
fold_2:patch_897,2,897,0,neoplastic,0,437,195,1,0,[3],[489],"{""dead"": [489]}",true,false,false,false,touches_cross_class_overlap
fold_2:patch_897,2,897,3,dead,3,489,109,1,0,[0],[437],"{""neoplastic"": [437]}",true,false,false,false,touches_cross_class_overlap
fold_2:patch_898,2,898,0,neoplastic,0,215,274,5,0,[3],[241],"{""dead"": [241]}",true,false,false,false,touches_cross_class_overlap
fold_2:patch_898,2,898,3,dead,3,241,79,5,0,[0],[215],"{""neoplastic"": [215]}",true,false,false,false,touches_cross_class_overlap
fold_2:patch_900,2,900,0,neoplastic,0,755,283,2,0,[2],[743],"{""connective_soft_tissue"": [743]}",true,false,false,false,touches_cross_class_overlap
fold_2:patch_900,2,900,2,connective_soft_tissue,2,743,152,2,0,[0],[755],"{""neoplastic"": [755]}",true,false,false,false,touches_cross_class_overlap
fold_2:patch_909,2,909,0,neoplastic,0,2538,250,3,0,[2],[2528],"{""connective_soft_tissue"": [2528]}",true,false,false,false,touches_cross_class_overlap
fold_2:patch_909,2,909,2,connective_soft_tissue,2,2528,220,3,0,[0],[2538],"{""neoplastic"": [2538]}",true,false,false,false,touches_cross_class_overlap
fold_2:patch_927,2,927,0,neoplastic,0,994,1247,4,0,[2],[988],"{""connective_soft_tissue"": [988]}",true,false,false,false,touches_cross_class_overlap
fold_2:patch_927,2,927,2,connective_soft_tissue,2,988,113,4,0,[0],[994],"{""neoplastic"": [994]}",true,false,false,false,touches_cross_class_overlap
fold_2:patch_930,2,930,0,neoplastic,0,217,868,2,0,[1],[285],"{""inflammatory"": [285]}",true,false,false,false,touches_cross_class_overlap
fold_2:patch_930,2,930,0,neoplastic,0,262,493,2,0,[2],[259],"{""connective_soft_tissue"": [259]}",true,false,false,false,touches_cross_class_overlap
fold_2:patch_930,2,930,1,inflammatory,1,285,476,2,0,[0],[217],"{""neoplastic"": [217]}",true,false,false,false,touches_cross_class_overlap
fold_2:patch_930,2,930,2,connective_soft_tissue,2,259,254,2,0,[0],[262],"{""neoplastic"": [262]}",true,false,false,false,touches_cross_class_overlap
fold_2:patch_932,2,932,1,inflammatory,1,1646,49,1,0,[2],[1632],"{""connective_soft_tissue"": [1632]}",true,false,false,false,touches_cross_class_overlap
fold_2:patch_932,2,932,1,inflammatory,1,1883,43,1,0,[2],[1856],"{""connective_soft_tissue"": [1856]}",true,false,false,false,touches_cross_class_overlap
fold_2:patch_932,2,932,1,inflammatory,1,1921,58,2,0,[2],[1936],"{""connective_soft_tissue"": [1936]}",true,false,false,false,touches_cross_class_overlap
fold_2:patch_932,2,932,2,connective_soft_tissue,2,1632,78,1,0,[1],[1646],"{""inflammatory"": [1646]}",true,false,false,false,touches_cross_class_overlap
fold_2:patch_932,2,932,2,connective_soft_tissue,2,1856,75,1,0,[1],[1883],"{""inflammatory"": [1883]}",true,false,false,false,touches_cross_class_overlap
fold_2:patch_932,2,932,2,connective_soft_tissue,2,1936,104,2,0,[1],[1921],"{""inflammatory"": [1921]}",true,false,false,false,touches_cross_class_overlap
fold_2:patch_933,2,933,1,inflammatory,1,81,213,2,0,[2],[79],"{""connective_soft_tissue"": [79]}",true,false,false,false,touches_cross_class_overlap
fold_2:patch_933,2,933,2,connective_soft_tissue,2,79,430,2,0,[1],[81],"{""inflammatory"": [81]}",true,false,false,false,touches_cross_class_overlap
fold_2:patch_953,2,953,0,neoplastic,0,55,752,6,0,[2],[51],"{""connective_soft_tissue"": [51]}",true,false,false,false,touches_cross_class_overlap
fold_2:patch_953,2,953,2,connective_soft_tissue,2,51,599,6,0,[0],[55],"{""neoplastic"": [55]}",true,false,false,false,touches_cross_class_overlap
fold_2:patch_958,2,958,0,neoplastic,0,139,713,1,0,[2],[131],"{""connective_soft_tissue"": [131]}",true,false,false,false,touches_cross_class_overlap
fold_2:patch_958,2,958,2,connective_soft_tissue,2,131,70,1,0,[0],[139],"{""neoplastic"": [139]}",true,false,false,false,touches_cross_class_overlap
fold_2:patch_970,2,970,1,inflammatory,1,195,123,2,0,[2],[178],"{""connective_soft_tissue"": [178]}",true,false,false,false,touches_cross_class_overlap
fold_2:patch_970,2,970,2,connective_soft_tissue,2,178,581,2,0,[1],[195],"{""inflammatory"": [195]}",true,false,false,false,touches_cross_class_overlap
fold_2:patch_1015,2,1015,0,neoplastic,0,929,653,4,0,[2],[940],"{""connective_soft_tissue"": [940]}",true,false,false,false,touches_cross_class_overlap
fold_2:patch_1015,2,1015,2,connective_soft_tissue,2,940,736,4,0,[0],[929],"{""neoplastic"": [929]}",true,false,false,false,touches_cross_class_overlap
fold_2:patch_1018,2,1018,1,inflammatory,1,1678,204,14,0,[2],[1063],"{""connective_soft_tissue"": [1063]}",true,false,false,false,touches_cross_class_overlap
fold_2:patch_1018,2,1018,2,connective_soft_tissue,2,1063,155,14,0,[1],[1678],"{""inflammatory"": [1678]}",true,false,false,false,touches_cross_class_overlap
fold_2:patch_1022,2,1022,0,neoplastic,0,1345,380,4,0,[2],[1364],"{""connective_soft_tissue"": [1364]}",true,false,false,false,touches_cross_class_overlap
fold_2:patch_1022,2,1022,2,connective_soft_tissue,2,1364,264,4,0,[0],[1345],"{""neoplastic"": [1345]}",true,false,false,false,touches_cross_class_overlap
fold_2:patch_1035,2,1035,0,neoplastic,0,328,33,1,0,[2],[349],"{""connective_soft_tissue"": [349]}",true,false,false,false,touches_cross_class_overlap
fold_2:patch_1035,2,1035,2,connective_soft_tissue,2,349,377,1,0,[0],[328],"{""neoplastic"": [328]}",true,false,false,false,touches_cross_class_overlap
fold_2:patch_1065,2,1065,0,neoplastic,0,223,464,2,0,[2],[221],"{""connective_soft_tissue"": [221]}",true,false,false,false,touches_cross_class_overlap
fold_2:patch_1065,2,1065,2,connective_soft_tissue,2,221,333,2,0,[0],[223],"{""neoplastic"": [223]}",true,false,false,false,touches_cross_class_overlap
fold_2:patch_1091,2,1091,2,connective_soft_tissue,2,316,1238,67,0,[4],[108],"{""non_neoplastic_epithelial"": [108]}",true,false,false,false,touches_cross_class_overlap
fold_2:patch_1091,2,1091,4,non_neoplastic_epithelial,4,108,357,67,0,[2],[316],"{""connective_soft_tissue"": [316]}",true,false,false,false,touches_cross_class_overlap
fold_2:patch_1095,2,1095,1,inflammatory,1,186,542,5,0,[2],[198],"{""connective_soft_tissue"": [198]}",true,false,false,false,touches_cross_class_overlap
fold_2:patch_1095,2,1095,2,connective_soft_tissue,2,198,732,5,0,[1],[186],"{""inflammatory"": [186]}",true,false,false,false,touches_cross_class_overlap
fold_2:patch_1097,2,1097,0,neoplastic,0,274,816,4,0,[2],[767],"{""connective_soft_tissue"": [767]}",true,false,false,false,touches_cross_class_overlap
fold_2:patch_1097,2,1097,2,connective_soft_tissue,2,767,728,4,0,[0],[274],"{""neoplastic"": [274]}",true,false,false,false,touches_cross_class_overlap
fold_2:patch_1100,2,1100,0,neoplastic,0,418,235,9,0,[2],[796],"{""connective_soft_tissue"": [796]}",true,false,false,false,touches_cross_class_overlap
fold_2:patch_1100,2,1100,2,connective_soft_tissue,2,796,493,9,0,[0],[418],"{""neoplastic"": [418]}",true,false,false,false,touches_cross_class_overlap
fold_2:patch_1121,2,1121,1,inflammatory,1,1071,250,1,0,[2],[1077],"{""connective_soft_tissue"": [1077]}",true,false,false,false,touches_cross_class_overlap
fold_2:patch_1121,2,1121,2,connective_soft_tissue,2,1077,337,1,0,[1],[1071],"{""inflammatory"": [1071]}",true,false,false,false,touches_cross_class_overlap
fold_2:patch_1123,2,1123,1,inflammatory,1,1166,241,2,0,[4],[1142],"{""non_neoplastic_epithelial"": [1142]}",true,false,false,false,touches_cross_class_overlap
fold_2:patch_1123,2,1123,4,non_neoplastic_epithelial,4,1142,439,2,0,[1],[1166],"{""inflammatory"": [1166]}",true,false,false,false,touches_cross_class_overlap
fold_2:patch_1124,2,1124,1,inflammatory,1,39,285,5,0,[4],[532],"{""non_neoplastic_epithelial"": [532]}",true,false,false,false,touches_cross_class_overlap
fold_2:patch_1124,2,1124,4,non_neoplastic_epithelial,4,532,297,5,0,[1],[39],"{""inflammatory"": [39]}",true,false,false,false,touches_cross_class_overlap
fold_2:patch_1125,2,1125,1,inflammatory,1,250,96,4,0,[2],[233],"{""connective_soft_tissue"": [233]}",true,false,false,false,touches_cross_class_overlap
fold_2:patch_1125,2,1125,2,connective_soft_tissue,2,233,489,4,0,[1],[250],"{""inflammatory"": [250]}",true,false,false,false,touches_cross_class_overlap
fold_2:patch_1126,2,1126,1,inflammatory,1,556,190,2,0,[2],[417],"{""connective_soft_tissue"": [417]}",true,false,false,false,touches_cross_class_overlap
fold_2:patch_1126,2,1126,2,connective_soft_tissue,2,417,267,2,0,[1],[556],"{""inflammatory"": [556]}",true,false,false,false,touches_cross_class_overlap
fold_2:patch_1149,2,1149,1,inflammatory,1,684,263,2,0,[2],[685],"{""connective_soft_tissue"": [685]}",true,false,false,false,touches_cross_class_overlap
fold_2:patch_1149,2,1149,2,connective_soft_tissue,2,685,341,2,0,[1],[684],"{""inflammatory"": [684]}",true,false,false,false,touches_cross_class_overlap
fold_2:patch_1163,2,1163,0,neoplastic,0,479,499,4,0,[2],[467],"{""connective_soft_tissue"": [467]}",true,false,false,false,touches_cross_class_overlap
fold_2:patch_1163,2,1163,2,connective_soft_tissue,2,467,686,4,0,[0],[479],"{""neoplastic"": [479]}",true,false,false,false,touches_cross_class_overlap
fold_2:patch_1183,2,1183,0,neoplastic,0,35,430,4,0,[3],[50],"{""dead"": [50]}",true,false,false,false,touches_cross_class_overlap
fold_2:patch_1183,2,1183,3,dead,3,50,996,4,0,[0],[35],"{""neoplastic"": [35]}",true,false,false,false,touches_cross_class_overlap
fold_2:patch_1195,2,1195,0,neoplastic,0,217,920,1,0,[2],[198],"{""connective_soft_tissue"": [198]}",true,false,false,false,touches_cross_class_overlap
fold_2:patch_1195,2,1195,2,connective_soft_tissue,2,198,443,1,0,[0],[217],"{""neoplastic"": [217]}",true,false,false,false,touches_cross_class_overlap
fold_2:patch_1225,2,1225,0,neoplastic,0,496,555,5,0,[2],[498],"{""connective_soft_tissue"": [498]}",true,false,false,false,touches_cross_class_overlap
fold_2:patch_1225,2,1225,2,connective_soft_tissue,2,498,373,5,0,[0],[496],"{""neoplastic"": [496]}",true,false,false,false,touches_cross_class_overlap
fold_2:patch_1229,2,1229,0,neoplastic,0,610,315,3,0,[2],[605],"{""connective_soft_tissue"": [605]}",true,false,false,false,touches_cross_class_overlap
fold_2:patch_1229,2,1229,2,connective_soft_tissue,2,605,160,3,0,[0],[610],"{""neoplastic"": [610]}",true,false,false,false,touches_cross_class_overlap
fold_2:patch_1230,2,1230,0,neoplastic,0,583,1045,18,0,[2],[559],"{""connective_soft_tissue"": [559]}",true,false,false,false,touches_cross_class_overlap
fold_2:patch_1230,2,1230,0,neoplastic,0,590,617,10,0,[2],[600],"{""connective_soft_tissue"": [600]}",true,false,false,false,touches_cross_class_overlap
fold_2:patch_1230,2,1230,2,connective_soft_tissue,2,559,772,18,0,[0],[583],"{""neoplastic"": [583]}",true,false,false,false,touches_cross_class_overlap
fold_2:patch_1230,2,1230,2,connective_soft_tissue,2,600,523,10,0,[0],[590],"{""neoplastic"": [590]}",true,false,false,false,touches_cross_class_overlap
fold_2:patch_1240,2,1240,1,inflammatory,1,45,378,2,0,[2],[35],"{""connective_soft_tissue"": [35]}",true,false,false,false,touches_cross_class_overlap
fold_2:patch_1240,2,1240,2,connective_soft_tissue,2,35,431,2,0,[1],[45],"{""inflammatory"": [45]}",true,false,false,false,touches_cross_class_overlap
fold_2:patch_1251,2,1251,1,inflammatory,1,790,174,3,0,[2],[782],"{""connective_soft_tissue"": [782]}",true,false,false,false,touches_cross_class_overlap
fold_2:patch_1251,2,1251,2,connective_soft_tissue,2,782,487,3,0,[1],[790],"{""inflammatory"": [790]}",true,false,false,false,touches_cross_class_overlap
fold_2:patch_1260,2,1260,1,inflammatory,1,266,366,3,0,[2],[259],"{""connective_soft_tissue"": [259]}",true,false,false,false,touches_cross_class_overlap
fold_2:patch_1260,2,1260,2,connective_soft_tissue,2,259,334,3,0,[1],[266],"{""inflammatory"": [266]}",true,false,false,false,touches_cross_class_overlap
fold_2:patch_1261,2,1261,1,inflammatory,1,223,454,1,0,[2],[213],"{""connective_soft_tissue"": [213]}",true,false,false,false,touches_cross_class_overlap
fold_2:patch_1261,2,1261,2,connective_soft_tissue,2,213,243,1,0,[1],[223],"{""inflammatory"": [223]}",true,false,false,false,touches_cross_class_overlap
fold_2:patch_1262,2,1262,1,inflammatory,1,1,228,1,0,[2],[5],"{""connective_soft_tissue"": [5]}",true,false,false,false,touches_cross_class_overlap
fold_2:patch_1262,2,1262,2,connective_soft_tissue,2,5,137,1,0,[1],[1],"{""inflammatory"": [1]}",true,false,false,false,touches_cross_class_overlap
fold_2:patch_1285,2,1285,1,inflammatory,1,302,548,2,0,[2],[299],"{""connective_soft_tissue"": [299]}",true,false,false,false,touches_cross_class_overlap
fold_2:patch_1285,2,1285,2,connective_soft_tissue,2,299,252,2,0,[1],[302],"{""inflammatory"": [302]}",true,false,false,false,touches_cross_class_overlap
fold_2:patch_1291,2,1291,0,neoplastic,0,1393,524,2,0,[1],[1400],"{""inflammatory"": [1400]}",true,false,false,false,touches_cross_class_overlap
fold_2:patch_1291,2,1291,0,neoplastic,0,1396,404,1,0,[1],[1409],"{""inflammatory"": [1409]}",true,false,false,false,touches_cross_class_overlap
fold_2:patch_1291,2,1291,1,inflammatory,1,1232,490,4,0,[2],[1243],"{""connective_soft_tissue"": [1243]}",true,false,false,false,touches_cross_class_overlap
fold_2:patch_1291,2,1291,1,inflammatory,1,1400,395,2,0,[0],[1393],"{""neoplastic"": [1393]}",true,false,false,false,touches_cross_class_overlap
fold_2:patch_1291,2,1291,1,inflammatory,1,1409,392,1,0,[0],[1396],"{""neoplastic"": [1396]}",true,false,false,false,touches_cross_class_overlap
fold_2:patch_1291,2,1291,2,connective_soft_tissue,2,1243,668,4,0,[1],[1232],"{""inflammatory"": [1232]}",true,false,false,false,touches_cross_class_overlap
fold_2:patch_1294,2,1294,0,neoplastic,0,1501,262,4,0,[1],[1509],"{""inflammatory"": [1509]}",true,false,false,false,touches_cross_class_overlap
fold_2:patch_1294,2,1294,1,inflammatory,1,1509,201,4,0,[0],[1501],"{""neoplastic"": [1501]}",true,false,false,false,touches_cross_class_overlap
fold_2:patch_1373,2,1373,0,neoplastic,0,164,524,1,0,[2],[168],"{""connective_soft_tissue"": [168]}",true,false,false,false,touches_cross_class_overlap
fold_2:patch_1373,2,1373,2,connective_soft_tissue,2,168,700,1,0,[0],[164],"{""neoplastic"": [164]}",true,false,false,false,touches_cross_class_overlap
fold_2:patch_1385,2,1385,0,neoplastic,0,120,479,5,0,[2],[110],"{""connective_soft_tissue"": [110]}",true,false,false,false,touches_cross_class_overlap
fold_2:patch_1385,2,1385,2,connective_soft_tissue,2,110,112,5,0,[0],[120],"{""neoplastic"": [120]}",true,false,false,false,touches_cross_class_overlap
fold_2:patch_1387,2,1387,0,neoplastic,0,167,250,5,0,[2],[171],"{""connective_soft_tissue"": [171]}",true,false,false,false,touches_cross_class_overlap
fold_2:patch_1387,2,1387,2,connective_soft_tissue,2,171,164,5,0,[0],[167],"{""neoplastic"": [167]}",true,false,false,false,touches_cross_class_overlap
fold_2:patch_1391,2,1391,1,inflammatory,1,79,303,3,0,[2],[83],"{""connective_soft_tissue"": [83]}",true,false,false,false,touches_cross_class_overlap
fold_2:patch_1391,2,1391,2,connective_soft_tissue,2,83,1054,3,0,[1],[79],"{""inflammatory"": [79]}",true,false,false,false,touches_cross_class_overlap
fold_2:patch_1406,2,1406,1,inflammatory,1,17,331,3,0,[2],[28],"{""connective_soft_tissue"": [28]}",true,false,false,false,touches_cross_class_overlap
fold_2:patch_1406,2,1406,2,connective_soft_tissue,2,28,452,3,0,[1],[17],"{""inflammatory"": [17]}",true,false,false,false,touches_cross_class_overlap
fold_2:patch_1409,2,1409,1,inflammatory,1,252,247,4,0,[2],[244],"{""connective_soft_tissue"": [244]}",true,false,false,false,touches_cross_class_overlap
fold_2:patch_1409,2,1409,2,connective_soft_tissue,2,244,265,4,0,[1],[252],"{""inflammatory"": [252]}",true,false,false,false,touches_cross_class_overlap
fold_2:patch_1410,2,1410,1,inflammatory,1,245,293,4,0,[2],[251],"{""connective_soft_tissue"": [251]}",true,false,false,false,touches_cross_class_overlap
fold_2:patch_1410,2,1410,2,connective_soft_tissue,2,251,375,4,0,[1],[245],"{""inflammatory"": [245]}",true,false,false,false,touches_cross_class_overlap
fold_2:patch_1411,2,1411,1,inflammatory,1,323,440,4,0,[2],[311],"{""connective_soft_tissue"": [311]}",true,false,false,false,touches_cross_class_overlap
fold_2:patch_1411,2,1411,2,connective_soft_tissue,2,311,297,4,0,[1],[323],"{""inflammatory"": [323]}",true,false,false,false,touches_cross_class_overlap
fold_2:patch_1423,2,1423,2,connective_soft_tissue,2,147,428,2,0,[4],[146],"{""non_neoplastic_epithelial"": [146]}",true,false,false,false,touches_cross_class_overlap
fold_2:patch_1423,2,1423,4,non_neoplastic_epithelial,4,146,821,2,0,[2],[147],"{""connective_soft_tissue"": [147]}",true,false,false,false,touches_cross_class_overlap
fold_2:patch_1437,2,1437,0,neoplastic,0,79,677,1,0,[2],[83],"{""connective_soft_tissue"": [83]}",true,false,false,false,touches_cross_class_overlap
fold_2:patch_1437,2,1437,2,connective_soft_tissue,2,83,544,1,0,[0],[79],"{""neoplastic"": [79]}",true,false,false,false,touches_cross_class_overlap
fold_2:patch_1438,2,1438,1,inflammatory,1,215,168,1,0,[2],[220],"{""connective_soft_tissue"": [220]}",true,false,false,false,touches_cross_class_overlap
fold_2:patch_1438,2,1438,2,connective_soft_tissue,2,220,409,1,0,[1],[215],"{""inflammatory"": [215]}",true,false,false,false,touches_cross_class_overlap
fold_2:patch_1447,2,1447,0,neoplastic,0,82,854,8,0,[2],[85],"{""connective_soft_tissue"": [85]}",true,false,false,false,touches_cross_class_overlap
fold_2:patch_1447,2,1447,2,connective_soft_tissue,2,85,910,8,0,[0],[82],"{""neoplastic"": [82]}",true,false,false,false,touches_cross_class_overlap
fold_2:patch_1448,2,1448,1,inflammatory,1,319,340,1,0,[2],[328],"{""connective_soft_tissue"": [328]}",true,false,false,false,touches_cross_class_overlap
fold_2:patch_1448,2,1448,2,connective_soft_tissue,2,328,369,1,0,[1],[319],"{""inflammatory"": [319]}",true,false,false,false,touches_cross_class_overlap
fold_2:patch_1501,2,1501,0,neoplastic,0,190,1094,3,0,[2],[173],"{""connective_soft_tissue"": [173]}",true,false,false,false,touches_cross_class_overlap
fold_2:patch_1501,2,1501,2,connective_soft_tissue,2,173,654,3,0,[0],[190],"{""neoplastic"": [190]}",true,false,false,false,touches_cross_class_overlap
fold_2:patch_1510,2,1510,0,neoplastic,0,263,1420,6,0,[2],[273],"{""connective_soft_tissue"": [273]}",true,false,false,false,touches_cross_class_overlap
fold_2:patch_1510,2,1510,1,inflammatory,1,224,667,5,0,[2],[227],"{""connective_soft_tissue"": [227]}",true,false,false,false,touches_cross_class_overlap
fold_2:patch_1510,2,1510,2,connective_soft_tissue,2,227,516,5,0,[1],[224],"{""inflammatory"": [224]}",true,false,false,false,touches_cross_class_overlap
fold_2:patch_1510,2,1510,2,connective_soft_tissue,2,273,444,6,0,[0],[263],"{""neoplastic"": [263]}",true,false,false,false,touches_cross_class_overlap
fold_2:patch_1513,2,1513,0,neoplastic,0,42,741,3,0,[2],[33],"{""connective_soft_tissue"": [33]}",true,false,false,false,touches_cross_class_overlap
fold_2:patch_1513,2,1513,2,connective_soft_tissue,2,33,310,3,0,[0],[42],"{""neoplastic"": [42]}",true,false,false,false,touches_cross_class_overlap
fold_2:patch_1515,2,1515,0,neoplastic,0,122,663,4,0,[2],[118],"{""connective_soft_tissue"": [118]}",true,false,false,false,touches_cross_class_overlap
fold_2:patch_1515,2,1515,2,connective_soft_tissue,2,118,395,4,0,[0],[122],"{""neoplastic"": [122]}",true,false,false,false,touches_cross_class_overlap
fold_2:patch_1536,2,1536,1,inflammatory,1,87,470,4,0,[2],[89],"{""connective_soft_tissue"": [89]}",true,false,false,false,touches_cross_class_overlap
fold_2:patch_1536,2,1536,2,connective_soft_tissue,2,89,800,4,0,[1],[87],"{""inflammatory"": [87]}",true,false,false,false,touches_cross_class_overlap
fold_2:patch_1553,2,1553,0,neoplastic,0,1238,432,3,0,[2],[1244],"{""connective_soft_tissue"": [1244]}",true,false,false,false,touches_cross_class_overlap
fold_2:patch_1553,2,1553,2,connective_soft_tissue,2,1244,114,3,0,[0],[1238],"{""neoplastic"": [1238]}",true,false,false,false,touches_cross_class_overlap
fold_2:patch_1567,2,1567,0,neoplastic,0,296,553,4,0,[2],[291],"{""connective_soft_tissue"": [291]}",true,false,false,false,touches_cross_class_overlap
fold_2:patch_1567,2,1567,2,connective_soft_tissue,2,291,292,4,0,[0],[296],"{""neoplastic"": [296]}",true,false,false,false,touches_cross_class_overlap
fold_2:patch_1570,2,1570,1,inflammatory,1,462,156,2,0,[2],[469],"{""connective_soft_tissue"": [469]}",true,false,false,false,touches_cross_class_overlap
fold_2:patch_1570,2,1570,2,connective_soft_tissue,2,469,418,2,0,[1],[462],"{""inflammatory"": [462]}",true,false,false,false,touches_cross_class_overlap
fold_2:patch_1571,2,1571,1,inflammatory,1,620,328,4,0,[2],[609],"{""connective_soft_tissue"": [609]}",true,false,false,false,touches_cross_class_overlap
fold_2:patch_1571,2,1571,2,connective_soft_tissue,2,609,664,4,0,[1],[620],"{""inflammatory"": [620]}",true,false,false,false,touches_cross_class_overlap
fold_2:patch_1578,2,1578,2,connective_soft_tissue,2,177,1079,13,0,[4],[191],"{""non_neoplastic_epithelial"": [191]}",true,false,false,false,touches_cross_class_overlap
fold_2:patch_1578,2,1578,4,non_neoplastic_epithelial,4,191,1573,13,0,[2],[177],"{""connective_soft_tissue"": [177]}",true,false,false,false,touches_cross_class_overlap
fold_2:patch_1583,2,1583,1,inflammatory,1,707,548,18,0,[2],[713],"{""connective_soft_tissue"": [713]}",true,false,false,false,touches_cross_class_overlap
fold_2:patch_1583,2,1583,2,connective_soft_tissue,2,713,1060,18,0,[1],[707],"{""inflammatory"": [707]}",true,false,false,false,touches_cross_class_overlap
fold_2:patch_1588,2,1588,2,connective_soft_tissue,2,862,363,2,0,[4],[70],"{""non_neoplastic_epithelial"": [70]}",true,false,false,false,touches_cross_class_overlap
fold_2:patch_1588,2,1588,4,non_neoplastic_epithelial,4,70,901,2,0,[2],[862],"{""connective_soft_tissue"": [862]}",true,false,false,false,touches_cross_class_overlap
fold_2:patch_1628,2,1628,1,inflammatory,1,189,989,3,0,[2],[199],"{""connective_soft_tissue"": [199]}",true,false,false,false,touches_cross_class_overlap
fold_2:patch_1628,2,1628,2,connective_soft_tissue,2,199,632,3,0,[1],[189],"{""inflammatory"": [189]}",true,false,false,false,touches_cross_class_overlap
fold_2:patch_1630,2,1630,1,inflammatory,1,287,1168,18,0,[2],[272],"{""connective_soft_tissue"": [272]}",true,false,false,false,touches_cross_class_overlap
fold_2:patch_1630,2,1630,2,connective_soft_tissue,2,272,1074,18,0,[1],[287],"{""inflammatory"": [287]}",true,false,false,false,touches_cross_class_overlap
fold_2:patch_1637,2,1637,1,inflammatory,1,631,431,2,0,[2],[633],"{""connective_soft_tissue"": [633]}",true,false,false,false,touches_cross_class_overlap
fold_2:patch_1637,2,1637,2,connective_soft_tissue,2,633,503,2,0,[1],[631],"{""inflammatory"": [631]}",true,false,false,false,touches_cross_class_overlap
fold_2:patch_1640,2,1640,2,connective_soft_tissue,2,701,385,12,0,[4],[700],"{""non_neoplastic_epithelial"": [700]}",true,false,false,false,touches_cross_class_overlap
fold_2:patch_1640,2,1640,4,non_neoplastic_epithelial,4,700,434,12,0,[2],[701],"{""connective_soft_tissue"": [701]}",true,false,false,false,touches_cross_class_overlap
fold_2:patch_1666,2,1666,1,inflammatory,1,228,776,1,0,[2],[226],"{""connective_soft_tissue"": [226]}",true,false,false,false,touches_cross_class_overlap
fold_2:patch_1666,2,1666,2,connective_soft_tissue,2,226,934,1,0,[1],[228],"{""inflammatory"": [228]}",true,false,false,false,touches_cross_class_overlap
fold_2:patch_1676,2,1676,1,inflammatory,1,480,506,14,0,[4],[477],"{""non_neoplastic_epithelial"": [477]}",true,false,false,false,touches_cross_class_overlap
fold_2:patch_1676,2,1676,4,non_neoplastic_epithelial,4,477,780,14,0,[1],[480],"{""inflammatory"": [480]}",true,false,false,false,touches_cross_class_overlap
fold_2:patch_1703,2,1703,1,inflammatory,1,25,308,10,0,[4],[22],"{""non_neoplastic_epithelial"": [22]}",true,false,false,false,touches_cross_class_overlap
fold_2:patch_1703,2,1703,4,non_neoplastic_epithelial,4,22,580,10,0,[1],[25],"{""inflammatory"": [25]}",true,false,false,false,touches_cross_class_overlap
fold_2:patch_1705,2,1705,1,inflammatory,1,141,976,13,0,[4],[129],"{""non_neoplastic_epithelial"": [129]}",true,false,false,false,touches_cross_class_overlap
fold_2:patch_1705,2,1705,4,non_neoplastic_epithelial,4,129,716,13,0,[1],[141],"{""inflammatory"": [141]}",true,false,false,false,touches_cross_class_overlap
fold_2:patch_1712,2,1712,1,inflammatory,1,363,561,12,0,[4],[350],"{""non_neoplastic_epithelial"": [350]}",true,false,false,false,touches_cross_class_overlap
fold_2:patch_1712,2,1712,4,non_neoplastic_epithelial,4,350,753,12,0,[1],[363],"{""inflammatory"": [363]}",true,false,false,false,touches_cross_class_overlap
fold_2:patch_1714,2,1714,1,inflammatory,1,299,387,4,0,[4],[296],"{""non_neoplastic_epithelial"": [296]}",true,false,false,false,touches_cross_class_overlap
fold_2:patch_1714,2,1714,4,non_neoplastic_epithelial,4,296,942,4,0,[1],[299],"{""inflammatory"": [299]}",true,false,false,false,touches_cross_class_overlap
fold_2:patch_1716,2,1716,1,inflammatory,1,341,840,1,0,[2],[1132],"{""connective_soft_tissue"": [1132]}",true,false,false,false,touches_cross_class_overlap
fold_2:patch_1716,2,1716,2,connective_soft_tissue,2,1132,479,1,0,[1],[341],"{""inflammatory"": [341]}",true,false,false,false,touches_cross_class_overlap
fold_2:patch_1719,2,1719,1,inflammatory,1,611,978,11,0,[2],[592],"{""connective_soft_tissue"": [592]}",true,false,false,false,touches_cross_class_overlap
fold_2:patch_1719,2,1719,2,connective_soft_tissue,2,592,1209,11,0,[1],[611],"{""inflammatory"": [611]}",true,false,false,false,touches_cross_class_overlap
fold_2:patch_1724,2,1724,1,inflammatory,1,811,899,15,0,[4],[813],"{""non_neoplastic_epithelial"": [813]}",true,false,false,false,touches_cross_class_overlap
fold_2:patch_1724,2,1724,4,non_neoplastic_epithelial,4,813,1673,15,0,[1],[811],"{""inflammatory"": [811]}",true,false,false,false,touches_cross_class_overlap
fold_2:patch_1727,2,1727,1,inflammatory,1,1100,579,231,0,[2],[1101],"{""connective_soft_tissue"": [1101]}",true,false,false,false,touches_cross_class_overlap
fold_2:patch_1727,2,1727,2,connective_soft_tissue,2,1101,1062,231,0,[1],[1100],"{""inflammatory"": [1100]}",true,false,false,false,touches_cross_class_overlap
fold_2:patch_1731,2,1731,1,inflammatory,1,14,18,1,0,[2],[29],"{""connective_soft_tissue"": [29]}",true,false,false,false,touches_cross_class_overlap
fold_2:patch_1731,2,1731,2,connective_soft_tissue,2,29,454,1,0,[1],[14],"{""inflammatory"": [14]}",true,false,false,false,touches_cross_class_overlap
fold_2:patch_1735,2,1735,1,inflammatory,1,242,587,4,0,[2],[246],"{""connective_soft_tissue"": [246]}",true,false,false,false,touches_cross_class_overlap
fold_2:patch_1735,2,1735,1,inflammatory,1,285,363,13,0,[2],[275],"{""connective_soft_tissue"": [275]}",true,false,false,false,touches_cross_class_overlap
fold_2:patch_1735,2,1735,2,connective_soft_tissue,2,246,1226,4,0,[1],[242],"{""inflammatory"": [242]}",true,false,false,false,touches_cross_class_overlap
fold_2:patch_1735,2,1735,2,connective_soft_tissue,2,275,970,13,0,[1],[285],"{""inflammatory"": [285]}",true,false,false,false,touches_cross_class_overlap
fold_2:patch_1755,2,1755,1,inflammatory,1,207,337,13,0,[2],[209],"{""connective_soft_tissue"": [209]}",true,false,false,false,touches_cross_class_overlap
fold_2:patch_1755,2,1755,2,connective_soft_tissue,2,209,1013,13,0,[1],[207],"{""inflammatory"": [207]}",true,false,false,false,touches_cross_class_overlap
fold_2:patch_1795,2,1795,2,connective_soft_tissue,2,559,1236,12,0,[4],[576],"{""non_neoplastic_epithelial"": [576]}",true,false,false,false,touches_cross_class_overlap
fold_2:patch_1795,2,1795,4,non_neoplastic_epithelial,4,576,1662,12,0,[2],[559],"{""connective_soft_tissue"": [559]}",true,false,false,false,touches_cross_class_overlap
fold_2:patch_1816,2,1816,0,neoplastic,0,385,248,1,0,[2],[374],"{""connective_soft_tissue"": [374]}",true,false,false,false,touches_cross_class_overlap
fold_2:patch_1816,2,1816,2,connective_soft_tissue,2,374,737,1,0,[0],[385],"{""neoplastic"": [385]}",true,false,false,false,touches_cross_class_overlap
fold_2:patch_1819,2,1819,0,neoplastic,0,122,448,3,0,[2],[118],"{""connective_soft_tissue"": [118]}",true,false,false,false,touches_cross_class_overlap
fold_2:patch_1819,2,1819,2,connective_soft_tissue,2,118,447,3,0,[0],[122],"{""neoplastic"": [122]}",true,false,false,false,touches_cross_class_overlap
fold_2:patch_1823,2,1823,0,neoplastic,0,272,313,1,0,[2],[270],"{""connective_soft_tissue"": [270]}",true,false,false,false,touches_cross_class_overlap
fold_2:patch_1823,2,1823,2,connective_soft_tissue,2,270,711,1,0,[0],[272],"{""neoplastic"": [272]}",true,false,false,false,touches_cross_class_overlap
fold_2:patch_1825,2,1825,0,neoplastic,0,48,874,4,0,[2],[45],"{""connective_soft_tissue"": [45]}",true,false,false,false,touches_cross_class_overlap
fold_2:patch_1825,2,1825,2,connective_soft_tissue,2,45,682,4,0,[0],[48],"{""neoplastic"": [48]}",true,false,false,false,touches_cross_class_overlap
fold_2:patch_1826,2,1826,0,neoplastic,0,140,692,1,0,[2],[143],"{""connective_soft_tissue"": [143]}",true,false,false,false,touches_cross_class_overlap
fold_2:patch_1826,2,1826,2,connective_soft_tissue,2,143,199,1,0,[0],[140],"{""neoplastic"": [140]}",true,false,false,false,touches_cross_class_overlap
fold_2:patch_1828,2,1828,0,neoplastic,0,138,1083,4,0,[2],[157],"{""connective_soft_tissue"": [157]}",true,false,false,false,touches_cross_class_overlap
fold_2:patch_1828,2,1828,1,inflammatory,1,88,229,3,0,[2],[92],"{""connective_soft_tissue"": [92]}",true,false,false,false,touches_cross_class_overlap
fold_2:patch_1828,2,1828,2,connective_soft_tissue,2,92,282,3,0,[1],[88],"{""inflammatory"": [88]}",true,false,false,false,touches_cross_class_overlap
fold_2:patch_1828,2,1828,2,connective_soft_tissue,2,157,308,4,0,[0],[138],"{""neoplastic"": [138]}",true,false,false,false,touches_cross_class_overlap
fold_2:patch_1869,2,1869,1,inflammatory,1,171,585,2,0,[2],[179],"{""connective_soft_tissue"": [179]}",true,false,false,false,touches_cross_class_overlap
fold_2:patch_1869,2,1869,2,connective_soft_tissue,2,179,130,2,0,[1],[171],"{""inflammatory"": [171]}",true,false,false,false,touches_cross_class_overlap
fold_2:patch_1880,2,1880,0,neoplastic,0,160,602,4,0,[1],[158],"{""inflammatory"": [158]}",true,false,false,false,touches_cross_class_overlap
fold_2:patch_1880,2,1880,1,inflammatory,1,158,352,4,0,[0],[160],"{""neoplastic"": [160]}",true,false,false,false,touches_cross_class_overlap
fold_2:patch_1881,2,1881,0,neoplastic,0,194,463,3,0,[1],[203],"{""inflammatory"": [203]}",true,false,false,false,touches_cross_class_overlap
fold_2:patch_1881,2,1881,0,neoplastic,0,343,499,8,0,[1],[350],"{""inflammatory"": [350]}",true,false,false,false,touches_cross_class_overlap
fold_2:patch_1881,2,1881,1,inflammatory,1,203,155,3,0,[0],[194],"{""neoplastic"": [194]}",true,false,false,false,touches_cross_class_overlap
fold_2:patch_1881,2,1881,1,inflammatory,1,350,311,8,0,[0],[343],"{""neoplastic"": [343]}",true,false,false,false,touches_cross_class_overlap
fold_2:patch_1896,2,1896,1,inflammatory,1,1034,340,7,0,[2],[1029],"{""connective_soft_tissue"": [1029]}",true,false,false,false,touches_cross_class_overlap
fold_2:patch_1896,2,1896,1,inflammatory,1,1068,372,4,0,[2],[1059],"{""connective_soft_tissue"": [1059]}",true,false,false,false,touches_cross_class_overlap
fold_2:patch_1896,2,1896,1,inflammatory,1,1078,236,4,0,[2],[1090],"{""connective_soft_tissue"": [1090]}",true,false,false,false,touches_cross_class_overlap
fold_2:patch_1896,2,1896,2,connective_soft_tissue,2,1029,629,7,0,[1],[1034],"{""inflammatory"": [1034]}",true,false,false,false,touches_cross_class_overlap
fold_2:patch_1896,2,1896,2,connective_soft_tissue,2,1059,278,4,0,[1],[1068],"{""inflammatory"": [1068]}",true,false,false,false,touches_cross_class_overlap
fold_2:patch_1896,2,1896,2,connective_soft_tissue,2,1090,523,4,0,[1],[1078],"{""inflammatory"": [1078]}",true,false,false,false,touches_cross_class_overlap
fold_2:patch_1905,2,1905,1,inflammatory,1,55,389,2,0,[2],[58],"{""connective_soft_tissue"": [58]}",true,false,false,false,touches_cross_class_overlap
fold_2:patch_1905,2,1905,2,connective_soft_tissue,2,58,530,2,0,[1],[55],"{""inflammatory"": [55]}",true,false,false,false,touches_cross_class_overlap
fold_2:patch_1979,2,1979,1,inflammatory,1,193,269,3,0,[2],[183],"{""connective_soft_tissue"": [183]}",true,false,false,false,touches_cross_class_overlap
fold_2:patch_1979,2,1979,2,connective_soft_tissue,2,183,252,3,0,[1],[193],"{""inflammatory"": [193]}",true,false,false,false,touches_cross_class_overlap
fold_2:patch_1989,2,1989,0,neoplastic,0,371,190,5,0,[1],[387],"{""inflammatory"": [387]}",true,false,false,false,touches_cross_class_overlap
fold_2:patch_1989,2,1989,1,inflammatory,1,387,156,5,0,[0],[371],"{""neoplastic"": [371]}",true,false,false,false,touches_cross_class_overlap
fold_2:patch_1990,2,1990,0,neoplastic,0,386,1044,18,0,[2],"[341, 357]","{""connective_soft_tissue"": [341, 357]}",true,false,false,false,touches_cross_class_overlap
fold_2:patch_1990,2,1990,2,connective_soft_tissue,2,341,671,7,0,[0],[386],"{""neoplastic"": [386]}",true,false,false,false,touches_cross_class_overlap
fold_2:patch_1990,2,1990,2,connective_soft_tissue,2,357,808,11,0,[0],[386],"{""neoplastic"": [386]}",true,false,false,false,touches_cross_class_overlap
fold_2:patch_2009,2,2009,1,inflammatory,1,18,408,1,0,[2],[30],"{""connective_soft_tissue"": [30]}",true,false,false,false,touches_cross_class_overlap
fold_2:patch_2009,2,2009,2,connective_soft_tissue,2,30,533,1,0,[1],[18],"{""inflammatory"": [18]}",true,false,false,false,touches_cross_class_overlap
fold_2:patch_2042,2,2042,0,neoplastic,0,230,1035,4,0,[2],[232],"{""connective_soft_tissue"": [232]}",true,false,false,false,touches_cross_class_overlap
fold_2:patch_2042,2,2042,2,connective_soft_tissue,2,232,582,4,0,[0],[230],"{""neoplastic"": [230]}",true,false,false,false,touches_cross_class_overlap
fold_2:patch_2065,2,2065,2,connective_soft_tissue,2,294,177,1,0,[4],[302],"{""non_neoplastic_epithelial"": [302]}",true,false,false,false,touches_cross_class_overlap
fold_2:patch_2065,2,2065,4,non_neoplastic_epithelial,4,302,83,1,0,[2],[294],"{""connective_soft_tissue"": [294]}",true,false,false,false,touches_cross_class_overlap
fold_2:patch_2087,2,2087,0,neoplastic,0,115,568,8,0,[2],[110],"{""connective_soft_tissue"": [110]}",true,false,false,false,touches_cross_class_overlap
fold_2:patch_2087,2,2087,2,connective_soft_tissue,2,110,603,8,0,[0],[115],"{""neoplastic"": [115]}",true,false,false,false,touches_cross_class_overlap
fold_2:patch_2140,2,2140,0,neoplastic,0,313,501,3,0,[2],[314],"{""connective_soft_tissue"": [314]}",true,false,false,false,touches_cross_class_overlap
fold_2:patch_2140,2,2140,2,connective_soft_tissue,2,314,551,3,0,[0],[313],"{""neoplastic"": [313]}",true,false,false,false,touches_cross_class_overlap
fold_2:patch_2142,2,2142,0,neoplastic,0,295,692,6,0,[1],[309],"{""inflammatory"": [309]}",true,false,false,false,touches_cross_class_overlap
fold_2:patch_2142,2,2142,0,neoplastic,0,342,666,1,0,[2],[353],"{""connective_soft_tissue"": [353]}",true,false,false,false,touches_cross_class_overlap
fold_2:patch_2142,2,2142,1,inflammatory,1,309,271,6,0,[0],[295],"{""neoplastic"": [295]}",true,false,false,false,touches_cross_class_overlap
fold_2:patch_2142,2,2142,2,connective_soft_tissue,2,353,29,1,0,[0],[342],"{""neoplastic"": [342]}",true,false,false,false,touches_cross_class_overlap
fold_2:patch_2152,2,2152,2,connective_soft_tissue,2,42,577,1,0,[4],[40],"{""non_neoplastic_epithelial"": [40]}",true,false,false,false,touches_cross_class_overlap
fold_2:patch_2152,2,2152,4,non_neoplastic_epithelial,4,40,126,1,0,[2],[42],"{""connective_soft_tissue"": [42]}",true,false,false,false,touches_cross_class_overlap
fold_2:patch_2171,2,2171,1,inflammatory,1,181,311,1,0,[2],[189],"{""connective_soft_tissue"": [189]}",true,false,false,false,touches_cross_class_overlap
fold_2:patch_2171,2,2171,2,connective_soft_tissue,2,189,275,1,0,[1],[181],"{""inflammatory"": [181]}",true,false,false,false,touches_cross_class_overlap
fold_2:patch_2178,2,2178,1,inflammatory,1,287,412,3,0,[2],[286],"{""connective_soft_tissue"": [286]}",true,false,false,false,touches_cross_class_overlap
fold_2:patch_2178,2,2178,2,connective_soft_tissue,2,286,395,3,0,[1],[287],"{""inflammatory"": [287]}",true,false,false,false,touches_cross_class_overlap
fold_2:patch_2204,2,2204,1,inflammatory,1,145,228,2,0,[2],[138],"{""connective_soft_tissue"": [138]}",true,false,false,false,touches_cross_class_overlap
fold_2:patch_2204,2,2204,2,connective_soft_tissue,2,138,241,2,0,[1],[145],"{""inflammatory"": [145]}",true,false,false,false,touches_cross_class_overlap
fold_2:patch_2207,2,2207,1,inflammatory,1,51,350,7,0,[2],[52],"{""connective_soft_tissue"": [52]}",true,false,false,false,touches_cross_class_overlap
fold_2:patch_2207,2,2207,2,connective_soft_tissue,2,52,138,7,0,[1],[51],"{""inflammatory"": [51]}",true,false,false,false,touches_cross_class_overlap
fold_2:patch_2209,2,2209,1,inflammatory,1,65,189,3,0,[2],[66],"{""connective_soft_tissue"": [66]}",true,false,false,false,touches_cross_class_overlap
fold_2:patch_2209,2,2209,2,connective_soft_tissue,2,66,481,3,0,[1],[65],"{""inflammatory"": [65]}",true,false,false,false,touches_cross_class_overlap
fold_2:patch_2210,2,2210,1,inflammatory,1,133,142,5,0,[2],[134],"{""connective_soft_tissue"": [134]}",true,false,false,false,touches_cross_class_overlap
fold_2:patch_2210,2,2210,2,connective_soft_tissue,2,134,525,5,0,[1],[133],"{""inflammatory"": [133]}",true,false,false,false,touches_cross_class_overlap
fold_2:patch_2216,2,2216,2,connective_soft_tissue,2,251,114,3,0,[4],[254],"{""non_neoplastic_epithelial"": [254]}",true,false,false,false,touches_cross_class_overlap
fold_2:patch_2216,2,2216,4,non_neoplastic_epithelial,4,254,204,3,0,[2],[251],"{""connective_soft_tissue"": [251]}",true,false,false,false,touches_cross_class_overlap
fold_2:patch_2245,2,2245,0,neoplastic,0,77,316,3,0,[1],[88],"{""inflammatory"": [88]}",true,false,false,false,touches_cross_class_overlap
fold_2:patch_2245,2,2245,0,neoplastic,0,103,633,5,0,[1],[106],"{""inflammatory"": [106]}",true,false,false,false,touches_cross_class_overlap
fold_2:patch_2245,2,2245,0,neoplastic,0,190,299,1,0,[1],[178],"{""inflammatory"": [178]}",true,false,false,false,touches_cross_class_overlap
fold_2:patch_2245,2,2245,1,inflammatory,1,88,253,3,0,[0],[77],"{""neoplastic"": [77]}",true,false,false,false,touches_cross_class_overlap
fold_2:patch_2245,2,2245,1,inflammatory,1,106,386,5,0,[0],[103],"{""neoplastic"": [103]}",true,false,false,false,touches_cross_class_overlap
fold_2:patch_2245,2,2245,1,inflammatory,1,178,267,1,0,[0],[190],"{""neoplastic"": [190]}",true,false,false,false,touches_cross_class_overlap
fold_2:patch_2246,2,2246,0,neoplastic,0,99,320,1,0,[1],[105],"{""inflammatory"": [105]}",true,false,false,false,touches_cross_class_overlap
fold_2:patch_2246,2,2246,0,neoplastic,0,193,271,4,0,[1],[201],"{""inflammatory"": [201]}",true,false,false,false,touches_cross_class_overlap
fold_2:patch_2246,2,2246,0,neoplastic,0,236,972,4,0,[1],[240],"{""inflammatory"": [240]}",true,false,false,false,touches_cross_class_overlap
fold_2:patch_2246,2,2246,1,inflammatory,1,105,326,1,0,[0],[99],"{""neoplastic"": [99]}",true,false,false,false,touches_cross_class_overlap
fold_2:patch_2246,2,2246,1,inflammatory,1,201,208,4,0,[0],[193],"{""neoplastic"": [193]}",true,false,false,false,touches_cross_class_overlap
fold_2:patch_2246,2,2246,1,inflammatory,1,240,307,4,0,[0],[236],"{""neoplastic"": [236]}",true,false,false,false,touches_cross_class_overlap
fold_2:patch_2249,2,2249,0,neoplastic,0,962,299,64,0,[1],[881],"{""inflammatory"": [881]}",true,false,false,false,touches_cross_class_overlap
fold_2:patch_2249,2,2249,1,inflammatory,1,881,451,64,0,[0],[962],"{""neoplastic"": [962]}",true,false,false,false,touches_cross_class_overlap
fold_2:patch_2254,2,2254,1,inflammatory,1,166,65,15,0,[2],[199],"{""connective_soft_tissue"": [199]}",true,false,false,false,touches_cross_class_overlap
fold_2:patch_2254,2,2254,2,connective_soft_tissue,2,199,133,15,0,[1],[166],"{""inflammatory"": [166]}",true,false,false,false,touches_cross_class_overlap
fold_2:patch_2257,2,2257,1,inflammatory,1,230,47,2,0,[2],[185],"{""connective_soft_tissue"": [185]}",true,false,false,false,touches_cross_class_overlap
fold_2:patch_2257,2,2257,2,connective_soft_tissue,2,185,117,2,0,[1],[230],"{""inflammatory"": [230]}",true,false,false,false,touches_cross_class_overlap
fold_2:patch_2259,2,2259,0,neoplastic,0,40,87,1,0,[2],[13],"{""connective_soft_tissue"": [13]}",true,false,false,false,touches_cross_class_overlap
fold_2:patch_2259,2,2259,2,connective_soft_tissue,2,13,193,1,0,[0],[40],"{""neoplastic"": [40]}",true,false,false,false,touches_cross_class_overlap
fold_2:patch_2260,2,2260,0,neoplastic,0,451,297,1,0,[2],[462],"{""connective_soft_tissue"": [462]}",true,false,false,false,touches_cross_class_overlap
fold_2:patch_2260,2,2260,2,connective_soft_tissue,2,462,366,1,0,[0],[451],"{""neoplastic"": [451]}",true,false,false,false,touches_cross_class_overlap
fold_2:patch_2272,2,2272,1,inflammatory,1,74,569,6,0,[2],[43],"{""connective_soft_tissue"": [43]}",true,false,false,false,touches_cross_class_overlap
fold_2:patch_2272,2,2272,1,inflammatory,1,175,340,6,0,[2],[198],"{""connective_soft_tissue"": [198]}",true,false,false,false,touches_cross_class_overlap
fold_2:patch_2272,2,2272,2,connective_soft_tissue,2,43,545,6,0,[1],[74],"{""inflammatory"": [74]}",true,false,false,false,touches_cross_class_overlap
fold_2:patch_2272,2,2272,2,connective_soft_tissue,2,198,398,6,0,[1],[175],"{""inflammatory"": [175]}",true,false,false,false,touches_cross_class_overlap
fold_2:patch_2273,2,2273,1,inflammatory,1,429,437,1,0,[2],[399],"{""connective_soft_tissue"": [399]}",true,false,false,false,touches_cross_class_overlap
fold_2:patch_2273,2,2273,1,inflammatory,1,496,332,5,0,[2],[483],"{""connective_soft_tissue"": [483]}",true,false,false,false,touches_cross_class_overlap
fold_2:patch_2273,2,2273,1,inflammatory,1,523,409,28,0,[2],[1416],"{""connective_soft_tissue"": [1416]}",true,false,false,false,touches_cross_class_overlap
fold_2:patch_2273,2,2273,1,inflammatory,1,544,291,5,0,[2],[501],"{""connective_soft_tissue"": [501]}",true,false,false,false,touches_cross_class_overlap
fold_2:patch_2273,2,2273,1,inflammatory,1,602,196,7,0,[2],[590],"{""connective_soft_tissue"": [590]}",true,false,false,false,touches_cross_class_overlap
fold_2:patch_2273,2,2273,1,inflammatory,1,607,526,1,0,[2],[597],"{""connective_soft_tissue"": [597]}",true,false,false,false,touches_cross_class_overlap
fold_2:patch_2273,2,2273,2,connective_soft_tissue,2,399,347,1,0,[1],[429],"{""inflammatory"": [429]}",true,false,false,false,touches_cross_class_overlap
fold_2:patch_2273,2,2273,2,connective_soft_tissue,2,483,521,5,0,[1],[496],"{""inflammatory"": [496]}",true,false,false,false,touches_cross_class_overlap
fold_2:patch_2273,2,2273,2,connective_soft_tissue,2,501,524,5,0,[1],[544],"{""inflammatory"": [544]}",true,false,false,false,touches_cross_class_overlap
fold_2:patch_2273,2,2273,2,connective_soft_tissue,2,590,447,7,0,[1],[602],"{""inflammatory"": [602]}",true,false,false,false,touches_cross_class_overlap
fold_2:patch_2273,2,2273,2,connective_soft_tissue,2,597,213,1,0,[1],[607],"{""inflammatory"": [607]}",true,false,false,false,touches_cross_class_overlap
fold_2:patch_2273,2,2273,2,connective_soft_tissue,2,1416,298,28,0,[1],[523],"{""inflammatory"": [523]}",true,false,false,false,touches_cross_class_overlap
fold_2:patch_2274,2,2274,1,inflammatory,1,1023,448,2,0,[2],[1050],"{""connective_soft_tissue"": [1050]}",true,false,false,false,touches_cross_class_overlap
fold_2:patch_2274,2,2274,2,connective_soft_tissue,2,1050,62,2,0,[1],[1023],"{""inflammatory"": [1023]}",true,false,false,false,touches_cross_class_overlap
fold_2:patch_2275,2,2275,1,inflammatory,1,1073,341,1,0,[2],[1059],"{""connective_soft_tissue"": [1059]}",true,false,false,false,touches_cross_class_overlap
fold_2:patch_2275,2,2275,1,inflammatory,1,1337,301,3,0,[2],[1347],"{""connective_soft_tissue"": [1347]}",true,false,false,false,touches_cross_class_overlap
fold_2:patch_2275,2,2275,2,connective_soft_tissue,2,1059,313,1,0,[1],[1073],"{""inflammatory"": [1073]}",true,false,false,false,touches_cross_class_overlap
fold_2:patch_2275,2,2275,2,connective_soft_tissue,2,1347,635,3,0,[1],[1337],"{""inflammatory"": [1337]}",true,false,false,false,touches_cross_class_overlap
fold_2:patch_2276,2,2276,1,inflammatory,1,1043,136,1,0,[2],[1060],"{""connective_soft_tissue"": [1060]}",true,false,false,false,touches_cross_class_overlap
fold_2:patch_2276,2,2276,1,inflammatory,1,1067,1129,6,0,[2],[1114],"{""connective_soft_tissue"": [1114]}",true,false,false,false,touches_cross_class_overlap
fold_2:patch_2276,2,2276,1,inflammatory,1,1376,272,15,0,[2],[1388],"{""connective_soft_tissue"": [1388]}",true,false,false,false,touches_cross_class_overlap
fold_2:patch_2276,2,2276,2,connective_soft_tissue,2,1060,281,1,0,[1],[1043],"{""inflammatory"": [1043]}",true,false,false,false,touches_cross_class_overlap
fold_2:patch_2276,2,2276,2,connective_soft_tissue,2,1114,241,6,0,[1],[1067],"{""inflammatory"": [1067]}",true,false,false,false,touches_cross_class_overlap
fold_2:patch_2276,2,2276,2,connective_soft_tissue,2,1388,165,15,0,[1],[1376],"{""inflammatory"": [1376]}",true,false,false,false,touches_cross_class_overlap
fold_2:patch_2277,2,2277,1,inflammatory,1,1195,392,3,0,[2],[1155],"{""connective_soft_tissue"": [1155]}",true,false,false,false,touches_cross_class_overlap
fold_2:patch_2277,2,2277,2,connective_soft_tissue,2,1155,854,3,0,[1],[1195],"{""inflammatory"": [1195]}",true,false,false,false,touches_cross_class_overlap
fold_2:patch_2285,2,2285,0,neoplastic,0,184,277,1,0,[1],[188],"{""inflammatory"": [188]}",true,false,false,false,touches_cross_class_overlap
fold_2:patch_2285,2,2285,1,inflammatory,1,188,105,1,0,[0],[184],"{""neoplastic"": [184]}",true,false,false,false,touches_cross_class_overlap
fold_2:patch_2300,2,2300,0,neoplastic,0,147,1449,6,0,[2],[152],"{""connective_soft_tissue"": [152]}",true,false,false,false,touches_cross_class_overlap
fold_2:patch_2300,2,2300,2,connective_soft_tissue,2,152,495,6,0,[0],[147],"{""neoplastic"": [147]}",true,false,false,false,touches_cross_class_overlap
fold_2:patch_2303,2,2303,0,neoplastic,0,45,378,2,0,[1],[36],"{""inflammatory"": [36]}",true,false,false,false,touches_cross_class_overlap
fold_2:patch_2303,2,2303,1,inflammatory,1,36,473,2,0,[0],[45],"{""neoplastic"": [45]}",true,false,false,false,touches_cross_class_overlap
fold_2:patch_2306,2,2306,0,neoplastic,0,328,684,5,0,[1],[332],"{""inflammatory"": [332]}",true,false,false,false,touches_cross_class_overlap
fold_2:patch_2306,2,2306,1,inflammatory,1,332,125,5,0,[0],[328],"{""neoplastic"": [328]}",true,false,false,false,touches_cross_class_overlap
fold_2:patch_2327,2,2327,0,neoplastic,0,488,256,2,0,[1],[490],"{""inflammatory"": [490]}",true,false,false,false,touches_cross_class_overlap
fold_2:patch_2327,2,2327,1,inflammatory,1,490,536,2,0,[0],[488],"{""neoplastic"": [488]}",true,false,false,false,touches_cross_class_overlap
fold_2:patch_2332,2,2332,0,neoplastic,0,239,344,2,0,[1],[241],"{""inflammatory"": [241]}",true,false,false,false,touches_cross_class_overlap
fold_2:patch_2332,2,2332,1,inflammatory,1,241,297,2,0,[0],[239],"{""neoplastic"": [239]}",true,false,false,false,touches_cross_class_overlap
fold_2:patch_2333,2,2333,0,neoplastic,0,166,147,3,0,[1],[154],"{""inflammatory"": [154]}",true,false,false,false,touches_cross_class_overlap
fold_2:patch_2333,2,2333,1,inflammatory,1,154,195,3,0,[0],[166],"{""neoplastic"": [166]}",true,false,false,false,touches_cross_class_overlap
fold_2:patch_2342,2,2342,0,neoplastic,0,232,361,6,0,[2],[245],"{""connective_soft_tissue"": [245]}",true,false,false,false,touches_cross_class_overlap
fold_2:patch_2342,2,2342,2,connective_soft_tissue,2,245,1031,6,0,[0],[232],"{""neoplastic"": [232]}",true,false,false,false,touches_cross_class_overlap
fold_2:patch_2353,2,2353,0,neoplastic,0,167,609,5,0,[1],[177],"{""inflammatory"": [177]}",true,false,false,false,touches_cross_class_overlap
fold_2:patch_2353,2,2353,1,inflammatory,1,177,522,5,0,[0],[167],"{""neoplastic"": [167]}",true,false,false,false,touches_cross_class_overlap
fold_2:patch_2354,2,2354,1,inflammatory,1,530,199,1,0,[3],[538],"{""dead"": [538]}",true,false,false,false,touches_cross_class_overlap
fold_2:patch_2354,2,2354,3,dead,3,538,206,1,0,[1],[530],"{""inflammatory"": [530]}",true,false,false,false,touches_cross_class_overlap
fold_2:patch_2377,2,2377,0,neoplastic,0,894,567,8,0,[1],[880],"{""inflammatory"": [880]}",true,false,false,false,touches_cross_class_overlap
fold_2:patch_2377,2,2377,1,inflammatory,1,844,317,1,0,[2],[864],"{""connective_soft_tissue"": [864]}",true,false,false,false,touches_cross_class_overlap
fold_2:patch_2377,2,2377,1,inflammatory,1,880,725,8,0,[0],[894],"{""neoplastic"": [894]}",true,false,false,false,touches_cross_class_overlap
fold_2:patch_2377,2,2377,2,connective_soft_tissue,2,864,204,1,0,[1],[844],"{""inflammatory"": [844]}",true,false,false,false,touches_cross_class_overlap
fold_2:patch_2390,2,2390,2,connective_soft_tissue,2,175,286,11,0,[4],[169],"{""non_neoplastic_epithelial"": [169]}",true,false,false,false,touches_cross_class_overlap
fold_2:patch_2390,2,2390,4,non_neoplastic_epithelial,4,169,801,11,0,[2],[175],"{""connective_soft_tissue"": [175]}",true,false,false,false,touches_cross_class_overlap
fold_2:patch_2404,2,2404,2,connective_soft_tissue,2,206,565,5,0,[4],[209],"{""non_neoplastic_epithelial"": [209]}",true,false,false,false,touches_cross_class_overlap
fold_2:patch_2404,2,2404,4,non_neoplastic_epithelial,4,209,533,5,0,[2],[206],"{""connective_soft_tissue"": [206]}",true,false,false,false,touches_cross_class_overlap
fold_2:patch_2406,2,2406,1,inflammatory,1,309,587,2,0,[2],[303],"{""connective_soft_tissue"": [303]}",true,false,false,false,touches_cross_class_overlap
fold_2:patch_2406,2,2406,2,connective_soft_tissue,2,303,387,2,0,[1],[309],"{""inflammatory"": [309]}",true,false,false,false,touches_cross_class_overlap
fold_2:patch_2409,2,2409,0,neoplastic,0,166,537,5,0,[2],[163],"{""connective_soft_tissue"": [163]}",true,false,false,false,touches_cross_class_overlap
fold_2:patch_2409,2,2409,2,connective_soft_tissue,2,163,577,5,0,[0],[166],"{""neoplastic"": [166]}",true,false,false,false,touches_cross_class_overlap
fold_2:patch_2418,2,2418,0,neoplastic,0,259,111,3,0,[1],[255],"{""inflammatory"": [255]}",true,false,false,false,touches_cross_class_overlap
fold_2:patch_2418,2,2418,1,inflammatory,1,255,316,3,0,[0],[259],"{""neoplastic"": [259]}",true,false,false,false,touches_cross_class_overlap
fold_2:patch_2423,2,2423,2,connective_soft_tissue,2,83,391,3,0,[4],[95],"{""non_neoplastic_epithelial"": [95]}",true,false,false,false,touches_cross_class_overlap
fold_2:patch_2423,2,2423,4,non_neoplastic_epithelial,4,95,354,3,0,[2],[83],"{""connective_soft_tissue"": [83]}",true,false,false,false,touches_cross_class_overlap
fold_2:patch_2425,2,2425,1,inflammatory,1,201,442,6,0,[4],[190],"{""non_neoplastic_epithelial"": [190]}",true,false,false,false,touches_cross_class_overlap
fold_2:patch_2425,2,2425,4,non_neoplastic_epithelial,4,190,376,6,0,[1],[201],"{""inflammatory"": [201]}",true,false,false,false,touches_cross_class_overlap
fold_3:patch_77,3,77,1,inflammatory,1,22,526,3,0,[4],[19],"{""non_neoplastic_epithelial"": [19]}",true,false,false,false,touches_cross_class_overlap
fold_3:patch_77,3,77,4,non_neoplastic_epithelial,4,19,348,3,0,[1],[22],"{""inflammatory"": [22]}",true,false,false,false,touches_cross_class_overlap
fold_3:patch_103,3,103,1,inflammatory,1,35,426,1,0,[2],[34],"{""connective_soft_tissue"": [34]}",true,false,false,false,touches_cross_class_overlap
fold_3:patch_103,3,103,2,connective_soft_tissue,2,34,735,1,0,[1],[35],"{""inflammatory"": [35]}",true,false,false,false,touches_cross_class_overlap
fold_3:patch_109,3,109,1,inflammatory,1,356,285,26,0,[4],[365],"{""non_neoplastic_epithelial"": [365]}",true,false,false,false,touches_cross_class_overlap
fold_3:patch_109,3,109,4,non_neoplastic_epithelial,4,365,295,26,0,[1],[356],"{""inflammatory"": [356]}",true,false,false,false,touches_cross_class_overlap
fold_3:patch_163,3,163,1,inflammatory,1,96,287,6,0,[2],[87],"{""connective_soft_tissue"": [87]}",true,false,false,false,touches_cross_class_overlap
fold_3:patch_163,3,163,2,connective_soft_tissue,2,87,313,6,0,[1],[96],"{""inflammatory"": [96]}",true,false,false,false,touches_cross_class_overlap
fold_3:patch_175,3,175,1,inflammatory,1,431,540,4,0,[4],[401],"{""non_neoplastic_epithelial"": [401]}",true,false,false,false,touches_cross_class_overlap
fold_3:patch_175,3,175,4,non_neoplastic_epithelial,4,401,476,4,0,[1],[431],"{""inflammatory"": [431]}",true,false,false,false,touches_cross_class_overlap
fold_3:patch_222,3,222,1,inflammatory,1,289,207,6,0,[4],[305],"{""non_neoplastic_epithelial"": [305]}",true,false,false,false,touches_cross_class_overlap
fold_3:patch_222,3,222,4,non_neoplastic_epithelial,4,305,480,6,0,[1],[289],"{""inflammatory"": [289]}",true,false,false,false,touches_cross_class_overlap
fold_3:patch_240,3,240,1,inflammatory,1,51,219,3,0,[2],[31],"{""connective_soft_tissue"": [31]}",true,false,false,false,touches_cross_class_overlap
fold_3:patch_240,3,240,2,connective_soft_tissue,2,31,613,3,0,[1],[51],"{""inflammatory"": [51]}",true,false,false,false,touches_cross_class_overlap
fold_3:patch_241,3,241,1,inflammatory,1,315,266,6,0,[2],[324],"{""connective_soft_tissue"": [324]}",true,false,false,false,touches_cross_class_overlap
fold_3:patch_241,3,241,2,connective_soft_tissue,2,324,327,6,0,[1],[315],"{""inflammatory"": [315]}",true,false,false,false,touches_cross_class_overlap
fold_3:patch_252,3,252,1,inflammatory,1,337,272,4,0,[2],[346],"{""connective_soft_tissue"": [346]}",true,false,false,false,touches_cross_class_overlap
fold_3:patch_252,3,252,2,connective_soft_tissue,2,346,306,4,0,[1],[337],"{""inflammatory"": [337]}",true,false,false,false,touches_cross_class_overlap
fold_3:patch_253,3,253,1,inflammatory,1,450,319,6,0,[2],[444],"{""connective_soft_tissue"": [444]}",true,false,false,false,touches_cross_class_overlap
fold_3:patch_253,3,253,2,connective_soft_tissue,2,444,386,6,0,[1],[450],"{""inflammatory"": [450]}",true,false,false,false,touches_cross_class_overlap
fold_3:patch_268,3,268,0,neoplastic,0,91,167,2,0,[2],[109],"{""connective_soft_tissue"": [109]}",true,false,false,false,touches_cross_class_overlap
fold_3:patch_268,3,268,2,connective_soft_tissue,2,109,940,2,0,[0],[91],"{""neoplastic"": [91]}",true,false,false,false,touches_cross_class_overlap
fold_3:patch_279,3,279,1,inflammatory,1,227,350,6,0,[2],[228],"{""connective_soft_tissue"": [228]}",true,false,false,false,touches_cross_class_overlap
fold_3:patch_279,3,279,2,connective_soft_tissue,2,228,310,6,0,[1],[227],"{""inflammatory"": [227]}",true,false,false,false,touches_cross_class_overlap
fold_3:patch_322,3,322,1,inflammatory,1,173,642,1,0,[2],[165],"{""connective_soft_tissue"": [165]}",true,false,false,false,touches_cross_class_overlap
fold_3:patch_322,3,322,2,connective_soft_tissue,2,165,546,1,0,[1],[173],"{""inflammatory"": [173]}",true,false,false,false,touches_cross_class_overlap
fold_3:patch_390,3,390,1,inflammatory,1,59,531,13,0,[2],[55],"{""connective_soft_tissue"": [55]}",true,false,false,false,touches_cross_class_overlap
fold_3:patch_390,3,390,2,connective_soft_tissue,2,55,734,13,0,[1],[59],"{""inflammatory"": [59]}",true,false,false,false,touches_cross_class_overlap
fold_3:patch_400,3,400,0,neoplastic,0,61,583,2,0,[1],[59],"{""inflammatory"": [59]}",true,false,false,false,touches_cross_class_overlap
fold_3:patch_400,3,400,1,inflammatory,1,59,290,2,0,[0],[61],"{""neoplastic"": [61]}",true,false,false,false,touches_cross_class_overlap
fold_3:patch_433,3,433,0,neoplastic,0,130,2556,1,0,[2],[131],"{""connective_soft_tissue"": [131]}",true,false,false,false,touches_cross_class_overlap
fold_3:patch_433,3,433,2,connective_soft_tissue,2,131,1692,1,0,[0],[130],"{""neoplastic"": [130]}",true,false,false,false,touches_cross_class_overlap
fold_3:patch_438,3,438,0,neoplastic,0,15,1080,17,0,[1],[23],"{""inflammatory"": [23]}",true,false,false,false,touches_cross_class_overlap
fold_3:patch_438,3,438,1,inflammatory,1,23,302,17,0,[0],[15],"{""neoplastic"": [15]}",true,false,false,false,touches_cross_class_overlap
fold_3:patch_438,3,438,1,inflammatory,1,51,253,5,0,[2],[46],"{""connective_soft_tissue"": [46]}",true,false,false,false,touches_cross_class_overlap
fold_3:patch_438,3,438,2,connective_soft_tissue,2,46,482,5,0,[1],[51],"{""inflammatory"": [51]}",true,false,false,false,touches_cross_class_overlap
fold_3:patch_440,3,440,1,inflammatory,1,203,170,6,0,[2],[202],"{""connective_soft_tissue"": [202]}",true,false,false,false,touches_cross_class_overlap
fold_3:patch_440,3,440,2,connective_soft_tissue,2,202,172,6,0,[1],[203],"{""inflammatory"": [203]}",true,false,false,false,touches_cross_class_overlap
fold_3:patch_484,3,484,1,inflammatory,1,35,366,1,0,[2],[350],"{""connective_soft_tissue"": [350]}",true,false,false,false,touches_cross_class_overlap
fold_3:patch_484,3,484,2,connective_soft_tissue,2,350,403,1,0,[1],[35],"{""inflammatory"": [35]}",true,false,false,false,touches_cross_class_overlap
fold_3:patch_492,3,492,1,inflammatory,1,215,350,8,0,[2],[211],"{""connective_soft_tissue"": [211]}",true,false,false,false,touches_cross_class_overlap
fold_3:patch_492,3,492,2,connective_soft_tissue,2,211,700,8,0,[1],[215],"{""inflammatory"": [215]}",true,false,false,false,touches_cross_class_overlap
fold_3:patch_515,3,515,0,neoplastic,0,197,814,4,0,[1],[204],"{""inflammatory"": [204]}",true,false,false,false,touches_cross_class_overlap
fold_3:patch_515,3,515,0,neoplastic,0,209,502,4,0,[1],[222],"{""inflammatory"": [222]}",true,false,false,false,touches_cross_class_overlap
fold_3:patch_515,3,515,1,inflammatory,1,141,1086,19,0,[2],[133],"{""connective_soft_tissue"": [133]}",true,false,false,false,touches_cross_class_overlap
fold_3:patch_515,3,515,1,inflammatory,1,204,533,4,0,[0],[197],"{""neoplastic"": [197]}",true,false,false,false,touches_cross_class_overlap
fold_3:patch_515,3,515,1,inflammatory,1,222,285,4,0,[0],[209],"{""neoplastic"": [209]}",true,false,false,false,touches_cross_class_overlap
fold_3:patch_515,3,515,2,connective_soft_tissue,2,133,1835,19,0,[1],[141],"{""inflammatory"": [141]}",true,false,false,false,touches_cross_class_overlap
fold_3:patch_518,3,518,0,neoplastic,0,306,1069,1,0,[1],[327],"{""inflammatory"": [327]}",true,false,false,false,touches_cross_class_overlap
fold_3:patch_518,3,518,1,inflammatory,1,327,357,1,0,[0],[306],"{""neoplastic"": [306]}",true,false,false,false,touches_cross_class_overlap
fold_3:patch_522,3,522,0,neoplastic,0,353,404,11,0,[2],[275],"{""connective_soft_tissue"": [275]}",true,false,false,false,touches_cross_class_overlap
fold_3:patch_522,3,522,2,connective_soft_tissue,2,275,371,11,0,[0],[353],"{""neoplastic"": [353]}",true,false,false,false,touches_cross_class_overlap
fold_3:patch_582,3,582,2,connective_soft_tissue,2,69,303,7,0,[3],[79],"{""dead"": [79]}",true,false,false,false,touches_cross_class_overlap
fold_3:patch_582,3,582,3,dead,3,79,150,7,0,[2],[69],"{""connective_soft_tissue"": [69]}",true,false,false,false,touches_cross_class_overlap
fold_3:patch_621,3,621,1,inflammatory,1,120,492,15,0,[2],[126],"{""connective_soft_tissue"": [126]}",true,false,false,false,touches_cross_class_overlap
fold_3:patch_621,3,621,2,connective_soft_tissue,2,126,1024,15,0,[1],[120],"{""inflammatory"": [120]}",true,false,false,false,touches_cross_class_overlap
fold_3:patch_631,3,631,1,inflammatory,1,346,499,12,0,[2],[245],"{""connective_soft_tissue"": [245]}",true,false,false,false,touches_cross_class_overlap
fold_3:patch_631,3,631,2,connective_soft_tissue,2,245,673,12,0,[1],[346],"{""inflammatory"": [346]}",true,false,false,false,touches_cross_class_overlap
fold_3:patch_660,3,660,0,neoplastic,0,128,435,5,0,[2],[131],"{""connective_soft_tissue"": [131]}",true,false,false,false,touches_cross_class_overlap
fold_3:patch_660,3,660,2,connective_soft_tissue,2,131,560,5,0,[0],[128],"{""neoplastic"": [128]}",true,false,false,false,touches_cross_class_overlap
fold_3:patch_685,3,685,0,neoplastic,0,62,583,1,0,[2],[71],"{""connective_soft_tissue"": [71]}",true,false,false,false,touches_cross_class_overlap
fold_3:patch_685,3,685,2,connective_soft_tissue,2,71,1677,1,0,[0],[62],"{""neoplastic"": [62]}",true,false,false,false,touches_cross_class_overlap
fold_3:patch_706,3,706,1,inflammatory,1,189,290,2,0,[2],[179],"{""connective_soft_tissue"": [179]}",true,false,false,false,touches_cross_class_overlap
fold_3:patch_706,3,706,2,connective_soft_tissue,2,179,1141,2,0,[1],[189],"{""inflammatory"": [189]}",true,false,false,false,touches_cross_class_overlap
fold_3:patch_732,3,732,1,inflammatory,1,7,116,13,0,[2],[8],"{""connective_soft_tissue"": [8]}",true,false,false,false,touches_cross_class_overlap
fold_3:patch_732,3,732,2,connective_soft_tissue,2,8,595,13,0,[1],[7],"{""inflammatory"": [7]}",true,false,false,false,touches_cross_class_overlap
fold_3:patch_737,3,737,0,neoplastic,0,294,331,3,0,[1],[297],"{""inflammatory"": [297]}",true,false,false,false,touches_cross_class_overlap
fold_3:patch_737,3,737,1,inflammatory,1,297,236,3,0,[0],[294],"{""neoplastic"": [294]}",true,false,false,false,touches_cross_class_overlap
fold_3:patch_745,3,745,1,inflammatory,1,221,238,1,0,[2],[209],"{""connective_soft_tissue"": [209]}",true,false,false,false,touches_cross_class_overlap
fold_3:patch_745,3,745,2,connective_soft_tissue,2,209,486,1,0,[1],[221],"{""inflammatory"": [221]}",true,false,false,false,touches_cross_class_overlap
fold_3:patch_760,3,760,1,inflammatory,1,776,262,1,0,[2],[761],"{""connective_soft_tissue"": [761]}",true,false,false,false,touches_cross_class_overlap
fold_3:patch_760,3,760,1,inflammatory,1,889,305,3,0,[2],[872],"{""connective_soft_tissue"": [872]}",true,false,false,false,touches_cross_class_overlap
fold_3:patch_760,3,760,2,connective_soft_tissue,2,761,155,1,0,[1],[776],"{""inflammatory"": [776]}",true,false,false,false,touches_cross_class_overlap
fold_3:patch_760,3,760,2,connective_soft_tissue,2,872,362,3,0,[1],[889],"{""inflammatory"": [889]}",true,false,false,false,touches_cross_class_overlap
fold_3:patch_802,3,802,1,inflammatory,1,65,256,5,0,[2],[76],"{""connective_soft_tissue"": [76]}",true,false,false,false,touches_cross_class_overlap
fold_3:patch_802,3,802,2,connective_soft_tissue,2,76,658,5,0,[1],[65],"{""inflammatory"": [65]}",true,false,false,false,touches_cross_class_overlap
fold_3:patch_804,3,804,1,inflammatory,1,336,202,4,0,[2],[353],"{""connective_soft_tissue"": [353]}",true,false,false,false,touches_cross_class_overlap
fold_3:patch_804,3,804,2,connective_soft_tissue,2,353,549,4,0,[1],[336],"{""inflammatory"": [336]}",true,false,false,false,touches_cross_class_overlap
fold_3:patch_809,3,809,1,inflammatory,1,164,237,1,0,[2],[159],"{""connective_soft_tissue"": [159]}",true,false,false,false,touches_cross_class_overlap
fold_3:patch_809,3,809,2,connective_soft_tissue,2,159,422,1,0,[1],[164],"{""inflammatory"": [164]}",true,false,false,false,touches_cross_class_overlap
fold_3:patch_811,3,811,0,neoplastic,0,194,202,3,0,[1],[197],"{""inflammatory"": [197]}",true,false,false,false,touches_cross_class_overlap
fold_3:patch_811,3,811,1,inflammatory,1,197,259,3,0,[0],[194],"{""neoplastic"": [194]}",true,false,false,false,touches_cross_class_overlap
fold_3:patch_812,3,812,0,neoplastic,0,242,266,2,0,[1],[241],"{""inflammatory"": [241]}",true,false,false,false,touches_cross_class_overlap
fold_3:patch_812,3,812,1,inflammatory,1,241,189,2,0,[0],[242],"{""neoplastic"": [242]}",true,false,false,false,touches_cross_class_overlap
fold_3:patch_820,3,820,0,neoplastic,0,84,1199,3,0,[2],[63],"{""connective_soft_tissue"": [63]}",true,false,false,false,touches_cross_class_overlap
fold_3:patch_820,3,820,2,connective_soft_tissue,2,63,881,3,0,[0],[84],"{""neoplastic"": [84]}",true,false,false,false,touches_cross_class_overlap
fold_3:patch_825,3,825,0,neoplastic,0,18,197,1,0,[2],[24],"{""connective_soft_tissue"": [24]}",true,false,false,false,touches_cross_class_overlap
fold_3:patch_825,3,825,2,connective_soft_tissue,2,24,790,1,0,[0],[18],"{""neoplastic"": [18]}",true,false,false,false,touches_cross_class_overlap
fold_3:patch_827,3,827,1,inflammatory,1,261,303,2,0,[2],[267],"{""connective_soft_tissue"": [267]}",true,false,false,false,touches_cross_class_overlap
fold_3:patch_827,3,827,2,connective_soft_tissue,2,267,239,2,0,[1],[261],"{""inflammatory"": [261]}",true,false,false,false,touches_cross_class_overlap
fold_3:patch_865,3,865,0,neoplastic,0,182,781,2,0,[2],[192],"{""connective_soft_tissue"": [192]}",true,false,false,false,touches_cross_class_overlap
fold_3:patch_865,3,865,2,connective_soft_tissue,2,192,664,2,0,[0],[182],"{""neoplastic"": [182]}",true,false,false,false,touches_cross_class_overlap
fold_3:patch_889,3,889,1,inflammatory,1,771,96,5,0,[2],[772],"{""connective_soft_tissue"": [772]}",true,false,false,false,touches_cross_class_overlap
fold_3:patch_889,3,889,1,inflammatory,1,953,62,4,0,[2],[942],"{""connective_soft_tissue"": [942]}",true,false,false,false,touches_cross_class_overlap
fold_3:patch_889,3,889,2,connective_soft_tissue,2,772,135,5,0,[1],[771],"{""inflammatory"": [771]}",true,false,false,false,touches_cross_class_overlap
fold_3:patch_889,3,889,2,connective_soft_tissue,2,942,97,4,0,[1],[953],"{""inflammatory"": [953]}",true,false,false,false,touches_cross_class_overlap
fold_3:patch_890,3,890,1,inflammatory,1,215,271,1,0,[2],[210],"{""connective_soft_tissue"": [210]}",true,false,false,false,touches_cross_class_overlap
fold_3:patch_890,3,890,2,connective_soft_tissue,2,210,205,1,0,[1],[215],"{""inflammatory"": [215]}",true,false,false,false,touches_cross_class_overlap
fold_3:patch_891,3,891,1,inflammatory,1,154,215,3,0,[2],[160],"{""connective_soft_tissue"": [160]}",true,false,false,false,touches_cross_class_overlap
fold_3:patch_891,3,891,2,connective_soft_tissue,2,160,628,3,0,[1],[154],"{""inflammatory"": [154]}",true,false,false,false,touches_cross_class_overlap
fold_3:patch_901,3,901,0,neoplastic,0,2198,1287,35,0,[2],[219],"{""connective_soft_tissue"": [219]}",true,false,false,false,touches_cross_class_overlap
fold_3:patch_901,3,901,2,connective_soft_tissue,2,219,459,35,0,[0],[2198],"{""neoplastic"": [2198]}",true,false,false,false,touches_cross_class_overlap
fold_3:patch_905,3,905,0,neoplastic,0,431,671,4,0,[2],[457],"{""connective_soft_tissue"": [457]}",true,false,false,false,touches_cross_class_overlap
fold_3:patch_905,3,905,0,neoplastic,0,459,854,4,0,[2],[457],"{""connective_soft_tissue"": [457]}",true,false,false,false,touches_cross_class_overlap
fold_3:patch_905,3,905,2,connective_soft_tissue,2,457,649,8,0,[0],"[431, 459]","{""neoplastic"": [431, 459]}",true,false,false,false,touches_cross_class_overlap
fold_3:patch_930,3,930,0,neoplastic,0,63,225,3,0,[3],[53],"{""dead"": [53]}",true,false,false,false,touches_cross_class_overlap
fold_3:patch_930,3,930,2,connective_soft_tissue,2,462,48,3,0,[3],[444],"{""dead"": [444]}",true,false,false,false,touches_cross_class_overlap
fold_3:patch_930,3,930,3,dead,3,53,223,3,0,[0],[63],"{""neoplastic"": [63]}",true,false,false,false,touches_cross_class_overlap
fold_3:patch_930,3,930,3,dead,3,444,87,3,0,[2],[462],"{""connective_soft_tissue"": [462]}",true,false,false,false,touches_cross_class_overlap
fold_3:patch_931,3,931,2,connective_soft_tissue,2,670,103,4,0,[3],[662],"{""dead"": [662]}",true,false,false,false,touches_cross_class_overlap
fold_3:patch_931,3,931,3,dead,3,662,155,4,0,[2],[670],"{""connective_soft_tissue"": [670]}",true,false,false,false,touches_cross_class_overlap
fold_3:patch_932,3,932,0,neoplastic,0,914,206,1,0,[3],[878],"{""dead"": [878]}",true,false,false,false,touches_cross_class_overlap
fold_3:patch_932,3,932,3,dead,3,878,128,1,0,[0],[914],"{""neoplastic"": [914]}",true,false,false,false,touches_cross_class_overlap
fold_3:patch_943,3,943,2,connective_soft_tissue,2,3420,64,4,0,[3],[3440],"{""dead"": [3440]}",true,false,false,false,touches_cross_class_overlap
fold_3:patch_943,3,943,3,dead,3,3440,234,4,0,[2],[3420],"{""connective_soft_tissue"": [3420]}",true,false,false,false,touches_cross_class_overlap
fold_3:patch_959,3,959,0,neoplastic,0,34,160,1,0,[1],[40],"{""inflammatory"": [40]}",true,false,false,false,touches_cross_class_overlap
fold_3:patch_959,3,959,0,neoplastic,0,46,263,1,0,[2],[39],"{""connective_soft_tissue"": [39]}",true,false,false,false,touches_cross_class_overlap
fold_3:patch_959,3,959,1,inflammatory,1,40,281,1,0,[0],[34],"{""neoplastic"": [34]}",true,false,false,false,touches_cross_class_overlap
fold_3:patch_959,3,959,2,connective_soft_tissue,2,39,291,1,0,[0],[46],"{""neoplastic"": [46]}",true,false,false,false,touches_cross_class_overlap
fold_3:patch_964,3,964,0,neoplastic,0,452,147,2,0,[2],[435],"{""connective_soft_tissue"": [435]}",true,false,false,false,touches_cross_class_overlap
fold_3:patch_964,3,964,2,connective_soft_tissue,2,435,55,2,0,[0],[452],"{""neoplastic"": [452]}",true,false,false,false,touches_cross_class_overlap
fold_3:patch_1005,3,1005,1,inflammatory,1,244,49,1,0,[2],[258],"{""connective_soft_tissue"": [258]}",true,false,false,false,touches_cross_class_overlap
fold_3:patch_1005,3,1005,1,inflammatory,1,348,72,1,0,[2],[338],"{""connective_soft_tissue"": [338]}",true,false,false,false,touches_cross_class_overlap
fold_3:patch_1005,3,1005,1,inflammatory,1,505,103,1,0,[2],[511],"{""connective_soft_tissue"": [511]}",true,false,false,false,touches_cross_class_overlap
fold_3:patch_1005,3,1005,2,connective_soft_tissue,2,258,96,1,0,[1],[244],"{""inflammatory"": [244]}",true,false,false,false,touches_cross_class_overlap
fold_3:patch_1005,3,1005,2,connective_soft_tissue,2,338,93,1,0,[1],[348],"{""inflammatory"": [348]}",true,false,false,false,touches_cross_class_overlap
fold_3:patch_1005,3,1005,2,connective_soft_tissue,2,511,68,1,0,[1],[505],"{""inflammatory"": [505]}",true,false,false,false,touches_cross_class_overlap
fold_3:patch_1007,3,1007,1,inflammatory,1,2144,80,1,0,[2],[2163],"{""connective_soft_tissue"": [2163]}",true,false,false,false,touches_cross_class_overlap
fold_3:patch_1007,3,1007,1,inflammatory,1,2284,49,2,0,[2],[2271],"{""connective_soft_tissue"": [2271]}",true,false,false,false,touches_cross_class_overlap
fold_3:patch_1007,3,1007,2,connective_soft_tissue,2,2163,61,1,0,[1],[2144],"{""inflammatory"": [2144]}",true,false,false,false,touches_cross_class_overlap
fold_3:patch_1007,3,1007,2,connective_soft_tissue,2,2271,32,2,0,[1],[2284],"{""inflammatory"": [2284]}",true,false,false,false,touches_cross_class_overlap
fold_3:patch_1017,3,1017,0,neoplastic,0,61,304,10,0,[2],[69],"{""connective_soft_tissue"": [69]}",true,false,false,false,touches_cross_class_overlap
fold_3:patch_1017,3,1017,2,connective_soft_tissue,2,69,1020,10,0,[0],[61],"{""neoplastic"": [61]}",true,false,false,false,touches_cross_class_overlap
fold_3:patch_1057,3,1057,0,neoplastic,0,157,815,1,0,[2],[173],"{""connective_soft_tissue"": [173]}",true,false,false,false,touches_cross_class_overlap
fold_3:patch_1057,3,1057,2,connective_soft_tissue,2,173,821,1,0,[0],[157],"{""neoplastic"": [157]}",true,false,false,false,touches_cross_class_overlap
fold_3:patch_1058,3,1058,0,neoplastic,0,51,1283,3,0,[2],[71],"{""connective_soft_tissue"": [71]}",true,false,false,false,touches_cross_class_overlap
fold_3:patch_1058,3,1058,2,connective_soft_tissue,2,71,894,3,0,[0],[51],"{""neoplastic"": [51]}",true,false,false,false,touches_cross_class_overlap
fold_3:patch_1068,3,1068,0,neoplastic,0,1023,612,3,0,[2],[1047],"{""connective_soft_tissue"": [1047]}",true,false,false,false,touches_cross_class_overlap
fold_3:patch_1068,3,1068,2,connective_soft_tissue,2,1047,55,3,0,[0],[1023],"{""neoplastic"": [1023]}",true,false,false,false,touches_cross_class_overlap
fold_3:patch_1069,3,1069,0,neoplastic,0,885,1772,5,0,[2],[872],"{""connective_soft_tissue"": [872]}",true,false,false,false,touches_cross_class_overlap
fold_3:patch_1069,3,1069,2,connective_soft_tissue,2,872,447,5,0,[0],[885],"{""neoplastic"": [885]}",true,false,false,false,touches_cross_class_overlap
fold_3:patch_1074,3,1074,0,neoplastic,0,1433,1175,7,0,[2],[1448],"{""connective_soft_tissue"": [1448]}",true,false,false,false,touches_cross_class_overlap
fold_3:patch_1074,3,1074,0,neoplastic,0,1459,804,7,0,[2],[1448],"{""connective_soft_tissue"": [1448]}",true,false,false,false,touches_cross_class_overlap
fold_3:patch_1074,3,1074,2,connective_soft_tissue,2,1448,768,14,0,[0],"[1433, 1459]","{""neoplastic"": [1433, 1459]}",true,false,false,false,touches_cross_class_overlap
fold_3:patch_1098,3,1098,0,neoplastic,0,543,369,9,0,[2],[537],"{""connective_soft_tissue"": [537]}",true,false,false,false,touches_cross_class_overlap
fold_3:patch_1098,3,1098,2,connective_soft_tissue,2,537,230,9,0,[0],[543],"{""neoplastic"": [543]}",true,false,false,false,touches_cross_class_overlap
fold_3:patch_1119,3,1119,0,neoplastic,0,324,1241,12,0,[2],[321],"{""connective_soft_tissue"": [321]}",true,false,false,false,touches_cross_class_overlap
fold_3:patch_1119,3,1119,2,connective_soft_tissue,2,321,29,12,0,[0],[324],"{""neoplastic"": [324]}",true,false,false,false,touches_cross_class_overlap
fold_3:patch_1154,3,1154,1,inflammatory,1,216,265,6,0,[2],[597],"{""connective_soft_tissue"": [597]}",true,false,false,false,touches_cross_class_overlap
fold_3:patch_1154,3,1154,2,connective_soft_tissue,2,597,674,6,0,[1],[216],"{""inflammatory"": [216]}",true,false,false,false,touches_cross_class_overlap
fold_3:patch_1160,3,1160,0,neoplastic,0,423,770,2,0,[2],[422],"{""connective_soft_tissue"": [422]}",true,false,false,false,touches_cross_class_overlap
fold_3:patch_1160,3,1160,2,connective_soft_tissue,2,422,749,2,0,[0],[423],"{""neoplastic"": [423]}",true,false,false,false,touches_cross_class_overlap
fold_3:patch_1165,3,1165,2,connective_soft_tissue,2,108,239,10,0,[4],[14],"{""non_neoplastic_epithelial"": [14]}",true,false,false,false,touches_cross_class_overlap
fold_3:patch_1165,3,1165,4,non_neoplastic_epithelial,4,14,657,10,0,[2],[108],"{""connective_soft_tissue"": [108]}",true,false,false,false,touches_cross_class_overlap
fold_3:patch_1167,3,1167,1,inflammatory,1,130,608,1,0,[2],[134],"{""connective_soft_tissue"": [134]}",true,false,false,false,touches_cross_class_overlap
fold_3:patch_1167,3,1167,2,connective_soft_tissue,2,134,458,1,0,[1],[130],"{""inflammatory"": [130]}",true,false,false,false,touches_cross_class_overlap
fold_3:patch_1184,3,1184,0,neoplastic,0,700,192,6,0,[2],[781],"{""connective_soft_tissue"": [781]}",true,false,false,false,touches_cross_class_overlap
fold_3:patch_1184,3,1184,2,connective_soft_tissue,2,781,51,6,0,[0],[700],"{""neoplastic"": [700]}",true,false,false,false,touches_cross_class_overlap
fold_3:patch_1186,3,1186,2,connective_soft_tissue,2,34,472,6,0,[4],[36],"{""non_neoplastic_epithelial"": [36]}",true,false,false,false,touches_cross_class_overlap
fold_3:patch_1186,3,1186,4,non_neoplastic_epithelial,4,36,796,6,0,[2],[34],"{""connective_soft_tissue"": [34]}",true,false,false,false,touches_cross_class_overlap
fold_3:patch_1201,3,1201,1,inflammatory,1,742,123,2,0,[2],[744],"{""connective_soft_tissue"": [744]}",true,false,false,false,touches_cross_class_overlap
fold_3:patch_1201,3,1201,2,connective_soft_tissue,2,744,108,2,0,[1],[742],"{""inflammatory"": [742]}",true,false,false,false,touches_cross_class_overlap
fold_3:patch_1204,3,1204,1,inflammatory,1,126,359,4,0,[2],[125],"{""connective_soft_tissue"": [125]}",true,false,false,false,touches_cross_class_overlap
fold_3:patch_1204,3,1204,2,connective_soft_tissue,2,125,403,4,0,[1],[126],"{""inflammatory"": [126]}",true,false,false,false,touches_cross_class_overlap
fold_3:patch_1216,3,1216,1,inflammatory,1,310,262,4,0,[2],[311],"{""connective_soft_tissue"": [311]}",true,false,false,false,touches_cross_class_overlap
fold_3:patch_1216,3,1216,2,connective_soft_tissue,2,311,245,4,0,[1],[310],"{""inflammatory"": [310]}",true,false,false,false,touches_cross_class_overlap
fold_3:patch_1227,3,1227,0,neoplastic,0,599,255,9,0,[1],[609],"{""inflammatory"": [609]}",true,false,false,false,touches_cross_class_overlap
fold_3:patch_1227,3,1227,0,neoplastic,0,617,135,19,0,[1],[608],"{""inflammatory"": [608]}",true,false,false,false,touches_cross_class_overlap
fold_3:patch_1227,3,1227,1,inflammatory,1,608,315,19,0,[0],[617],"{""neoplastic"": [617]}",true,false,false,false,touches_cross_class_overlap
fold_3:patch_1227,3,1227,1,inflammatory,1,609,324,9,0,[0],[599],"{""neoplastic"": [599]}",true,false,false,false,touches_cross_class_overlap
fold_3:patch_1234,3,1234,1,inflammatory,1,903,341,6,0,[2],[901],"{""connective_soft_tissue"": [901]}",true,false,false,false,touches_cross_class_overlap
fold_3:patch_1234,3,1234,2,connective_soft_tissue,2,901,418,6,0,[1],[903],"{""inflammatory"": [903]}",true,false,false,false,touches_cross_class_overlap
fold_3:patch_1238,3,1238,0,neoplastic,0,493,432,2,0,[2],[478],"{""connective_soft_tissue"": [478]}",true,false,false,false,touches_cross_class_overlap
fold_3:patch_1238,3,1238,2,connective_soft_tissue,2,478,300,2,0,[0],[493],"{""neoplastic"": [493]}",true,false,false,false,touches_cross_class_overlap
fold_3:patch_1246,3,1246,0,neoplastic,0,1522,189,5,0,[1],[1531],"{""inflammatory"": [1531]}",true,false,false,false,touches_cross_class_overlap
fold_3:patch_1246,3,1246,1,inflammatory,1,1531,430,5,0,[0],[1522],"{""neoplastic"": [1522]}",true,false,false,false,touches_cross_class_overlap
fold_3:patch_1249,3,1249,0,neoplastic,0,97,689,7,0,[1],[850],"{""inflammatory"": [850]}",true,false,false,false,touches_cross_class_overlap
fold_3:patch_1249,3,1249,1,inflammatory,1,850,111,7,0,[0],[97],"{""neoplastic"": [97]}",true,false,false,false,touches_cross_class_overlap
fold_3:patch_1251,3,1251,0,neoplastic,0,153,1046,5,0,[2],[168],"{""connective_soft_tissue"": [168]}",true,false,false,false,touches_cross_class_overlap
fold_3:patch_1251,3,1251,2,connective_soft_tissue,2,168,510,5,0,[0],[153],"{""neoplastic"": [153]}",true,false,false,false,touches_cross_class_overlap
fold_3:patch_1258,3,1258,0,neoplastic,0,326,392,11,0,[2],[321],"{""connective_soft_tissue"": [321]}",true,false,false,false,touches_cross_class_overlap
fold_3:patch_1258,3,1258,2,connective_soft_tissue,2,321,552,11,0,[0],[326],"{""neoplastic"": [326]}",true,false,false,false,touches_cross_class_overlap
fold_3:patch_1262,3,1262,0,neoplastic,0,452,284,1,0,[2],[444],"{""connective_soft_tissue"": [444]}",true,false,false,false,touches_cross_class_overlap
fold_3:patch_1262,3,1262,2,connective_soft_tissue,2,444,858,1,0,[0],[452],"{""neoplastic"": [452]}",true,false,false,false,touches_cross_class_overlap
fold_3:patch_1284,3,1284,0,neoplastic,0,709,334,1,0,[2],[703],"{""connective_soft_tissue"": [703]}",true,false,false,false,touches_cross_class_overlap
fold_3:patch_1284,3,1284,2,connective_soft_tissue,2,703,294,1,0,[0],[709],"{""neoplastic"": [709]}",true,false,false,false,touches_cross_class_overlap
fold_3:patch_1287,3,1287,0,neoplastic,0,205,477,4,0,[2],[218],"{""connective_soft_tissue"": [218]}",true,false,false,false,touches_cross_class_overlap
fold_3:patch_1287,3,1287,2,connective_soft_tissue,2,218,349,4,0,[0],[205],"{""neoplastic"": [205]}",true,false,false,false,touches_cross_class_overlap
fold_3:patch_1302,3,1302,1,inflammatory,1,542,223,1,0,[2],[513],"{""connective_soft_tissue"": [513]}",true,false,false,false,touches_cross_class_overlap
fold_3:patch_1302,3,1302,2,connective_soft_tissue,2,513,328,1,0,[1],[542],"{""inflammatory"": [542]}",true,false,false,false,touches_cross_class_overlap
fold_3:patch_1314,3,1314,2,connective_soft_tissue,2,189,349,10,0,[4],[199],"{""non_neoplastic_epithelial"": [199]}",true,false,false,false,touches_cross_class_overlap
fold_3:patch_1314,3,1314,4,non_neoplastic_epithelial,4,199,585,10,0,[2],[189],"{""connective_soft_tissue"": [189]}",true,false,false,false,touches_cross_class_overlap
fold_3:patch_1323,3,1323,0,neoplastic,0,504,79,7,0,[2],[483],"{""connective_soft_tissue"": [483]}",true,false,false,false,touches_cross_class_overlap
fold_3:patch_1323,3,1323,2,connective_soft_tissue,2,483,499,7,0,[0],[504],"{""neoplastic"": [504]}",true,false,false,false,touches_cross_class_overlap
fold_3:patch_1333,3,1333,1,inflammatory,1,17,351,1,0,[2],[4],"{""connective_soft_tissue"": [4]}",true,false,false,false,touches_cross_class_overlap
fold_3:patch_1333,3,1333,2,connective_soft_tissue,2,4,160,1,0,[1],[17],"{""inflammatory"": [17]}",true,false,false,false,touches_cross_class_overlap
fold_3:patch_1450,3,1450,0,neoplastic,0,145,722,7,0,[2],[153],"{""connective_soft_tissue"": [153]}",true,false,false,false,touches_cross_class_overlap
fold_3:patch_1450,3,1450,0,neoplastic,0,173,456,4,0,[2],[170],"{""connective_soft_tissue"": [170]}",true,false,false,false,touches_cross_class_overlap
fold_3:patch_1450,3,1450,2,connective_soft_tissue,2,153,351,7,0,[0],[145],"{""neoplastic"": [145]}",true,false,false,false,touches_cross_class_overlap
fold_3:patch_1450,3,1450,2,connective_soft_tissue,2,170,150,4,0,[0],[173],"{""neoplastic"": [173]}",true,false,false,false,touches_cross_class_overlap
fold_3:patch_1451,3,1451,0,neoplastic,0,185,321,2,0,[2],[181],"{""connective_soft_tissue"": [181]}",true,false,false,false,touches_cross_class_overlap
fold_3:patch_1451,3,1451,2,connective_soft_tissue,2,181,243,2,0,[0],[185],"{""neoplastic"": [185]}",true,false,false,false,touches_cross_class_overlap
fold_3:patch_1454,3,1454,0,neoplastic,0,240,663,7,0,[2],[246],"{""connective_soft_tissue"": [246]}",true,false,false,false,touches_cross_class_overlap
fold_3:patch_1454,3,1454,2,connective_soft_tissue,2,246,774,7,0,[0],[240],"{""neoplastic"": [240]}",true,false,false,false,touches_cross_class_overlap
fold_3:patch_1475,3,1475,2,connective_soft_tissue,2,393,424,5,0,[4],[395],"{""non_neoplastic_epithelial"": [395]}",true,false,false,false,touches_cross_class_overlap
fold_3:patch_1475,3,1475,4,non_neoplastic_epithelial,4,395,649,5,0,[2],[393],"{""connective_soft_tissue"": [393]}",true,false,false,false,touches_cross_class_overlap
fold_3:patch_1493,3,1493,1,inflammatory,1,193,284,6,0,[4],[186],"{""non_neoplastic_epithelial"": [186]}",true,false,false,false,touches_cross_class_overlap
fold_3:patch_1493,3,1493,4,non_neoplastic_epithelial,4,186,647,6,0,[1],[193],"{""inflammatory"": [193]}",true,false,false,false,touches_cross_class_overlap
fold_3:patch_1501,3,1501,0,neoplastic,0,48,920,13,0,[2],[50],"{""connective_soft_tissue"": [50]}",true,false,false,false,touches_cross_class_overlap
fold_3:patch_1501,3,1501,0,neoplastic,0,69,614,3,0,[2],[58],"{""connective_soft_tissue"": [58]}",true,false,false,false,touches_cross_class_overlap
fold_3:patch_1501,3,1501,2,connective_soft_tissue,2,50,538,13,0,[0],[48],"{""neoplastic"": [48]}",true,false,false,false,touches_cross_class_overlap
fold_3:patch_1501,3,1501,2,connective_soft_tissue,2,58,543,3,0,[0],[69],"{""neoplastic"": [69]}",true,false,false,false,touches_cross_class_overlap
fold_3:patch_1502,3,1502,0,neoplastic,0,251,367,4,0,[2],[245],"{""connective_soft_tissue"": [245]}",true,false,false,false,touches_cross_class_overlap
fold_3:patch_1502,3,1502,2,connective_soft_tissue,2,245,207,4,0,[0],[251],"{""neoplastic"": [251]}",true,false,false,false,touches_cross_class_overlap
fold_3:patch_1503,3,1503,0,neoplastic,0,376,600,2,0,[2],[388],"{""connective_soft_tissue"": [388]}",true,false,false,false,touches_cross_class_overlap
fold_3:patch_1503,3,1503,0,neoplastic,0,409,462,6,0,[2],[412],"{""connective_soft_tissue"": [412]}",true,false,false,false,touches_cross_class_overlap
fold_3:patch_1503,3,1503,2,connective_soft_tissue,2,388,422,2,0,[0],[376],"{""neoplastic"": [376]}",true,false,false,false,touches_cross_class_overlap
fold_3:patch_1503,3,1503,2,connective_soft_tissue,2,412,470,6,0,[0],[409],"{""neoplastic"": [409]}",true,false,false,false,touches_cross_class_overlap
fold_3:patch_1512,3,1512,0,neoplastic,0,51,413,1,0,[1],[46],"{""inflammatory"": [46]}",true,false,false,false,touches_cross_class_overlap
fold_3:patch_1512,3,1512,1,inflammatory,1,46,138,1,0,[0],[51],"{""neoplastic"": [51]}",true,false,false,false,touches_cross_class_overlap
fold_3:patch_1512,3,1512,1,inflammatory,1,70,381,2,0,[2],[52],"{""connective_soft_tissue"": [52]}",true,false,false,false,touches_cross_class_overlap
fold_3:patch_1512,3,1512,2,connective_soft_tissue,2,52,691,2,0,[1],[70],"{""inflammatory"": [70]}",true,false,false,false,touches_cross_class_overlap
fold_3:patch_1514,3,1514,0,neoplastic,0,164,674,2,0,[2],[180],"{""connective_soft_tissue"": [180]}",true,false,false,false,touches_cross_class_overlap
fold_3:patch_1514,3,1514,2,connective_soft_tissue,2,180,805,2,0,[0],[164],"{""neoplastic"": [164]}",true,false,false,false,touches_cross_class_overlap
fold_3:patch_1528,3,1528,1,inflammatory,1,199,148,5,0,[2],[192],"{""connective_soft_tissue"": [192]}",true,false,false,false,touches_cross_class_overlap
fold_3:patch_1528,3,1528,2,connective_soft_tissue,2,192,463,5,0,[1],[199],"{""inflammatory"": [199]}",true,false,false,false,touches_cross_class_overlap
fold_3:patch_1537,3,1537,1,inflammatory,1,209,211,2,0,[2],[213],"{""connective_soft_tissue"": [213]}",true,false,false,false,touches_cross_class_overlap
fold_3:patch_1537,3,1537,2,connective_soft_tissue,2,213,429,2,0,[1],[209],"{""inflammatory"": [209]}",true,false,false,false,touches_cross_class_overlap
fold_3:patch_1540,3,1540,1,inflammatory,1,22,236,2,0,[2],[17],"{""connective_soft_tissue"": [17]}",true,false,false,false,touches_cross_class_overlap
fold_3:patch_1540,3,1540,2,connective_soft_tissue,2,17,205,2,0,[1],[22],"{""inflammatory"": [22]}",true,false,false,false,touches_cross_class_overlap
fold_3:patch_1545,3,1545,1,inflammatory,1,413,308,1,0,[2],[403],"{""connective_soft_tissue"": [403]}",true,false,false,false,touches_cross_class_overlap
fold_3:patch_1545,3,1545,2,connective_soft_tissue,2,403,115,1,0,[1],[413],"{""inflammatory"": [413]}",true,false,false,false,touches_cross_class_overlap
fold_3:patch_1555,3,1555,0,neoplastic,0,164,461,6,0,[2],[172],"{""connective_soft_tissue"": [172]}",true,false,false,false,touches_cross_class_overlap
fold_3:patch_1555,3,1555,2,connective_soft_tissue,2,172,229,6,0,[0],[164],"{""neoplastic"": [164]}",true,false,false,false,touches_cross_class_overlap
fold_3:patch_1556,3,1556,0,neoplastic,0,196,701,1,0,[2],[197],"{""connective_soft_tissue"": [197]}",true,false,false,false,touches_cross_class_overlap
fold_3:patch_1556,3,1556,2,connective_soft_tissue,2,197,893,1,0,[0],[196],"{""neoplastic"": [196]}",true,false,false,false,touches_cross_class_overlap
fold_3:patch_1560,3,1560,0,neoplastic,0,58,407,4,0,[2],[52],"{""connective_soft_tissue"": [52]}",true,false,false,false,touches_cross_class_overlap
fold_3:patch_1560,3,1560,2,connective_soft_tissue,2,52,281,4,0,[0],[58],"{""neoplastic"": [58]}",true,false,false,false,touches_cross_class_overlap
fold_3:patch_1561,3,1561,1,inflammatory,1,44,375,1,0,[2],[32],"{""connective_soft_tissue"": [32]}",true,false,false,false,touches_cross_class_overlap
fold_3:patch_1561,3,1561,2,connective_soft_tissue,2,32,522,1,0,[1],[44],"{""inflammatory"": [44]}",true,false,false,false,touches_cross_class_overlap
fold_3:patch_1649,3,1649,0,neoplastic,0,72,182,8,0,[2],[71],"{""connective_soft_tissue"": [71]}",true,false,false,false,touches_cross_class_overlap
fold_3:patch_1649,3,1649,2,connective_soft_tissue,2,71,94,8,0,[0],[72],"{""neoplastic"": [72]}",true,false,false,false,touches_cross_class_overlap
fold_3:patch_1650,3,1650,0,neoplastic,0,356,190,1,0,[2],[372],"{""connective_soft_tissue"": [372]}",true,false,false,false,touches_cross_class_overlap
fold_3:patch_1650,3,1650,2,connective_soft_tissue,2,372,57,1,0,[0],[356],"{""neoplastic"": [356]}",true,false,false,false,touches_cross_class_overlap
fold_3:patch_1659,3,1659,0,neoplastic,0,158,511,7,0,[2],[154],"{""connective_soft_tissue"": [154]}",true,false,false,false,touches_cross_class_overlap
fold_3:patch_1659,3,1659,2,connective_soft_tissue,2,154,470,7,0,[0],[158],"{""neoplastic"": [158]}",true,false,false,false,touches_cross_class_overlap
fold_3:patch_1660,3,1660,0,neoplastic,0,236,711,2,0,[2],[229],"{""connective_soft_tissue"": [229]}",true,false,false,false,touches_cross_class_overlap
fold_3:patch_1660,3,1660,2,connective_soft_tissue,2,229,705,2,0,[0],[236],"{""neoplastic"": [236]}",true,false,false,false,touches_cross_class_overlap
fold_3:patch_1675,3,1675,0,neoplastic,0,521,77,2,0,[1],[531],"{""inflammatory"": [531]}",true,false,false,false,touches_cross_class_overlap
fold_3:patch_1675,3,1675,1,inflammatory,1,531,185,2,0,[0],[521],"{""neoplastic"": [521]}",true,false,false,false,touches_cross_class_overlap
fold_3:patch_1692,3,1692,1,inflammatory,1,77,299,5,0,[2],[62],"{""connective_soft_tissue"": [62]}",true,false,false,false,touches_cross_class_overlap
fold_3:patch_1692,3,1692,1,inflammatory,1,126,465,14,0,[2],[113],"{""connective_soft_tissue"": [113]}",true,false,false,false,touches_cross_class_overlap
fold_3:patch_1692,3,1692,2,connective_soft_tissue,2,62,483,5,0,[1],[77],"{""inflammatory"": [77]}",true,false,false,false,touches_cross_class_overlap
fold_3:patch_1692,3,1692,2,connective_soft_tissue,2,113,715,14,0,[1],[126],"{""inflammatory"": [126]}",true,false,false,false,touches_cross_class_overlap
fold_3:patch_1695,3,1695,0,neoplastic,0,656,912,6,0,[1],[456],"{""inflammatory"": [456]}",true,false,false,false,touches_cross_class_overlap
fold_3:patch_1695,3,1695,1,inflammatory,1,328,235,1,0,[2],[326],"{""connective_soft_tissue"": [326]}",true,false,false,false,touches_cross_class_overlap
fold_3:patch_1695,3,1695,1,inflammatory,1,360,328,1,0,[2],[368],"{""connective_soft_tissue"": [368]}",true,false,false,false,touches_cross_class_overlap
fold_3:patch_1695,3,1695,1,inflammatory,1,372,177,8,0,[2],[354],"{""connective_soft_tissue"": [354]}",true,false,false,false,touches_cross_class_overlap
fold_3:patch_1695,3,1695,1,inflammatory,1,381,367,13,0,[2],[364],"{""connective_soft_tissue"": [364]}",true,false,false,false,touches_cross_class_overlap
fold_3:patch_1695,3,1695,1,inflammatory,1,456,289,6,0,[0],[656],"{""neoplastic"": [656]}",true,false,false,false,touches_cross_class_overlap
fold_3:patch_1695,3,1695,1,inflammatory,1,460,250,1,0,[2],[448],"{""connective_soft_tissue"": [448]}",true,false,false,false,touches_cross_class_overlap
fold_3:patch_1695,3,1695,2,connective_soft_tissue,2,326,349,1,0,[1],[328],"{""inflammatory"": [328]}",true,false,false,false,touches_cross_class_overlap
fold_3:patch_1695,3,1695,2,connective_soft_tissue,2,354,731,8,0,[1],[372],"{""inflammatory"": [372]}",true,false,false,false,touches_cross_class_overlap
fold_3:patch_1695,3,1695,2,connective_soft_tissue,2,364,367,13,0,[1],[381],"{""inflammatory"": [381]}",true,false,false,false,touches_cross_class_overlap
fold_3:patch_1695,3,1695,2,connective_soft_tissue,2,368,311,1,0,[1],[360],"{""inflammatory"": [360]}",true,false,false,false,touches_cross_class_overlap
fold_3:patch_1695,3,1695,2,connective_soft_tissue,2,448,582,1,0,[1],[460],"{""inflammatory"": [460]}",true,false,false,false,touches_cross_class_overlap
fold_3:patch_1707,3,1707,1,inflammatory,1,335,696,20,0,[4],[340],"{""non_neoplastic_epithelial"": [340]}",true,false,false,false,touches_cross_class_overlap
fold_3:patch_1707,3,1707,4,non_neoplastic_epithelial,4,340,1082,20,0,[1],[335],"{""inflammatory"": [335]}",true,false,false,false,touches_cross_class_overlap
fold_3:patch_1710,3,1710,1,inflammatory,1,369,1486,5,0,[2],[358],"{""connective_soft_tissue"": [358]}",true,false,false,false,touches_cross_class_overlap
fold_3:patch_1710,3,1710,2,connective_soft_tissue,2,358,1372,5,0,[1],[369],"{""inflammatory"": [369]}",true,false,false,false,touches_cross_class_overlap
fold_3:patch_1722,3,1722,1,inflammatory,1,868,855,3,0,[2],[860],"{""connective_soft_tissue"": [860]}",true,false,false,false,touches_cross_class_overlap
fold_3:patch_1722,3,1722,2,connective_soft_tissue,2,860,895,3,0,[1],[868],"{""inflammatory"": [868]}",true,false,false,false,touches_cross_class_overlap
fold_3:patch_1730,3,1730,1,inflammatory,1,382,751,3,0,[2],[394],"{""connective_soft_tissue"": [394]}",true,false,false,false,touches_cross_class_overlap
fold_3:patch_1730,3,1730,2,connective_soft_tissue,2,394,449,3,0,[1],[382],"{""inflammatory"": [382]}",true,false,false,false,touches_cross_class_overlap
fold_3:patch_1746,3,1746,0,neoplastic,0,408,889,178,0,[4],[19],"{""non_neoplastic_epithelial"": [19]}",true,false,false,false,touches_cross_class_overlap
fold_3:patch_1746,3,1746,0,neoplastic,0,409,848,63,0,[4],[9],"{""non_neoplastic_epithelial"": [9]}",true,false,false,false,touches_cross_class_overlap
fold_3:patch_1746,3,1746,4,non_neoplastic_epithelial,4,9,1596,63,0,[0],[409],"{""neoplastic"": [409]}",true,false,false,false,touches_cross_class_overlap
fold_3:patch_1746,3,1746,4,non_neoplastic_epithelial,4,19,2024,178,0,[0],[408],"{""neoplastic"": [408]}",true,false,false,false,touches_cross_class_overlap
fold_3:patch_1802,3,1802,1,inflammatory,1,785,625,6,0,[2],[793],"{""connective_soft_tissue"": [793]}",true,false,false,false,touches_cross_class_overlap
fold_3:patch_1802,3,1802,2,connective_soft_tissue,2,793,1098,6,0,[1],[785],"{""inflammatory"": [785]}",true,false,false,false,touches_cross_class_overlap
fold_3:patch_1815,3,1815,1,inflammatory,1,212,667,5,0,[2],[211],"{""connective_soft_tissue"": [211]}",true,false,false,false,touches_cross_class_overlap
fold_3:patch_1815,3,1815,2,connective_soft_tissue,2,211,951,5,0,[1],[212],"{""inflammatory"": [212]}",true,false,false,false,touches_cross_class_overlap
fold_3:patch_1830,3,1830,2,connective_soft_tissue,2,753,490,1,0,[4],[785],"{""non_neoplastic_epithelial"": [785]}",true,false,false,false,touches_cross_class_overlap
fold_3:patch_1830,3,1830,4,non_neoplastic_epithelial,4,785,919,1,0,[2],[753],"{""connective_soft_tissue"": [753]}",true,false,false,false,touches_cross_class_overlap
fold_3:patch_1864,3,1864,1,inflammatory,1,247,1078,18,0,[4],[221],"{""non_neoplastic_epithelial"": [221]}",true,false,false,false,touches_cross_class_overlap
fold_3:patch_1864,3,1864,4,non_neoplastic_epithelial,4,221,2788,18,0,[1],[247],"{""inflammatory"": [247]}",true,false,false,false,touches_cross_class_overlap
fold_3:patch_1866,3,1866,1,inflammatory,1,322,911,15,0,[4],[309],"{""non_neoplastic_epithelial"": [309]}",true,false,false,false,touches_cross_class_overlap
fold_3:patch_1866,3,1866,4,non_neoplastic_epithelial,4,309,1888,15,0,[1],[322],"{""inflammatory"": [322]}",true,false,false,false,touches_cross_class_overlap
fold_3:patch_1869,3,1869,1,inflammatory,1,497,988,26,0,[4],[491],"{""non_neoplastic_epithelial"": [491]}",true,false,false,false,touches_cross_class_overlap
fold_3:patch_1869,3,1869,4,non_neoplastic_epithelial,4,491,1020,26,0,[1],[497],"{""inflammatory"": [497]}",true,false,false,false,touches_cross_class_overlap
fold_3:patch_1880,3,1880,1,inflammatory,1,14,937,3,0,[2],[29],"{""connective_soft_tissue"": [29]}",true,false,false,false,touches_cross_class_overlap
fold_3:patch_1880,3,1880,2,connective_soft_tissue,2,29,563,3,0,[1],[14],"{""inflammatory"": [14]}",true,false,false,false,touches_cross_class_overlap
fold_3:patch_1887,3,1887,1,inflammatory,1,298,945,14,0,[2],[301],"{""connective_soft_tissue"": [301]}",true,false,false,false,touches_cross_class_overlap
fold_3:patch_1887,3,1887,2,connective_soft_tissue,2,301,748,14,0,[1],[298],"{""inflammatory"": [298]}",true,false,false,false,touches_cross_class_overlap
fold_3:patch_1933,3,1933,2,connective_soft_tissue,2,616,521,3,0,[4],[594],"{""non_neoplastic_epithelial"": [594]}",true,false,false,false,touches_cross_class_overlap
fold_3:patch_1933,3,1933,4,non_neoplastic_epithelial,4,594,1408,3,0,[2],[616],"{""connective_soft_tissue"": [616]}",true,false,false,false,touches_cross_class_overlap
fold_3:patch_1947,3,1947,1,inflammatory,1,50,149,14,0,[2],[323],"{""connective_soft_tissue"": [323]}",true,false,false,false,touches_cross_class_overlap
fold_3:patch_1947,3,1947,2,connective_soft_tissue,2,323,555,14,0,[1],[50],"{""inflammatory"": [50]}",true,false,false,false,touches_cross_class_overlap
fold_3:patch_1980,3,1980,1,inflammatory,1,161,399,1,0,[2],[165],"{""connective_soft_tissue"": [165]}",true,false,false,false,touches_cross_class_overlap
fold_3:patch_1980,3,1980,2,connective_soft_tissue,2,165,313,1,0,[1],[161],"{""inflammatory"": [161]}",true,false,false,false,touches_cross_class_overlap
fold_3:patch_1996,3,1996,0,neoplastic,0,153,504,5,0,[2],[156],"{""connective_soft_tissue"": [156]}",true,false,false,false,touches_cross_class_overlap
fold_3:patch_1996,3,1996,2,connective_soft_tissue,2,156,272,5,0,[0],[153],"{""neoplastic"": [153]}",true,false,false,false,touches_cross_class_overlap
fold_3:patch_2012,3,2012,1,inflammatory,1,152,247,2,0,[2],[156],"{""connective_soft_tissue"": [156]}",true,false,false,false,touches_cross_class_overlap
fold_3:patch_2012,3,2012,2,connective_soft_tissue,2,156,744,2,0,[1],[152],"{""inflammatory"": [152]}",true,false,false,false,touches_cross_class_overlap
fold_3:patch_2013,3,2013,0,neoplastic,0,358,391,2,0,[1],[347],"{""inflammatory"": [347]}",true,false,false,false,touches_cross_class_overlap
fold_3:patch_2013,3,2013,1,inflammatory,1,347,341,2,0,[0],[358],"{""neoplastic"": [358]}",true,false,false,false,touches_cross_class_overlap
fold_3:patch_2035,3,2035,1,inflammatory,1,885,284,2,0,[2],[855],"{""connective_soft_tissue"": [855]}",true,false,false,false,touches_cross_class_overlap
fold_3:patch_2035,3,2035,2,connective_soft_tissue,2,855,606,2,0,[1],[885],"{""inflammatory"": [885]}",true,false,false,false,touches_cross_class_overlap
fold_3:patch_2036,3,2036,1,inflammatory,1,851,278,7,0,[2],[832],"{""connective_soft_tissue"": [832]}",true,false,false,false,touches_cross_class_overlap
fold_3:patch_2036,3,2036,2,connective_soft_tissue,2,832,326,7,0,[1],[851],"{""inflammatory"": [851]}",true,false,false,false,touches_cross_class_overlap
fold_3:patch_2037,3,2037,0,neoplastic,0,1106,1251,8,0,[1],[1155],"{""inflammatory"": [1155]}",true,false,false,false,touches_cross_class_overlap
fold_3:patch_2037,3,2037,0,neoplastic,0,1119,519,1,0,[1],[1115],"{""inflammatory"": [1115]}",true,false,false,false,touches_cross_class_overlap
fold_3:patch_2037,3,2037,1,inflammatory,1,1115,225,1,0,[0],[1119],"{""neoplastic"": [1119]}",true,false,false,false,touches_cross_class_overlap
fold_3:patch_2037,3,2037,1,inflammatory,1,1155,326,8,0,[0],[1106],"{""neoplastic"": [1106]}",true,false,false,false,touches_cross_class_overlap
fold_3:patch_2038,3,2038,1,inflammatory,1,1050,182,3,0,[2],[1031],"{""connective_soft_tissue"": [1031]}",true,false,false,false,touches_cross_class_overlap
fold_3:patch_2038,3,2038,2,connective_soft_tissue,2,1031,419,3,0,[1],[1050],"{""inflammatory"": [1050]}",true,false,false,false,touches_cross_class_overlap
fold_3:patch_2039,3,2039,0,neoplastic,0,48,312,2,0,[2],[53],"{""connective_soft_tissue"": [53]}",true,false,false,false,touches_cross_class_overlap
fold_3:patch_2039,3,2039,0,neoplastic,0,58,209,1,0,[2],[63],"{""connective_soft_tissue"": [63]}",true,false,false,false,touches_cross_class_overlap
fold_3:patch_2039,3,2039,2,connective_soft_tissue,2,53,330,2,0,[0],[48],"{""neoplastic"": [48]}",true,false,false,false,touches_cross_class_overlap
fold_3:patch_2039,3,2039,2,connective_soft_tissue,2,63,692,1,0,[0],[58],"{""neoplastic"": [58]}",true,false,false,false,touches_cross_class_overlap
fold_3:patch_2046,3,2046,0,neoplastic,0,172,523,11,0,[2],[182],"{""connective_soft_tissue"": [182]}",true,false,false,false,touches_cross_class_overlap
fold_3:patch_2046,3,2046,2,connective_soft_tissue,2,182,289,11,0,[0],[172],"{""neoplastic"": [172]}",true,false,false,false,touches_cross_class_overlap
fold_3:patch_2102,3,2102,1,inflammatory,1,41,381,2,0,[2],[52],"{""connective_soft_tissue"": [52]}",true,false,false,false,touches_cross_class_overlap
fold_3:patch_2102,3,2102,2,connective_soft_tissue,2,52,385,2,0,[1],[41],"{""inflammatory"": [41]}",true,false,false,false,touches_cross_class_overlap
fold_3:patch_2116,3,2116,0,neoplastic,0,243,625,3,0,[1],[241],"{""inflammatory"": [241]}",true,false,false,false,touches_cross_class_overlap
fold_3:patch_2116,3,2116,1,inflammatory,1,241,205,3,0,[0],[243],"{""neoplastic"": [243]}",true,false,false,false,touches_cross_class_overlap
fold_3:patch_2151,3,2151,0,neoplastic,0,401,303,21,0,[2],[92],"{""connective_soft_tissue"": [92]}",true,false,false,false,touches_cross_class_overlap
fold_3:patch_2151,3,2151,2,connective_soft_tissue,2,92,339,21,0,[0],[401],"{""neoplastic"": [401]}",true,false,false,false,touches_cross_class_overlap
fold_3:patch_2152,3,2152,1,inflammatory,1,2,339,7,0,[2],[9],"{""connective_soft_tissue"": [9]}",true,false,false,false,touches_cross_class_overlap
fold_3:patch_2152,3,2152,2,connective_soft_tissue,2,9,342,7,0,[1],[2],"{""inflammatory"": [2]}",true,false,false,false,touches_cross_class_overlap
fold_3:patch_2155,3,2155,0,neoplastic,0,356,344,2,0,[2],[345],"{""connective_soft_tissue"": [345]}",true,false,false,false,touches_cross_class_overlap
fold_3:patch_2155,3,2155,2,connective_soft_tissue,2,345,370,2,0,[0],[356],"{""neoplastic"": [356]}",true,false,false,false,touches_cross_class_overlap
fold_3:patch_2156,3,2156,1,inflammatory,1,362,156,2,0,[2],[367],"{""connective_soft_tissue"": [367]}",true,false,false,false,touches_cross_class_overlap
fold_3:patch_2156,3,2156,2,connective_soft_tissue,2,367,364,2,0,[1],[362],"{""inflammatory"": [362]}",true,false,false,false,touches_cross_class_overlap
fold_3:patch_2182,3,2182,2,connective_soft_tissue,2,195,66,1,0,[3],[192],"{""dead"": [192]}",true,false,false,false,touches_cross_class_overlap
fold_3:patch_2182,3,2182,3,dead,3,192,39,1,0,[2],[195],"{""connective_soft_tissue"": [195]}",true,false,false,false,touches_cross_class_overlap
fold_3:patch_2199,3,2199,0,neoplastic,0,62,822,10,0,[1],[64],"{""inflammatory"": [64]}",true,false,false,false,touches_cross_class_overlap
fold_3:patch_2199,3,2199,1,inflammatory,1,64,223,10,0,[0],[62],"{""neoplastic"": [62]}",true,false,false,false,touches_cross_class_overlap
fold_3:patch_2202,3,2202,0,neoplastic,0,141,387,4,0,[1],[136],"{""inflammatory"": [136]}",true,false,false,false,touches_cross_class_overlap
fold_3:patch_2202,3,2202,1,inflammatory,1,136,526,4,0,[0],[141],"{""neoplastic"": [141]}",true,false,false,false,touches_cross_class_overlap
fold_3:patch_2298,3,2298,0,neoplastic,0,150,967,1,0,[1],[138],"{""inflammatory"": [138]}",true,false,false,false,touches_cross_class_overlap
fold_3:patch_2298,3,2298,1,inflammatory,1,138,553,1,0,[0],[150],"{""neoplastic"": [150]}",true,false,false,false,touches_cross_class_overlap
fold_3:patch_2319,3,2319,1,inflammatory,1,70,228,4,0,[2],[59],"{""connective_soft_tissue"": [59]}",true,false,false,false,touches_cross_class_overlap
fold_3:patch_2319,3,2319,2,connective_soft_tissue,2,59,708,4,0,[1],[70],"{""inflammatory"": [70]}",true,false,false,false,touches_cross_class_overlap
fold_3:patch_2338,3,2338,0,neoplastic,0,21,1786,6,0,[2],[29],"{""connective_soft_tissue"": [29]}",true,false,false,false,touches_cross_class_overlap
fold_3:patch_2338,3,2338,2,connective_soft_tissue,2,29,285,6,0,[0],[21],"{""neoplastic"": [21]}",true,false,false,false,touches_cross_class_overlap
fold_3:patch_2371,3,2371,0,neoplastic,0,293,471,9,0,[2],[283],"{""connective_soft_tissue"": [283]}",true,false,false,false,touches_cross_class_overlap
fold_3:patch_2371,3,2371,2,connective_soft_tissue,2,283,766,9,0,[0],[293],"{""neoplastic"": [293]}",true,false,false,false,touches_cross_class_overlap
fold_3:patch_2376,3,2376,0,neoplastic,0,395,339,1,0,[1],[380],"{""inflammatory"": [380]}",true,false,false,false,touches_cross_class_overlap
fold_3:patch_2376,3,2376,0,neoplastic,0,403,158,3,0,[1],[410],"{""inflammatory"": [410]}",true,false,false,false,touches_cross_class_overlap
fold_3:patch_2376,3,2376,1,inflammatory,1,380,307,1,0,[0],[395],"{""neoplastic"": [395]}",true,false,false,false,touches_cross_class_overlap
fold_3:patch_2376,3,2376,1,inflammatory,1,410,150,3,0,[0],[403],"{""neoplastic"": [403]}",true,false,false,false,touches_cross_class_overlap
fold_3:patch_2377,3,2377,0,neoplastic,0,334,251,6,0,[1],[349],"{""inflammatory"": [349]}",true,false,false,false,touches_cross_class_overlap
fold_3:patch_2377,3,2377,0,neoplastic,0,375,271,1,0,[1],[364],"{""inflammatory"": [364]}",true,false,false,false,touches_cross_class_overlap
fold_3:patch_2377,3,2377,0,neoplastic,0,382,363,1,0,[1],[363],"{""inflammatory"": [363]}",true,false,false,false,touches_cross_class_overlap
fold_3:patch_2377,3,2377,0,neoplastic,0,411,285,3,0,[1],[420],"{""inflammatory"": [420]}",true,false,false,false,touches_cross_class_overlap
fold_3:patch_2377,3,2377,0,neoplastic,0,461,335,3,0,[1],[482],"{""inflammatory"": [482]}",true,false,false,false,touches_cross_class_overlap
fold_3:patch_2377,3,2377,0,neoplastic,0,469,687,5,0,[1],[459],"{""inflammatory"": [459]}",true,false,false,false,touches_cross_class_overlap
fold_3:patch_2377,3,2377,1,inflammatory,1,349,796,6,0,[0],[334],"{""neoplastic"": [334]}",true,false,false,false,touches_cross_class_overlap
fold_3:patch_2377,3,2377,1,inflammatory,1,363,315,1,0,[0],[382],"{""neoplastic"": [382]}",true,false,false,false,touches_cross_class_overlap
fold_3:patch_2377,3,2377,1,inflammatory,1,364,230,1,0,[0],[375],"{""neoplastic"": [375]}",true,false,false,false,touches_cross_class_overlap
fold_3:patch_2377,3,2377,1,inflammatory,1,420,413,3,0,[0],[411],"{""neoplastic"": [411]}",true,false,false,false,touches_cross_class_overlap
fold_3:patch_2377,3,2377,1,inflammatory,1,459,318,5,0,[0],[469],"{""neoplastic"": [469]}",true,false,false,false,touches_cross_class_overlap
fold_3:patch_2377,3,2377,1,inflammatory,1,482,271,3,0,[0],[461],"{""neoplastic"": [461]}",true,false,false,false,touches_cross_class_overlap
fold_3:patch_2378,3,2378,0,neoplastic,0,549,302,2,0,[1],[529],"{""inflammatory"": [529]}",true,false,false,false,touches_cross_class_overlap
fold_3:patch_2378,3,2378,0,neoplastic,0,690,312,1,0,[1],[678],"{""inflammatory"": [678]}",true,false,false,false,touches_cross_class_overlap
fold_3:patch_2378,3,2378,1,inflammatory,1,529,407,2,0,[0],[549],"{""neoplastic"": [549]}",true,false,false,false,touches_cross_class_overlap
fold_3:patch_2378,3,2378,1,inflammatory,1,678,445,1,0,[0],[690],"{""neoplastic"": [690]}",true,false,false,false,touches_cross_class_overlap
fold_3:patch_2379,3,2379,0,neoplastic,0,600,249,7,0,[1],[584],"{""inflammatory"": [584]}",true,false,false,false,touches_cross_class_overlap
fold_3:patch_2379,3,2379,0,neoplastic,0,619,444,5,0,[1],[638],"{""inflammatory"": [638]}",true,false,false,false,touches_cross_class_overlap
fold_3:patch_2379,3,2379,0,neoplastic,0,620,343,6,0,[1],[607],"{""inflammatory"": [607]}",true,false,false,false,touches_cross_class_overlap
fold_3:patch_2379,3,2379,0,neoplastic,0,683,155,4,0,[1],[696],"{""inflammatory"": [696]}",true,false,false,false,touches_cross_class_overlap
fold_3:patch_2379,3,2379,1,inflammatory,1,584,237,7,0,[0],[600],"{""neoplastic"": [600]}",true,false,false,false,touches_cross_class_overlap
fold_3:patch_2379,3,2379,1,inflammatory,1,607,195,6,0,[0],[620],"{""neoplastic"": [620]}",true,false,false,false,touches_cross_class_overlap
fold_3:patch_2379,3,2379,1,inflammatory,1,638,587,5,0,[0],[619],"{""neoplastic"": [619]}",true,false,false,false,touches_cross_class_overlap
fold_3:patch_2379,3,2379,1,inflammatory,1,696,461,4,0,[0],[683],"{""neoplastic"": [683]}",true,false,false,false,touches_cross_class_overlap
fold_3:patch_2380,3,2380,0,neoplastic,0,586,726,5,0,[1],[605],"{""inflammatory"": [605]}",true,false,false,false,touches_cross_class_overlap
fold_3:patch_2380,3,2380,0,neoplastic,0,726,358,2,0,[1],[714],"{""inflammatory"": [714]}",true,false,false,false,touches_cross_class_overlap
fold_3:patch_2380,3,2380,1,inflammatory,1,605,707,5,0,[0],[586],"{""neoplastic"": [586]}",true,false,false,false,touches_cross_class_overlap
fold_3:patch_2380,3,2380,1,inflammatory,1,714,417,2,0,[0],[726],"{""neoplastic"": [726]}",true,false,false,false,touches_cross_class_overlap
fold_3:patch_2381,3,2381,0,neoplastic,0,834,1043,2,0,[1],[848],"{""inflammatory"": [848]}",true,false,false,false,touches_cross_class_overlap
fold_3:patch_2381,3,2381,0,neoplastic,0,923,179,4,0,[1],[939],"{""inflammatory"": [939]}",true,false,false,false,touches_cross_class_overlap
fold_3:patch_2381,3,2381,0,neoplastic,0,944,383,7,0,[1],[947],"{""inflammatory"": [947]}",true,false,false,false,touches_cross_class_overlap
fold_3:patch_2381,3,2381,1,inflammatory,1,848,535,2,0,[0],[834],"{""neoplastic"": [834]}",true,false,false,false,touches_cross_class_overlap
fold_3:patch_2381,3,2381,1,inflammatory,1,939,352,4,0,[0],[923],"{""neoplastic"": [923]}",true,false,false,false,touches_cross_class_overlap
fold_3:patch_2381,3,2381,1,inflammatory,1,947,846,7,0,[0],[944],"{""neoplastic"": [944]}",true,false,false,false,touches_cross_class_overlap
fold_3:patch_2387,3,2387,0,neoplastic,0,677,304,1,0,[2],[688],"{""connective_soft_tissue"": [688]}",true,false,false,false,touches_cross_class_overlap
fold_3:patch_2387,3,2387,2,connective_soft_tissue,2,688,265,1,0,[0],[677],"{""neoplastic"": [677]}",true,false,false,false,touches_cross_class_overlap
fold_3:patch_2392,3,2392,1,inflammatory,1,815,345,1,0,[2],[794],"{""connective_soft_tissue"": [794]}",true,false,false,false,touches_cross_class_overlap
fold_3:patch_2392,3,2392,1,inflammatory,1,863,347,4,0,[2],[853],"{""connective_soft_tissue"": [853]}",true,false,false,false,touches_cross_class_overlap
fold_3:patch_2392,3,2392,2,connective_soft_tissue,2,794,399,1,0,[1],[815],"{""inflammatory"": [815]}",true,false,false,false,touches_cross_class_overlap
fold_3:patch_2392,3,2392,2,connective_soft_tissue,2,853,422,4,0,[1],[863],"{""inflammatory"": [863]}",true,false,false,false,touches_cross_class_overlap
fold_3:patch_2393,3,2393,1,inflammatory,1,865,213,6,0,[2],[838],"{""connective_soft_tissue"": [838]}",true,false,false,false,touches_cross_class_overlap
fold_3:patch_2393,3,2393,2,connective_soft_tissue,2,838,385,6,0,[1],[865],"{""inflammatory"": [865]}",true,false,false,false,touches_cross_class_overlap
fold_3:patch_2394,3,2394,1,inflammatory,1,1150,302,1,0,[2],[1167],"{""connective_soft_tissue"": [1167]}",true,false,false,false,touches_cross_class_overlap
fold_3:patch_2394,3,2394,1,inflammatory,1,1348,352,5,0,[2],[1364],"{""connective_soft_tissue"": [1364]}",true,false,false,false,touches_cross_class_overlap
fold_3:patch_2394,3,2394,2,connective_soft_tissue,2,1167,490,1,0,[1],[1150],"{""inflammatory"": [1150]}",true,false,false,false,touches_cross_class_overlap
fold_3:patch_2394,3,2394,2,connective_soft_tissue,2,1364,368,5,0,[1],[1348],"{""inflammatory"": [1348]}",true,false,false,false,touches_cross_class_overlap
fold_3:patch_2406,3,2406,0,neoplastic,0,289,874,8,0,[1],[292],"{""inflammatory"": [292]}",true,false,false,false,touches_cross_class_overlap
fold_3:patch_2406,3,2406,1,inflammatory,1,292,566,8,0,[0],[289],"{""neoplastic"": [289]}",true,false,false,false,touches_cross_class_overlap
fold_3:patch_2408,3,2408,0,neoplastic,0,418,644,122,0,[1],[360],"{""inflammatory"": [360]}",true,false,false,false,touches_cross_class_overlap
fold_3:patch_2408,3,2408,1,inflammatory,1,360,190,122,0,[0],[418],"{""neoplastic"": [418]}",true,false,false,false,touches_cross_class_overlap
fold_3:patch_2419,3,2419,0,neoplastic,0,26,392,6,0,[2],[19],"{""connective_soft_tissue"": [19]}",true,false,false,false,touches_cross_class_overlap
fold_3:patch_2419,3,2419,0,neoplastic,0,129,438,5,0,[3],[137],"{""dead"": [137]}",true,false,false,false,touches_cross_class_overlap
fold_3:patch_2419,3,2419,2,connective_soft_tissue,2,19,377,6,0,[0],[26],"{""neoplastic"": [26]}",true,false,false,false,touches_cross_class_overlap
fold_3:patch_2419,3,2419,3,dead,3,137,96,5,0,[0],[129],"{""neoplastic"": [129]}",true,false,false,false,touches_cross_class_overlap
fold_3:patch_2422,3,2422,0,neoplastic,0,419,571,1,0,[1],[420],"{""inflammatory"": [420]}",true,false,false,false,touches_cross_class_overlap
fold_3:patch_2422,3,2422,0,neoplastic,0,433,614,7,0,[1],[438],"{""inflammatory"": [438]}",true,false,false,false,touches_cross_class_overlap
fold_3:patch_2422,3,2422,1,inflammatory,1,420,296,1,0,[0],[419],"{""neoplastic"": [419]}",true,false,false,false,touches_cross_class_overlap
fold_3:patch_2422,3,2422,1,inflammatory,1,438,331,7,0,[0],[433],"{""neoplastic"": [433]}",true,false,false,false,touches_cross_class_overlap
fold_3:patch_2427,3,2427,0,neoplastic,0,231,552,4,0,[1],[226],"{""inflammatory"": [226]}",true,false,false,false,touches_cross_class_overlap
fold_3:patch_2427,3,2427,1,inflammatory,1,226,144,4,0,[0],[231],"{""neoplastic"": [231]}",true,false,false,false,touches_cross_class_overlap
fold_3:patch_2430,3,2430,0,neoplastic,0,457,612,2,0,[3],[466],"{""dead"": [466]}",true,false,false,false,touches_cross_class_overlap
fold_3:patch_2430,3,2430,3,dead,3,466,170,2,0,[0],[457],"{""neoplastic"": [457]}",true,false,false,false,touches_cross_class_overlap
fold_3:patch_2436,3,2436,0,neoplastic,0,122,1059,9,0,[2],[128],"{""connective_soft_tissue"": [128]}",true,false,false,false,touches_cross_class_overlap
fold_3:patch_2436,3,2436,2,connective_soft_tissue,2,128,1079,9,0,[0],[122],"{""neoplastic"": [122]}",true,false,false,false,touches_cross_class_overlap
fold_3:patch_2451,3,2451,0,neoplastic,0,302,814,3,0,[3],[318],"{""dead"": [318]}",true,false,false,false,touches_cross_class_overlap
fold_3:patch_2451,3,2451,3,dead,3,318,596,3,0,[0],[302],"{""neoplastic"": [302]}",true,false,false,false,touches_cross_class_overlap
fold_3:patch_2454,3,2454,0,neoplastic,0,537,1157,4,0,[2],[566],"{""connective_soft_tissue"": [566]}",true,false,false,false,touches_cross_class_overlap
fold_3:patch_2454,3,2454,2,connective_soft_tissue,2,566,300,4,0,[0],[537],"{""neoplastic"": [537]}",true,false,false,false,touches_cross_class_overlap
fold_3:patch_2474,3,2474,0,neoplastic,0,322,208,1,0,[1],[323],"{""inflammatory"": [323]}",true,false,false,false,touches_cross_class_overlap
fold_3:patch_2474,3,2474,1,inflammatory,1,323,358,1,0,[0],[322],"{""neoplastic"": [322]}",true,false,false,false,touches_cross_class_overlap
fold_3:patch_2474,3,2474,1,inflammatory,1,461,338,8,0,[2],[436],"{""connective_soft_tissue"": [436]}",true,false,false,false,touches_cross_class_overlap
fold_3:patch_2474,3,2474,2,connective_soft_tissue,2,436,546,8,0,[1],[461],"{""inflammatory"": [461]}",true,false,false,false,touches_cross_class_overlap
fold_3:patch_2475,3,2475,0,neoplastic,0,729,790,3,0,[1],[747],"{""inflammatory"": [747]}",true,false,false,false,touches_cross_class_overlap
fold_3:patch_2475,3,2475,1,inflammatory,1,563,341,3,0,[2],[575],"{""connective_soft_tissue"": [575]}",true,false,false,false,touches_cross_class_overlap
fold_3:patch_2475,3,2475,1,inflammatory,1,747,49,3,0,[0],[729],"{""neoplastic"": [729]}",true,false,false,false,touches_cross_class_overlap
fold_3:patch_2475,3,2475,2,connective_soft_tissue,2,575,191,3,0,[1],[563],"{""inflammatory"": [563]}",true,false,false,false,touches_cross_class_overlap
fold_3:patch_2487,3,2487,1,inflammatory,1,196,258,13,0,[4],[224],"{""non_neoplastic_epithelial"": [224]}",true,false,false,false,touches_cross_class_overlap
fold_3:patch_2487,3,2487,4,non_neoplastic_epithelial,4,224,538,13,0,[1],[196],"{""inflammatory"": [196]}",true,false,false,false,touches_cross_class_overlap
fold_3:patch_2500,3,2500,2,connective_soft_tissue,2,388,280,9,0,[4],[96],"{""non_neoplastic_epithelial"": [96]}",true,false,false,false,touches_cross_class_overlap
fold_3:patch_2500,3,2500,4,non_neoplastic_epithelial,4,96,290,9,0,[2],[388],"{""connective_soft_tissue"": [388]}",true,false,false,false,touches_cross_class_overlap
fold_3:patch_2506,3,2506,1,inflammatory,1,87,419,5,0,[2],[99],"{""connective_soft_tissue"": [99]}",true,false,false,false,touches_cross_class_overlap
fold_3:patch_2506,3,2506,2,connective_soft_tissue,2,99,514,5,0,[1],[87],"{""inflammatory"": [87]}",true,false,false,false,touches_cross_class_overlap
fold_3:patch_2509,3,2509,1,inflammatory,1,385,330,6,0,[4],[379],"{""non_neoplastic_epithelial"": [379]}",true,false,false,false,touches_cross_class_overlap
fold_3:patch_2509,3,2509,4,non_neoplastic_epithelial,4,379,556,6,0,[1],[385],"{""inflammatory"": [385]}",true,false,false,false,touches_cross_class_overlap
fold_3:patch_2510,3,2510,0,neoplastic,0,42,572,3,0,[1],[53],"{""inflammatory"": [53]}",true,false,false,false,touches_cross_class_overlap
fold_3:patch_2510,3,2510,1,inflammatory,1,53,161,3,0,[0],[42],"{""neoplastic"": [42]}",true,false,false,false,touches_cross_class_overlap
fold_3:patch_2515,3,2515,0,neoplastic,0,457,377,1,0,[2],[447],"{""connective_soft_tissue"": [447]}",true,false,false,false,touches_cross_class_overlap
fold_3:patch_2515,3,2515,2,connective_soft_tissue,2,447,373,1,0,[0],[457],"{""neoplastic"": [457]}",true,false,false,false,touches_cross_class_overlap
fold_3:patch_2516,3,2516,0,neoplastic,0,461,500,3,0,[2],[443],"{""connective_soft_tissue"": [443]}",true,false,false,false,touches_cross_class_overlap
fold_3:patch_2516,3,2516,2,connective_soft_tissue,2,443,580,3,0,[0],[461],"{""neoplastic"": [461]}",true,false,false,false,touches_cross_class_overlap
fold_3:patch_2531,3,2531,1,inflammatory,1,160,608,4,0,[2],[156],"{""connective_soft_tissue"": [156]}",true,false,false,false,touches_cross_class_overlap
fold_3:patch_2531,3,2531,2,connective_soft_tissue,2,156,933,4,0,[1],[160],"{""inflammatory"": [160]}",true,false,false,false,touches_cross_class_overlap
fold_3:patch_2539,3,2539,0,neoplastic,0,102,178,2,0,[2],[103],"{""connective_soft_tissue"": [103]}",true,false,false,false,touches_cross_class_overlap
fold_3:patch_2539,3,2539,2,connective_soft_tissue,2,103,322,2,0,[0],[102],"{""neoplastic"": [102]}",true,false,false,false,touches_cross_class_overlap
fold_3:patch_2565,3,2565,1,inflammatory,1,348,236,3,0,[2],[345],"{""connective_soft_tissue"": [345]}",true,false,false,false,touches_cross_class_overlap
fold_3:patch_2565,3,2565,2,connective_soft_tissue,2,345,507,3,0,[1],[348],"{""inflammatory"": [348]}",true,false,false,false,touches_cross_class_overlap
fold_3:patch_2566,3,2566,1,inflammatory,1,83,141,2,0,[2],[78],"{""connective_soft_tissue"": [78]}",true,false,false,false,touches_cross_class_overlap
fold_3:patch_2566,3,2566,2,connective_soft_tissue,2,78,434,2,0,[1],[83],"{""inflammatory"": [83]}",true,false,false,false,touches_cross_class_overlap
fold_3:patch_2574,3,2574,1,inflammatory,1,348,281,2,0,[2],[357],"{""connective_soft_tissue"": [357]}",true,false,false,false,touches_cross_class_overlap
fold_3:patch_2574,3,2574,2,connective_soft_tissue,2,357,257,2,0,[1],[348],"{""inflammatory"": [348]}",true,false,false,false,touches_cross_class_overlap
fold_3:patch_2584,3,2584,0,neoplastic,0,88,279,2,0,[2],[82],"{""connective_soft_tissue"": [82]}",true,false,false,false,touches_cross_class_overlap
fold_3:patch_2584,3,2584,2,connective_soft_tissue,2,82,346,2,0,[0],[88],"{""neoplastic"": [88]}",true,false,false,false,touches_cross_class_overlap
fold_3:patch_2590,3,2590,0,neoplastic,0,273,267,2,0,[2],[260],"{""connective_soft_tissue"": [260]}",true,false,false,false,touches_cross_class_overlap
fold_3:patch_2590,3,2590,2,connective_soft_tissue,2,260,55,2,0,[0],[273],"{""neoplastic"": [273]}",true,false,false,false,touches_cross_class_overlap
fold_3:patch_2593,3,2593,0,neoplastic,0,415,319,2,0,[2],[419],"{""connective_soft_tissue"": [419]}",true,false,false,false,touches_cross_class_overlap
fold_3:patch_2593,3,2593,0,neoplastic,0,420,303,1,0,[2],[416],"{""connective_soft_tissue"": [416]}",true,false,false,false,touches_cross_class_overlap
fold_3:patch_2593,3,2593,2,connective_soft_tissue,2,416,408,1,0,[0],[420],"{""neoplastic"": [420]}",true,false,false,false,touches_cross_class_overlap
fold_3:patch_2593,3,2593,2,connective_soft_tissue,2,419,547,2,0,[0],[415],"{""neoplastic"": [415]}",true,false,false,false,touches_cross_class_overlap
fold_3:patch_2601,3,2601,2,connective_soft_tissue,2,247,532,2,0,[3],[245],"{""dead"": [245]}",true,false,false,false,touches_cross_class_overlap
fold_3:patch_2601,3,2601,3,dead,3,245,528,2,0,[2],[247],"{""connective_soft_tissue"": [247]}",true,false,false,false,touches_cross_class_overlap
fold_3:patch_2606,3,2606,1,inflammatory,1,312,484,6,0,[2],[314],"{""connective_soft_tissue"": [314]}",true,false,false,false,touches_cross_class_overlap
fold_3:patch_2606,3,2606,2,connective_soft_tissue,2,314,464,6,0,[1],[312],"{""inflammatory"": [312]}",true,false,false,false,touches_cross_class_overlap
fold_3:patch_2607,3,2607,0,neoplastic,0,221,372,1,0,[2],[244],"{""connective_soft_tissue"": [244]}",true,false,false,false,touches_cross_class_overlap
fold_3:patch_2607,3,2607,2,connective_soft_tissue,2,244,111,1,0,[0],[221],"{""neoplastic"": [221]}",true,false,false,false,touches_cross_class_overlap
fold_3:patch_2608,3,2608,0,neoplastic,0,180,441,3,0,[1],[159],"{""inflammatory"": [159]}",true,false,false,false,touches_cross_class_overlap
fold_3:patch_2608,3,2608,1,inflammatory,1,159,310,3,0,[0],[180],"{""neoplastic"": [180]}",true,false,false,false,touches_cross_class_overlap
fold_3:patch_2616,3,2616,0,neoplastic,0,966,381,8,0,[2],[976],"{""connective_soft_tissue"": [976]}",true,false,false,false,touches_cross_class_overlap
fold_3:patch_2616,3,2616,0,neoplastic,0,996,375,1,0,[2],[1025],"{""connective_soft_tissue"": [1025]}",true,false,false,false,touches_cross_class_overlap
fold_3:patch_2616,3,2616,2,connective_soft_tissue,2,976,385,8,0,[0],[966],"{""neoplastic"": [966]}",true,false,false,false,touches_cross_class_overlap
fold_3:patch_2616,3,2616,2,connective_soft_tissue,2,1025,351,1,0,[0],[996],"{""neoplastic"": [996]}",true,false,false,false,touches_cross_class_overlap
fold_3:patch_2630,3,2630,0,neoplastic,0,360,515,7,0,[1],[372],"{""inflammatory"": [372]}",true,false,false,false,touches_cross_class_overlap
fold_3:patch_2630,3,2630,0,neoplastic,0,380,522,1,0,[1],[372],"{""inflammatory"": [372]}",true,false,false,false,touches_cross_class_overlap
fold_3:patch_2630,3,2630,1,inflammatory,1,372,750,8,0,[0],"[360, 380]","{""neoplastic"": [360, 380]}",true,false,false,false,touches_cross_class_overlap
